Date,CPU usage % - ip-10-50-138-91.ap-south-1.compute.internal [10.50.138.91],CPU usage % - ProformaTestVM,CPU usage % - Obs_POC_Cmate,CPU usage % - obs-az-01.yhz4po3r2fhu1ee415hhgndcwb.tx.internal.cloudapp.net [10.0.0.5],CPU usage % - AVDAILAB128-38.localdomain,CPU usage % - oneops-ubuntu-33.localdomain,CPU usage % - 8cb3bbe35a44,CPU usage % - AVDAILAB128-38 [10.73.82.68],CPU usage % - Obs_AppTest_FurnitureStore,CPU usage % - 9b7f4baa447a,CPU usage % - ip-10-0-5-115.ap-southeast-2.compute.internal,CPU usage % - Kubernetes-dt-Worker2-node.nbf4ealynblelftlxkmlzzwqpb.ix.internal.cloudapp.net,CPU usage % - Kubernetes-dt-Worker2-node.nbf4ealynblelftlxkmlzzwqpb.ix.internal.cloudapp.net,CPU usage % - HDS033008_LAB-AG,CPU usage % - Dynatrace-Azure-VM,CPU usage % - Padma,CPU usage % - d6bffd8104bc,CPU usage % - Kubernetes-dt-Worker1-node.nbf4ealynblelftlxkmlzzwqpb.ix.internal.cloudapp.net,CPU usage % - oneops-ubuntu-34.localdomain,CPU usage % - 86b41413f07b,Memory used % - HDS033039,Memory used % - Padma,Memory used % - HDS033039_Network-Connector,Memory used % - openshift.caaslab.local,Memory used % - DynatraceEasyTravel,Memory used % - Obs_AppTest_FurnitureStore,Memory used % - openshift.caaslab.local,"Memory used % - DESKTOP-KVORBRH [10.132.217.249, 192.168.64.1]",Memory used % - HDS033008_LAB-AG,"Memory used % - ip-10-50-14-163.ap-south-1.compute.internal [10.50.14.163, 13.201.124.109]",Memory used % - AVDAILAB128-38.localdomain,Memory used % - ProformaTestVM,Memory used % - oneops-ubuntu-33.localdomain,Memory used % - oneops-ubuntu-34.localdomain,Memory used % - ip-172-31-20-44.ap-south-1.compute.internal,"Memory used % - EC2AMAZ-B9TRVT5 [10.50.11.236, 13.233.114.254]",Memory used % - AVDAILAB20-51,Memory used % - ip-10-50-138-20.ap-south-1.compute.internal [10.50.138.20],Memory used % - b0cfc993c993,Memory used % - cart,"Disk used % - DESKTOP-KVORBRH [10.132.217.249, 192.168.64.1]","Disk used % - EC2AMAZ-B9TRVT5 [10.50.11.236, 13.233.114.254]",Disk used % - oneops-ubuntu-34.localdomain,Disk used % - oneops-ubuntu-32.localdomain,Disk used % - b0cfc993c993,Disk used % - cart,Disk used % - oneops-ubuntu-33.localdomain,Disk used % - ProformaTestVM,Disk used % - AVDAILAB20-51,Disk used % - AVDAILAB128-38 [10.73.82.68],Disk used % - amtf-win-iis-001,"Disk used % - EC2AMAZ-VM6AKBE [10.50.13.134, 3.110.170.102]",Disk used % - EC2AMAZ-MAP7BB3,Disk used % - appmod-neo-iis-server,Disk used % - Padma,Disk used % - AppMod-Jumpbox-Win-Public,Disk used % - ip-10-50-138-91.ap-south-1.compute.internal [10.50.138.91],Disk used % - ip-10-50-138-20.ap-south-1.compute.internal [10.50.138.20],Disk used % - Graphpoc,Disk used % - retail-store-ecs-cluster retail-store-ecs-ui
2025-08-22 15:30,,,44.87%,,,,,,36.77%,,36.72%,,,15.01%,,,,,,,,,,,,82.60%,,73.30%,64.32%,71.22%,,,,,62.97%,51.44%,45.33%,59.73%,59.72%,59.72%,62.12%,80.29%,,,77.23%,77.23%,,,65.66%,,62.05%,,57.95%,,,,,43.08%,50.80%,52.73%
2025-08-22 16:30,,,45.35%,,,,,,37.33%,,36.23%,,,15.46%,,,,,,,,,,,,83.16%,,74.26%,64.04%,71.83%,,,,,62.97%,49.25%,45.50%,59.72%,59.70%,59.70%,62.26%,80.30%,,,77.23%,77.23%,,,65.66%,,62.05%,,57.95%,,,,,43.08%,50.80%,52.80%
2025-08-22 17:30,,,45.54%,,,,,,36.39%,,35.90%,,,15.24%,,,,,,,,,,,,82.99%,,70.08%,64.06%,72.43%,,,,,62.97%,54.82%,45.28%,59.87%,59.85%,59.85%,62.16%,80.30%,,,77.24%,77.24%,,,65.67%,,62.03%,,57.96%,,,,,43.08%,50.80%,52.82%
2025-08-22 18:30,,,45.42%,,,,,,36.55%,,35.92%,,,15.12%,,,,,,,,,,,,82.74%,,67.00%,63.97%,71.51%,,,,,62.98%,53.99%,44.30%,59.79%,59.78%,59.79%,62.01%,80.30%,,,77.24%,77.24%,,,65.67%,,62.04%,,57.97%,,,,,43.08%,50.79%,52.79%
2025-08-22 19:30,,,44.45%,,,,,,38.28%,,35.83%,,,15.52%,,,,,,,,,,,,83.39%,,65.70%,65.01%,70.41%,,,,,62.98%,56.35%,44.37%,59.86%,59.84%,59.84%,61.97%,83.75%,,,77.25%,77.25%,,,65.68%,,62.04%,,57.98%,,,,,43.08%,50.80%,52.83%
2025-08-22 20:30,,,44.80%,,,,,,33.78%,,36.11%,,,16.93%,,,,,,,,,,,,83.02%,,66.21%,65.73%,70.76%,,,,,62.98%,52.16%,43.92%,59.71%,59.70%,59.70%,61.97%,83.34%,,,77.25%,77.25%,,,65.70%,,62.05%,,57.98%,,,,,43.08%,50.80%,52.89%
2025-08-22 21:30,,,44.58%,,,,,,35.97%,,36.32%,,,16.45%,,,,,,,,,,,,83.49%,,66.52%,68.74%,70.16%,,,,,62.99%,63.99%,43.84%,59.81%,59.79%,59.79%,61.97%,83.33%,,,77.26%,77.26%,,,65.69%,,62.05%,,57.98%,,,,,43.09%,,52.84%
2025-08-22 22:30,,,44.27%,,,,,,35.28%,,35.81%,,,22.34%,,,,,,,,,,,,83.31%,,66.84%,68.02%,70.29%,,,,,62.98%,64.70%,44.05%,59.94%,59.91%,59.90%,61.97%,83.32%,,,77.26%,77.26%,,,65.68%,,62.07%,,57.99%,,,,,43.09%,,52.88%
2025-08-22 23:30,,,,,,,,,,,35.74%,,,32.58%,,,,,,,,,,,,,,67.32%,68.36%,,,,,,62.99%,,44.39%,,,,61.97%,,,,,,,,65.67%,,62.05%,,57.99%,,,,,,,52.92%
2025-08-23 00:30,,,,,,,,,,,36.00%,,,32.49%,,,,,,,,,,,,,,69.15%,68.26%,,,,,,62.99%,,44.87%,,,,61.98%,,,,,,,,65.66%,,62.05%,,57.99%,,,,,,,52.93%
2025-08-23 01:30,,,,,,,,,,,35.79%,,,42.39%,,,,,,,,,,,,,,74.51%,68.32%,,,,,,63.00%,,45.10%,,,,62.00%,,,,,,,,65.66%,,,,,,,,,,,52.92%
2025-08-23 02:30,,,,,,,,,,,35.59%,,,33.12%,,,,,,,,,,,,,,77.21%,68.44%,,,,,,63.00%,,45.17%,,,,62.03%,,,,,,,,65.66%,,,,,,,,,,,52.98%
2025-08-23 03:30,,,,,,,,,,,35.71%,,,32.95%,,,,,,,,,,,,,,,68.65%,,,,,,63.01%,,45.21%,,,,,,,,,,,,65.66%,,,,,,,,,,,53.01%
2025-08-23 04:30,,,,,,,,,,,36.01%,,,32.86%,,,,,,,,,,,,,,,68.79%,,,,,,63.00%,,45.17%,,,,,,,,,,,,65.66%,,,,,,,,,,,52.95%
2025-08-23 05:30,,,,,,,,,,,35.67%,,,32.63%,,,,,,,,,,,,,,,68.37%,,,,,,63.00%,,45.25%,,,,,,,,,,,,65.66%,,,,,,,,,,,53.01%
2025-08-23 06:30,,,,,,,,,,,35.72%,,,32.58%,,,,,,,,,,,,,,,68.25%,,,,,,63.00%,,45.31%,,,,,,,,,,,,65.67%,,,,,,,,,,,53.08%
2025-08-23 07:30,,,,,,,,,,,35.72%,,,32.83%,,,,,,,,,,,,,,,68.30%,,,,,,63.01%,,45.29%,,,,,,,,,,,,65.66%,,,,,,,,,,,53.04%
2025-08-23 08:30,,,,,,,,,,,35.77%,,,32.66%,,,,,,,,,,,,,,,68.27%,,,,,,63.01%,,44.78%,,,,,,,,,,,,65.67%,,,,,,,,,,,53.04%
2025-08-23 09:30,,,,,,,,,,,35.67%,,,32.36%,,,,,,,,,,,,,,,68.37%,,,,,,63.01%,,44.68%,,,,,,,,,,,,65.67%,,,,,,,,,,,53.11%
2025-08-23 10:30,,,,,,,,,,,35.70%,,,32.56%,,,,,,,,,,,,,,,68.35%,,,,,,63.01%,,44.83%,,,,,,,,,,,,65.68%,,,,,,,,,,,53.17%
2025-08-23 11:30,,,,,,,,,,,35.78%,,,34.94%,,,,,,,,,,,,,,,70.86%,,,,,,63.03%,,44.70%,,,,,,,,,,,,65.67%,,,,,,,,,,,53.06%
2025-08-23 12:30,,,,,,,,,,,36.34%,,,33.65%,,,,,,,,,,,,,,,70.08%,,,,,,63.04%,,45.19%,,,,,,,,,,,,65.67%,,,,,,,,,,,53.13%
2025-08-23 13:30,,,,,,,,,,,35.92%,,,33.98%,,,,,,,,,,,,,,,70.31%,,,,,,61.66%,,45.45%,,,,,,,,,,,,65.67%,,,,,,,,,,,53.20%
2025-08-23 14:30,,,,,,,,,,,35.52%,,,33.41%,,,,,,,,,,,,,,,70.80%,,,,,,61.11%,,45.31%,,,,,,,,,,,,65.67%,,,,,,,,,,,53.19%
2025-08-23 15:30,,,,,,,,,,,35.81%,,,32.53%,,,,,,,,,,,,,,,69.90%,,,,,,61.12%,,45.41%,,,,,,,,,,,,65.69%,,,,,,,,,,,53.16%
2025-08-23 16:30,,,,,,,,,,,35.56%,,,32.70%,,,,,,,,,,,,,,,70.14%,,,,,,61.15%,,45.38%,,,,,,,,,,,,65.68%,,,,,,,,,,,53.23%
2025-08-23 17:30,,,,,,,,,,,35.47%,,,32.95%,,,,,,,,,,,,,,,69.71%,,,,,,61.11%,,45.47%,,,,,,,,,,,,65.68%,,,,,,,,,,,53.29%
2025-08-23 18:30,,,,,,,,,,,35.54%,,,32.82%,,,,,,,,,,,,,,,69.76%,,,,,,61.11%,,45.28%,,,,,,,,,,,,65.81%,,,,,,,,,,,53.23%
2025-08-23 19:30,,,,,,,,,,,35.49%,,,32.48%,,,,,,,,,,,,,,,69.77%,,,,,,61.11%,,45.24%,,,,,,,,,,,,65.95%,,,,,,,,,,,53.26%
2025-08-23 20:30,,,,,,,,,,,35.74%,,,38.87%,,,,,,,,,,,,,,,69.59%,,,,,,61.11%,,44.89%,,,,,,,,,,,,66.01%,,,,,,,,,,,53.32%
2025-08-23 21:30,,,,,,,,,,,35.66%,,,32.24%,,,,,,,,,,,,,,,68.32%,,,,,,61.12%,,44.76%,,,,,,,,,,,,65.96%,,,,,,,,,,,53.31%
2025-08-23 22:30,,,,,,,,,,,35.45%,,,32.50%,,,,,,,,,,,,,,,68.16%,,,,,,61.12%,,44.67%,,,,,,,,,,,,65.96%,,,,,,,,,,,53.32%
2025-08-23 23:30,,,,,,,,,,,35.44%,,,32.61%,,,,,,,,,,,,,,,68.20%,,,,,,61.12%,,44.67%,,,,,,,,,,,,65.95%,,,,,,,,,,,53.35%
2025-08-24 00:30,,,,,,,,,,,35.44%,,,32.40%,,,,,,,,,,,,,,,68.25%,,,,,,61.12%,,45.20%,,,,,,,,,,,,65.96%,,,,,,,,,,,53.39%
2025-08-24 01:30,,,,,,,,,,,35.47%,,,33.18%,,,,,,,,,,,,,,,68.35%,,,,,,61.13%,,45.40%,,,,,,,,,,,,65.96%,,,,,,,,,,,53.35%
2025-08-24 02:30,,,,,,,,,,,35.45%,,,36.23%,,,,,,,,,,,,,,,71.22%,,,,,,61.13%,,45.48%,,,,,,,,,,,,65.96%,,,,,,,,,,,53.41%
2025-08-24 03:30,,,,,,,,,,,35.49%,,,39.51%,,,,,,,,,,,,,,,76.14%,,,,,,61.14%,,45.48%,,,,,,,,,,,,65.95%,,,,,,,,,,,53.45%
2025-08-24 04:30,,,,,,,,,,,35.51%,,,32.62%,,,,,,,,,,,,,,,76.17%,,,,,,61.13%,,45.31%,,,,,,,,,,,,65.97%,,,,,,,,,,,53.41%
2025-08-24 05:30,,,,,,,,,,,35.61%,,,32.29%,,,,,,,,,,,,,,,76.20%,,,,,,61.13%,,45.05%,,,,,,,,,,,,65.95%,,,,,,,,,,,53.44%
2025-08-24 06:30,,,,,,,,,,,35.74%,,,32.85%,,,,,,,,,,,,,,,75.96%,,,,,,61.15%,,45.18%,,,,,,,,,,,,65.95%,,,,,,,,,,,53.51%
2025-08-24 07:30,,,,,,,,,,,35.80%,,,32.62%,,,,,,,,,,,,,,,74.85%,,,,,,61.15%,,45.17%,,,,,,,,,,,,65.95%,,,,,,,,,,,53.52%
2025-08-24 08:30,,,,,,,,,,,35.70%,,,32.54%,,,,,,,,,,,,,,,74.71%,,,,,,61.16%,,44.72%,,,,,,,,,,,,65.95%,,,,,,,,,,,53.46%
2025-08-24 09:30,,,,,,,,,,,35.74%,,,32.49%,,,,,,,,,,,,,,,74.66%,,,,,,61.16%,,44.60%,,,,,,,,,,,,65.95%,,,,,,,,,,,53.53%
2025-08-24 10:30,,,,,,,,,,,35.81%,,,38.69%,,,,,,,,,,,,,,,74.56%,,,,,,61.16%,,44.77%,,,,,,,,,,,,65.92%,,,,,,,,,,,53.60%
2025-08-24 11:30,,,,,,,,,,,35.76%,,,32.76%,,,,,,,,,,,,,,,74.58%,,,,,,61.18%,,45.00%,,,,,,,,,,,,65.73%,,,,,,,,,,,53.54%
2025-08-24 12:30,,,,,,,,,,,36.23%,,,32.15%,,,,,,,,,,,,,,,74.44%,,,,,,61.24%,,45.29%,,,,,,,,,,,,65.67%,,,,,,,,,,,53.56%
2025-08-24 13:30,,,,,,,,,,,35.78%,,,32.64%,,,,,,,,,,,,,,,74.56%,,,,,,61.27%,,45.43%,,,,,,,,,,,,65.64%,,,,,,,,,,,53.62%
2025-08-24 14:30,,,,,,,,,,,35.71%,,,32.31%,,,,,,,,,,,,,,,74.66%,,,,,,61.28%,,45.36%,,,,,,,,,,,,65.63%,,,,,,,,,,,53.65%
2025-08-24 15:30,,,,,,,,,,,35.76%,,,32.61%,,,,,,,,,,,,,,,74.76%,,,,,,61.28%,,45.29%,,,,,,,,,,,,65.63%,,,,,,,,,,,53.60%
2025-08-24 16:30,,,,,,,,,,,35.71%,,,32.68%,,,,,,,,,,,,,,,74.85%,,,,,,61.28%,,45.36%,,,,,,,,,,,,65.63%,,,,,,,,,,,53.65%
2025-08-24 17:30,,,,,,,,,,,35.66%,,,32.59%,,,,,,,,,,,,,,,74.83%,,,,,,61.27%,,45.47%,,,,,,,,,,,,65.65%,,,,,,,,,,,53.72%
2025-08-24 18:30,,,,,,,,,,,36.05%,,,32.41%,,,,,,,,,,,,,,,74.77%,,,,,,61.28%,,45.35%,,,,,,,,,,,,65.64%,,,,,,,,,,,53.67%
2025-08-24 19:30,,,,,,,,,,,35.72%,,,32.01%,,,,,,,,,,,,,,,74.69%,,,,,,61.29%,,45.35%,,,,,,,,,,,,65.64%,,,,,,,,,,,53.70%
2025-08-24 20:30,,,,,,,,,,,35.62%,,,38.50%,,,,,,,,,,,,,,,74.58%,,,,,,61.30%,,44.70%,,,,,,,,,,,,65.64%,,,,,,,,,,,53.74%
2025-08-24 21:30,,,,,,,,,,,35.54%,,,32.25%,,,,,,,,,,,,,,,74.27%,,,,,,61.32%,,44.75%,,,,,,,,,,,,65.64%,,,,,,,,,,,53.76%
2025-08-24 22:30,,,,,,,,,,,35.50%,,,32.08%,,,,,,,,,,,,,,,74.23%,,,,,,61.31%,,44.87%,,,,,,,,,,,,65.64%,,,,,,,,,,,53.74%
2025-08-24 23:30,,,,,,,,,,,35.44%,,,32.45%,,,,,,,,,,,,,,,74.27%,,,,,,61.31%,,44.83%,,,,,,,,,,,,65.64%,,,,,,,,,,,53.80%
2025-08-25 00:30,,,,,,,,,,,35.48%,,,32.36%,,,,,,,,,,,,,,,74.42%,,,,,,61.31%,,45.34%,,,,,,,,,,,,65.64%,,,,,,,,,,,53.83%
2025-08-25 01:30,,,,,,,,,,,35.57%,,,32.40%,,,,,,,,,,,,,,,74.36%,,,,,,61.31%,,45.61%,,,,,,,,,,,,65.66%,,,,,,,,,,,53.78%
2025-08-25 02:30,,,,,,,,,,,35.52%,,,35.70%,,,,,,,,,,,,,,,74.79%,,,,,,61.32%,,45.49%,,,,,,,,,,,,65.63%,,,,,,,,,,,53.84%
2025-08-25 03:30,,,,,,,,,,,35.66%,,,34.62%,,,,,,,,,,,,,,,75.06%,,,,,,61.32%,,45.47%,,,,,,,,,,,,65.63%,,,,,,,,,,,53.89%
2025-08-25 04:30,,,,,,,,,,,35.65%,,,32.88%,,,,,,,,,,,,,,,75.03%,,,,,,61.32%,,45.71%,,,,,,,,,,,,65.63%,,,,,,,,,,,53.87%
2025-08-25 05:30,,,,,,,,,,,35.79%,,,32.81%,,,,,,,,,,,,,,,75.05%,,,,,,61.32%,,45.86%,,,,,,,,,,,,65.65%,,,,,,,,,,,53.86%
2025-08-25 06:30,,,,,,,,,,,36.45%,,,38.75%,,,,,,,,,,,,,,,75.03%,,,,,,61.33%,,46.00%,,,,,,,,,,,,65.64%,,,,,,,,,,,53.93%
2025-08-25 07:30,,,,,,,,,,,36.29%,,,32.33%,,,,,,,,,,,,,,,74.73%,,,,,,61.33%,,45.97%,,,,,,,,,,,,65.64%,,,,,,,,,,,53.99%
2025-08-25 08:30,,,,,,,,,,,36.53%,,,32.54%,,,,,,,,,,,,,,,74.49%,,,,,,61.33%,,45.56%,,,,,,,,,,,,65.63%,,,,,,,,,,,53.89%
2025-08-25 09:30,,,,,,,,,,,37.09%,,,32.62%,,,,,,,,,,,,,,,74.55%,,,,,,61.33%,,45.52%,,,,,,,,,,,,65.63%,,,,,,,,,,,53.95%
2025-08-25 10:30,,,,,,,,,,,36.91%,,,32.59%,,,,,,,,,,,,,,,74.58%,,,,,,61.62%,53.82%,45.49%,,,,,79.87%,,,,,,,65.63%,,,,,,,,,,50.79%,54.02%
2025-08-25 11:30,,,,,,,,,,,36.58%,,,32.66%,,,,,,,,,,,,,,86.26%,74.64%,,,,,,61.73%,51.13%,45.58%,,,,62.33%,79.85%,,,,,,,65.63%,,62.04%,,58.12%,,,,,,50.79%,54.02%
2025-08-25 12:30,,,,,,,,,,,37.16%,,,32.68%,,,,,,,,,,,,,,52.39%,74.66%,66.82%,,,,,61.73%,56.06%,46.07%,56.46%,56.42%,56.42%,60.34%,79.87%,,,77.26%,77.26%,,,65.63%,,62.03%,60.03%,57.95%,,,,,43.09%,50.84%,53.98%
2025-08-25 13:30,,,,,,,,,,,36.75%,,,32.56%,,,,,,,,,,,,,,51.32%,74.76%,69.28%,,,,,62.27%,60.43%,46.50%,58.64%,58.64%,58.63%,60.41%,79.85%,,,77.27%,77.27%,,,65.64%,,61.97%,,57.95%,,,,,43.09%,50.85%,54.05%
2025-08-25 14:30,,,,,,,,,,,36.43%,,,32.58%,,,,,,,,,,,,,,53.20%,74.78%,71.05%,,,,,62.47%,57.65%,46.49%,58.88%,58.87%,58.87%,60.43%,79.83%,,,77.27%,77.27%,,,65.62%,,61.97%,,57.96%,,,,,43.09%,50.86%,54.11%
2025-08-25 15:30,,,,,,,,,,,36.45%,,,33.37%,,,,,,,,,,,,,,63.70%,74.98%,71.10%,,,,,62.49%,64.89%,46.09%,58.82%,58.82%,58.81%,60.49%,79.85%,,,77.28%,77.28%,,,65.60%,,61.97%,,57.98%,,,,,43.09%,50.87%,54.05%
2025-08-25 16:30,,,,,,,,,,,36.43%,,,33.80%,,,,,,,,,,,,,,57.26%,75.59%,70.90%,,,,,62.50%,64.39%,45.15%,58.86%,58.85%,58.85%,60.55%,79.90%,,,77.28%,77.28%,,,65.59%,,61.98%,,57.99%,,,,,43.09%,50.88%,54.07%
2025-08-25 17:30,,,,,,,,,,,36.09%,,,33.05%,,,,,,,,,,,,,,60.11%,74.42%,71.31%,,,,,62.50%,70.11%,44.73%,58.84%,58.83%,58.84%,60.46%,80.31%,,,77.29%,77.29%,,,65.58%,,61.99%,,58.03%,,,56.63%,,43.10%,50.88%,54.14%
2025-08-25 18:30,,,,,,,,,,,36.04%,,,32.95%,,,,,,,,,,,,,,63.36%,74.55%,71.62%,,,,,62.52%,72.06%,44.02%,58.77%,58.76%,58.76%,60.84%,81.18%,,,77.29%,77.29%,,,65.54%,,61.99%,,58.04%,,,56.57%,,43.10%,50.88%,54.13%
2025-08-25 19:30,,,,,,,,,,,36.32%,,,33.80%,,,,,,,,,,,,,,65.25%,66.63%,70.30%,,,,,62.52%,48.73%,42.80%,58.83%,58.83%,58.83%,61.09%,81.17%,,,77.29%,77.29%,,,65.54%,,61.99%,,58.04%,,,56.57%,,43.10%,50.86%,54.14%
2025-08-25 20:30,,,,,,,,,,,36.13%,,,39.69%,,,,,,,,,,,,,,70.68%,67.51%,69.55%,,,,,62.52%,38.75%,43.75%,58.70%,58.69%,58.69%,61.17%,81.11%,,,77.30%,77.30%,,,65.59%,,62.00%,,58.04%,,,56.57%,,43.10%,50.86%,54.17%
2025-08-25 21:30,,,,,,,,,,,36.30%,,,33.05%,,,,,,,,,,,,,,79.19%,67.86%,69.45%,,,,,62.52%,52.35%,43.07%,58.70%,58.69%,58.69%,60.96%,81.12%,,,77.30%,77.30%,,,65.68%,,62.00%,,58.05%,,,56.57%,,43.10%,,54.22%
2025-08-25 22:30,,,,,,,,,,,35.95%,,,33.00%,,,,,,,,,,,,,,84.12%,67.91%,69.12%,,,,,62.52%,53.08%,42.46%,58.83%,58.83%,58.83%,62.56%,81.12%,,,77.30%,77.30%,,,65.74%,,62.01%,,58.05%,,,56.57%,,43.10%,,54.16%
2025-08-25 23:30,,,,,,,,,,,36.01%,,,33.12%,,,,,,,,,,,,,,65.65%,68.27%,,,,,,62.52%,,42.08%,,,,60.94%,,,,,,,,65.72%,,62.01%,,58.05%,,,,,,,54.23%
2025-08-26 00:30,,,,,,,,,,,36.09%,,,32.90%,,,,,,,,,,,,,,72.72%,68.26%,,,,,,62.53%,,42.45%,,,,61.12%,,,,,,,,65.71%,,62.01%,,58.04%,,,56.49%,,,,54.26%
2025-08-26 01:30,,,,,,,,,,,36.37%,,,33.07%,,,,,,,,,,,,,,78.35%,67.87%,,,,,,62.55%,,42.66%,,,,61.76%,,,,,,,,65.70%,,,,,,,56.50%,,,,54.24%
2025-08-26 02:30,,,,,,,,,,,36.00%,,,38.42%,,,,,,,,,,,,,,83.19%,68.29%,,,,,,62.55%,,42.78%,,,,62.18%,,,,,,,,65.71%,,,,,,,,,,,54.26%
2025-08-26 03:30,,,,,,,,,,,36.27%,,,33.82%,,,,,,,,,,,,,,87.57%,68.07%,,,,,,62.55%,,42.74%,,,,62.57%,,,,,,,,65.72%,,,,,,,,,,,54.32%
2025-08-26 04:30,,,,,,,,,,,36.31%,,,33.62%,,,,,,,,,,,,,,91.50%,68.19%,,,,,,62.57%,,42.72%,,,,63.09%,,,,,,,,65.72%,,,,,,,,,,,54.34%
2025-08-26 05:30,,,,,,,,,,,36.26%,,,33.15%,,,,,,,,,,,,,,91.66%,68.23%,,,,,,62.56%,,43.66%,,,,63.52%,,,,,,,,65.73%,,,,,,,,,,,54.28%
2025-08-26 06:30,,,,,,,,,,,36.27%,,,39.30%,,,,,,,,,,,,,,91.53%,68.40%,,,,,,62.56%,,43.18%,,,,63.89%,,,,,,,,65.83%,,,,,,,,,,,54.35%
2025-08-26 07:30,,,,,,,,,,,36.76%,,,33.03%,,,,,,,,,,,,,,91.57%,68.46%,,,,,,62.61%,,43.01%,,,,64.28%,,,,,,,,65.90%,,,,,,,,,,,54.42%
2025-08-26 08:30,,,,,,,,,,,37.32%,,,33.02%,,,,,,,,,,,,,,91.31%,68.46%,,,,,,62.61%,,42.67%,,,,64.66%,,,,,,,,65.90%,,,,,,,,,,,54.36%
2025-08-26 09:30,,,,,,,,,,,36.97%,,,33.05%,,,,,,,,,,,,,,91.90%,68.25%,,,,,,62.61%,,42.35%,,,,65.01%,,,,,,,,65.91%,,,,,,,,,,,54.37%
2025-08-26 10:30,,,,,,,,,,,37.27%,,,33.03%,,,,,,,,,,,,,,92.26%,68.33%,,,,,,62.61%,,42.18%,,,,65.30%,,,,,,,,65.93%,,,,,,,,,,50.84%,54.44%
2025-08-26 11:30,,,,,,,,,,,36.98%,,,33.03%,,,,,,,,,,,,,,91.49%,68.50%,,,,,,62.60%,,42.26%,,,,65.57%,,,,,,,,65.93%,,61.98%,,57.94%,,,,,,50.87%,54.48%
2025-08-26 12:30,,,,,,,,,,,36.88%,,,33.03%,,,,,,,,,,,,,,92.85%,68.57%,66.74%,,,,,62.60%,54.11%,36.84%,,,,66.00%,81.14%,,,,,,,65.89%,,61.96%,59.99%,57.95%,,,,,,50.88%,54.41%
2025-08-26 13:30,,,,,,,,,,,36.87%,,,40.99%,,,,,,,,,,,,,,95.09%,69.77%,68.92%,,,,,62.59%,53.76%,28.58%,,,,66.05%,81.16%,,,,,,,65.86%,,61.97%,60.23%,57.95%,,,,,,50.88%,54.47%
2025-08-26 14:30,,,,,,,,,,,36.81%,,,34.21%,,,,,,,,,,,,,,85.41%,70.72%,69.88%,,,,,,51.62%,28.54%,,,,68.43%,81.19%,,,,,,,65.87%,,61.96%,60.09%,57.96%,,,56.74%,,,50.88%,54.53%
2025-08-26 15:30,,,,,,,,,,,36.85%,,,33.49%,,,,,,,,,,,,,,64.83%,70.27%,70.18%,,,,,,66.72%,28.52%,,,,65.41%,83.53%,,,,,,,65.88%,,61.97%,60.07%,57.98%,,,56.94%,,,50.88%,54.50%
2025-08-26 16:30,,,,,,,,,,,36.31%,,,33.56%,,,,,,,,,,,,,,65.94%,70.44%,70.50%,,,,,,53.01%,28.57%,,,,65.39%,85.59%,,,,,,,65.89%,,61.97%,60.08%,58.00%,,,56.99%,,,50.89%,54.51%
2025-08-26 17:30,,,,,,,,,,,36.27%,,,33.64%,,,,,,,,,,,,,,68.97%,70.36%,70.55%,,,,,,47.60%,28.55%,,,,65.39%,86.38%,,,,,,,65.89%,,61.98%,60.09%,58.00%,,,56.99%,,,50.89%,54.56%
2025-08-26 18:30,,,,,,,,,,,36.17%,,,33.38%,,,,,,,,,,,,,,66.24%,70.42%,71.14%,,,,,,53.22%,28.61%,,,,65.39%,86.41%,,,,,,,65.90%,,61.98%,60.10%,58.01%,,,56.99%,,,50.89%,54.59%
2025-08-26 19:30,,,,,,,,,,,36.08%,,,33.90%,,,,,,,,,,,,,,65.44%,70.27%,68.36%,,,,,,49.11%,28.63%,,,,65.39%,86.41%,,,,,,,65.90%,,61.98%,60.09%,58.01%,,,56.99%,,,51.13%,54.56%
2025-08-26 20:30,,,,,,,,,,,36.16%,,,42.35%,,,,,,,,,,,,,,66.19%,72.86%,68.45%,,,,,,45.86%,28.60%,,,,65.44%,86.43%,,,,,,,65.89%,,61.98%,60.10%,58.01%,,,56.99%,,,51.31%,54.61%
2025-08-26 21:30,,,,,,,,,,,36.32%,,,32.70%,,,,,,,,,,,,,,66.55%,71.90%,68.55%,,,,,,57.66%,28.67%,,,,65.49%,86.44%,,,,,,,65.89%,,61.99%,60.12%,58.02%,,,56.99%,,,,54.65%
2025-08-26 22:30,,,,,,,,,,,36.05%,,,32.93%,,,,,,,,,,,,,,67.13%,70.41%,68.03%,,,,,,58.14%,28.70%,,,,65.49%,86.42%,,,,,,,65.90%,,61.99%,60.13%,58.02%,,,56.99%,,,50.82%,54.61%
2025-08-26 23:30,,,,,,,,,,,36.09%,,,34.43%,,,,,,,,,,,,,,67.78%,72.50%,,,,,,,,28.63%,,,,65.50%,,,,,,,,65.90%,,62.00%,,58.02%,,,,,,51.00%,54.65%
2025-08-27 00:30,,,,,,,,,,,36.12%,,,33.02%,,,,,,,,,,,,,,68.72%,70.29%,,,,,,,,28.65%,,,,65.49%,,,,,,,,65.90%,,62.00%,,58.02%,,,,,,50.86%,54.70%
2025-08-27 01:30,,,,,,,,,,,36.35%,,,33.03%,,,,,,,,,,,,,,69.00%,69.55%,,,,,,,,28.68%,,,,65.50%,,,,,,,,65.88%,,,,,,,,,,,54.69%
2025-08-27 02:30,,,,,,,,,,,36.11%,,,37.24%,,,,,,,,,,,,,,69.18%,69.95%,,,,,,,,28.73%,,,,65.50%,,,,,,,,65.91%,,,,,,,,,,,54.68%
2025-08-27 03:30,,,,,,,,,,,36.61%,,,33.10%,,,,,,,,,,,,,,69.46%,69.23%,,,,,,,,28.76%,,,,65.50%,,,,,,,,65.89%,,,,,,,,,,,54.75%
2025-08-27 04:30,,,,,,,,,,,36.78%,,,33.29%,,,,,,,,,,,,,,69.52%,69.37%,,,,,,,,28.76%,,,,65.50%,,,,,,,,65.89%,,,,,,,,,,,54.80%
2025-08-27 05:30,,,,,,,,,,,36.72%,,,32.82%,,,,,,,,,,,,,,69.79%,69.49%,,,,,,,,28.75%,,,,65.50%,,,,,,,,65.89%,,,,,,,,,,,54.71%
2025-08-27 06:30,,,,,,,,,,,36.99%,,,38.87%,,,,,,,,,,,,,,69.94%,69.61%,,,,,,,,28.89%,,,,65.51%,,,,,,,,65.84%,,,,,,,,,,,54.77%
2025-08-27 07:30,,,,,,,,,,,37.21%,,,32.81%,,,,,,,,,,,,,,69.98%,69.70%,,,,,,,,28.89%,,,,65.51%,,,,,,,,65.57%,,,,,,,,,,,54.84%
2025-08-27 08:30,,,,,,,,,,,36.83%,,,32.96%,,,,,,,,,,,,,,69.93%,69.60%,,,,,,,,28.76%,,,,65.51%,,,,,,,,65.56%,,,,,,,,,,,54.84%
2025-08-27 09:30,,,,,,,,,,,36.54%,,,32.89%,,,,,,,,,,,,,,70.19%,69.57%,,,,,,,,28.93%,,,,65.51%,,,,,,,,65.57%,,,,,,,,,,,54.79%
2025-08-27 10:30,,,,,,,,,,,36.37%,,,32.76%,,,,,,,,,,,,,,70.66%,69.63%,65.59%,,,,,,,28.90%,,,,65.51%,,,,,,,,65.56%,,,,,,,,,,,54.86%
2025-08-27 11:30,,,,,,,,,,,36.45%,,,32.96%,,,,,,,,,,,,,,70.85%,69.65%,67.10%,,,,,,,29.33%,,,,65.51%,,,,,,,,65.56%,,,,,,,,,,,54.93%
2025-08-27 12:30,,,,,,,,,,,36.78%,,,32.90%,,,,,,,,,,,,,,71.16%,69.94%,68.54%,,,,,,,30.42%,,,,65.52%,,,,,,,,65.55%,,62.04%,,57.98%,,,,,,,54.86%
2025-08-27 13:30,,,,,,,,,,,36.55%,,,32.83%,,,,,,,,,,,,,,71.07%,70.34%,69.68%,,,,,,,30.38%,,,,65.52%,,,,,,,,65.56%,,62.01%,,57.94%,,,,,,,54.89%
2025-08-27 14:30,,,,,,,,,,,36.22%,,,33.43%,,,,,,,,,,,,,,71.18%,70.88%,68.22%,,,,,,,29.56%,,,,65.53%,,,,,,,,65.32%,,62.00%,,57.94%,,,,,,,54.95%
2025-08-27 15:30,,,,,,,,,,,36.90%,,,33.24%,,,,,,,,,,,,,,71.28%,71.20%,69.20%,,,,,,,28.82%,,,,65.53%,,,,,,,,65.04%,,62.00%,,57.94%,,,,,,,54.95%
2025-08-27 16:30,,,,,,,,,,,36.53%,,,33.43%,,,,,,,,,,,,,,71.24%,71.28%,69.14%,,,,,,,28.95%,,,,65.53%,,,,,,,,65.04%,,62.01%,,57.95%,,,,,,,54.95%
2025-08-27 17:30,,,,,,,,,,,36.81%,,,33.37%,,,,,,,,,,,,,,71.53%,70.97%,68.30%,,,,,,,28.86%,,,,65.52%,,,,,,,,65.06%,,62.01%,,57.95%,,,,,,,54.98%
2025-08-27 18:30,,,,,,,,,,,36.30%,,,33.41%,,,,,,,,,,,,,,71.50%,71.10%,68.67%,,,,,,,28.62%,,,,65.50%,,,,,,,,65.05%,,62.01%,,58.00%,,,,,,,55.04%
2025-08-27 19:30,,,,,,,,,,,35.83%,,,33.45%,,,,,,,,,,,,,,71.51%,71.34%,68.80%,,,,,,,28.65%,,,,65.50%,,,,,,,,65.05%,,62.02%,,58.29%,,,,,,,54.98%
2025-08-27 20:30,,,,,,,,,,,35.76%,,,38.71%,,,,,,,,,,,,,,71.65%,71.12%,68.31%,,,,,,,28.72%,,,,65.51%,,,,,,,,65.04%,,62.00%,,58.34%,,,56.71%,,,,55.05%
2025-08-27 21:30,,,,,,,,,,,35.79%,,,34.33%,,,,,,,,,,,,,,71.71%,70.86%,68.90%,,,,,,,28.66%,,,,65.51%,,,,,,,,65.04%,,62.00%,,58.35%,,,56.57%,,,,55.07%
2025-08-27 22:30,,,,,,,,,,,35.64%,,,33.69%,,,,,,,,,,,,,,71.64%,70.70%,68.18%,,,,,,,28.66%,,,,65.51%,,,,,,,,65.05%,,62.03%,,59.00%,,,56.57%,,,,55.06%
2025-08-27 23:30,,,,,,,,,,,35.70%,,,33.51%,,,,,,,,,,,,,,71.73%,70.91%,67.53%,,,,,,,28.72%,,,,65.51%,,,,,,,,65.05%,,62.02%,,59.36%,,,,,,,55.07%
2025-08-28 00:30,,,,,,,,,,,35.67%,,,33.26%,,,,,,,,,,,,,,71.92%,70.72%,,,,,,,,28.68%,,,,65.51%,,,,,,,,65.04%,,62.01%,,59.36%,,,,,,,55.14%
2025-08-28 01:30,,,,,,,,,,,35.68%,,,33.43%,,,,,,,,,,,,,,71.97%,70.83%,,,,,,,,28.68%,,,,65.52%,,,,,,,,65.06%,,,,,,,,,,,55.15%
2025-08-28 02:30,,,,,,,,,,,35.60%,,,37.14%,,,,,,,,,,,,,,72.14%,71.17%,,,,,,,,28.77%,,,,65.52%,,,,,,,,65.02%,,,,,,,,,,,55.10%
2025-08-28 03:30,,,,,,,,,,,35.67%,,,40.85%,,,,,,,,,,,,,,72.32%,70.77%,,,,,,,,28.79%,,,,65.53%,,,,,,,,65.00%,,,,,,,,,,,55.17%
2025-08-28 04:30,,,,,,,,,,,35.64%,,,33.56%,,,,,,,,,,,,,,72.38%,70.84%,,,,,,,,28.80%,,,,65.53%,,,,,,,,64.99%,,,,,,,,,,,55.23%
2025-08-28 05:30,,,,,,,,,,,35.84%,,,33.52%,,,,,,,,,,,,,,72.47%,71.11%,,,,,,,,28.84%,,,,65.54%,,,,,,,,64.99%,,,,,,,,,,,55.18%
2025-08-28 06:30,,,,,,,,,,,36.18%,,,33.44%,,,,,,,,,,,,,,72.51%,71.02%,,,,,,,,28.91%,,,,65.53%,,,,,,,,64.99%,,,,,,,,,,,55.19%
2025-08-28 07:30,,,,,,,,,,,36.83%,,,33.50%,,,,,,,,,,,,,,72.52%,71.08%,,,,,,,,28.91%,,,,65.53%,,,,,,,,64.99%,,,,,,,,,,,55.26%
2025-08-28 08:30,,,,,,,,,,,36.82%,,,33.42%,,,,,,,,,,,,,,72.22%,70.99%,,,,,,,,28.96%,,,,65.54%,,,,,,,,65.00%,,,,,,,56.57%,,,,55.30%
2025-08-28 09:30,,,,,,,,,,,37.88%,,,33.33%,,,,,,,,,,,,,,72.15%,70.68%,,,,,,,,28.96%,,,,65.54%,,,,,,,,65.00%,,,,,,,56.57%,,,,55.23%
2025-08-28 10:30,,,,,,,,,,,36.89%,,,33.45%,,,,,,,,,,,,,,72.43%,70.51%,,,,,,,,29.15%,,,,65.53%,,,,,,,,65.02%,,,,,,,,,,50.88%,55.28%
2025-08-28 11:30,,,,,,,,,,,36.93%,,,33.61%,,,,,,,,,,,,,,72.63%,70.64%,62.87%,,,,,,,29.03%,,,,65.53%,,,,,,,,65.01%,,,,,,,,,,50.94%,55.35%
2025-08-28 12:30,,,,,,,,,,,37.08%,,,33.48%,,,,,,,,,,,,,,72.94%,70.49%,65.59%,,,,,,,29.01%,,,,65.54%,,,,,,,,65.01%,,62.00%,,59.05%,,,,,,50.95%,55.32%
2025-08-28 13:30,,,,,,,,,,,36.71%,,,39.47%,,,,,,,,,,,,,,72.72%,70.62%,68.31%,,,,,,,29.08%,,,,65.54%,,,,,,,,65.01%,,62.01%,,58.62%,,,,,,50.95%,55.32%
2025-08-28 14:30,,,,,,,,,,,36.29%,,,33.31%,,,,,,,,,,,,,,72.88%,70.71%,69.61%,,,,,,,29.09%,,,,65.55%,,,,,,,,65.01%,,62.01%,,59.25%,,,,,,50.94%,55.38%
2025-08-28 15:30,,,,,,,,,,,36.12%,,,33.23%,,,,,,,,,,,,,,73.11%,70.79%,69.77%,,,,,,,29.00%,,,,65.54%,,,,,,,,65.02%,,62.01%,,59.26%,29.86%,,56.58%,,,50.95%,55.41%
2025-08-28 16:30,,,,,,,,,,,36.00%,,,33.48%,,,,,,,,,,,,,,73.30%,70.70%,69.96%,,,,,,,28.94%,,,,65.55%,,,,,,,,65.03%,,62.03%,,59.26%,30.13%,,56.57%,,,50.96%,55.38%
2025-08-28 17:30,,,,,,,,,,,36.03%,,,33.39%,,,,,,,,,,,,,,73.55%,70.69%,69.59%,,,,,,57.35%,28.99%,,,,65.55%,87.87%,,,,,,,65.02%,,62.02%,,59.26%,29.96%,,56.57%,,,50.97%,55.42%
2025-08-28 18:30,,,,,,,,,,,35.71%,,,33.36%,,,,,,,,,,,,,,73.38%,70.72%,69.97%,,,,,,52.47%,28.99%,,,,65.52%,88.03%,,,,,,,65.04%,,62.03%,,59.27%,36.28%,,56.57%,,,50.97%,55.47%
2025-08-28 19:30,,,,,,,,,,,35.87%,,,33.58%,,,,,,,,,,,,,,73.65%,71.00%,68.76%,,,,,,50.77%,28.96%,,,,65.52%,88.04%,,,,,,,65.04%,,62.03%,,59.25%,37.86%,,56.63%,,,50.95%,55.43%
2025-08-28 20:30,,,,,,,,,,,35.73%,,,33.30%,,,,,,,,,,,,,,73.58%,71.12%,68.76%,,,,,,50.23%,29.14%,,,,65.66%,88.08%,,,,,,,65.05%,,62.04%,,59.25%,37.86%,,56.64%,,,50.95%,55.47%
2025-08-28 21:30,,,,,,,,,,,36.06%,,,33.15%,,,,,,,,,,,,,,73.69%,70.73%,68.47%,,,,,,62.27%,29.00%,,,,65.69%,88.09%,,,,,,,65.04%,,62.04%,,59.25%,37.87%,,56.64%,,,,55.52%
2025-08-28 22:30,,,,,,,,,,,35.58%,,,33.17%,,,,,,,,,,,,,,73.85%,70.90%,68.75%,,,,,,62.59%,29.13%,,,,65.69%,88.09%,,,,,,,65.08%,,62.05%,,59.26%,37.87%,,56.64%,,,,55.52%
2025-08-28 23:30,,,,,,,,,,,35.51%,,,33.39%,,,,,,,,,,,,,,73.99%,70.97%,,,,,,,,29.12%,,,,65.70%,,,,,,,,65.12%,,62.05%,,59.26%,,,,,,,55.50%
2025-08-29 00:30,,,,,,,,,,,35.52%,,,33.20%,,,,,,,,,,,,,,74.05%,71.00%,,,,,,,,29.14%,,,,65.70%,,,,,,,,65.13%,,62.05%,,59.26%,,,,,,,55.57%
2025-08-29 01:30,,,,,,,,,,,35.56%,,,33.38%,,,,,,,,,,,,,,74.20%,71.09%,,,,,,,,29.15%,,,,65.70%,,,,,,,,65.13%,,,,,,,,,,,55.62%
2025-08-29 02:30,,,,,,,,,,,35.60%,,,37.46%,,,,,,,,,,,,,,74.29%,71.41%,,,,,,,,29.11%,,,,65.70%,,,,,,,,65.12%,,,,,,,,,,,55.55%
2025-08-29 03:30,,,,,,,,,,,35.83%,,,39.71%,,,,,,,,,,,,,,74.18%,71.16%,,,,,,,,29.13%,,,,65.71%,,,,,,,,65.13%,,,,,,,,,,,55.59%
2025-08-29 04:30,,,,,,,,,,,35.90%,,,33.69%,,,,,,,,,,,,,,74.36%,71.28%,,,,,,,,29.11%,,,,65.71%,,,,,,,,65.12%,,,,,,,,,,,55.66%
2025-08-29 05:30,,,,,,,,,,,36.60%,,,33.37%,,,,,,,,,,,,,,74.49%,71.55%,,,,,,,,29.14%,,,,65.71%,,,,,,,,65.10%,,,,,,,,,,,55.66%
2025-08-29 06:30,,,,,,,,,,,36.22%,,,35.05%,,,,,,,,,,,,,,74.50%,71.66%,,,,,,,,29.22%,,,,65.71%,,,,,,,,65.09%,,,,,,,,,,,55.62%
2025-08-29 07:30,,,,,,,,,,,36.40%,,,37.64%,,,,,,,,,,,,,,74.62%,71.26%,,,,,,,,29.15%,,,,65.71%,,,,,,,,65.07%,,,,,,,,,,,55.69%
2025-08-29 08:30,,,,,,,,,,,36.81%,,,33.19%,,,,,,,,,,,,,,74.90%,71.36%,,,,,,,,29.34%,,,,65.71%,,,,,,,,65.10%,,,,,,,,,,,55.75%
2025-08-29 09:30,,,,,,,,,,,36.86%,,,33.42%,,,,,,,,,,,,,,74.59%,71.42%,,,,,,,,29.14%,,,,65.71%,,,,,,,,65.08%,,,,,,,,,,,55.69%
2025-08-29 10:30,,,,,,,,,,,36.81%,,,33.32%,,,,,,,,,,,,,,74.76%,71.54%,,,,,,,,29.34%,,,,65.71%,,,,,,,,65.07%,,,,,,,,,,50.93%,55.71%
2025-08-29 11:30,,,,,,,,,,,36.42%,,,33.29%,,,,,,,,,,,,,,75.01%,71.51%,,,,,,,,29.38%,,,,65.71%,,,,,,,,65.12%,,,,,,,,,,50.94%,55.78%
2025-08-29 12:30,,,,,,,,,,,37.04%,,,33.35%,,,,,,,,,,,,,,75.03%,71.48%,67.02%,,,,,,,29.24%,,,,65.72%,,,,,,,,65.17%,,62.06%,,59.13%,,,,,,50.94%,55.79%
2025-08-29 13:30,,,,,,,,,,,36.75%,,,39.38%,,,,,,,,,,,,,,74.57%,71.54%,68.22%,,,,,,,29.26%,,,,65.72%,,,,,,,,65.17%,,62.04%,,59.21%,,,,,,50.95%,55.77%
2025-08-29 14:30,,,,,,,,,,,37.76%,,,33.08%,,,,,,,,,,,,,,74.24%,71.69%,68.46%,,,,,,,29.27%,,,,65.72%,,,,,,,,65.17%,,62.04%,,59.49%,,,,,,50.95%,55.80%
2025-08-29 15:30,,,,,,,,,,,37.61%,,,33.36%,,,,,,,,,,,,,,71.26%,71.78%,69.22%,,,,,,,29.26%,,,,65.68%,,,,,,,,65.16%,,62.05%,,59.50%,,,,,,50.95%,55.87%
2025-08-29 16:30,,,,,,,,,,,38.91%,,,33.61%,,,,,,,,,,,,,,69.52%,71.85%,80.01%,,,,,,,29.26%,,,,65.62%,,,,,,,,65.16%,,62.04%,,59.50%,,,,,,50.96%,55.81%
2025-08-29 17:30,,,,,,,,,,,36.73%,,,33.24%,,,,,,,,,,,,,,70.17%,71.45%,79.54%,,,,,,,29.29%,,,,65.64%,,,,,,,,65.17%,,62.03%,,59.49%,,,,,,50.97%,55.87%
2025-08-29 18:30,,,,,,,,,,,36.34%,,,33.23%,,,,,,,,,,,,,,70.97%,71.50%,78.99%,,,,,,,29.31%,,,,65.68%,,,,,,,,65.17%,,62.04%,,59.67%,,,,,,50.97%,55.90%
2025-08-29 19:30,,,,,,,,,,,35.67%,,,33.56%,,,,,,,,,,,,,,71.14%,71.73%,79.37%,,,,,,,29.21%,,,,65.68%,,,,,,,,65.17%,,62.04%,,59.78%,,,,,,50.98%,55.89%
2025-08-29 20:30,,,,,,,,,,,35.87%,,,39.01%,,,,,,,,,,,,,,71.06%,71.63%,79.46%,,,,,,,29.25%,,,,65.68%,,,,,,,,65.16%,,62.04%,,59.79%,,,,,,50.96%,55.90%
2025-08-29 21:30,,,,,,,,,,,35.96%,,,33.27%,,,,,,,,,,,,,,71.38%,71.68%,79.29%,,,,,,,29.32%,,,,65.68%,,,,,,,,65.16%,,62.04%,,59.79%,,,,,,50.95%,55.97%
2025-08-29 22:30,,,,,,,,,,,35.66%,,,33.40%,,,,,,,,,,,,,,71.70%,71.72%,79.06%,,,,,,,29.29%,,,,65.68%,,,,,,,,65.17%,,62.04%,,59.80%,,,,,,50.95%,55.98%
2025-08-29 23:30,,,,,,,,,,,35.68%,,,36.72%,,,,,,,,,,,,,,72.01%,71.70%,,,,,,,,29.20%,,,,65.68%,,,,,,,,65.16%,,62.05%,,59.80%,,,,,,50.96%,55.92%
2025-08-30 00:30,,,,,,,,,,,35.66%,,,36.44%,,,,,,,,,,,,,,73.53%,71.74%,,,,,,,,29.34%,,,,65.69%,,,,,,,,65.17%,,62.05%,,59.81%,,,,,,,55.99%
2025-08-30 01:30,,,,,,,,,,,35.76%,,,33.63%,,,,,,,,,,,,,,78.42%,71.88%,,,,,,,,29.42%,,,,65.71%,,,,,,,,65.19%,,,,,,,,,,,56.06%
2025-08-30 02:30,,,,,,,,,,,35.79%,,,38.19%,,,,,,,,,,,,,,80.41%,72.24%,,,,,,,,29.28%,,,,65.71%,,,,,,,,65.16%,,,,,,,,,,,56.00%
2025-08-30 03:30,,,,,,,,,,,35.74%,,,40.09%,,,,,,,,,,,,,,,71.92%,,,,,,,,29.27%,,,,,,,,,,,,65.16%,,,,,,,,,,,56.01%
2025-08-30 04:30,,,,,,,,,,,35.74%,,,33.43%,,,,,,,,,,,,,,,71.80%,,,,,,,,29.36%,,,,,,,,,,,,65.16%,,,,,,,,,,,56.08%
2025-08-30 05:30,,,,,,,,,,,35.54%,,,33.31%,,,,,,,,,,,,,,,71.93%,,,,,,,,29.36%,,,,,,,,,,,,65.17%,,,,,,,,,,,56.13%
2025-08-30 06:30,,,,,,,,,,,35.68%,,,33.25%,,,,,,,,,,,,,,,72.04%,,,,,,,,29.40%,,,,,,,,,,,,65.17%,,,,,,,,,,,56.05%
2025-08-30 07:30,,,,,,,,,,,35.72%,,,33.34%,,,,,,,,,,,,,,,72.13%,,,,,,,,29.39%,,,,,,,,,,,,65.17%,,,,,,,,,,,56.11%
2025-08-30 08:30,,,,,,,,,,,35.76%,,,33.44%,,,,,,,,,,,,,,,72.05%,,,,,,,,29.45%,,,,,,,,,,,,65.17%,,,,,,,,,,,56.18%
2025-08-30 09:30,,,,,,,,,,,36.14%,,,35.33%,,,,,,,,,,,,,,,72.20%,,,,,,,,29.40%,,,,,,,,,,,,65.17%,,,,,,,,,,,56.15%
2025-08-30 10:30,,,,,,,,,,,35.83%,,,37.49%,,,,,,,,,,,,,,,72.30%,,,,,,,,29.41%,,,,,,,,,,,,65.18%,,,,,,,,,,,56.14%
2025-08-30 11:30,,,,,,,,,,,35.83%,,,33.39%,,,,,,,,,,,,,,,72.46%,,,,,,,,29.60%,,,,,,,,,,,,65.18%,,,,,,,,,,,56.20%
2025-08-30 12:30,,,,,,,,,,,36.36%,,,33.35%,,,,,,,,,,,,,,,72.05%,,,,,,,,29.55%,,,,,,,,,,,,65.17%,,,,,,,,,,,56.24%
2025-08-30 13:30,,,,,,,,,,,35.91%,,,33.07%,,,,,,,,,,,,,,,72.11%,,,,,,,,29.53%,,,,,,,,,,,,65.16%,,,,,,,,,,,56.20%
2025-08-30 14:30,,,,,,,,,,,35.69%,,,33.26%,,,,,,,,,,,,,,,72.16%,,,,,,,,29.50%,,,,,,,,,,,,65.16%,,,,,,,,,,,56.24%
2025-08-30 15:30,,,,,,,,,,,35.85%,,,33.21%,,,,,,,,,,,,,,,72.36%,,,,,,,,29.51%,,,,,,,,,,,,65.17%,,,,,,,,,,,56.29%
2025-08-30 16:30,,,,,,,,,,,35.92%,,,33.38%,,,,,,,,,,,,,,,72.35%,,,,,,,,29.48%,,,,,,,,,,,,65.17%,,,,,,,,,,,56.26%
2025-08-30 17:30,,,,,,,,,,,36.30%,,,33.34%,,,,,,,,,,,,,,,72.11%,,,,,,,,29.49%,,,,,,,,,,,,65.18%,,,,,,,,,,,56.29%
2025-08-30 18:30,,,,,,,,,,,36.48%,,,33.35%,,,,,,,,,,,,,,,71.90%,,,,,,,,29.52%,,,,,,,,,,,,65.18%,,,,,,,,,,,56.34%
2025-08-30 19:30,,,,,,,,,,,36.09%,,,33.45%,,,,,,,,,,,,,,,71.88%,,,,,,,,29.52%,,,,,,,,,,,,65.17%,,,,,,,,,,,56.35%
2025-08-30 20:30,,,,,,,,,,,36.40%,,,37.64%,,,,,,,,,,,,,,,72.06%,,,,,,,,29.48%,,,,,,,,,,,,65.17%,,,,,,,,,,,56.32%
2025-08-30 21:30,,,,,,,,,,,36.38%,,,35.70%,,,,,,,,,,,,,,,72.20%,,,,,,,,29.46%,,,,,,,,,,,,65.17%,,,,,,,,,,,56.39%
2025-08-30 22:30,,,,,,,,,,,36.09%,,,33.44%,,,,,,,,,,,,,,,72.15%,,,,,,,,29.54%,,,,,,,,,,,,65.18%,,,,,,,,,,,56.43%
2025-08-30 23:30,,,,,,,,,,,36.05%,,,33.32%,,,,,,,,,,,,,,,71.94%,,,,,,,,29.58%,,,,,,,,,,,,65.19%,,,,,,,,,,,56.37%
2025-08-31 00:30,,,,,,,,,,,36.20%,,,39.69%,,,,,,,,,,,,,,,72.15%,,,,,,,,29.51%,,,,,,,,,,,,65.18%,,,,,,,,,,,56.41%
2025-08-31 01:30,,,,,,,,,,,36.39%,,,36.87%,,,,,,,,,,,,,,,72.38%,,,,,,,,29.79%,,,,,,,,,,,,65.20%,,,,,,,,,,,56.48%
2025-08-31 02:30,,,,,,,,,,,36.39%,,,33.59%,,,,,,,,,,,,,,,72.42%,,,,,,,,29.51%,,,,,,,,,,,,65.19%,,,,,,,,,,,56.48%
2025-08-31 03:30,,,,,,,,,,,36.24%,,,33.54%,,,,,,,,,,,,,,,72.53%,,,,,,,,29.51%,,,,,,,,,,,,65.18%,,,,,,,,,,,56.44%
2025-08-31 04:30,,,,,,,,,,,35.94%,,,33.49%,,,,,,,,,,,,,,,72.50%,,,,,,,,29.51%,,,,,,,,,,,,65.19%,,,,,,,,,,,56.50%
2025-08-31 05:30,,,,,,,,,,,36.17%,,,33.28%,,,,,,,,,,,,,,,72.69%,,,,,,,,29.58%,,,,,,,,,,,,65.19%,,,,,,,,,,,56.57%
2025-08-31 06:30,,,,,,,,,,,36.75%,,,36.33%,,,,,,,,,,,,,,,72.90%,,,,,,,,29.60%,,,,,,,,,,,,65.18%,,,,,,,,,,,56.51%
2025-08-31 07:30,,,,,,,,,,,36.28%,,,36.71%,,,,,,,,,,,,,,,72.65%,,,,,,,,29.54%,,,,,,,,,,,,65.18%,,,,,,,,,,,56.53%
2025-08-31 08:30,,,,,,,,,,,36.02%,,,33.23%,,,,,,,,,,,,,,,72.67%,,,,,,,,29.52%,,,,,,,,,,,,65.18%,,,,,,,,,,,56.60%
2025-08-31 09:30,,,,,,,,,,,36.14%,,,33.37%,,,,,,,,,,,,,,,72.78%,,,,,,,,29.64%,,,,,,,,,,,,65.18%,,,,,,,,,,,56.61%
2025-08-31 10:30,,,,,,,,,,,36.29%,,,33.28%,,,,,,,,,,,,,,,72.61%,,,,,,,,29.70%,,,,,,,,,,,,65.17%,,,,,,,,,,,56.59%
2025-08-31 11:30,,,,,,,,,,,36.26%,,,33.39%,,,,,,,,,,,,,,,72.77%,,,,,,,,29.59%,,,,,,,,,,,,65.15%,,,,,,,,,,,56.62%
2025-08-31 12:30,,,,,,,,,,,36.44%,,,33.12%,,,,,,,,,,,,,,,72.64%,,,,,,,,29.65%,,,,,,,,,,,,65.15%,,,,,,,,,,,56.69%
2025-08-31 13:30,,,,,,,,,,,36.29%,,,33.06%,,,,,,,,,,,,,,,72.55%,,,,,,,,29.63%,,,,,,,,,,,,65.14%,,,,,,,,,,,56.63%
2025-08-31 14:30,,,,,,,,,,,36.43%,,,33.04%,,,,,,,,,,,,,,,72.65%,,,,,,,,29.68%,,,,,,,,,,,,65.14%,,,,,,,,,,,56.68%
2025-08-31 15:30,,,,,,,,,,,36.66%,,,27.71%,,,,,,,,,,,,,,,72.31%,,,,,,,,29.68%,,,,,,,,,,,,65.15%,,,,,,,,,,,56.71%
2025-08-31 16:30,,,,,,,,,,,36.19%,,,14.77%,,,,,,,,,,,,,,,68.85%,,,,,,,,29.64%,,,,,,,,,,,,65.15%,,,,,,,,,,,56.72%
2025-08-31 17:30,,,,,,,,,,,36.19%,,,32.22%,,,,,,,,,,,,,,,73.22%,,,,,,,,29.61%,,,,,,,,,,,,65.15%,,,,,,,,,,,56.71%
2025-08-31 18:30,,,,,,,,,,,36.37%,,,32.98%,,,,,,,,,,,,,,,73.30%,,,,,,,,29.71%,,,,,,,,,,,,65.14%,,,,,,,,,,,56.78%
2025-08-31 19:30,,,,,,,,,,,36.25%,,,33.06%,,,,,,,,,,,,,,,73.50%,,,,,,,,29.69%,,,,,,,,,,,,65.15%,,,,,,,,,,,56.80%
2025-08-31 20:30,,,,,,,,,,,36.24%,,,32.91%,,,,,,,,,,,,,,,73.33%,,,,,,,,29.66%,,,,,,,,,,,,65.15%,,,,,,,,,,50.98%,56.74%
2025-08-31 21:30,,,,,,,,,,,36.57%,,,33.01%,,,,,,,,,,,,,,,73.19%,,,,,,,,29.69%,,,,,,,,,,,,65.15%,,,,,,,,,,50.94%,56.81%
2025-08-31 22:30,,,,,,,,,,,36.19%,,,33.20%,,,,,,,,,,,,,,,73.37%,,,,,,,,29.69%,,,,,,,,,,,,65.15%,,,,,,,,,,50.95%,56.87%
2025-08-31 23:30,,,,,,,,,,,36.02%,,,33.36%,,,,,,,,,,,,,,,73.56%,,,,,,,,29.71%,,,,,,,,,,,,65.14%,,,,,,,,,,50.97%,56.82%
2025-09-01 00:30,,,,,,,,,,,35.91%,,,39.43%,,,,,,,,,,,,,,,73.45%,,,,,,,,29.75%,,,,,,,,,,,,65.13%,,,,,,,,,,,56.83%
2025-09-01 01:30,,,,,,,,,,,36.30%,,,33.45%,,,,,,,,,,,,,,,73.43%,,,,,,,,29.73%,,,,,,,,,,,,65.13%,,,,,,,,,,,56.90%
2025-09-01 02:30,,,,,,,,,,,36.11%,,,37.72%,,,,,,,,,,,,,,,74.11%,,,,,,,,29.78%,,,,,,,,,,,,65.13%,,,,,,,,,,,56.96%
2025-09-01 03:30,,,,,,,,,,,36.30%,,,34.08%,,,,,,,,,,,,,,,73.42%,,,,,,,,29.85%,,,,,,,,,,,,65.14%,,,,,,,,,,,56.86%
2025-09-01 04:30,,,,,,,,,,,36.10%,,,33.64%,,,,,,,,,,,,,,,73.43%,,,,,,,,29.71%,,,,,,,,,,,,65.14%,,,,,,,,,,,56.92%
2025-09-01 05:30,,,,,,,,,,,36.34%,,,33.02%,,,,,,,,,,,,,,,73.52%,,,,,,,,29.83%,,,,,,,,,,,,65.12%,,,,,,,,,,,56.99%
2025-09-01 06:30,,,,,,,,,,,36.51%,,,32.50%,,,,,,,,,,,,,,,73.56%,,,,,,,,29.99%,,,,,,,,,,,,65.14%,,,,,,,,,,,56.98%
2025-09-01 07:30,,,,,,,,,,,36.65%,,,32.93%,,,,,,,,,,,,,,,73.65%,,,,,,,,29.79%,,,,,,,,,,,,65.15%,,,,,,,,,,,56.95%
2025-09-01 08:30,,,,,,,,,,,36.80%,,,33.13%,,,,,,,,,,,,,,,73.85%,,,,,,,,29.84%,,,,,,,,,,,,65.14%,,,,,,,,,,,57.02%
2025-09-01 09:30,,,,,,,,,,,37.30%,,,33.09%,,,,,,,,,,,,,,,73.81%,,,,,,,,29.86%,,,,,,,,,,,,65.13%,,,,,,,,,,,57.06%
2025-09-01 10:30,,,,,,,,,,,36.50%,,,39.10%,,,,,,,,,,,,,,,73.66%,,,,,,,,29.87%,,,,,,,,,,,,65.13%,,,,,,,,,,50.99%,57.02%
2025-09-01 11:30,,,,,,,,,,,36.49%,,,33.10%,,,,,,,,,,,,,,84.49%,73.64%,,,,,,,,29.93%,,,,65.90%,,,,,,,,65.12%,,,,,,,,,,50.98%,57.05%
2025-09-01 12:30,,,64.04%,,,,,,,,36.46%,,,26.64%,,,,,,,,,,,,,,47.66%,73.03%,,,,,,,,29.88%,,,,64.03%,,,,,,,,65.12%,,,,,,,,,,50.98%,57.11%
2025-09-01 13:30,,,61.66%,,,,,,,,36.29%,,,22.94%,,,,,,,,,,,,,,47.73%,72.22%,,,,,,,,29.88%,,,,63.91%,,,,,,,,65.10%,,,,,37.76%,,56.68%,,,50.99%,57.08%
2025-09-01 14:30,,,60.68%,,,,,,,,35.95%,,,19.66%,,,,,,,,,,,,,,50.05%,72.36%,66.90%,,,,,,,29.87%,,,,63.89%,,,,,,,,65.10%,,,,59.57%,39.53%,,56.65%,,,51.00%,57.11%
2025-09-01 15:30,,,61.50%,,,,,,,,36.11%,,,19.82%,,,,,,,,,,,,,,46.86%,72.22%,68.54%,,,,,,,29.92%,,,,63.92%,,,,,,,,65.11%,,,,59.57%,39.88%,,56.66%,,,50.99%,57.15%
2025-09-01 16:30,,,61.42%,,,,,,,,36.06%,,,19.93%,,,,,,,,,,,,,,48.13%,72.24%,68.99%,,,,,,,29.88%,,,,63.98%,,,,,,,,65.11%,,62.15%,,59.57%,39.89%,,56.66%,,,50.99%,57.17%
2025-09-01 17:30,,,61.38%,,,,,,,,35.97%,,,19.92%,,,,,,,,,,,,,,48.85%,72.27%,68.88%,,,,,,,29.89%,,,,64.11%,,,,,,,,65.10%,,62.06%,,59.57%,39.89%,,56.66%,,,51.00%,57.13%
2025-09-01 18:30,,,55.27%,,,,,,,,36.11%,,,17.84%,,,,,,,,,,,,,,47.79%,72.16%,69.34%,,,,,,,29.98%,,,,64.08%,,,,,,,,65.15%,,62.06%,,59.69%,40.92%,,56.68%,,,51.00%,57.20%
2025-09-01 19:30,,,47.08%,,,,,,,,35.99%,,,15.53%,,,,,,,,,,,,,,48.18%,71.82%,68.75%,,,,,,,29.87%,,,,64.08%,,,,,,,,65.11%,,62.07%,,59.83%,41.31%,,56.69%,,,51.01%,57.24%
2025-09-01 20:30,,,49.04%,,,,,,,,35.96%,,,15.81%,,,,,,,,,,,,,,48.33%,71.94%,68.52%,,,,,,,29.82%,,,,64.08%,,,,,,,,64.98%,,62.07%,,59.83%,41.31%,,56.69%,,,51.01%,57.19%
2025-09-01 21:30,,,47.21%,,,,,,,,37.09%,,,21.81%,,,,,,,,,,,,,,48.68%,71.88%,68.78%,,,,,,,29.80%,,,,64.14%,,,,,,,,64.97%,,62.09%,,59.83%,41.31%,,56.70%,,,51.01%,57.23%
2025-09-01 22:30,,,48.99%,,,,,,,,36.00%,,,21.72%,,,,,,,,,,,,,,48.71%,72.67%,68.65%,,,,,,,29.84%,,,,64.10%,,,,,,,,64.96%,,62.08%,,59.84%,41.32%,,56.70%,,,51.02%,57.30%
2025-09-01 23:30,,,,,,,,,,,35.93%,,,32.17%,,,,,,,,,,,,,,48.82%,73.85%,,,,,,,,29.86%,,,,64.10%,,,,,,,,64.97%,,62.09%,,59.84%,,,,,,51.02%,57.30%
2025-09-02 00:30,,,,,,,,,,,35.69%,,,32.50%,,,,,,,,,,,,,,48.85%,73.88%,,,,,,,,29.82%,,,,64.10%,,,,,,,,64.97%,,62.09%,,59.84%,,,,,,51.02%,57.25%
2025-09-02 01:30,,,,,,,,,,,35.87%,,,32.34%,,,,,,,,,,,,,,48.86%,73.76%,,,,,,,,29.92%,,,,64.10%,,,,,,,,64.98%,,,,,,,,,,51.02%,57.32%
2025-09-02 02:30,,,,,,,,,,,35.71%,,,36.04%,,,,,,,,,,,,,,49.05%,74.12%,,,,,,,,29.88%,,,,64.11%,,,,,,,,64.97%,,,,,,,,,,51.03%,57.39%
2025-09-02 03:30,,,,,,,,,,,36.61%,,,33.61%,,,,,,,,,,,,,,49.46%,74.10%,,,,,,,,29.91%,,,,64.25%,,,,,,,,64.97%,,,,,,,,,,51.03%,57.32%
2025-09-02 04:30,,,,,,,,,,,36.29%,,,32.75%,,,,,,,,,,,,,,48.92%,74.02%,,,,,,,,30.00%,,,,64.28%,,,,,,,,64.97%,,,,,,,,,,51.03%,57.34%
2025-09-02 05:30,,,,,,,,,,,36.32%,,,32.45%,,,,,,,,,,,,,,48.95%,74.06%,,,,,,,,29.92%,,,,64.29%,,,,,,,,64.98%,,,,,,,,,,51.03%,57.41%
2025-09-02 06:30,,,,,,,,,,,37.41%,,,32.46%,,,,,,,,,,,,,,49.11%,74.19%,,,,,,,,30.06%,,,,64.29%,,,,,,,,64.98%,,,,,,,,,,51.03%,57.43%
2025-09-02 07:30,,,,,,,,,,,37.62%,,,32.36%,,,,,,,,,,,,,,49.28%,74.25%,,,,,,,,30.04%,,,,64.29%,,,,,,,,64.99%,,,,,,,,,,51.03%,57.40%
2025-09-02 08:30,,,,,,,,,,,38.47%,,,32.47%,,,,,,,,,,,,,,49.32%,74.14%,,,,,,,,29.98%,,,,64.29%,,,,,,,,64.99%,,,,,,,,,,51.03%,57.44%
2025-09-02 09:30,,,,,,,,,,,36.92%,,,31.74%,,,,,,,,,,,,,,49.51%,73.95%,,,,,,,,30.06%,,,,64.30%,,,,,,,,64.98%,,,,,,,,,,51.04%,57.51%
2025-09-02 10:30,,,,,,,,,,,37.30%,,,32.53%,,,,,,,,,,,,,,50.19%,74.08%,,,,,,,,30.12%,,,,64.35%,,,,,,,,64.99%,,,,,,,,,,51.04%,57.45%
2025-09-02 11:30,,,,,,,,,,,37.62%,,,32.65%,,,,,,,,,,,,,,50.34%,74.17%,,,,,,,,30.15%,,,,64.35%,,,,,,,,65.01%,,,,,,,,,,51.04%,57.49%
2025-09-02 12:30,,,,,,,,,,,37.75%,,,32.49%,,,,,,,,,,,,,,51.38%,74.16%,68.36%,,,,,,,30.13%,,,,64.38%,,,,,,,,64.98%,,,,,,,,,,51.04%,57.53%
2025-09-02 13:30,,,,,,,,,,,37.47%,,,32.51%,,,,,,,,,,,,,,51.79%,74.26%,70.11%,,,,,,62.54%,30.11%,,,,64.59%,88.07%,,,,,,,64.98%,,62.09%,,59.68%,,,,,,51.04%,57.54%
2025-09-02 14:30,,,,,,,,,,,36.85%,,,32.52%,,,,,,,,,,,,,,52.29%,74.24%,69.90%,,,,,,59.88%,30.05%,,,,64.59%,87.98%,,,,,,,64.98%,,62.07%,,59.79%,,,,,,51.05%,57.53%
2025-09-02 15:30,,,,,,,,,,,36.58%,,,32.44%,,,,,,,,,,,,,,56.36%,74.22%,69.74%,,,,,,68.86%,30.19%,,,,64.57%,87.99%,,,,,,,64.98%,,62.08%,,59.81%,,,,,,51.04%,57.59%
2025-09-02 16:30,,,,,,,,,,,36.96%,,,32.51%,,,,,,,,,,,,,,54.71%,74.30%,71.08%,,,,,,69.83%,30.35%,,,,64.54%,88.00%,,,,,,,64.97%,,62.08%,,59.83%,,,,,,51.05%,57.62%
2025-09-02 17:30,,,,,,,,,,,36.43%,,,32.75%,,,,,,,,,,,,,,54.78%,74.30%,71.02%,,,,,,67.00%,30.41%,,,,64.54%,87.99%,,,,,,,64.97%,,62.07%,,59.82%,,,,,,51.05%,57.56%
2025-09-02 18:30,,,,,,,,,,,36.14%,,,32.71%,,,,,,,,,,,,,,55.29%,74.39%,70.59%,,,,,,64.93%,30.40%,,,,64.52%,88.09%,,,,,,,64.97%,,62.06%,,59.78%,,,,,,51.05%,57.62%
2025-09-02 19:30,,,,,,,,,,,35.87%,,,32.54%,,,,,,,,,,,,,,55.91%,74.64%,69.55%,,,,,,82.47%,30.37%,,,,64.52%,88.44%,,,,,,,64.97%,,62.06%,,59.77%,,,,,,51.06%,57.68%
2025-09-02 20:30,,,,,,,,,,,36.61%,,,39.02%,,,,,,,,,,,,,,55.98%,74.52%,69.52%,,,,,,75.63%,30.39%,,,,64.54%,88.49%,,,,,,,64.98%,,62.07%,,59.77%,,,,,,51.06%,57.65%
2025-09-02 21:30,,,,,,,,,,,36.64%,,,32.51%,,,,,,,,,,,,,,55.98%,74.32%,70.15%,,,,,,86.59%,30.42%,,,,64.58%,88.48%,,,,,,,64.96%,,62.07%,,59.77%,,,,,,,57.65%
2025-09-02 22:30,,,,,,,,,,,36.61%,,,32.68%,,,,,,,,,,,,,,56.08%,74.20%,69.68%,,,,,,87.20%,30.35%,,,,64.58%,88.48%,,,,,,,64.97%,,62.07%,,59.77%,,,,,,,57.72%
2025-09-02 23:30,,,,,,,,,,,36.29%,,,32.59%,,,,,,,,,,,,,,56.34%,74.28%,,,,,,,,30.47%,,,,64.57%,,,,,,,,64.97%,,62.07%,,59.77%,,,,,,,57.78%
2025-09-03 00:30,,,,,,,,,,,36.77%,,,32.42%,,,,,,,,,,,,,,56.49%,74.26%,,,,,,,,30.44%,,,,64.57%,,,,,,,,64.97%,,62.08%,,59.78%,,,,,,,57.67%
2025-09-03 01:30,,,,,,,,,,,37.09%,,,32.47%,,,,,,,,,,,,,,56.62%,74.23%,,,,,,,,30.39%,,,,64.58%,,,,,,,,64.98%,,,,,,,,,,,57.74%
2025-09-03 02:30,,,,,,,,,,,36.54%,,,38.55%,,,,,,,,,,,,,,56.49%,74.37%,,,,,,,,30.44%,,,,64.61%,,,,,,,,64.97%,,,,,,,,,,,57.81%
2025-09-03 03:30,,,,,,,,,,,36.67%,,,37.97%,,,,,,,,,,,,,,56.39%,74.50%,,,,,,,,30.47%,,,,64.67%,,,,,,,,64.98%,,,,,,,,,,,57.80%
2025-09-03 04:30,,,,,,,,,,,36.97%,,,32.57%,,,,,,,,,,,,,,56.57%,74.43%,,,,,,,,30.45%,,,,64.68%,,,,,,,,64.98%,,,,,,,,,,,57.77%
2025-09-03 05:30,,,,,,,,,,,36.96%,,,32.67%,,,,,,,,,,,,,,56.74%,74.71%,,,,,,,,30.52%,,,,64.69%,,,,,,,,64.98%,,,,,,,,,,,57.83%
2025-09-03 06:30,,,,,,,,,,,37.17%,,,32.35%,,,,,,,,,,,,,,56.93%,74.72%,,,,,,,,30.52%,,,,64.69%,,,,,,,,65.02%,,,,,,,,,,,57.89%
2025-09-03 07:30,,,,,,,,,,,36.48%,,,32.42%,,,,,,,,,,,,,,57.09%,74.62%,,,,,,,,30.21%,,,,64.68%,,,,,,,,65.07%,,,,,,,,,,,57.83%
2025-09-03 08:30,,,,,,,,,,,36.15%,,,32.51%,,,,,,,,,,,,,,57.21%,74.52%,,,,,,,,30.27%,,,,64.69%,,,,,,,,65.07%,,,,,,,,,,,57.86%
2025-09-03 09:30,,,,,,,,,,,36.31%,,,38.59%,,,,,,,,,,,,,,57.54%,74.50%,,,,,,,,30.29%,,,,64.69%,,,,,,,,65.08%,,,,,,,,,,50.98%,57.93%
2025-09-03 10:30,,,,,,,,,,,36.58%,,,31.42%,,,,,,,,,,,,,,57.47%,74.29%,,,,,,,,30.38%,,,,64.68%,,,,,,,,65.08%,,,,,,,,,,50.99%,57.91%
2025-09-03 11:30,,,,,,,,,,,36.56%,,,30.84%,,,,,,,,,,,,,,57.64%,74.40%,,,,,,,,32.51%,,,,64.68%,,,,,,,,65.06%,,62.06%,,59.71%,,,,,,50.99%,57.93%
2025-09-03 12:30,,,,,,,,,,,36.53%,,,34.65%,,,,,,,,,,,,,,57.74%,74.61%,64.91%,,,,,,58.79%,39.34%,,,,64.69%,89.73%,,,,,,,64.73%,,62.06%,,59.71%,,,,,,51.00%,57.96%
2025-09-03 13:30,,,,,,,,,,,36.34%,,,36.83%,,,,,,,,,,,,,,57.74%,74.66%,67.57%,,,,,,56.99%,38.30%,,,,64.68%,89.90%,,,,,,,64.72%,,62.07%,,59.71%,,,,,,51.00%,58.00%
2025-09-03 14:30,,,,,,,,,,,36.21%,,,32.13%,,,,,,,,,,,,,,57.95%,74.61%,69.12%,,,,,,56.65%,38.32%,,,,64.68%,89.89%,,,,,,,64.75%,,62.07%,,59.72%,,,,,,51.01%,57.95%
2025-09-03 15:30,,,,,,,,,,,36.12%,,,32.78%,,,,,,,,,,,,,,58.22%,74.66%,69.53%,,,,,,57.91%,38.23%,,,,64.69%,89.89%,,,,,,,64.73%,,62.07%,,59.72%,,,,,,51.01%,58.02%
2025-09-03 16:30,,,,,,,,,,,36.14%,,,32.58%,,,,,,,,,,,,,,58.21%,74.73%,70.71%,,,,,,58.33%,38.64%,,,,64.68%,89.89%,,,,,,,64.73%,,62.07%,,59.74%,,,,,,51.02%,58.05%
2025-09-03 17:30,,,,,,,,,,,36.44%,,,32.71%,,,,,,,,,,,,,,58.51%,74.79%,70.83%,,,,,,58.12%,38.66%,,,,64.68%,89.89%,,,,,,,64.72%,,62.07%,,59.74%,,,,,,51.03%,58.02%
2025-09-03 18:30,,,,,,,,,,,36.14%,,,32.74%,,,,,,,,,,,,,,58.21%,74.82%,70.70%,,,,,,58.07%,38.69%,,,,64.68%,89.90%,,,,,,,64.72%,,62.08%,,59.74%,,,,,,51.03%,58.04%
2025-09-03 19:30,,,,,,,,,,,35.94%,,,33.11%,,,,,,,91.75%,,,,,,,58.42%,76.29%,68.83%,,,,,,58.11%,38.74%,,,,64.74%,89.88%,,,,,,,64.73%,,62.08%,,59.74%,,,,,,51.03%,58.11%
2025-09-03 20:30,,,,,,,,,,,36.07%,,,33.77%,,,,,,,90.10%,,,,,,,58.51%,76.23%,68.81%,,,,,,58.14%,38.70%,,,,64.75%,89.89%,,,,,,,64.72%,,62.08%,,59.74%,,,,,,51.04%,58.12%
2025-09-03 21:30,,,,,,,,,,,36.14%,,,32.76%,,,,,,,91.66%,,,,,,,58.76%,75.07%,68.93%,,,,,,59.51%,38.70%,,,,64.75%,89.89%,,,,,,,64.72%,,62.09%,,59.74%,,,,,,,58.07%
2025-09-03 22:30,,,,,,,,,,,35.81%,,,33.14%,,,,,,,92.16%,,,,,,,59.06%,75.71%,69.06%,,,,,,56.20%,38.73%,,,,64.75%,89.92%,,,,,,,64.71%,,62.09%,,59.74%,,,,,,,58.14%
2025-09-03 23:30,,,,,,,,,,,35.87%,,,32.67%,,,,,,,91.86%,,,,,,,58.95%,74.81%,,,,,,,,38.75%,,,,64.75%,,,,,,,,64.72%,,62.10%,,59.75%,,,,,,,58.21%
2025-09-04 00:30,,,,,,,,,,,36.01%,,,32.34%,,,,,,,92.04%,,,,,,,58.92%,74.90%,,,,,,,,38.84%,,,,64.75%,,,,,,,,64.72%,,62.10%,,59.75%,,,,,,,58.14%
2025-09-04 01:30,,,,,,,,,,,35.92%,,,32.24%,,,,,,,91.93%,,,,,,,59.09%,74.72%,,,,,,,,38.83%,,,,64.76%,,,,,,,,64.72%,,,,,,,,,,,58.16%
2025-09-04 02:30,,,,,,,,,,,35.88%,,,36.42%,,,,,,,92.21%,,,,,,,59.27%,75.00%,,,,,,,,38.35%,,,,64.76%,,,,,,,,64.73%,,,,,,,,,,,58.23%
2025-09-04 03:30,,,,,,,,,,,36.05%,,,34.39%,,,,,,,90.47%,,,,,,,59.49%,75.19%,,,,,,,,38.35%,,,,64.76%,,,,,,,,64.72%,,,,,,,,,,,58.26%
2025-09-04 04:30,,,,,,,,,,,36.61%,,,32.66%,,,,,,,90.46%,,,,,,,59.62%,75.18%,,,,,,,,38.39%,,,,64.76%,,,,,,,,64.73%,,,,,,,,,,,58.21%
2025-09-04 05:30,,,,,,,,,,,36.69%,,,32.77%,,,,,,,90.54%,,,,,,,59.88%,75.36%,,,,,,,,38.43%,,,,64.77%,,,,,,,,64.74%,,,,,,,,,,,58.25%
2025-09-04 06:30,,,,,,,,,,,36.88%,,,32.59%,,,,,,,90.65%,,,,,,,60.01%,75.37%,,,,,,,,38.36%,,,,64.77%,,,,,,,,64.73%,,,,,,,,,,,58.32%
2025-09-04 07:30,,,,,,,,,,,36.67%,,,32.22%,,,,,,,90.91%,,,,,,,60.28%,74.79%,,,,,,,,38.43%,,,,64.77%,,,,,,,,64.74%,,,,,,,,,,50.97%,58.28%
2025-09-04 08:30,,,,,,,,,,,36.68%,,,32.72%,,,,,,,90.82%,,,,,,,60.38%,74.91%,,,,,,,,38.37%,,,,64.77%,,,,,,,,64.75%,,,,,,,,,,51.02%,58.30%
2025-09-04 09:30,,,,,,,,,,,36.92%,,,39.13%,,,,,,,90.89%,,,,,,,59.86%,75.04%,,,,,,,,38.48%,,,,64.77%,,,,,,,,64.75%,,,,,,,,,,51.02%,58.35%
2025-09-04 10:30,,,,,,,,,,,36.91%,,,32.43%,,,,,,,90.91%,,,,,,,59.67%,75.04%,,,,,,,,39.25%,,,,64.77%,,,,,,,,64.75%,,,,,,,,,,51.01%,58.37%
2025-09-04 11:30,,,,,,,,,,,37.22%,,,32.94%,,,,,,,90.93%,,,,,,,60.32%,74.80%,,,,,,,,45.73%,,,,64.77%,,,,,,,,64.78%,,,,,,,,,,51.02%,58.35%
2025-09-04 12:30,,,,,,,,,,,37.32%,,,32.89%,,,,,,,90.91%,,,,,,,60.35%,74.99%,67.36%,,,,,,57.76%,37.57%,,,,64.77%,90.28%,,,,,,,64.78%,,62.12%,,59.72%,,,,,,51.02%,58.40%
2025-09-04 13:30,,,,,,,,,,,37.14%,,,32.84%,,,,,,,91.00%,,,,,,,60.11%,75.44%,68.58%,,,,,,56.03%,40.65%,,,,64.78%,90.32%,,,,,,,64.71%,,62.06%,,59.70%,,,,,,51.02%,58.44%
2025-09-04 14:30,,,,,,,,,,,37.29%,,,32.50%,,,,,,,90.98%,,,,,,,60.38%,75.48%,70.21%,,,,,,56.24%,41.71%,,,,64.78%,90.33%,,,,,,,64.80%,,62.06%,,59.70%,,,,,,51.02%,58.39%
2025-09-04 15:30,,,,,,,,,,,37.33%,,,32.94%,,,,,,,90.24%,,,,,,,60.59%,75.52%,70.97%,,,,,,62.83%,41.51%,,,,64.78%,90.37%,,,,,,,64.82%,,62.06%,,59.70%,,,,,,51.03%,58.44%
2025-09-04 16:30,,,,,,,,,,,37.11%,,,32.84%,,,,,,,90.40%,,,,,,,60.70%,75.61%,70.48%,,,,,,60.84%,41.48%,,,,64.78%,90.39%,,,,,,,64.85%,,62.06%,,59.75%,,,,,,51.02%,58.50%
2025-09-04 17:30,,,,,,,,,,,36.60%,,,33.54%,,,,,,,91.37%,,,,,,,60.98%,76.28%,70.30%,,,,,,61.20%,41.48%,,,,64.78%,90.39%,,,,,,,64.86%,,62.06%,,59.75%,,,,,,51.03%,58.47%
2025-09-04 18:30,,,,,,,,,,,37.17%,,,32.78%,,,,,,,91.15%,,,,,,,60.74%,75.53%,69.57%,,,,,,61.57%,41.61%,,,,64.76%,90.38%,,,,,,,64.89%,,62.07%,,59.76%,,,,,,51.03%,58.47%
2025-09-04 19:30,,,,,,,,,,,36.31%,,,34.87%,,,,,,,91.56%,,,,,,,60.84%,76.55%,69.58%,,,,,,61.67%,40.91%,,,,64.76%,90.38%,,,,,,,64.91%,,62.07%,,59.77%,,,,,,51.03%,58.53%
2025-09-04 20:30,,,,,,,,,,,36.96%,,,36.34%,,,,,,,90.75%,,,,,,,60.96%,76.40%,69.28%,,,,,,61.73%,41.48%,,,,64.76%,90.38%,,,,,,,64.88%,,62.07%,,59.77%,,,,,,51.03%,58.59%
2025-09-04 21:30,,,,,,,,,,,37.39%,,,36.41%,,,,,,,90.81%,,,,,,,60.92%,76.18%,69.67%,,,,,,72.36%,41.99%,,,,64.76%,90.39%,,,,,,,64.99%,,62.08%,,59.77%,,,,,,,58.49%
2025-09-04 22:30,,,,,,,,,,,37.06%,,,36.30%,,,,,,,90.89%,,,,,,,60.51%,76.17%,70.00%,,,,,,72.81%,41.60%,,,,64.76%,90.39%,,,,,,,65.02%,,62.08%,,59.78%,,,,,,,58.56%
2025-09-04 23:30,,,,,,,,,,,36.72%,,,36.49%,,,,,,,91.14%,,,,,,,61.34%,76.21%,,,,,,,,41.61%,,,,64.76%,,,,,,,,65.03%,,62.09%,,59.78%,,,,,,,58.63%
2025-09-05 00:30,,,,,,,,,,,36.54%,,,35.38%,,,,,,,90.98%,,,,,,,61.56%,75.99%,,,,,,,,42.26%,,,,64.76%,,,,,,,,65.06%,,62.09%,,59.78%,,,,,,,41.60%
2025-09-05 01:30,,,,,,,,,,,36.73%,,,36.44%,,,,,,,91.29%,,,,,,,61.64%,76.18%,,,,,,,,42.47%,,,,64.77%,,,,,,,,65.11%,,,,,,,,,,,41.79%
2025-09-05 02:30,,,,,,,,,,,36.34%,,,45.36%,,,,,,,91.43%,,,,,,,61.81%,76.60%,,,,,,,,42.31%,,,,64.77%,,,,,,,,65.12%,,,,,,,,,,,41.91%
2025-09-05 03:30,,,,,,,,,,,37.30%,,,38.86%,,,,,,,91.23%,,,,,,,62.07%,76.25%,,,,,,,,42.28%,,,,64.77%,,,,,,,,65.15%,,,,,,,,,,,41.99%
2025-09-05 04:30,,,,,,,,,,,37.52%,,,36.51%,,,,,,,91.69%,,,,,,,62.24%,76.11%,,,,,,,,42.31%,,,,64.77%,,,,,,,,65.17%,,,,,,,,,,,42.04%
2025-09-05 05:30,,,,,,,,,,,37.51%,,,36.42%,,,,,,,91.45%,,,,,,,61.92%,76.12%,,,,,,,,42.50%,,,,64.78%,,,,,,,,65.17%,,,,,,,,,,,42.13%
2025-09-05 06:30,,,,,,,,,,,38.12%,,,35.86%,,,,,,,91.36%,,,,,,,62.06%,76.10%,,,,,,,,42.57%,,,,64.78%,,,,,,,,65.19%,,,,,,,,,,,42.22%
2025-09-05 07:30,,,,,,,,,,,37.97%,,,35.98%,,,,,,,91.53%,,,,,,,62.91%,76.27%,,,,,,,,40.34%,,,,64.77%,,,,,,,,65.21%,,,,,,,,,,,42.13%
2025-09-05 08:30,,,,,,,,,,,37.51%,,,36.13%,,,,,,,91.55%,,,,,,,62.87%,75.98%,,,,,,,,38.81%,,,,64.85%,,,,,,,,65.24%,,,,,,,,,,,42.20%
2025-09-05 09:30,,,,,,,,,,,37.49%,,,35.73%,,,,,,,91.67%,,,,,,,62.96%,76.33%,,,,,,,,39.03%,,,,64.87%,,,,,,,,65.28%,,,,,,,,,,,42.27%
2025-09-05 10:30,,,,,,,,,,,39.08%,,,36.16%,,,,,,,91.65%,,,,,,,63.22%,76.66%,,,,,,,,39.01%,,,,64.87%,,,,,,,,65.30%,,,,,,,,,,,45.54%
2025-09-05 11:30,,,,,,,,,,,37.87%,,,36.18%,,,,,,,91.47%,,,,,,,63.32%,76.80%,,,,,,,,39.10%,,,,64.87%,,,,,,,,65.30%,,,,,,,,,,,46.29%
2025-09-05 12:30,,,,,,,,,,,38.22%,,,36.11%,,,,,,,91.43%,,,,,,,62.23%,76.45%,65.50%,,,,,,,39.48%,,,,64.87%,,,,,,,,65.33%,,,,,,,,,,,46.36%
2025-09-05 13:30,,,,,,,,,,,38.00%,,,35.09%,,,,,,,91.41%,,,,,,,58.75%,76.45%,68.82%,,,,,,,39.32%,,,,64.88%,,,,,,,,65.36%,,62.09%,,59.76%,,,,,,,46.43%
2025-09-05 14:30,,,,,,,,,,,37.04%,,,35.05%,,,,,,,91.36%,,,,,,,57.74%,76.25%,70.46%,,,,,,,39.58%,,,,64.88%,,,,,,,,65.37%,,62.27%,,59.75%,41.32%,,56.68%,,,,46.34%
2025-09-05 15:30,,,,,,,,,,,37.62%,,,36.26%,,,,,,,92.59%,,,,,,,58.66%,76.52%,68.54%,,,,,,,40.40%,,,,64.89%,,,,,,,,65.47%,,62.28%,,59.75%,46.64%,,56.69%,,,,46.38%
2025-09-05 16:30,,,,,,,,,,,37.27%,,,35.28%,,,,,,,92.57%,,,,,,,57.45%,76.49%,68.69%,,,,,,,39.67%,,,,64.89%,,,,,,,,65.50%,,62.29%,,59.75%,57.04%,,56.68%,,,,46.45%
2025-09-05 17:30,,,,,,,,,,,36.92%,,,38.26%,,,,,,,92.60%,,,,,,,67.58%,77.40%,69.50%,,,,,,,39.57%,,,,65.10%,,,,,,,,65.49%,,62.29%,,59.76%,57.53%,,56.68%,,,,46.45%
2025-09-05 18:30,,,,,,,,,,,38.06%,,,36.69%,,,,,,,92.85%,,,,,,,70.51%,77.11%,69.35%,,,,,,,40.06%,,,,65.79%,,,,,,,,65.44%,,62.29%,,59.76%,58.97%,,56.68%,,,,46.43%
2025-09-05 19:30,,,,,,,,,,,37.20%,,,36.06%,,,,,,,92.64%,,,,,,,62.59%,76.28%,69.44%,,,,,,,41.57%,,,,65.81%,,,,,,,,65.81%,,62.30%,,59.76%,63.87%,,56.69%,,,,46.47%
2025-09-05 20:30,,,,,,,,,,,36.66%,,,36.26%,,,,,,,92.56%,,,,,,,63.00%,76.29%,69.11%,,,,,,,40.82%,,,,65.81%,,,,,,,,65.86%,,62.30%,,59.76%,63.44%,,56.69%,,,,46.54%
2025-09-05 21:30,,,,,,,,,,,36.32%,,,36.33%,,,,,,,92.47%,,,,,,,62.91%,75.61%,69.09%,,,,,,,40.91%,,,,65.81%,,,,,,,,65.86%,,62.30%,,59.77%,63.42%,,56.69%,,,,46.48%
2025-09-05 22:30,,,,,,,,,,,36.34%,,,35.94%,,,,,,,92.68%,,,,,,,63.23%,75.36%,69.04%,,,,,,,40.99%,,,,65.82%,,,,,,,,65.89%,,62.30%,,59.77%,63.43%,,56.69%,,,,46.52%
2025-09-05 23:30,,,,,,,,,,,36.23%,,,38.33%,,,,,,,92.62%,,,,,,,63.40%,75.53%,,,,,,,,40.97%,,,,65.82%,,,,,,,,65.95%,,62.29%,,59.77%,,,,,,,46.56%
2025-09-06 00:30,,,,,,,,,,,36.40%,,,39.97%,,,,,,,92.79%,,,,,,,66.23%,75.35%,,,,,,,,41.61%,,,,65.82%,,,,,,,,65.95%,,62.29%,,59.78%,,,,,,,46.57%
2025-09-06 01:30,,,,,,,,,,,36.60%,,,40.66%,,,,,,,92.77%,,,,,,,73.62%,75.74%,,,,,,,,41.63%,,,,65.84%,,,,,,,,65.98%,,,,,,,,,,,46.56%
2025-09-06 02:30,,,,,,,,,,,36.39%,,,35.07%,,,,,,,92.42%,,,,,,,76.28%,75.49%,,,,,,,,41.61%,,,,65.86%,,,,,,,,66.00%,,,,,,,,,,,46.62%
2025-09-06 03:30,,,,,,,,,,,36.54%,,,35.82%,,,,,,,91.39%,,,,,,,,75.76%,,,,,,,,41.71%,,,,,,,,,,,,66.03%,,,,,,,,,,,46.65%
2025-09-06 04:30,,,,,,,,,,,37.08%,,,36.46%,,,,,,,91.48%,,,,,,,,75.97%,,,,,,,,41.72%,,,,,,,,,,,,66.05%,,,,,,,,,,,46.60%
2025-09-06 05:30,,,,,,,,,,,36.69%,,,35.78%,,,,,,,91.61%,,,,,,,,75.87%,,,,,,,,41.80%,,,,,,,,,,,,66.07%,,,,,,,,,,,46.65%
2025-09-06 06:30,,,,,,,,,,,36.73%,,,36.75%,,,,,,,91.60%,,,,,,,,76.07%,,,,,,,,41.95%,,,,,,,,,,,,66.05%,,,,,,,,,,,46.71%
2025-09-06 07:30,,,,,,,,,,,36.84%,,,36.47%,,,,,,,91.72%,,,,,,,,76.37%,,,,,,,,41.76%,,,,,,,,,,,,66.00%,,,,,,,,,,,46.69%
2025-09-06 08:30,,,,,,,,,,,37.00%,,,35.82%,,,,,,,91.29%,,,,,,,,76.54%,,,,,,,,41.24%,,,,,,,,,,,,66.03%,,,,,,,,,,,46.67%
2025-09-06 09:30,,,,,,,,,,,36.88%,,,39.50%,,,,,,,91.20%,,,,,,,,76.36%,,,,,,,,41.32%,,,,,,,,,,,,66.05%,,,,,,,,,,,46.74%
2025-09-06 10:30,,,,,,,,,,,37.53%,,,38.85%,,,,,,,91.59%,,,,,,,,76.07%,,,,,,,,41.32%,,,,,,,,,,,,66.07%,,,,,,,,,,,46.81%
2025-09-06 11:30,,,,,,,,,,,38.15%,,,33.70%,,,,,,,91.65%,,,,,,,,75.89%,,,,,,,,41.38%,,,,,,,,,,,,66.09%,,,,,,,,,,,46.72%
2025-09-06 12:30,,,,,,,,,,,38.35%,,,35.16%,,,,,,,91.55%,,,,,,,,76.11%,,,,,,,,42.04%,,,,,,,,,,,,66.14%,,,,,,,,,,,46.76%
2025-09-06 13:30,,,,,,,,,,,37.56%,,,36.15%,,,,,,,91.47%,,,,,,,,76.23%,,,,,,,,42.02%,,,,,,,,,,,,66.14%,,,,,,,,,,,46.83%
2025-09-06 14:30,,,,,,,,,,,37.38%,,,35.28%,,,,,,,91.45%,,,,,,,,75.86%,,,,,,,,42.00%,,,,,,,,,,,,66.17%,,,,,,,,,,,46.85%
2025-09-06 15:30,,,,,,,,,,,36.68%,,,35.95%,,,,,,,91.34%,,,,,,,,76.06%,,,,,,,,41.92%,,,,,,,,,,,,66.20%,,,,,,,,,,,46.79%
2025-09-06 16:30,,,,,,,,,,,36.91%,,,36.55%,,,,,,,91.46%,,,,,,,,76.39%,,,,,,,,41.75%,,,,,,,,,,,,66.22%,,,,,,,,,,,46.85%
2025-09-06 17:30,,,,,,,,,,,37.01%,,,36.03%,,,,,,,91.54%,,,,,,,,76.16%,,,,,,,,41.84%,,,,,,,,,,,,66.36%,,,,,,,,,,,46.92%
2025-09-06 18:30,,,,,,,,,,,37.06%,,,35.35%,,,,,,,91.59%,,,,,,,,76.09%,,,,,,,,41.84%,,,,,,,,,,,,66.42%,,,,,,,,,,,46.88%
2025-09-06 19:30,,,,,,,,,,,36.88%,,,36.44%,,,,,,,91.74%,,,,,,,,76.05%,,,,,,,,41.72%,,,,,,,,,,,,66.41%,,,,,,,,,,,46.89%
2025-09-06 20:30,,,,,,,,,,,36.58%,,,35.11%,,,,,,,91.52%,,,,,,,,76.04%,,,,,,,,41.23%,,,,,,,,,,,,66.45%,,,,,,,,,,,46.94%
2025-09-06 21:30,,,,,,,,,,,36.53%,,,35.54%,,,,,,,91.59%,,,,,,,,75.86%,,,,,,,,41.25%,,,,,,,,,,,,66.48%,,,,,,,,,,,46.97%
2025-09-06 22:30,,,,,,,,,,,36.38%,,,33.60%,,,,,,,91.66%,,,,,,,,75.74%,,,,,,,,41.14%,,,,,,,,,,,,66.50%,,,,,,,,,,,46.94%
2025-09-06 23:30,,,,,,,,,,,36.63%,,,35.96%,,,,,,,91.80%,,,,,,,,76.27%,,,,,,,,41.24%,,,,,,,,,,,,66.53%,,,,,,,,,,,46.99%
2025-09-07 00:30,,,,,,,,,,,36.48%,,,42.50%,,,,,,,91.87%,,,,,,,,76.36%,,,,,,,,41.93%,,,,,,,,,,,,66.54%,,,,,,,,,,,47.03%
2025-09-07 01:30,,,,,,,,,,,36.91%,,,36.89%,,,,,,,91.87%,,,,,,,,76.30%,,,,,,,,41.80%,,,,,,,,,,,,66.57%,,,,,,,,,,,47.00%
2025-09-07 02:30,,,,,,,,,,,36.67%,,,40.89%,,,,,,,91.86%,,,,,,,,76.57%,,,,,,,,41.88%,,,,,,,,,,,,66.60%,,,,,,,,,,,47.03%
2025-09-07 03:30,,,,,,,,,,,36.97%,,,42.37%,,,,,,,86.23%,,,,,,,,76.08%,,,,,,,,41.86%,,,,,,,,,,,,66.62%,,,,,,,,,,,47.08%
2025-09-07 04:30,,,,,,,,,,,36.93%,,,36.29%,,,,,,,86.43%,,,,,,,,76.15%,,,,,,,,41.90%,,,,,,,,,,,,66.63%,,,,,,,,,,,47.09%
2025-09-07 05:30,,,,,,,,,,,36.50%,,,36.29%,,,,,,,86.42%,,,,,,,,76.44%,,,,,,,,40.90%,,,,,,,,,,,,66.66%,,,,,,,,,,,47.05%
2025-09-07 06:30,,,,,,,,,,,36.62%,,,42.79%,,,,,,,86.49%,,,,,,,,76.04%,,,,,,,,40.57%,,,,,,,,,,,,66.68%,,,,,,,,,,,47.12%
2025-09-07 07:30,,,,,,,,,,,36.62%,,,36.58%,,,,,,,86.63%,,,,,,,,75.89%,,,,,,,,40.24%,,,,,,,,,,,,66.70%,,,,,,,,,,,47.18%
2025-09-07 08:30,,,,,,,,,,,36.87%,,,36.33%,,,,,,,86.58%,,,,,,,,76.04%,,,,,,,,39.99%,,,,,,,,,,,,66.74%,,,,,,,,,,,47.11%
2025-09-07 09:30,,,,,,,,,,,37.11%,,,36.09%,,,,,,,86.79%,,,,,,,,76.01%,,,,,,,,39.91%,,,,,,,,,,,,66.75%,,,,,,,,,,,47.14%
2025-09-07 10:30,,,,,,,,,,,37.45%,,,36.43%,,,,,,,86.67%,,,,,,,,75.79%,,,,,,,,40.03%,,,,,,,,,,,,66.78%,,,,,,,,,,,47.21%
2025-09-07 11:30,,,,,,,,,,,36.80%,,,35.66%,,,,,,,86.49%,,,,,,,,75.65%,,,,,,,,40.06%,,,,,,,,,,,,66.80%,,,,,,,,,,,47.25%
2025-09-07 12:30,,,,,,,,,,,37.67%,,,36.45%,,,,,,,86.03%,,,,,,,,75.73%,,,,,,,,40.56%,,,,,,,,,,,,66.83%,,,,,,,,,,,47.16%
2025-09-07 13:30,,,,,,,,,,,37.68%,,,36.43%,,,,,,,86.59%,,,,,,,,75.80%,,,,,,,,40.12%,,,,,,,,,,,,66.89%,,,,,,,,,,,47.23%
2025-09-07 14:30,,,,,,,,,,,36.94%,,,36.94%,,,,,,,86.53%,,,,,,,,76.12%,,,,,,,,40.03%,,,,,,,,,,,,66.90%,,,,,,,,,,,47.30%
2025-09-07 15:30,,,,,,,,,,,37.15%,,,36.59%,,,,,,,86.61%,,,,,,,,75.88%,,,,,,,,39.95%,,,,,,,,,,,,66.93%,,,,,,,,,,,47.27%
2025-09-07 16:30,,,,,,,,,,,37.33%,,,36.75%,,,,,,,86.55%,,,,,,,,76.05%,,,,,,,,39.88%,,,,,,,,,,,,66.96%,,,,,,,,,,,47.26%
2025-09-07 17:30,,,,,,,,,,,38.17%,,,36.87%,,,,,,,86.72%,,,,,,,,76.02%,,,,,,,,39.88%,,,,,,,,,,,,66.96%,,,,,,,,,,,47.32%
2025-09-07 18:30,,,,,,,,,,,37.17%,,,36.76%,,,,,,,86.70%,,,,,,,,76.08%,,,,,,,,39.90%,,,,,,,,,,,,67.00%,,,,,,,,,,,47.37%
2025-09-07 19:30,,,,,,,,,,,36.33%,,,36.78%,,,,,,,86.42%,,,,,,,,76.08%,,,,,,,,39.83%,,,,,,,,,,,,67.03%,,,,,,,,,,,47.32%
2025-09-07 20:30,,,,,,,,,,,36.81%,,,41.88%,,,,,,,86.45%,,,,,,,,76.00%,,,,,,,,39.21%,,,,,,,,,,,,67.05%,,,,,,,,,,,47.35%
2025-09-07 21:30,,,,,,,,,,,36.91%,,,36.26%,,,,,,,86.21%,,,,,,,,76.13%,,,,,,,,39.33%,,,,,,,,,,,,67.08%,,,,,,,,,,51.18%,47.41%
2025-09-07 22:30,,,,,,,,,,,36.63%,,,35.65%,,,,,,,86.72%,,,,,,,,76.02%,,,,,,,,39.31%,,,,,,,,,,,,67.23%,,,,,,,,,,,47.39%
2025-09-07 23:30,,,,,,,,,,,36.95%,,,36.44%,,,,,,,86.57%,,,,,,,,76.02%,,,,,,,,39.92%,,,,,,,,,,,,66.94%,,,,,,,,,,,47.41%
2025-09-08 00:30,,,,,,,,,,,36.38%,,,36.33%,,,,,,,86.65%,,,,,,,,76.11%,,,,,,,,40.53%,,,,,,,,,,,,66.91%,,,,,,,,,,,47.45%
2025-09-08 01:30,,,,,,,,,,,36.45%,,,36.25%,,,,,,,86.73%,,,,,,,,76.12%,,,,,,,,40.57%,,,,,,,,,,,,66.94%,,,,,,,,,,,47.49%
2025-09-08 02:30,,,,,,,,,,,36.55%,,,37.48%,,,,,,,87.71%,,,,,,,,76.32%,,,,,,,,40.51%,,,,,,,,,,,,66.96%,,,,,,,,,,,47.43%
2025-09-08 03:30,,,,,,,,,,,37.07%,,,47.56%,,,,,,,92.09%,,,,,,,,76.60%,,,,,,,,40.62%,,,,,,,,,,,,66.99%,,,,,,,,,,,47.50%
2025-09-08 04:30,,,,,,,,,,,37.70%,,,36.85%,,,,,,,91.88%,,,,,,,,76.14%,,,,,,,,40.61%,,,,,,,,,,,,67.01%,,,,,,,,,,,47.55%
2025-09-08 05:30,,,,,,,,,,,38.14%,,,36.36%,,,,,,,92.14%,,,,,,,,75.98%,,,,,,,,40.54%,,,,,,,,,,,,67.04%,,,,,,,,,,,47.51%
2025-09-08 06:30,,,,,,,,,,,39.29%,,,36.39%,,,,,,,92.30%,,,,,,,,75.94%,,,,,,,,40.56%,,,,,,,,,,,,67.06%,,,,,,,,,,,47.52%
2025-09-08 07:30,,,,,,,,,,,38.27%,,,36.56%,,,,,,,92.34%,,,,,,,,76.12%,,,,,,,,40.42%,,,,,,,,,,,,67.09%,,,,,,,,,,,47.59%
2025-09-08 08:30,,,,,,,,,,,38.18%,,,36.89%,,,,,,,91.83%,,,,,,,,76.36%,,,,,,,,40.63%,,,,,,,,,,,,67.12%,,,,,,,,,,,47.63%
2025-09-08 09:30,,,,,,,,,,,37.28%,,,39.24%,,,,,,,91.75%,,,,,,,,76.26%,,,,,,,,42.55%,,,,,,,,,,,,67.13%,,,,,,,,,,,47.54%
2025-09-08 10:30,,,,,,,,,,,37.40%,,,38.70%,,,,,,,91.73%,,,,,,,,75.79%,,,,,,,,42.50%,,,,,,,,,,,,67.14%,,,,,,,,,,,47.61%
2025-09-08 11:30,,,,,,,,,,,37.47%,,,35.57%,,,,,,,91.88%,,,,,,,,75.92%,,,,,,,,42.68%,,,,,,,,,,,,67.17%,,,,,,,,,,51.45%,47.68%
2025-09-08 12:30,,,,,,,,,,,38.15%,,,36.45%,,,,,,,91.92%,,,,,,,,76.08%,,,,,,,,43.39%,,,,,,,,,,,,67.19%,,62.86%,,60.08%,,,,,,51.59%,47.66%
2025-09-08 13:30,,,,,,,,,,,39.46%,,,36.11%,,,,,,,91.87%,,,,,,,,76.16%,,,,,,,,43.34%,,,,,,,,,,,,67.22%,,63.63%,,60.90%,,,,,,51.66%,47.63%
2025-09-08 14:30,,,,,,,,,,,37.78%,,,35.11%,,,,,,,91.43%,,,,,,,,75.89%,,,,,,,,43.35%,,,,,,,,,,,,67.25%,,63.64%,,60.90%,,,,,,51.66%,47.70%
2025-09-08 15:30,,,,,,,,,,,36.69%,,,35.86%,,,,,,,91.34%,,,,,,,,75.99%,64.90%,,,,,,,43.16%,,,,,,,,,,,,67.23%,,63.64%,,60.90%,,,,,,51.66%,47.76%
2025-09-08 16:30,,,,,,,,,,,36.92%,,,35.70%,,,,,,,92.44%,,,,,,,,76.01%,68.12%,,,,,,58.89%,42.53%,,,,,91.12%,,,,,,,67.25%,,63.65%,,60.89%,,,,,,51.67%,47.70%
2025-09-08 17:30,,,,,,,,,,,36.92%,,,36.55%,,,,,,,92.32%,,,,,,,,76.03%,69.43%,,,,,,75.12%,42.64%,,,,,91.43%,,,,,,,67.29%,,63.65%,,60.89%,,,,,,51.67%,47.72%
2025-09-08 18:30,,,,,,,,,,,36.50%,,,36.42%,,,,,,,91.88%,,,,,,,,76.20%,70.23%,,,,,,68.20%,42.61%,,,,,91.43%,,,,,,,67.32%,,63.65%,,60.89%,62.74%,,56.67%,,,51.67%,47.79%
2025-09-08 19:30,,,,,,,,,,,36.18%,,,37.24%,,,,,,,92.67%,,,,,,,,76.61%,69.40%,,,,,,50.15%,42.59%,,,,,91.37%,,,,,,,67.35%,,63.64%,,60.90%,63.58%,,57.14%,,,51.67%,47.79%
2025-09-08 20:30,,,,,,,,,,,36.45%,,,44.63%,,,,,,,93.08%,,,,,,,,78.55%,69.07%,,,,,,50.04%,42.66%,,,,,91.37%,,,,,,,67.37%,,63.64%,,60.90%,63.78%,,57.18%,,,51.68%,47.79%
2025-09-08 21:30,,,,,,,,,,,36.41%,,,36.60%,,,,,,,92.82%,,,,,,,,77.41%,69.04%,,,,,,62.34%,42.63%,,,,,91.38%,,,,,,,67.40%,,63.64%,,60.90%,63.87%,,57.18%,,,,47.82%
2025-09-08 22:30,,,,,,,,,,,36.29%,,,36.85%,,,,,,,92.80%,,,,,,,,77.48%,69.37%,,,,,,62.57%,41.67%,,,,,91.38%,,,,,,,67.41%,,63.64%,,60.90%,63.93%,,57.18%,,,,47.88%
2025-09-08 23:30,,,,,,,,,,,35.99%,,,43.02%,,,,,,,92.54%,,,,,,,,77.20%,,,,,,,,41.72%,,,,,,,,,,,,67.44%,,63.64%,,60.90%,,,,,,,47.81%
2025-09-09 00:30,,,65.02%,,,,,,,,36.21%,,,30.79%,,,,,,,92.75%,,,,,,,,76.37%,66.06%,,,,,,,41.75%,,,,,,,,,,,,67.45%,,63.65%,,60.90%,,,,,,,47.88%
2025-09-09 01:30,,,,,,,,,,,36.55%,,,36.75%,,,,,,,92.79%,,,,,,,,76.86%,,,,,,,,41.77%,,,,,,,,,,,,67.48%,,,,,,,,,,,47.92%
2025-09-09 02:30,,,,,,,,,,,36.47%,,,41.15%,,,,,,,93.05%,,,,,,,,77.06%,,,,,,,,42.01%,,,,,,,,,,,,67.59%,,,,,,,,,,,47.91%
2025-09-09 03:30,,,,,,,,,,,36.76%,,,36.94%,,,,,,,92.44%,,,,,,,,76.76%,,,,,,,,41.81%,,,,,,,,,,,,67.65%,,,,,,,,,,,47.90%
2025-09-09 04:30,,,,,,,,,,,37.00%,,,37.10%,,,,,,,92.35%,,,,,,,,76.72%,,,,,,,,41.67%,,,,,,,,,,,,67.66%,,,,,,,,,,,47.97%
2025-09-09 05:30,,,,,,,,,,,36.77%,,,36.79%,,,,,,,92.60%,,,,,,,,76.56%,,,,,,,,41.39%,,,,,,,,,,,,67.74%,,,,,,,,,,,48.01%
2025-09-09 06:30,,,,,,,,,,,37.26%,,,36.93%,,,,,,,92.42%,,,,,,,,76.47%,,,,,,,,41.18%,,,,,,,,,,,,67.70%,,,,,,,,,,,47.93%
2025-09-09 07:30,,,,,,,,,,,37.48%,,,36.86%,,,,,,,92.40%,,,,,,,,76.56%,,,,,,,,41.17%,,,,,,,,,,,,67.73%,,,,,,,,,,,47.99%
2025-09-09 08:30,,,,,,,,,,,36.92%,,,36.82%,,,,,,,92.45%,,,,,,,,76.54%,,,,,,,,41.17%,,,,,,,,,,,,67.76%,,,,,,,,,,,48.06%
2025-09-09 09:30,,,,,,,,,,,37.69%,,,43.40%,,,,,,,92.54%,,,,,,,,76.33%,,,,,,,,41.18%,,,,,,,,,,,,67.78%,,,,,,,,,,,48.05%
2025-09-09 10:30,,,,,,,,,,,37.52%,,,36.71%,,,,,,,92.54%,,,,,,,,76.21%,,,,,,,,41.58%,,,,,,,,,,,,67.81%,,,,,,,,,,51.64%,48.01%
2025-09-09 11:30,,,,,,,,,,,37.90%,,,36.91%,,,,,,,92.59%,,,,,,,44.60%,76.38%,,,,,,,,41.87%,,,,64.86%,,,,,,,,67.83%,,,,,,,,,,51.66%,48.08%
2025-09-09 12:30,,,,,,,,,,,37.92%,,,36.90%,,,,,,,92.54%,,,,,,,47.76%,76.39%,67.48%,,,,,,,41.97%,,,,64.88%,,,,,,,,67.83%,,,,,,,,,,51.65%,48.15%
2025-09-09 13:30,,,,,,,,,,,37.20%,,,36.74%,,,,,,,92.52%,,,,,,,53.03%,76.42%,68.72%,,,,,,73.97%,42.03%,,,,65.94%,91.62%,,,,,,,67.87%,,,,,,,,,,51.66%,48.08%
2025-09-09 14:30,,,,,,,,,,,36.27%,,,37.14%,,,,,,,92.45%,,,,,,,62.06%,76.43%,69.95%,,,,,,73.97%,42.08%,,,,69.42%,91.90%,,,,,,,67.90%,,,,,,,,,,51.66%,48.10%
2025-09-09 15:30,,,,,,,,,,,36.16%,,,36.87%,,,,,,,92.51%,,,,,,,61.49%,76.33%,69.98%,,,,,,78.82%,41.96%,,,,69.88%,91.74%,,,,,,,67.92%,,63.62%,,60.88%,,,,,,51.66%,48.17%
2025-09-09 16:30,,,,,,,,,,,36.34%,,,37.70%,,,,,,,92.56%,,,,,,,60.93%,77.70%,70.75%,,,,,,73.34%,41.95%,,,,69.91%,91.62%,,,,,,,67.95%,,63.61%,,60.86%,,,57.17%,,,51.67%,48.18%
2025-09-09 17:30,,,,,,,,,,,36.36%,,,36.86%,,,,,,,92.09%,,,,,,,58.59%,76.88%,71.05%,,,,,,47.58%,41.44%,,,,69.93%,91.27%,,,,,,,67.97%,,63.61%,,60.87%,,,,,,51.67%,48.16%
2025-09-09 18:30,,,,,,,,,,,36.03%,,,37.22%,,,,,,,92.26%,,,,,,,58.84%,77.14%,70.50%,,,,,,58.97%,41.43%,,,,69.95%,91.31%,,,,,,,67.98%,,63.61%,,60.88%,,,,,,51.67%,48.19%
2025-09-09 19:30,,,,,,,,,,,35.81%,,,37.77%,,,,,,,92.17%,,,,,,,59.65%,73.33%,66.17%,,,,,,61.58%,41.37%,,,,70.13%,92.25%,,,,,,,68.01%,,64.27%,,61.44%,,,,,,51.82%,48.26%
2025-09-09 20:30,,,,,,,,,,,36.41%,,,35.61%,,,,,,,87.86%,,,,,,,59.51%,72.50%,67.45%,,,,,,76.62%,41.32%,,,,70.00%,92.74%,,,,,,,68.04%,,63.37%,,60.58%,,,,,,51.52%,48.21%
2025-09-09 21:30,,,,,,,,,,,36.47%,,,36.54%,,,,,,,88.24%,,,,,,,59.81%,72.96%,68.50%,,,,,,87.77%,41.41%,,,,70.01%,92.73%,,,,,,,68.07%,,63.35%,,60.56%,,,,,,,48.26%
2025-09-09 22:30,,,,,,,,,,,36.04%,,,36.42%,,,,,,,88.64%,,,,,,,60.17%,73.10%,69.21%,,,,,,82.02%,41.51%,,,,70.03%,92.73%,,,,,,,68.10%,,63.34%,,60.57%,,,,,,,48.29%
2025-09-09 23:30,,,56.39%,,,,,,,,36.21%,,,21.08%,,,,,,,89.13%,,,,,,,61.08%,71.16%,67.75%,,,,,,,41.49%,,,,70.05%,,,,,,,,68.11%,,63.33%,,60.57%,,,,,,,48.30%
2025-09-10 00:30,,,55.61%,,,,,,,,36.19%,,,29.77%,,,,,,,89.12%,,,,,,,61.19%,71.54%,69.09%,,,,,,,42.09%,,,,70.08%,,,,,,,,68.12%,,63.33%,,60.57%,,,,,,,48.28%
2025-09-10 01:30,,,,,,,,,,,36.28%,,,36.29%,,,,,,,89.36%,,,,,,,61.50%,72.98%,,,,,,,,42.16%,,,,70.11%,,,,,,,,68.14%,,,,,,,,,,,48.35%
2025-09-10 02:30,,,,,,,,,,,36.08%,,,42.22%,,,,,,,90.05%,,,,,,,61.71%,73.53%,,,,,,,,42.21%,,,,70.13%,,,,,,,,68.17%,,,,,,,,,,,48.38%
2025-09-10 03:30,,,,,,,,,,,36.09%,,,36.27%,,,,,,,90.25%,,,,,,,61.90%,72.52%,,,,,,,,42.23%,,,,70.15%,,,,,,,,68.23%,,,,,,,,,,,48.33%
2025-09-10 04:30,,,,,,,,,,,36.32%,,,36.37%,,,,,,,90.34%,,,,,,,62.09%,72.61%,,,,,,,,42.13%,,,,70.18%,,,,,,,,68.25%,,,,,,,,,,,48.37%
2025-09-10 05:30,,,,,,,,,,,36.33%,,,36.37%,,,,,,,90.57%,,,,,,,61.47%,72.83%,,,,,,,,42.18%,,,,70.28%,,,,,,,,68.28%,,,,,,,,,,,48.44%
2025-09-10 06:30,,,,,,,,,,,36.72%,,,36.52%,,,,,,,90.68%,,,,,,,61.41%,73.10%,,,,,,,,42.30%,,,,70.29%,,,,,,,,68.31%,,,,,,,,,,,48.44%
2025-09-10 07:30,,,,,,,,,,,36.90%,,,36.28%,,,,,,,90.68%,,,,,,,62.10%,73.12%,,,,,,,,42.12%,,,,70.30%,,,,,,,,68.33%,,,,,,,,,,,48.39%
2025-09-10 08:30,,,,,,,,,,,36.62%,,,36.39%,,,,,,,90.73%,,,,,,,62.18%,73.22%,,,,,,,,42.11%,,,,70.32%,,,,,,,,68.36%,,,,,,,,,,,48.46%
2025-09-10 09:30,,,,,,,,,,,36.41%,,,39.67%,,,,,,,90.82%,,,,,,,65.66%,73.15%,,,,,,,,42.54%,,,,70.68%,,,,,,,,68.39%,,,,,,,,,,,48.53%
2025-09-10 10:30,,,,,,,,,,,36.40%,,,39.37%,,,,,,,90.76%,,,,,,,66.99%,73.27%,,,,,,,,42.50%,,,,70.93%,,,,,,,,68.44%,,,,,,,,,,51.33%,48.47%
2025-09-10 11:30,,,,,,,,,,,36.71%,,,36.52%,,,,,,,90.76%,,,,,,,67.10%,73.53%,,,,,,,,42.36%,,,,70.94%,,,,,,,,68.49%,,,,,,,,,,51.72%,48.48%
2025-09-10 12:30,,,,,,,,,,,37.18%,,,35.45%,,,,,,,90.73%,,,,,,,67.11%,73.43%,67.25%,,,,,,63.84%,42.67%,,,,70.96%,90.04%,,,,,,,68.49%,,62.88%,,60.24%,,,,,,52.38%,48.55%
2025-09-10 13:30,,,,,,,,,,,37.10%,,,42.67%,,,,,,,90.58%,,,,,,,69.22%,73.53%,67.80%,,,,,,86.12%,43.23%,,,,70.99%,90.10%,,,,,,,68.50%,,61.94%,60.02%,59.43%,,,,,,52.78%,48.58%
2025-09-10 14:30,,,,,,,,,,,36.51%,,,36.49%,,,,,,,90.80%,,,,,,,65.90%,73.54%,70.04%,,,,,,81.34%,42.49%,,,,71.05%,90.09%,,,,,,,68.53%,,61.91%,60.12%,59.42%,,,,,,52.72%,48.54%
2025-09-10 15:30,,,,,,,,,,,36.46%,,,36.58%,,,,,,,91.28%,,,,,,,68.24%,73.70%,69.65%,,,,,,79.49%,42.53%,,,,71.08%,90.07%,,,,,,,68.57%,,61.91%,59.55%,59.43%,63.46%,,57.16%,,,52.74%,48.57%
2025-09-10 16:30,,,,,,,,,,,36.62%,,,36.95%,,,,,,,91.12%,,,,,,,64.97%,73.88%,70.53%,,,,,,79.19%,42.36%,,,,71.10%,91.50%,,,,,,,68.60%,,61.92%,59.30%,59.65%,63.81%,,56.14%,,,52.74%,48.64%
2025-09-10 17:30,,,,,,,,,,,36.36%,,,36.59%,,,,,,,91.17%,,,,,,,65.78%,73.73%,69.50%,,,,,,77.41%,42.36%,,,,71.11%,91.30%,,,,,,,68.62%,,61.92%,59.30%,59.66%,63.54%,,55.66%,,,52.75%,48.61%
2025-09-10 18:30,,,,,,,,,,,36.35%,,,40.32%,,,,,,,91.17%,,,,,,,58.87%,75.46%,69.83%,,,,,,69.73%,42.41%,,,,71.13%,90.70%,,,,,,,68.65%,,61.92%,59.29%,59.67%,63.56%,,55.65%,,,52.75%,48.63%
2025-09-10 19:30,,,,,,,,,,,36.30%,,,40.92%,,,,,,,91.60%,,,,,,,57.08%,76.40%,69.70%,,,,,,80.20%,42.37%,,,,71.11%,90.15%,,,,,,,68.68%,,61.92%,59.31%,59.67%,63.58%,,55.65%,,,52.73%,48.66%
2025-09-10 20:30,,,,,,,,,,,36.80%,,,46.48%,,,,,,,90.98%,,,,,,,57.34%,75.45%,69.35%,,,,,,81.00%,42.49%,,,,71.13%,90.14%,,,,,,,68.71%,,61.93%,59.33%,59.68%,63.60%,,55.66%,,,52.72%,48.70%
2025-09-10 21:30,,,,,,,,,,,37.06%,,,39.61%,,,,,,,90.99%,,,,,,,57.53%,75.41%,69.36%,,,,,,89.98%,42.49%,,,,71.22%,90.14%,,,,,,,68.74%,,61.93%,59.33%,59.68%,63.61%,,55.65%,,,,48.66%
2025-09-10 22:30,,,,,,,,,,,36.63%,,,40.27%,,,,,,,90.70%,,,,,,,57.70%,75.38%,69.49%,,,,,,90.33%,42.40%,,,,71.25%,90.14%,,,,,,,68.76%,,61.93%,59.33%,59.68%,63.63%,,55.65%,,,52.49%,48.73%
2025-09-10 23:30,,,,,,,,,,,36.39%,,,40.35%,,,,,,,91.39%,,,,,,,58.00%,75.09%,,,,,,,,42.29%,,,,71.26%,,,,,,,,68.76%,,61.94%,,59.68%,,,,,,52.39%,48.75%
2025-09-11 00:30,,,,,,,,,,,36.20%,,,43.95%,,,,,,,91.38%,,,,,,,58.12%,75.47%,,,,,,,,42.38%,,,,71.28%,,,,,,,,68.79%,,61.94%,,59.68%,,,,,,,48.72%
2025-09-11 01:30,,,,,,,,,,,36.48%,,,40.04%,,,,,,,91.25%,,,,,,,58.23%,75.54%,,,,,,,,42.38%,,,,71.30%,,,,,,,,68.81%,,,,,,,,,,,48.75%
2025-09-11 02:30,,,,,,,,,,,36.04%,,,43.99%,,,,,,,91.37%,,,,,,,58.39%,75.82%,,,,,,,,42.40%,,,,71.32%,,,,,,,,68.84%,,,,,,,,,,,48.82%
2025-09-11 03:30,,,,,,,,,,,36.24%,,,38.44%,,,,,,,91.32%,,,,,,,58.56%,75.41%,,,,,,,,42.50%,,,,71.33%,,,,,,,,68.87%,,,,,,,,,,,48.83%
2025-09-11 04:30,,,,,,,,,,,36.74%,,,39.91%,,,,,,,91.28%,,,,,,,58.87%,75.64%,,,,,,,,42.46%,,,,71.35%,,,,,,,,68.91%,,,,,,,,,,,48.77%
2025-09-11 05:30,,,,,,,,,,,36.49%,,,39.73%,,,,,,,91.43%,,,,,,,59.25%,75.75%,,,,,,,,42.46%,,,,71.37%,,,,,,,,68.94%,,,,,,,,,,,48.84%
2025-09-11 06:30,,,,,,,,,,,36.14%,,,46.30%,,,,,,,91.38%,,,,,,,59.37%,75.98%,,,,,,,,42.45%,,,,71.38%,,,,,,,,68.97%,,,,,,,,,,,48.91%
2025-09-11 07:30,,,,,,,,,,,36.51%,,,39.41%,,,,,,,91.38%,,,,,,,59.20%,75.58%,,,,,,,,42.45%,,,,71.44%,,,,,,,,69.01%,,,,,,,,,,,48.86%
2025-09-11 08:30,,,,,,,,,,,36.84%,,,39.63%,,,,,,,91.30%,,,,,,,58.73%,75.75%,,,,,,,,41.90%,,,,71.51%,,,,,,,,69.03%,,,,,,,,,,,48.86%
2025-09-11 09:30,,,,,,,,,,,37.52%,,,45.25%,,,,,,,91.38%,,,,,,,58.97%,75.77%,,,,,,,,41.96%,,,,71.53%,,,,,,,,69.04%,,,,,,,,,,,48.93%
2025-09-11 10:30,,,,,,,,,,,37.10%,,,39.74%,,,,,,,91.39%,,,,,,,59.85%,75.83%,,,,,,,,43.67%,,,,71.62%,,,,,,,,69.04%,,,,,,,,,,52.59%,48.98%
2025-09-11 11:30,,,,,,,,,,,37.12%,,,39.81%,,,,,,,91.10%,,,,,,,60.13%,75.95%,,,,,,,,43.65%,,,,71.64%,,,,,,,,69.07%,,,,,,,,,,52.50%,48.91%
2025-09-11 12:30,,,,,,,,,,,36.98%,,,40.33%,,,,,,,90.98%,,,,,,,65.04%,76.02%,65.08%,,,,,,,43.82%,,,,71.72%,,,,,,,,69.09%,,61.93%,59.30%,59.52%,,,,,,52.35%,48.95%
2025-09-11 13:30,,,,,,,,,,,37.93%,,,39.62%,,,,,,,91.39%,,,,,,,60.05%,76.13%,67.99%,,,,,,68.10%,43.81%,,,,71.79%,89.92%,,,,,,,69.12%,,61.95%,59.42%,59.52%,,,,,,52.35%,49.02%
2025-09-11 14:30,,,,,,,,,,,37.18%,,,39.48%,,,,,,,91.17%,,,,,,,62.23%,76.16%,67.93%,,,,,,61.28%,43.77%,,,,71.82%,89.92%,,,,,,,69.15%,,61.94%,59.29%,59.53%,,,,,,52.36%,49.00%
2025-09-11 15:30,,,,,,,,,,,36.64%,,,39.99%,,,,,,,92.76%,,,,,,,61.04%,76.21%,68.62%,,,,,,61.10%,44.67%,,,,71.84%,89.93%,,,,,,,69.17%,,61.95%,59.29%,59.53%,63.24%,,55.57%,,,52.54%,49.01%
2025-09-11 16:30,,,,,,,,,,,36.42%,,,39.33%,,,,,,,93.78%,,,,,,,60.30%,76.36%,69.90%,,,,,,61.43%,46.20%,,,,71.87%,89.94%,,,,,,,69.18%,,61.95%,59.30%,59.53%,63.24%,,55.57%,,,52.53%,49.04%
2025-09-11 17:30,,,,,,,,,,,36.19%,,,38.50%,,,,,,,92.51%,,,,,,,59.92%,75.90%,68.75%,,,,,,60.78%,45.71%,,,,71.96%,89.94%,,,,,,,69.19%,,61.96%,59.30%,59.54%,63.29%,,55.55%,,,52.56%,49.10%
2025-09-11 18:30,,,,,,,,,,,36.45%,,,39.12%,,,,,,,91.91%,,,,,,,60.87%,76.05%,68.71%,,,,,,58.89%,45.53%,,,,71.96%,89.94%,,,,,,,69.23%,,61.94%,59.30%,59.54%,63.36%,,55.54%,,,52.61%,49.04%
2025-09-11 19:30,,,,,,,,,,,35.94%,,,37.41%,,,,,,,92.83%,,,,,,,61.59%,75.83%,68.74%,,,,,,74.65%,45.53%,,,,71.93%,89.97%,,,,,,,69.26%,,61.94%,59.31%,59.54%,63.12%,,55.54%,,,52.52%,49.11%
2025-09-11 20:30,,,,,,,,,,,36.20%,,,37.25%,,,,,,,92.76%,,,,,,,61.93%,75.83%,68.97%,,,,,,82.01%,45.54%,,,,71.95%,90.35%,,,,,,,69.29%,,61.95%,59.32%,59.54%,63.27%,,55.54%,,,52.44%,49.13%
2025-09-11 21:30,,,,,,42.52%,,,,,36.11%,,,36.67%,,,,,20.67%,,93.51%,,,,,,,62.21%,75.88%,68.78%,,,66.13%,62.58%,,89.24%,45.67%,,,,71.97%,90.55%,85.09%,84.88%,,,84.05%,,69.32%,,61.96%,59.31%,59.55%,63.34%,,55.54%,,,,49.12%
2025-09-11 22:30,,,,,,,,,,,36.56%,,,37.04%,,,,,,,92.33%,,,,,,,62.43%,76.06%,68.78%,,,,,,67.03%,45.71%,,,,71.99%,90.36%,,,,,,,69.36%,,61.96%,59.32%,59.55%,63.35%,,55.54%,,,,49.13%
2025-09-11 23:30,,,,,,,,,,,36.15%,,,37.80%,,,,,,,92.31%,,,,,,,62.85%,76.25%,,,,,,,45.37%,45.66%,,,,72.00%,90.15%,,,,,,,69.41%,,61.97%,,59.55%,,,,,,,49.20%
2025-09-12 00:30,,,,,,,,,,,36.44%,,,36.54%,,,,,,,92.05%,,,,,,,63.09%,76.10%,,,,,,,47.67%,46.33%,,,,72.02%,90.17%,,,,,,,69.44%,,61.97%,,59.55%,,,,,,,49.22%
2025-09-12 01:30,,,,,,,,,,,36.16%,,,41.92%,,,,,,,92.33%,,,,,,,63.14%,76.65%,54.70%,,,,,,66.02%,46.32%,,,,72.03%,90.36%,,,,,,,69.46%,,,,,,,55.53%,,,,49.15%
2025-09-12 02:30,,,,,,,,,,,36.14%,,,39.40%,,,,,,,92.27%,,,,,,,63.22%,76.70%,,,,,,,53.07%,46.33%,,,,72.04%,90.28%,,,,,,,69.48%,,,,,,,55.53%,,,,49.22%
2025-09-12 03:30,,,,,,,,,,,36.79%,,,38.75%,,,,,,,91.04%,,,,,,,63.29%,76.78%,,,,,,,68.42%,46.53%,,,,72.02%,90.26%,,,,,,,69.52%,,,,,,,55.54%,,,,49.29%
2025-09-12 04:30,,,,,,,,,,,36.63%,,,38.69%,,,,,,,90.87%,,,,,,,63.31%,76.89%,,,,,,,65.41%,46.45%,,,,72.04%,90.27%,,,,,,,69.58%,,,,,,,55.54%,,,,49.25%
2025-09-12 05:30,,,,,,,,,,,36.48%,,,37.79%,,,,,,,91.20%,,,,,,,63.32%,76.78%,,,,,,,64.65%,46.00%,,,,72.05%,90.26%,,,,,,,69.62%,,,,,,,55.54%,,,,49.24%
2025-09-12 06:30,,,,,,,,,,,37.19%,,,36.46%,,,,,,,91.13%,,,,,,,63.00%,76.43%,,,,,,,64.79%,43.94%,,,,72.08%,90.27%,,,,,,,69.66%,,,,,,,55.54%,,,,49.31%
2025-09-12 07:30,,,,,,,,,,,37.33%,,,43.98%,,,,,,,91.36%,,,,,,,63.21%,76.52%,,,,,,,64.84%,43.83%,,,,72.09%,90.28%,,,,,,,69.67%,,,,,,,55.54%,,,,49.37%
2025-09-12 08:30,,,,,,,,,,,37.63%,,,38.34%,,,,,,,91.31%,,,,,,,63.21%,76.89%,,,,,,,64.76%,43.86%,,,,72.11%,90.26%,,,,,,,69.72%,,,,,,,55.54%,,,,49.29%
2025-09-12 09:30,,,,,,,,,,,38.37%,,,37.68%,,,,,,,91.33%,,,,,,,63.30%,76.75%,,,,,,,74.44%,43.90%,,,,72.12%,90.20%,,,,,,,69.77%,,,,,,,55.54%,,,,49.33%
2025-09-12 10:30,,,,,,,,,,,38.28%,,,45.49%,,,,,,,91.18%,,,,,,,63.46%,76.97%,,,,,,,77.19%,43.90%,,,,72.20%,90.23%,,,,,,,69.78%,,,,,,,55.55%,,,52.43%,49.40%
2025-09-12 11:30,,,,,,,,,,,38.60%,,,37.54%,,,,,,,91.00%,,,,,,,63.20%,76.79%,,,,,,,74.73%,43.96%,,,,72.26%,90.23%,,,,,,,69.80%,,,,,,,55.55%,,,52.42%,49.40%
2025-09-12 12:30,,,,,,,,,,,37.10%,,,37.79%,,,,,,,90.74%,,,,,,,63.84%,76.86%,69.19%,,,,,,77.04%,43.96%,,,,72.27%,90.29%,,,,,,,69.84%,,,,,,,55.55%,,,52.42%,49.38%
2025-09-12 13:30,,,,,,,,,,,37.36%,,,45.39%,,,,,,,92.16%,,,,,,,65.16%,76.99%,70.61%,,,,,,65.94%,43.95%,,,,72.09%,89.69%,,,,,,,69.86%,,62.18%,,59.69%,,,55.55%,,,52.43%,49.42%
2025-09-12 14:30,,,,,,,,,,,36.52%,,,37.97%,,,,,,,91.59%,,,,,,,61.67%,77.02%,71.32%,,,,,,60.90%,43.99%,,,,72.06%,89.34%,,,,,,,69.87%,,61.99%,,59.57%,,,55.55%,,,52.44%,49.49%
2025-09-12 15:30,,,,,,,,,,,37.24%,,,34.81%,,,,,,,90.88%,,,,,,,62.98%,76.61%,71.04%,,,,,,68.17%,43.98%,,,,72.06%,89.11%,,,,,,,69.91%,,61.97%,,59.54%,63.51%,,55.56%,,,52.60%,49.42%
2025-09-12 16:30,,,,,,,,,,,36.63%,,,37.88%,,,,,,,91.26%,,,,,,,62.83%,77.13%,71.40%,,,,,,53.93%,43.92%,,,,72.08%,89.11%,,,,,,,69.94%,,62.00%,,59.55%,67.99%,,55.56%,,,52.61%,49.48%
2025-09-12 17:30,,,,,,,,,,,36.45%,,,37.93%,,,,,,,90.70%,,,,,,,63.00%,76.95%,71.44%,,,,,,50.10%,43.91%,,,,72.09%,89.11%,,,,,,,69.97%,,62.00%,,59.58%,69.77%,,55.56%,,,52.61%,49.51%
2025-09-12 18:30,,,,,,,,,,,36.13%,,,37.93%,,,,,,,90.42%,,,,,,,63.20%,77.07%,71.02%,,,,,,50.25%,43.94%,,,,72.16%,89.11%,,,,,,,70.01%,,62.01%,,59.60%,69.90%,,55.56%,,,52.61%,49.52%
2025-09-12 19:30,,,,,,,,,,,36.07%,,,39.48%,,,,,,,90.58%,,,,,,,62.99%,77.43%,70.06%,,,,,,50.30%,43.89%,,,,72.15%,89.12%,,,,,,,70.04%,,62.02%,,59.60%,69.98%,,55.56%,,,52.61%,49.51%
2025-09-12 20:30,,,,,,,,,,,36.26%,,,41.42%,,,,,,,90.88%,,,,,,,62.68%,77.28%,69.63%,,,,,,50.33%,44.01%,,,,72.16%,89.13%,,,,,,,70.07%,,62.02%,,59.60%,69.97%,,55.56%,,,52.61%,49.58%
2025-09-12 21:30,,,,,,,,,,,36.38%,,,41.35%,,,,,,,90.54%,,,,,,,62.80%,77.22%,70.31%,,,,,,62.32%,44.03%,,,,72.17%,89.12%,,,,,,,70.10%,,62.03%,,59.60%,69.98%,,55.55%,,,,49.60%
2025-09-12 22:30,,,,,,,,,,,36.17%,,,36.67%,,,,,,,90.68%,,,,,,,62.81%,77.32%,70.27%,,,,,,62.72%,43.96%,,,,72.20%,89.13%,,,,,,,70.12%,,62.03%,,59.61%,69.98%,,55.84%,,,,49.54%
2025-09-12 23:30,,,,,,,,,,,36.10%,,,38.94%,,,,,,,90.89%,,,,,,,63.15%,77.98%,,,,,,,,44.12%,,,,72.21%,,,,,,,,70.15%,,62.03%,,59.61%,,,,,,,49.60%
2025-09-13 00:30,,,,,,,,,,,36.19%,,,37.17%,,,,,,,91.40%,,,,,,,63.09%,77.38%,,,,,,,,45.89%,,,,72.23%,,,,,,,,70.22%,,62.04%,,59.61%,,,,,,,49.66%
2025-09-13 01:30,,,,,,,,,,,36.49%,,,39.37%,,,,,,,90.86%,,,,,,,63.01%,77.53%,67.90%,,,,,,,45.00%,,,,72.25%,,,,,,,,70.25%,,,,,,,,,,,49.64%
2025-09-13 02:30,,,,,,,,,,,36.41%,,,42.12%,,,,,,,91.22%,,,,,,,63.13%,77.76%,,,,,,,,44.95%,,,,72.25%,,,,,,,,70.27%,,,,,,,,,,,49.62%
2025-09-13 03:30,,,,,,,,,,,36.65%,,,37.19%,,,,,,,91.28%,,,,,,,62.50%,77.38%,,,,,,,,44.90%,,,,73.73%,,,,,,,,70.29%,,,,,,,,,,,49.69%
2025-09-13 04:30,,,,,,,,,,,36.49%,,,39.22%,,,,,,,91.31%,,,,,,,63.85%,77.46%,,,,,,,,45.15%,,,,74.60%,,,,,,,,70.48%,,,,,,,,,,,49.75%
2025-09-13 05:30,,,,,,,,,,,36.26%,,,38.17%,,,,,,,91.63%,,,,,,,64.29%,77.34%,,,,,,,,45.19%,,,,73.80%,,,,,,,,70.55%,,,,,,,,,,,49.68%
2025-09-13 06:30,,,,,,,,,,,37.28%,,,38.48%,,,,,,,91.82%,,,,,,,64.34%,77.43%,,,,,,,,45.14%,,,,73.87%,,,,,,,,70.59%,,,,,,,,,,,49.71%
2025-09-13 07:30,,,,,,,,,,,36.94%,,,37.97%,,,,,,,91.87%,,,,,,,64.39%,77.16%,,,,,,,,45.12%,,,,73.93%,,,,,,,,70.62%,,,,,,,,,,,49.78%
2025-09-13 08:30,,,,,,,,,,,36.43%,,,39.06%,,,,,,,91.55%,,,,,,,64.39%,77.48%,,,,,,,,45.05%,,,,73.94%,,,,,,,,70.65%,,,,,,,,,,,49.79%
2025-09-13 09:30,,,,,,,,,,,37.30%,,,39.07%,,,,,,,91.32%,,,,,,,64.71%,77.61%,,,,,,,,45.50%,,,,73.53%,,,,,,,,70.72%,,,,,,,,,,,49.76%
2025-09-13 10:30,,,,,,,,,,,36.81%,,,38.46%,,,,,,,91.63%,,,,,,,64.72%,77.58%,,,,,,,,45.56%,,,,72.93%,,,,,,,,70.72%,,,,,,,,,,,49.80%
2025-09-13 11:30,,,,,,,,,,,37.11%,,,37.78%,,,,,,,91.75%,,,,,,,64.51%,77.49%,,,,,,,,45.56%,,,,72.86%,,,,,,,,70.75%,,,,,,,,,,,49.87%
2025-09-13 12:30,,,,,,,,,,,37.97%,,,39.20%,,,,,,,91.65%,,,,,,,64.55%,77.56%,,,,,,,,45.56%,,,,72.87%,,,,,,,,70.78%,,,,,,,,,,,49.82%
2025-09-13 13:30,,,,,,,,,,,40.63%,,,46.17%,,,,,,,91.75%,,,,,,,64.62%,78.19%,,,,,,,,45.58%,,,,72.89%,,,,,,,,70.81%,,,,,,,,,,,49.86%
2025-09-13 14:30,,,,,,,,,,,40.10%,,,37.89%,,,,,,,91.68%,,,,,,,64.72%,78.09%,,,,,,,,45.46%,,,,72.90%,,,,,,,,70.83%,,,,,,,,,,,49.89%
2025-09-13 15:30,,,,,,,,,,,37.53%,,,39.10%,,,,,,,91.77%,,,,,,,64.76%,77.89%,,,,,,,,45.58%,,,,72.91%,,,,,,,,70.85%,,,,,,,,,,,49.91%
2025-09-13 16:30,,,,,,,,,,,36.18%,,,39.50%,,,,,,,91.67%,,,,,,,64.78%,78.02%,,,,,,,,45.57%,,,,72.93%,,,,,,,,70.88%,,,,,,,,,,,49.89%
2025-09-13 17:30,,,,,,,,,,,35.96%,,,39.60%,,,,,,,91.77%,,,,,,,64.79%,78.25%,,,,,,,,45.55%,,,,72.94%,,,,,,,,70.95%,,,,,,,,,,,49.95%
2025-09-13 18:30,,,,,,,,,,,35.89%,,,38.41%,,,,,,,91.71%,,,,,,,64.75%,77.89%,,,,,,,,45.74%,,,,72.94%,,,,,,,,71.00%,,,,,,,,,,,49.98%
2025-09-13 19:30,,,,,,,,,,,35.81%,,,38.77%,,,,,,,91.80%,,,,,,,64.08%,77.97%,,,,,,,,45.69%,,,,72.90%,,,,,,,,71.10%,,,,,,,,,,,49.94%
2025-09-13 20:30,,,,,,,,,,,35.92%,,,38.95%,,,,,,,91.75%,,,,,,,64.22%,78.23%,,,,,,,,45.70%,,,,72.92%,,,,,,,,71.24%,,,,,,,,,,,49.98%
2025-09-13 21:30,,,,,,,,,,,35.89%,,,38.07%,,,,,,,91.76%,,,,,,,64.36%,78.24%,65.78%,,,,,,,45.71%,,,,72.93%,,,,,,,,71.27%,,,,,,,,,,,50.04%
2025-09-13 22:30,,,,,,,,,,,35.70%,,,38.25%,,,,,,,91.72%,,,,,,,64.33%,78.26%,66.43%,,,,,,,45.64%,,,,72.95%,,,,,,,,71.30%,,,,,,,,,,,50.04%
2025-09-13 23:30,,,,,,,,,,,35.78%,,,43.09%,,,,,,,93.50%,,,,,,,64.49%,79.05%,,,,,,,,45.66%,,,,72.96%,,,,,,,,71.32%,,,,,,,,,,,50.00%
2025-09-14 00:30,,,,,,,,,,,35.66%,,,41.33%,,,,,,,94.50%,,,,,,,64.65%,80.52%,,,,,,,,46.24%,,,,72.98%,,,,,,,,71.39%,,,,,,,,,,,50.07%
2025-09-14 01:30,,,,,,,,,,,35.76%,,,40.26%,,,,,,,93.28%,,,,,,,63.73%,80.53%,,,,,,,,45.01%,,,,73.00%,,,,,,,,71.43%,,,,,,,,,,,50.14%
2025-09-14 02:30,,,,,,,,,,,35.69%,,,43.10%,,,,,,,92.94%,,,,,,,63.72%,80.74%,,,,,,,,44.92%,,,,73.01%,,,,,,,,71.45%,,,,,,,,,,,50.07%
2025-09-14 03:30,,,,,,,,,,,35.81%,,,40.36%,,,,,,,91.01%,,,,,,,63.65%,80.90%,,,,,,,,44.99%,,,,72.89%,,,,,,,,71.48%,,,,,,,,,,,50.09%
2025-09-14 04:30,,,,,,,,,,,35.91%,,,40.29%,,,,,,,91.32%,,,,,,,62.46%,80.77%,,,,,,,,44.97%,,,,72.75%,,,,,,,,71.51%,,,,,,,,,,,50.16%
2025-09-14 05:30,,,,,,,,,,,35.99%,,,39.62%,,,,,,,91.20%,,,,,,,62.21%,80.75%,,,,,,,,45.37%,,,,72.76%,,,,,,,,71.57%,,,,,,,,,,,50.19%
2025-09-14 06:30,,,,,,,,,,,36.39%,,,46.85%,,,,,,,91.14%,,,,,,,62.29%,80.77%,,,,,,,,45.62%,,,,72.78%,,,,,,,,71.70%,,,,,,,,,,,50.14%
2025-09-14 07:30,,,,,,,,,,,36.46%,,,39.51%,,,,,,,91.43%,,,,,,,62.94%,80.65%,,,,,,,,51.56%,,,,72.80%,,,,,,,,74.98%,,,,,,,,,,,50.18%
2025-09-14 08:30,,,,,,,,,,,36.02%,,,39.36%,,,,,,,91.28%,,,,,,,62.45%,80.89%,,,,,,,,23.94%,,,,72.83%,,,,,,,,70.27%,,,,,,,,,,,50.25%
2025-09-14 09:30,,,,,,,,,,,36.01%,,,37.68%,,,,,,,91.29%,,,,,,,62.65%,80.65%,,,,,,,,23.09%,,,,72.85%,,,,,,,,70.07%,,,,,,,,,,,50.22%
2025-09-14 10:30,,,,,,,,,,,36.00%,,,40.00%,,,,,,,91.29%,,,,,,,62.87%,80.84%,,,,,,,,23.79%,,,,72.77%,,,,,,,,70.05%,,,,,,,,,,,50.23%
2025-09-14 11:30,,,,,,,,,,,36.13%,,,39.68%,,,,,,,91.41%,,,,,,,63.09%,80.78%,,,,,,,,23.72%,,,,72.66%,,,,,,,,70.03%,,,,,,,,,,,50.27%
2025-09-14 12:30,,,,,,,,,,,36.33%,,,40.37%,,,,,,,91.51%,,,,,,,63.07%,80.86%,,,,,,,,23.76%,,,,72.67%,,,,,,,,70.03%,,,,,,,,,,,50.31%
2025-09-14 13:30,,,,,,,,,,,36.67%,,,39.29%,,,,,,,91.31%,,,,,,,63.11%,80.86%,,,,,,,,22.70%,,,,72.73%,,,,,,,,70.04%,,,,,,,,,,,50.27%
2025-09-14 14:30,,,,,,,,,,,36.50%,,,39.50%,,,,,,,91.24%,,,,,,,62.89%,80.67%,,,,,,,,22.68%,,,,72.80%,,,,,,,,70.03%,,,,,,,,,,,50.33%
2025-09-14 15:30,,,,,,,,,,,36.23%,,,40.09%,,,,,,,91.27%,,,,,,,63.11%,80.77%,,,,,,,,23.85%,,,,72.81%,,,,,,,,70.02%,,,,,,,,,,,50.36%
2025-09-14 16:30,,,,,,,,,,,36.11%,,,40.07%,,,,,,,91.23%,,,,,,,63.03%,80.96%,63.77%,,,,,,,24.37%,,,,72.82%,,,,,,,,70.02%,,,,,,,,,,,50.33%
2025-09-14 17:30,,,,,,,,,,,36.20%,,,40.32%,,,,,,,91.50%,,,,,,,63.08%,81.16%,,,,,,,,24.43%,,,,72.83%,,,,,,,,70.03%,,,,,,,,,,52.52%,50.36%
2025-09-14 18:30,,,,,,,,,,,36.29%,,,39.68%,,,,,,,91.53%,,,,,,,62.89%,80.86%,,,,,,,,24.26%,,,,72.84%,,,,,,,,70.04%,,,,,,,,,,,50.42%
2025-09-14 19:30,,,,,,,,,,,35.64%,,,37.21%,,,,,,,91.72%,,,,,,,63.21%,80.58%,,,,,,,,24.10%,,,,72.80%,,,,,,,,70.03%,,,,,,,,,,,50.43%
2025-09-14 20:30,,,,,,,,,,,36.58%,,,44.82%,,,,,,,91.46%,,,,,,,63.34%,80.72%,,,,,,,,24.07%,,,,72.82%,,,,,,,,70.03%,,,,,,,,,,,50.38%
2025-09-14 21:30,,,,,,,,,,,36.68%,,,40.79%,,,,,,,91.49%,,,,,,,63.37%,80.58%,,,,,,,,24.08%,,,,72.84%,,,,,,,,70.03%,,,,,,,,,,,50.45%
2025-09-14 22:30,,,,,,,,,,,36.38%,,,38.96%,,,,,,,91.68%,,,,,,,63.04%,80.37%,,,,,,,,24.09%,,,,72.85%,,,,,,,,70.03%,,,,,,,,,,,50.51%
2025-09-14 23:30,,,,,,,,,,,36.15%,,,39.75%,,,,,,,91.82%,,,,,,,62.93%,80.53%,,,,,,,,24.13%,,,,72.86%,,,,,,,,70.03%,,,,,,,,,,,50.46%
2025-09-15 00:30,,,,,,,,,,,36.19%,,,39.16%,,,,,,,91.55%,,,,,,,62.57%,80.54%,,,,,,,,24.16%,,,,72.88%,,,,,,,,70.02%,,,,,,,,,,,50.47%
2025-09-15 01:30,,,,,,,,,,,35.79%,,,39.98%,,,,,,,91.63%,,,,,,,62.64%,80.54%,,,,,,,,24.17%,,,,72.89%,,,,,,,,70.02%,,,,,,,,,,,50.54%
2025-09-15 02:30,,,,,,,,,,,35.88%,,,40.70%,,,,,,,91.94%,,,,,,,62.73%,80.79%,,,,,,,,24.32%,,,,72.91%,,,,,,,,70.02%,,,,,,,,,,,50.59%
2025-09-15 03:30,,,,,,,,,,,35.97%,,,50.38%,,,,,,,90.51%,,,,,,,63.15%,81.23%,,,,,,,,24.20%,,,,72.92%,,,,,,,,70.01%,,,,,,,,,,,50.51%
2025-09-15 04:30,,,,,,,,,,,36.13%,,,40.46%,,,,,,,90.56%,,,,,,,63.02%,81.06%,,,,,,,,24.21%,,,,72.93%,,,,,,,,69.96%,,,,,,,,,,,50.56%
2025-09-15 05:30,,,,,,,,,,,36.95%,,,38.85%,,,,,,,90.78%,,,,,,,62.76%,80.98%,,,,,,,,24.27%,,,,72.94%,,,,,,,,69.94%,,,,,,,,,,,50.62%
2025-09-15 06:30,,,,,,,,,,,37.45%,,,40.00%,,,,,,,90.88%,,,,,,,62.83%,81.07%,,,,,,,,24.20%,,,,72.96%,,,,,,,,69.94%,,,,,,,,,,,50.61%
2025-09-15 07:30,,,,,,,,,,,36.95%,,,39.60%,,,,,,,91.27%,,,,,,,63.10%,80.96%,,,,,,,,24.14%,,,,72.97%,,,,,,,,69.93%,,,,,,,,,,,50.61%
2025-09-15 08:30,,,,,,,,,,,36.66%,,,39.58%,,,,,,,91.31%,,,,,,,62.91%,80.95%,,,,,,,,24.19%,,,,72.99%,,,,,,,,69.94%,,,,,,,,,,,50.65%
2025-09-15 09:30,,,,,,,,,,,36.66%,,,39.73%,,,,,,,91.29%,,,,,,,62.90%,80.88%,,,,,,,,24.45%,,,,73.01%,,,,,,,,69.94%,,,,,,,,,,,50.70%
2025-09-15 10:30,,,,,,,,,,,36.73%,,,39.58%,,,,,,,91.36%,,,,,,,63.07%,80.84%,,,,,,,,24.78%,,,,73.01%,,,,,,,,69.94%,,,,,,,,,,,50.65%
2025-09-15 11:30,,,,,,,,,,,36.93%,,,40.11%,,,,,,,95.03%,,,,,,,63.12%,80.96%,,,,,,,,24.79%,,,,73.03%,,,,,,,,69.96%,,,,,,,,,,,50.71%
2025-09-15 12:30,,,,,,,,,,,36.87%,,,40.46%,,,,,,,93.73%,,,,,,,63.11%,81.10%,68.28%,,,,,,67.85%,24.76%,,,,73.04%,89.12%,,,,,,,69.96%,,62.03%,,59.53%,,,,,,52.58%,50.74%
2025-09-15 13:30,,,,,,,,,,,37.17%,,,40.22%,,,,,,,93.27%,,,,,,,63.23%,80.91%,70.32%,,,,,,69.18%,24.79%,,,,73.05%,89.75%,,,,,,,69.96%,,61.91%,,59.47%,,,,,,52.48%,50.73%
2025-09-15 14:30,,,,,,,,,,,36.84%,,,39.10%,,,,,,,93.58%,,,,,,,63.35%,80.77%,71.41%,,,,,,79.32%,24.86%,,,,73.07%,90.38%,,,,,,,69.97%,,61.92%,,59.45%,,,,,,52.36%,50.73%
2025-09-15 15:30,,,,,,,,,,,36.24%,,,39.86%,,,,,,,93.00%,,,,,,,63.60%,80.74%,70.46%,,,,,,83.27%,24.99%,,,,73.04%,90.39%,,,,,,,69.96%,,61.92%,,59.45%,,,,,,51.96%,50.80%
2025-09-15 16:30,,,,,,,,,,,36.24%,,,38.81%,,,,,,,92.37%,,,,,,,63.98%,80.76%,69.94%,,,,,,84.71%,25.02%,,,,73.76%,91.11%,,,,,,,69.95%,,61.90%,,59.47%,,,,,,51.66%,50.82%
2025-09-15 17:30,,,,,,,,,,,36.70%,,,40.05%,,,,,,,92.53%,,,,,,,70.53%,81.00%,71.06%,,,,,,50.31%,24.74%,,,,75.88%,89.26%,,,,,,,69.95%,,61.90%,,59.48%,,,,,,51.66%,50.76%
2025-09-15 18:30,,,,,,,,,,,36.08%,,,39.10%,,,,,,,92.98%,,,,,,,73.43%,80.86%,70.55%,,,,,,32.44%,24.62%,,,,78.88%,89.24%,,,,,,,69.94%,,61.91%,,59.48%,,,,,,51.66%,50.82%
2025-09-15 19:30,,,,,,,,,,,35.71%,,,40.09%,,,,,,,93.19%,,,,,,,84.61%,81.18%,69.19%,,,,,,46.32%,24.56%,,,,78.93%,89.26%,,,,,,,69.95%,,61.90%,,59.48%,,,,,,51.67%,50.89%
2025-09-15 20:30,,,,,,,,,,,36.60%,,,40.27%,,,,,,,93.05%,,,,,,,89.00%,81.06%,69.87%,,,,,,47.07%,24.66%,,,,78.95%,89.24%,,,,,,,69.95%,,61.91%,,59.47%,,,,,,51.66%,50.86%
2025-09-15 21:30,,,,,,,,,,,36.56%,,,39.57%,,,,,,,93.31%,,,,,,,93.65%,81.00%,69.36%,,,,,,60.02%,24.67%,,,,79.01%,89.25%,,,,,,,69.95%,,61.91%,,59.47%,,,,,,51.56%,50.85%
2025-09-15 22:30,,,,,,,,,,,36.85%,,,40.53%,,,,,,,93.32%,,,,,,,95.28%,81.02%,69.71%,,,,,,60.37%,24.65%,,,,79.42%,89.26%,,,,,,,69.96%,,61.92%,,59.47%,,,,,,51.63%,50.91%
2025-09-15 23:30,,,,,,,,,,,36.11%,,,44.04%,,,,,,,93.31%,,,,,,,95.73%,80.99%,,,,,,,,24.68%,,,,79.45%,,,,,,,,69.96%,,61.90%,,59.47%,,,,,,51.65%,50.98%
2025-09-16 00:30,,,,,,,,,,,35.95%,,,42.99%,,,,,,,93.41%,,,,,,,93.99%,81.02%,,,,,,,,24.74%,,,,79.46%,,,,,,,,69.92%,,61.91%,,59.48%,,,,,,51.64%,50.89%
2025-09-16 01:30,,,,,,,,,,,35.78%,,,40.35%,,,,,,,93.66%,,,,,,,94.62%,80.91%,,,,,,,,24.79%,,,,79.48%,,,,,,,,69.92%,,,,,,,,,,51.65%,50.94%
2025-09-16 02:30,,,,,,,,,,,35.50%,,,44.46%,,,,,,,93.33%,,,,,,,94.48%,81.29%,,,,,,,,25.06%,,,,79.54%,,,,,,,,69.93%,,,,,,,,,,51.65%,51.00%
2025-09-16 03:30,,,,,,,,,,,35.50%,,,40.67%,,,,,,,91.71%,,,,,,,94.77%,81.10%,,,,,,,,24.78%,,,,79.44%,,,,,,,,69.93%,,,,,,,,,,51.66%,51.01%
2025-09-16 04:30,,,,,,,,,,,35.57%,,,39.69%,,,,,,,92.02%,,,,,,,95.19%,80.62%,,,,,,,,24.70%,,,,79.25%,,,,,,,,69.93%,,,,,,,,,,51.66%,50.99%
2025-09-16 05:30,,,,,,,,,,,35.61%,,,39.71%,,,,,,,92.24%,,,,,,,94.84%,80.66%,,,,,,,,24.85%,,,,79.25%,,,,,,,,69.95%,,,,,,,,,,51.66%,51.02%
2025-09-16 06:30,,,,,,,,,,,35.98%,,,47.39%,,,,,,,92.17%,,,,,,,92.39%,80.74%,,,,,,,,25.18%,,,,79.27%,,,,,,,,69.97%,,,,,,,,,,51.66%,51.09%
2025-09-16 07:30,,,,,,,,,,,35.80%,,,40.59%,,,,,,,92.49%,,,,,,,93.33%,80.94%,,,,,,,,25.07%,,,,79.29%,,,,,,,,69.97%,,,,,,,,,,51.67%,51.03%
2025-09-16 08:30,,,,,,,,,,,35.82%,,,40.50%,,,,,,,92.40%,,,,,,,94.67%,81.04%,,,,,,,,25.02%,,,,79.31%,,,,,,,,69.97%,,,,,,,,,,51.67%,51.08%
2025-09-16 09:30,,,,,,,,,,,35.88%,,,47.19%,,,,,,,92.32%,,,,,,,95.01%,80.76%,,,,,,,,25.13%,,,,79.33%,,,,,,,,69.97%,,,,,,,,,,51.67%,51.11%
2025-09-16 10:30,,,,,,,,,,,35.86%,,,40.50%,,,,,,,92.34%,,,,,,,94.85%,81.06%,,,,,,,,25.36%,,,,79.35%,,,,,,,,69.98%,,,,,,,,,,51.67%,51.12%
2025-09-16 11:30,,,,,,,,,,,36.12%,,,41.96%,,,,,,,92.41%,,,,,,,94.56%,81.35%,,,,,,,,25.51%,,,,79.37%,,,,,,,,69.97%,,,,,,,,,,51.68%,51.11%
2025-09-16 12:30,,,,,,,,,,,35.97%,,,40.88%,,,,,,,92.43%,,,,,,,94.37%,81.06%,,,,,,,60.85%,25.53%,,,,79.38%,89.37%,,,,,,,69.97%,,61.84%,,59.41%,,,,,,51.59%,51.18%
2025-09-16 13:30,,,,,,,,,,,36.11%,,,40.57%,,,,,,,92.44%,,,,,,,79.70%,81.08%,68.15%,,,,,,69.08%,25.56%,,,,79.42%,89.35%,,,,,,,69.98%,,61.85%,,59.41%,,,,,,51.69%,51.21%
2025-09-16 14:30,,,,,,,,,,,35.65%,,,39.96%,,,,,,,92.37%,,,,,,,71.87%,80.99%,69.30%,,,,,,66.53%,25.52%,,,,77.41%,89.31%,,,,,,,69.99%,,61.85%,,59.41%,,,,,,51.78%,51.15%
2025-09-16 15:30,,,,,,,,,,,35.69%,,,40.69%,,,,,,,92.33%,,,,,,,45.99%,80.94%,69.07%,,,,,,60.57%,25.50%,,,,73.69%,89.33%,,,,,,,69.99%,,61.86%,,59.42%,,,,,,51.79%,51.20%
2025-09-16 16:30,,,,,,,,,,,35.71%,,,39.70%,,,,,,,92.63%,,,,,,,46.76%,81.00%,70.43%,,,,,,57.98%,25.15%,,,,73.71%,89.31%,,,,,,,69.99%,,61.87%,,59.42%,,,,,,51.79%,51.27%
2025-09-16 17:30,,,,,,,,,,,36.18%,,,39.01%,,,,,,,93.47%,,,,,,,51.67%,80.96%,70.61%,,,,,,65.23%,25.23%,,,,73.75%,89.38%,,,,,,,69.99%,,61.87%,,59.45%,,,,,,51.80%,51.25%
2025-09-16 18:30,,,,,,,,,,,36.10%,,,37.07%,,,,,,,93.53%,,,,,,,72.39%,80.73%,71.27%,,,,,,71.59%,25.29%,,,,75.08%,89.41%,,,,,,,69.99%,,61.87%,,59.45%,,,,,,51.80%,51.22%
2025-09-16 19:30,,,,,,,,,,,35.86%,,,37.33%,,,,,,,93.39%,,,,,,,84.42%,80.78%,70.05%,,,,,,59.85%,25.27%,,,,76.34%,89.39%,,,,,,,69.98%,,61.88%,,59.45%,,,,,,51.80%,51.29%
2025-09-16 20:30,,,,,,,,,,,36.21%,,,37.39%,,,,,,,92.57%,,,,,,,90.79%,80.76%,69.61%,,,,,,54.90%,25.33%,,,,78.05%,89.39%,,,,,,,69.98%,,61.88%,,59.45%,,,,,,51.80%,51.36%
2025-09-16 21:30,,,,,,,,,,,36.04%,,,35.72%,,,,,,,92.72%,,,,,,,93.36%,80.52%,69.67%,,,,,,66.12%,25.42%,,,,77.95%,89.39%,,,,,,,69.98%,,61.88%,,59.45%,,,,,,,51.28%
2025-09-16 22:30,,,,,,,,,,,36.41%,,,39.26%,,,,,,,91.78%,,,,,,,95.61%,81.02%,70.00%,,,,,,66.42%,25.31%,,,,77.97%,89.40%,,,,,,,69.99%,,61.89%,,59.46%,,,,,,,51.31%
2025-09-16 23:30,,,,,,,,,,,36.38%,,,37.31%,,,,,,,91.01%,,,,,,,95.56%,80.65%,,,,,,,,25.34%,,,,77.97%,,,,,,,,69.97%,,61.89%,,59.46%,,,,,,,51.38%
2025-09-17 00:30,,,,,,,,,,,36.33%,,,38.83%,,,,,,,90.98%,,,,,,,95.63%,80.97%,,,,,,,,25.37%,,,,77.95%,,,,,,,,69.95%,,61.89%,,59.46%,,,,,,,51.40%
2025-09-17 01:30,,,,,,,,,,,36.10%,,,42.17%,,,,,,,91.17%,,,,,,,95.81%,80.93%,,,,,,,,25.32%,,,,77.96%,,,,,,,,69.94%,,,,,,,,,,,51.37%
2025-09-17 02:30,,,,,,,,,,,36.28%,,,38.31%,,,,,,,91.59%,,,,,,,95.62%,81.08%,,,,,,,,25.37%,,,,77.97%,,,,,,,,69.95%,,,,,,,,,,,51.41%
2025-09-17 03:30,,,,,,,,,,,36.98%,,,44.61%,,,,,,,92.02%,,,,,,,95.55%,80.91%,,,,,,,,25.36%,,,,78.07%,,,,,,,,69.95%,,,,,,,,,,,51.47%
2025-09-17 04:30,,,,,,,,,,,36.24%,,,38.11%,,,,,,,91.76%,,,,,,,95.76%,80.93%,,,,,,,,25.37%,,,,78.09%,,,,,,,,69.94%,,,,,,,,,,,51.43%
2025-09-17 05:30,,,,,,,,,,,36.20%,,,38.74%,,,,,,,92.07%,,,,,,,95.79%,81.17%,,,,,,,,25.38%,,,,78.10%,,,,,,,,69.92%,,,,,,,,,,,51.46%
2025-09-17 06:30,,,,,,,,,,,36.56%,,,39.66%,,,,,,,92.31%,,,,,,,95.45%,81.29%,,,,,,,,25.66%,,,,78.13%,,,,,,,,70.15%,,,,,,,,,,,51.50%
2025-09-17 07:30,,,,,,,,,,,36.76%,,,39.10%,,,,,,,92.18%,,,,,,,95.35%,81.21%,,,,,,,,25.67%,,,,78.15%,,,,,,,,69.54%,,,,,,,,,,,51.52%
2025-09-17 08:30,,,,,,,,,,,36.14%,,,38.55%,,,,,,,91.74%,,,,,,,95.43%,81.13%,,,,,,,,25.51%,,,,78.16%,,,,,,,,69.46%,,,,,,,,,,,51.49%
2025-09-17 09:30,,,,,,,,,,,36.29%,,,37.67%,,,,,,,92.05%,,,,,,,95.34%,81.03%,,,,,,,,25.41%,,,,78.07%,,,,,,,,69.38%,,,,,,,,,,,51.56%
2025-09-17 10:30,,,,,,,,,,,36.34%,,,38.67%,,,,,,,92.16%,,,,,,,91.89%,81.17%,,,,,,,,25.65%,,,,76.63%,,,,,,,,69.39%,,,,,,,,,,51.75%,51.61%
2025-09-17 11:30,,,,,,,,,,,36.30%,,,39.10%,,,,,,,91.70%,,,,,,,91.95%,81.25%,,,,,,,,25.55%,,,,76.70%,,,,,,,,69.38%,,,,,,,,,,51.77%,51.58%
2025-09-17 12:30,,,,,,,,,,,36.61%,,,40.63%,,,,,,,91.78%,,,,,,,92.14%,81.40%,,,,,,,,27.16%,,,,76.81%,,,,,,,,69.37%,,,,,,,,,,51.77%,51.62%
2025-09-17 13:30,,,,,,,,,,,36.44%,,,40.07%,,,,,,,92.27%,,,,,,,77.60%,81.41%,67.02%,,,,,,,27.54%,,,,76.25%,,,,,,,,69.38%,,,,,,,,,,51.77%,51.68%
2025-09-17 14:30,,,,,,,,,,,36.16%,,,39.52%,,,,,,,92.20%,,,,,,,73.78%,81.21%,68.68%,,,,,,65.40%,27.43%,,,,81.16%,89.41%,,,,,,,69.39%,,61.80%,,59.41%,,,,,,51.78%,51.68%
2025-09-17 15:30,,,,,,,,,,,36.32%,,,40.29%,,,,,,,92.09%,,,,,,,90.51%,81.47%,69.81%,,,,,,71.97%,27.10%,,,,82.42%,89.44%,,,,,,,69.39%,,61.80%,,59.39%,,,,,,51.78%,51.64%
2025-09-17 16:30,,,,,,,,,,,36.22%,,,39.13%,,,,,,,91.80%,,,,,,,83.36%,81.19%,70.23%,,,,,,71.69%,30.53%,,,,83.35%,89.43%,,,,,,,69.09%,,61.81%,,59.40%,,,,,,51.78%,51.71%
2025-09-17 17:30,,,,,,,,,,,36.02%,,,40.08%,,,,,,,91.96%,,,,,,,84.34%,81.37%,70.48%,,,,,,64.33%,41.23%,,,,83.22%,89.45%,,,,,,,68.29%,,61.81%,,59.40%,,,,,,51.78%,51.77%
2025-09-17 18:30,,,,,,,,,,,35.93%,,,39.84%,,,,,,,92.16%,,,,,,,81.94%,81.45%,69.83%,,,,,,57.24%,41.10%,,,,82.79%,89.45%,,,,,,,68.27%,,61.81%,,59.41%,,,,,,51.78%,51.71%
2025-09-17 19:30,,,,,,,,,,,35.76%,,,40.48%,,,,,,,92.84%,,,,,,,78.72%,81.75%,69.35%,,,,,,50.64%,40.59%,,,,82.37%,89.45%,,,,,,,68.30%,,61.82%,,59.42%,,,,,,51.78%,51.73%
2025-09-17 20:30,,,,,,,,,,,35.74%,,,39.78%,,,,,,,92.93%,,,,,,,79.13%,81.36%,69.27%,,,,,,50.88%,39.66%,,,,82.82%,89.45%,,,,,,,68.30%,,61.82%,,59.42%,,,,,,51.78%,51.79%
2025-09-17 21:30,,,,,,,,,,,35.91%,,,40.01%,,,,,,,94.88%,,,,,,,81.31%,81.33%,68.92%,,,,,,63.49%,39.12%,,,,83.43%,89.44%,,,,,,,68.27%,,61.83%,,59.43%,,,,,,,51.83%
2025-09-17 22:30,,,,,,,,,,,35.96%,,,40.15%,,,,,,,93.69%,,,,,,,91.53%,81.48%,69.42%,,,,,,63.79%,39.18%,,,,84.45%,89.45%,,,,,,,68.27%,,61.83%,,59.43%,,,,,,,51.77%
2025-09-17 23:30,,,,,,,,,,,35.82%,,,42.72%,,,,,,,93.64%,,,,,,,88.67%,81.25%,,,,,,,,39.22%,,,,84.15%,,,,,,,,68.27%,,61.84%,,59.44%,,,,,,,51.82%
2025-09-18 00:30,,,,,,,,,,,36.15%,,,43.77%,,,,,,,94.13%,,,,,,,88.61%,81.22%,,,,,,,,39.18%,,,,83.95%,,,,,,,,68.28%,,61.84%,,59.42%,,,,,,,51.88%
2025-09-18 01:30,,,,,,,,,,,36.14%,,,40.57%,,,,,,,94.19%,,,,,,,94.49%,81.39%,,,,,,,,39.24%,,,,84.70%,,,,,,,,68.28%,,,,,,,,,,,51.86%
2025-09-18 02:30,,,,,,,,,,,36.00%,,,42.01%,,,,,,,93.73%,,,,,,,95.45%,81.70%,,,,,,,,39.22%,,,,84.56%,,,,,,,,68.27%,,,,,,,,,,,51.87%
2025-09-18 03:30,,,,,,,,,,,36.21%,,,43.46%,,,,,,,91.62%,,,,,,,95.01%,81.77%,,,,,,,,39.27%,,,,84.52%,,,,,,,,68.28%,,,,,,,,,,,51.91%
2025-09-18 04:30,,,,,,,,,,,36.13%,,,39.75%,,,,,,,91.78%,,,,,,,92.97%,81.42%,,,,,,,,39.49%,,,,84.56%,,,,,,,,68.28%,,,,,,,,,,,51.95%
2025-09-18 05:30,,,,,,,,,,,36.16%,,,39.87%,,,,,,,91.88%,,,,,,,94.98%,81.29%,,,,,,,,39.91%,,,,84.64%,,,,,,,,68.28%,,,,,,,,,,,51.90%
2025-09-18 06:30,,,,,,,,,,,36.31%,,,39.13%,,,,,,,91.97%,,,,,,,94.47%,81.13%,,,,,,,,40.05%,,,,84.65%,,,,,,,,68.29%,,,,,,,,,,,51.97%
2025-09-18 07:30,,,,,,,,,,,36.58%,,,40.09%,,,,,,,91.99%,,,,,,,93.14%,81.35%,,,,,,,,40.12%,,,,84.66%,,,,,,,,68.28%,,,,,,,,,,,52.00%
2025-09-18 08:30,,,,,,,,,,,36.27%,,,40.31%,,,,,,,92.00%,,,,,,,94.10%,81.42%,,,,,,,,39.99%,,,,84.68%,,,,,,,,68.28%,,,,,,,,,,,51.97%
2025-09-18 09:30,,,,,,,,,,,36.50%,,,40.18%,,,,,,,92.06%,,,,,,,94.62%,81.35%,,,,,,,,40.10%,,,,84.69%,,,,,,,,68.29%,,,,,,,,,,,51.99%
2025-09-18 10:30,,,,,,,,,,,36.62%,,,39.67%,,,,,,,92.01%,,,,,,,94.02%,81.27%,,,,,,,,40.33%,,,,84.69%,,,,,,,,68.28%,,,,,,,,,,,52.06%
2025-09-18 11:30,,,,,,,,,,,36.72%,,,39.31%,,,,,,,92.23%,,,,,,,94.64%,81.19%,,,,,,,,40.21%,,,,84.71%,,,,,,,,68.29%,,,,,,,,,,,52.07%
2025-09-18 12:30,,,,,,,,,,,37.27%,,,40.48%,,,,,,,92.02%,,,,,,,84.48%,81.62%,66.20%,,,,,,,40.50%,,,,83.99%,,,,,,,,68.29%,,61.92%,,59.46%,,,,,,,52.02%
2025-09-18 13:30,,,,,,,,,,,37.74%,,,39.64%,,,,,,,92.09%,,,,,,,68.20%,81.63%,67.66%,,,,,,60.93%,41.55%,,,,81.89%,89.52%,,,,,,,69.48%,,61.91%,,59.46%,69.88%,,55.99%,,,,52.08%
2025-09-18 14:30,,,,,,,,,,,36.70%,,,39.25%,,,,,,,92.18%,,,,,,,90.95%,81.43%,68.57%,,,,,,58.89%,41.60%,,,,84.68%,89.51%,,,,,,,72.19%,,61.91%,,59.48%,70.17%,,56.59%,,,51.77%,52.15%
2025-09-18 15:30,,,,,,,,,,,36.60%,,,40.05%,,,,,,,92.07%,,,,,,,94.06%,81.53%,69.24%,,,,,,61.11%,41.60%,,,,85.55%,89.47%,,,,,,,72.19%,,61.92%,,59.48%,70.17%,,56.77%,,,51.96%,52.11%
2025-09-18 16:30,,,,,,,,,,,36.81%,,,39.47%,,,,,,,92.04%,,,,,,,95.12%,81.74%,69.94%,,,,,,72.24%,41.91%,,,,86.06%,89.47%,,,,,,,72.16%,,61.91%,,59.48%,70.18%,,56.77%,,,51.99%,52.11%
2025-09-18 17:30,,,,,,,,,,,36.39%,,,39.45%,,,,,,,92.06%,,,,,,,95.29%,81.54%,69.69%,,,,,,63.15%,44.80%,,,,87.22%,89.48%,,,,,,,71.53%,,61.89%,,59.48%,70.18%,,56.77%,,,52.00%,52.17%
2025-09-18 18:30,,,,,,,,,,,35.94%,,,40.19%,,,,,,,92.05%,,,,,,,93.85%,81.76%,69.85%,,,,,,48.70%,44.96%,,,,88.01%,89.46%,,,,,,,70.78%,,61.91%,,59.48%,70.28%,,56.79%,,,52.00%,52.23%
2025-09-18 19:30,,,,,,,,,,,36.08%,,,39.70%,,,,,,,93.06%,,,,,,,95.33%,81.67%,69.58%,,,,,,61.92%,44.92%,,,,88.42%,89.48%,,,,,,,70.77%,,61.90%,,59.49%,70.73%,,56.81%,,,52.00%,52.15%
2025-09-18 20:30,,,,,,,,,,,36.13%,,,38.86%,,,,,,,93.85%,,,,,,,95.63%,81.46%,69.93%,,,,,,62.75%,44.94%,,,,88.49%,89.49%,,,,,,,70.77%,,61.90%,,59.50%,70.95%,,56.81%,,,52.00%,52.19%
2025-09-18 21:30,,,,,,,,,,,36.18%,,,39.70%,,,,,,,93.04%,,,,,,,95.95%,81.46%,69.67%,,,,,,74.94%,44.95%,,,,88.54%,89.49%,,,,,,,70.76%,,61.90%,,59.50%,70.95%,,56.81%,,,,52.26%
2025-09-18 22:30,,,,,,,,,,,35.93%,,,40.26%,,,,,,,92.87%,,,,,,,95.88%,81.75%,70.32%,,,,,,75.60%,45.91%,,,,88.59%,89.48%,,,,,,,70.77%,,61.88%,,59.50%,70.94%,,56.81%,,,,52.25%
2025-09-18 23:30,,,,,,,,,,,35.97%,,,40.57%,,,,,,,92.97%,,,,,,,95.58%,81.82%,,,,,,,,47.91%,,,,88.64%,,,,,,,,70.79%,,61.88%,,59.50%,,,,,,,52.25%
2025-09-19 00:30,,,,,,,,,,,36.19%,,,46.40%,,,,,,,92.87%,,,,,,,95.18%,81.58%,,,,,,,,49.73%,,,,88.68%,,,,,,,,70.82%,,61.88%,,59.53%,,,,,,,52.28%
2025-09-19 01:30,,,,,,,,,,,36.06%,,,40.22%,,,,,,,93.03%,,,,,,,95.55%,81.67%,,,,,,,,49.61%,,,,88.81%,,,,,,,,70.81%,,,,,,,,,,,52.34%
2025-09-19 02:30,,,,,,,,,,,35.99%,,,43.45%,,,,,,,92.96%,,,,,,,95.31%,81.91%,,,,,,,,49.77%,,,,88.96%,,,,,,,,70.82%,,,,,,,,,,,52.28%
2025-09-19 03:30,,,,,,,,,,,36.01%,,,41.42%,,,,,,,92.03%,,,,,,,94.27%,81.99%,,,,,,,,49.87%,,,,89.17%,,,,,,,,70.85%,,,,,,,,,,,52.35%
2025-09-19 04:30,,,,,,,,,,,36.32%,,,39.40%,,,,,,,92.12%,,,,,,,95.50%,81.57%,,,,,,,,50.23%,,,,88.97%,,,,,,,,70.85%,,,,,,,,,,,52.37%
2025-09-19 05:30,,,,,,,,,,,36.11%,,,40.03%,,,,,,,92.10%,,,,,,,95.25%,81.58%,,,,,,,,50.67%,,,,89.02%,,,,,,,,70.86%,,,,,,,,,,,52.37%
2025-09-19 06:30,,,,,,,,,,,36.54%,,,45.11%,,,,,,,92.09%,,,,,,,95.49%,81.43%,,,,,,,,50.20%,,,,89.05%,,,,,,,,70.86%,,,,,,,,,,,52.37%
2025-09-19 07:30,,,,,,,,,,,36.73%,,,40.58%,,,,,,,92.11%,,,,,,,94.13%,81.43%,,,,,,,,50.31%,,,,88.98%,,,,,,,,70.87%,,,,,,,,,,,52.44%
2025-09-19 08:30,,,,,,,,,,,37.00%,,,38.35%,,,,,,,92.08%,,,,,,,95.56%,81.39%,,,,,,,,50.29%,,,,88.94%,,,,,,,,70.92%,,,,,,,,,,,52.47%
2025-09-19 09:30,,,,,,,,,,,36.57%,,,38.46%,,,,,,,92.12%,,,,,,,94.72%,81.24%,,,,,,,,50.23%,,,,88.98%,,,,,,,,70.93%,,,,,,,,,,,52.39%
2025-09-19 10:30,,,,,,,,,,,36.63%,,,44.43%,,,,,,,92.09%,,,,,,,94.21%,81.41%,,,,,,,,53.95%,,,,89.04%,,,,,,,,71.06%,,,,,,,,,,,52.46%
2025-09-19 11:30,,,,,,,,,,,36.83%,,,39.03%,,,,,,,92.18%,,,,,,,95.47%,81.62%,,,,,,,,56.27%,,,,89.09%,,,,,,,,71.30%,,,,,,,,,,,52.53%
2025-09-19 12:30,,,,,,,,,,,36.62%,,,37.65%,,,,,,,92.25%,,,,,,,95.66%,81.25%,,,,,,,,57.53%,,,,89.13%,,,,,,,,71.59%,,,,,,,,,,,52.50%
2025-09-19 13:30,,,,,,,,,,,36.77%,,,39.13%,,,,,,,92.52%,,,,,,,94.87%,81.53%,,,,,,,72.16%,57.77%,,,,89.17%,89.48%,,,,,,,71.68%,,61.87%,,59.50%,,,,,,,52.48%
2025-09-19 14:30,,,,,,,,,,,35.97%,,,38.20%,,,,,,,92.37%,,,,,,,95.78%,81.39%,,,,,,,68.96%,59.58%,,,,89.22%,89.50%,,,,,,,71.77%,,61.87%,,59.51%,,,,,,,52.55%
2025-09-19 15:30,,,,,,,,,,,36.42%,,,37.68%,,,,,,,92.45%,,,,,,,93.84%,81.25%,67.47%,,,,,,79.38%,62.93%,,,,89.26%,89.57%,,,,,,,72.09%,,61.87%,,59.48%,,,,,,,52.62%
2025-09-19 16:30,,,,,,,,,,,36.29%,,,35.65%,,,,,,,92.51%,,,,,,,94.96%,81.19%,69.20%,,,,,,84.80%,61.96%,,,,89.30%,89.60%,,,,,,,72.46%,,61.88%,,59.45%,,,,,,,52.53%
2025-09-19 17:30,,,,,,,,,,,36.05%,,,31.29%,,,,,,,,,,,,,,95.07%,80.46%,70.31%,,,,,,85.06%,63.51%,,,,89.39%,89.59%,,,,,,,72.83%,,61.88%,,59.45%,,,,,,,52.57%
2025-09-19 18:30,,,,,,,,,,,35.96%,,,,,,,,,,,,,,,,,94.87%,,70.64%,,,,,,83.70%,65.55%,,,,89.57%,89.57%,,,,,,,72.94%,,61.89%,,59.45%,,,,,,,52.64%
2025-09-19 19:30,,,,,,,,,,,35.78%,,,,,,,,,,,,,,,,,95.33%,,70.15%,,,,,,77.00%,67.48%,,,,89.55%,89.54%,,,,,,,70.46%,,61.89%,,59.46%,,,,,,,52.65%
2025-09-19 20:30,,,,,,,,,,,35.97%,,,,,,,,,,,,,,,,,94.88%,,70.17%,,,,,,70.68%,67.06%,,,,89.60%,89.52%,,,,,,,70.46%,,61.89%,,59.46%,,,,,,,52.63%
2025-09-19 21:30,,,,,,,,,,,36.33%,,,,,,,,,,,,,,,,,94.21%,,70.07%,,,,,,84.12%,67.22%,,,,89.65%,89.53%,,,,,,,70.44%,,61.90%,,59.46%,,,,,,,52.66%
2025-09-19 22:30,,,,,,,,,,,36.44%,,,,,,,,,,,,,,,,,94.53%,,69.88%,,,,,,84.62%,66.86%,,,,89.70%,89.54%,,,,,,,70.44%,,61.90%,,59.46%,,,,,,,52.73%
2025-09-19 23:30,,,,,,,,,,,35.99%,,,,,,,,,,,,,,,,,95.49%,,,,,,,,,66.30%,,,,89.74%,,,,,,,,70.44%,,61.90%,,59.47%,,,,,,,52.67%
2025-09-20 00:30,,,,,,,,,,,36.14%,,,,,,,,,,,,,,,,,95.49%,,,,,,,,,65.97%,,,,89.85%,,,,,,,,70.44%,,61.90%,,59.47%,,,,,,,52.72%
2025-09-20 01:30,,,,,,,,,,,35.95%,,,,,,,,,,,,,,,,,94.63%,,,,,,,,,65.82%,,,,90.24%,,,,,,,,70.49%,,,,,,,,,,,52.75%
2025-09-20 02:30,,,,,,,,,,,35.55%,,,,,,,,,,,,,,,,,94.57%,,,,,,,,,65.01%,,,,90.60%,,,,,,,,70.56%,,,,,,,,,,,52.76%
2025-09-20 03:30,,,,,,,,,,,35.70%,,,,,,,,,,,,,,,,,94.65%,,,,,,,,,65.21%,,,,90.95%,,,,,,,,70.57%,,,,,,,,,,,52.75%
2025-09-20 04:30,,,,,,,,,,,35.74%,,,,,,,,,,,,,,,,,94.61%,,,,,,,,,65.52%,,,,91.28%,,,,,,,,70.57%,,,,,,,,,,,52.82%
2025-09-20 05:30,,,,,,,,,,,35.80%,,,,,,,,,,,,,,,,,95.63%,,,,,,,,,65.89%,,,,91.83%,,,,,,,,70.56%,,,,,,,,,,,52.85%
2025-09-20 06:30,,,,,,,,,,,36.06%,,,,,,,,,,,,,,,,,94.91%,,,,,,,,,66.17%,,,,92.10%,,,,,,,,70.40%,,,,,,,,,,,52.79%
2025-09-20 07:30,,,,,,,,,,,35.94%,,,,,,,,,,,,,,,,,95.16%,,,,,,,,,66.36%,,,,92.44%,,,,,,,,70.32%,,,,,,,,,,,52.84%
2025-09-20 08:30,,,,,,,,,,,36.21%,,,,,,,,,,,,,,,,,95.29%,,,,,,,,,65.99%,,,,92.74%,,,,,,,,70.31%,,,,,,,,,,,52.90%
2025-09-20 09:30,,,,,,,,,,,36.18%,,,,,,,,,,,,,,,,,94.85%,,,,,,,,,66.05%,,,,93.08%,,,,,,,,70.30%,,,,,,,,,,,52.89%
2025-09-20 10:30,,,,,,,,,,,35.90%,,,,,,,,,,,,,,,,,95.09%,,,,,,,,,66.13%,,,,93.41%,,,,,,,,70.30%,,,,,,,,,,,52.86%
2025-09-20 11:30,,,,,,,,,,,35.87%,,,,,,,,,,,,,,,,,95.19%,,,,,,,,,66.04%,,,,93.73%,,,,,,,,70.29%,,,,,,,,,,,52.93%
2025-09-20 12:30,,,,,,,,,,,36.06%,,,,,,,,,,,,,,,,,95.09%,,,,,,,,,65.48%,,,,93.99%,,,,,,,,70.30%,,,,,,,,,,,52.99%
2025-09-20 13:30,,,,,,,,,,,36.38%,,,,,,,,,,,,,,,,,94.16%,,,,,,,,,65.52%,,,,94.06%,,,,,,,,70.28%,,,,,,,,,,,52.93%
2025-09-20 14:30,,,,,,,,,,,36.60%,,,,,,,,,,,,,,,,,95.38%,,,,,,,,,65.55%,,,,94.47%,,,,,,,,70.27%,,,,,,,,,,,52.95%
2025-09-20 15:30,,,,,,,,,,,36.23%,,,,,,,,,,,,,,,,,94.93%,,,,,,,,,65.68%,,,,94.89%,,,,,,,,70.27%,,,,,,,,,,,53.02%
2025-09-20 16:30,,,,,,,,,,,36.04%,,,,,,,,,,,,,,,,,94.53%,,,,,,,,,66.10%,,,,94.48%,,,,,,,,70.27%,,,,,,,,,,52.11%,53.04%
2025-09-20 17:30,,,,,,,,,,,35.95%,,,,,,,,,,,,,,,,,94.68%,,,,,,,,,66.39%,,,,94.59%,,,,,,,,70.27%,,,,,,,,,,52.20%,53.00%
2025-09-20 18:30,,,,,,,,,,,35.71%,,,,,,,,,,,,,,,,,94.89%,,,,,,,,,66.40%,,,,94.69%,,,,,,,,70.27%,,,,,,,,,,52.21%,53.04%
2025-09-20 19:30,,,,,,,,,,,35.66%,,,,,,,,,,,,,,,,,91.90%,,,,,,,,,66.49%,,,,94.71%,,,,,,,,70.29%,,,,,,,,,,52.21%,53.11%
2025-09-20 20:30,,,,,,,,,,,35.91%,,,,,,,,,,,,,,,,,93.87%,,,,,,,,,66.53%,,,,94.80%,,,,,,,,70.28%,,,,,,,,,,52.21%,53.06%
2025-09-20 21:30,,,,,,,,,,,35.82%,,,,,,,,,,,,,,,,,94.61%,,,,,,,,,66.73%,,,,94.91%,,,,,,,,70.28%,,,,,,,,,,,53.10%
2025-09-20 22:30,,,,,,,,,,,35.64%,,,,,,,,,,,,,,,,,94.14%,,,,,,,,,66.35%,,,,95.01%,,,,,,,,70.38%,,,,,,,,,,,53.13%
2025-09-20 23:30,,,,,,,,,,,35.48%,,,,,,,,,,,,,,,,,94.88%,,,,,,,,,66.36%,,,,95.10%,,,,,,,,70.56%,,,,,,,,,,,53.16%
2025-09-21 00:30,,,,,,,,,,,35.39%,,,,,,,,,,,,,,,,,93.62%,,,,,,,,,65.86%,,,,95.14%,,,,,,,,70.57%,,,,,,,,,,,53.13%
2025-09-21 01:30,,,,,,,,,,,35.44%,,,,,,,,,,,,,,,,,94.20%,,,,,,,,,65.86%,,,,95.20%,,,,,,,,70.56%,,,,,,,,,,,53.20%
2025-09-21 02:30,,,,,,,,,,,35.43%,,,,,,,,,,,,,,,,,95.03%,,,,,,,,,65.87%,,,,95.22%,,,,,,,,70.56%,,,,,,,,,,,53.23%
2025-09-21 03:30,,,,,,,,,,,35.53%,,,,,,,,,,,,,,,,,95.03%,,,,,,,,,65.79%,,,,95.26%,,,,,,,,70.55%,,,,,,,,,,,53.19%
2025-09-21 04:30,,,,,,,,,,,35.61%,,,,,,,,,,,,,,,,,90.58%,,,,,,,,,66.31%,,,,95.28%,,,,,,,,70.56%,,,,,,,,,,,53.22%
2025-09-21 05:30,,,,,,,,,,,35.44%,,,,,,,,,,,,,,,,,86.49%,,,,,,,,,66.54%,,,,95.32%,,,,,,,,70.58%,,,,,,,,,,,53.29%
2025-09-21 06:30,,,,,,,,,,,35.79%,,,,,,,,,,,,,,,,,88.88%,,,,,,,,,66.79%,,,,95.36%,,,,,,,,70.57%,,,,,,,,,,,53.29%
2025-09-21 07:30,,,,,,,,,,,35.80%,,,,,,,,,,,,,,,,,92.68%,,,,,,,,,66.90%,,,,95.38%,,,,,,,,70.57%,,,,,,,,,,,53.24%
2025-09-21 08:30,,,,,,,,,,,35.75%,,,,,,,,,,,,,,,,,95.48%,,,,,,,,,66.92%,,,,95.23%,,,,,,,,70.58%,,,,,,,,,,,53.31%
2025-09-21 09:30,,,,,,,,,,,35.64%,,,,,,,,,,,,,,,,,94.90%,,,,,,,,,66.82%,,,,95.27%,,,,,,,,70.59%,,,,,,,,,,,53.38%
2025-09-21 10:30,,,,,,,,,,,35.78%,,,,,,,,,,,,,,,,,93.56%,,,,,,,,,67.16%,,,,95.31%,,,,,,,,70.52%,,,,,,,,,,,53.33%
2025-09-21 11:30,,,,,,,,,,,36.04%,,,,,,,,,,,,,,,,,95.34%,,,,,,,,,67.03%,,,,95.37%,,,,,,,,70.52%,,,,,,,,,,,53.33%
2025-09-21 12:30,,,,,,,,,,,35.76%,,,,,,,,,,,,,,,,,94.95%,,,,,,,,,66.58%,,,,95.40%,,,,,,,,70.50%,,,,,,,,,,52.06%,53.40%
2025-09-21 13:30,,,,,,,,,,,35.59%,,,,,,,,,,,,,,,,,94.71%,,,,,,,,,66.57%,,,,95.42%,,,,,,,,70.49%,,,,,,,,,,51.94%,53.44%
2025-09-21 14:30,,,,,,,,,,,35.35%,,,,,,,,,,,,,,,,,94.73%,,,,,,,,,66.86%,,,,95.44%,,,,,,,,70.50%,,,,,,,,,,51.95%,53.39%
2025-09-21 15:30,,,,,,,,,,,35.40%,,,,,,,,,,,,,,,,,95.26%,,,,,,,,,67.04%,,,,95.48%,,,,,,,,70.50%,,,,,,,,,,51.95%,53.42%
2025-09-21 16:30,,,,,,,,,,,35.30%,,,,,,,,,,,,,,,,,94.96%,,,,,,,,,67.64%,,,,95.51%,,,,,,,,70.49%,,,,,,,,,,51.95%,53.49%
2025-09-21 17:30,,,,,,,,,,,35.41%,,,,,,,,,,,,,,,,,95.32%,,,,,,,,,67.75%,,,,95.50%,,,,,,,,70.51%,,,,,,,,,,51.96%,53.46%
2025-09-21 18:30,,,,,,,,,,,35.31%,,,,,,,,,,,,,,,,,95.49%,,,,,,,,,67.87%,,,,95.36%,,,,,,,,70.50%,,,,,,,,,,51.97%,53.48%
2025-09-21 19:30,,,,,,,,,,,35.21%,,,,,,,,,,,,,,,,,95.41%,,,,,,,,,68.02%,,,,95.32%,,,,,,,,70.51%,,,,,,,,,,51.98%,53.51%
2025-09-21 20:30,,,,,,,,,,,35.33%,,,,,,,,,,,,,,,,,95.34%,,,,,,,,,67.92%,,,,95.35%,,,,,,,,70.51%,,,,,,,,,,51.98%,53.56%
2025-09-21 21:30,,,,,,,,,,,35.35%,,,,,,,,,,,,,,,,,93.45%,,,,,,,,,67.93%,,,,95.38%,,,,,,,,70.51%,,,,,,,,,,,53.51%
2025-09-21 22:30,,,,,,,,,,,35.33%,,,,,,,,,,,,,,,,,94.89%,,,,,,,,,67.94%,,,,95.40%,,,,,,,,70.52%,,,,,,,,,,,53.58%
2025-09-21 23:30,,,,,,,,,,,35.28%,,,,,,,,,,,,,,,,,95.53%,,,,,,,,,67.49%,,,,95.43%,,,,,,,,70.55%,,,,,,,,,,,53.61%
2025-09-22 00:30,,,,,,,,,,,35.28%,,,,,,,,,,,,,,,,,94.74%,,,,,,,,,67.02%,,,,95.45%,,,,,,,,70.55%,,,,,,,,,,,53.58%
2025-09-22 01:30,,,,,,,,,,,35.31%,,,,,,,,,,,,,,,,,95.80%,,,,,,,,,67.13%,,,,95.50%,,,,,,,,70.55%,,,,,,,,,,,53.60%
2025-09-22 02:30,,,,,,,,,,,35.38%,,,,,,,,,,,,,,,,,94.37%,,,,,,,,,67.08%,,,,95.54%,,,,,,,,70.55%,,,,,,,,,,,53.67%
2025-09-22 03:30,,,,,,,,,,,35.42%,,,,,,,,,,,,,,,,,95.08%,,,,,,,,,67.20%,,,,95.55%,,,,,,,,70.56%,,,,,,,,,,,53.69%
2025-09-22 04:30,,,,,,,,,,,35.50%,,,,,,,,,,,,,,,,,93.20%,,,,,,,,,67.60%,,,,95.59%,,,,,,,,70.56%,,,,,,,,,,,53.62%
2025-09-22 05:30,,,,,,,,,,,35.44%,,,,,,,,,,,,,,,,,94.98%,,,,,,,,,67.76%,,,,95.62%,,,,,,,,70.55%,,,,,,,,,,,53.69%
2025-09-22 06:30,,,,,,,,,,,35.83%,,,,,,,,,,,,,,,,,95.22%,,,,,,,,,67.99%,,,,95.66%,,,,,,,,70.55%,,,,,,,,,,,53.75%
2025-09-22 07:30,,,,,,,,,,,36.12%,,,,,,,,,,,,,,,,,94.45%,,,,,,,,,68.10%,,,,95.68%,,,,,,,,70.53%,,,,,,,,,,,53.72%
2025-09-22 08:30,,,,,,,,,,,35.57%,,,,,,,,,,,,,,,,,93.76%,,,,,,,,,68.02%,,,,95.70%,,,,,,,,70.51%,,,,,,,,,,51.95%,53.71%
2025-09-22 09:30,,,,,,,,,,,35.96%,,,,,,,,,,,,,,,,,96.14%,,,,,,,,,67.93%,,,,95.71%,,,,,,,,70.52%,,,,,,,,,,51.95%,53.78%
2025-09-22 10:30,,,,,,,,,,,35.81%,,,,,,,,,,,,,,,,,94.76%,,,,,,,,,68.05%,,,,95.71%,,,,,,,,70.52%,,,,,,,,,,51.96%,53.83%
2025-09-22 11:30,,,,,,,,,,,35.68%,,,,,,,,,,,,,,,,,90.73%,,,,,,,,,68.04%,,,,95.77%,,,,,,,,70.51%,,,,,,,,,,51.96%,53.76%
2025-09-22 12:30,,,,,,,,,,,35.73%,,,,,,,,,,,,,,,,,94.33%,,,,,,,,65.69%,67.97%,,,,96.42%,89.56%,,,,,,,70.43%,,,,,,,,,,51.96%,53.80%
2025-09-22 13:30,,,,,,,,,,,36.14%,,,,,,,,,,,,,,,,,96.06%,,,,,,,,66.07%,67.88%,,,,97.26%,89.53%,,,,,,,70.38%,,,,,,,,,,51.95%,53.87%
2025-09-22 14:30,,,,,,,,,,,35.54%,,,,,,,,,,,,,,,,,87.63%,,,,,,,,65.64%,67.83%,,,,96.79%,89.54%,,,,,,,70.38%,,,,,,,,,,51.95%,53.86%
2025-09-22 15:30,,,55.37%,,,,,,,,35.54%,,,,,,,,,,,,,,,,,75.40%,,66.63%,,,,,,68.80%,68.00%,,,,94.50%,89.55%,,,,,,,70.39%,,61.93%,59.30%,59.53%,,,,,,51.95%,53.86%
2025-09-22 16:30,,,46.57%,,,,,,,,35.52%,,,,,,,,,,,,,,,,,75.15%,,68.99%,,,,,,69.12%,68.54%,,,,93.00%,89.55%,,,,,,,70.39%,,61.95%,59.54%,59.45%,,,,,,51.95%,53.89%
2025-09-22 17:30,,,48.35%,,,,,,,,35.44%,,,19.12%,,,,,,,,,,,,,,76.15%,42.52%,69.12%,,,,,,69.02%,68.85%,,,,90.73%,89.56%,,,,,,,70.39%,,61.96%,59.57%,59.45%,,,,,,51.95%,53.95%
2025-09-22 18:30,,,45.72%,,,,,,,,35.40%,,,14.36%,,,,,,,,,,,,,,74.66%,44.69%,69.35%,,,,,,69.08%,68.80%,,,,90.17%,89.55%,,,,,,,70.39%,,61.96%,59.56%,59.46%,,,,,,51.95%,53.89%
2025-09-22 19:30,,,45.81%,,,,,,,,35.78%,,,14.95%,,,,,,,,,,,,,,69.64%,45.04%,69.41%,,,,,,69.14%,68.73%,,,,90.17%,89.54%,,,,,,,70.39%,,61.96%,59.56%,59.46%,,,,,,51.96%,53.95%
2025-09-22 20:30,,,49.63%,,,,,,,,35.72%,,,14.09%,,,,,,,,,,,,,,62.49%,45.31%,68.76%,,,,,,69.17%,68.78%,,,,89.44%,89.53%,,,,,,,70.39%,,61.96%,59.57%,59.46%,,,,,,51.96%,53.98%
2025-09-22 21:30,,,47.45%,,,,,,,,35.49%,,,14.87%,,,,,,,,,,,,,,72.11%,45.66%,68.87%,,,,,,69.35%,68.88%,,,,89.48%,89.54%,,,,,,,70.40%,,61.97%,59.57%,59.47%,,,,,,,53.98%
2025-09-22 22:30,,,46.98%,,,,,,,,35.50%,,,22.61%,,,,,,,,,,,,,,71.53%,47.60%,68.97%,,,,,,69.34%,68.65%,,,,89.50%,89.54%,,,,,,,70.40%,,61.97%,59.58%,59.46%,,,,,,,53.98%
2025-09-22 23:30,,,,,,,,,,,35.38%,,,35.89%,,,,,,,,,,,,,,71.69%,51.20%,,,,,,,,68.18%,,,,89.31%,,,,,,,,70.39%,,61.97%,,59.47%,,,,,,,54.04%
2025-09-23 00:30,,,,,,,,,,,35.29%,,,36.03%,,,,,,,,,,,,,,70.42%,51.55%,,,,,,,,68.03%,,,,89.32%,,,,,,,,70.39%,,61.96%,,59.47%,,,,,,,54.08%
2025-09-23 01:30,,,,,,,,,,,35.35%,,,35.73%,,,,,,,,,,,,,,70.74%,51.62%,,,,,,,,68.11%,,,,89.33%,,,,,,,,70.40%,,,,,,,,,,,54.00%
2025-09-23 02:30,,,,,,,,,,,35.32%,,,38.20%,,,,,,,,,,,,,,71.52%,50.67%,,,,,,,,68.15%,,,,89.34%,,,,,,,,70.41%,,,,,,,,,,,54.07%
2025-09-23 03:30,,,,,,,,,,,35.53%,,,36.57%,,,,,,,,,,,,,,71.71%,50.87%,,,,,,,,68.16%,,,,89.35%,,,,,,,,70.41%,,,,,,,,,,,54.13%
2025-09-23 04:30,,,,,,,,,,,35.52%,,,36.61%,,,,,,,,,,,,,,71.75%,51.25%,,,,,,,,68.71%,,,,89.36%,,,,,,,,70.41%,,,,,,,,,,,54.11%
2025-09-23 05:30,,,,,,,,,,,35.47%,,,36.34%,,,,,,,,,,,,,,72.01%,51.17%,,,,,,,,68.84%,,,,89.37%,,,,,,,,70.41%,,,,,,,,,,,54.09%
2025-09-23 06:30,,,,,,,,,,,35.84%,,,36.28%,,,,,,,,,,,,,,72.35%,51.04%,,,,,,,,68.89%,,,,89.39%,,,,,,,,70.41%,,,,,,,,,,,54.15%
2025-09-23 07:30,,,,,,,,,,,36.00%,,,36.28%,,,,,,,,,,,,,,72.48%,51.40%,,,,,,,,69.00%,,,,89.40%,,,,,,,,70.41%,,,,,,,,,,,54.22%
2025-09-23 08:30,,,,,,,,,,,36.23%,,,35.84%,,,,,,,,,,,,,,72.99%,51.53%,,,,,,,,68.85%,,,,89.41%,,,,,,,,70.41%,,,,,,,,,,,54.15%
2025-09-23 09:30,,,,,,,,,,,36.48%,,,35.83%,,,,,,,,,,,,,,73.11%,51.21%,,,,,,,,68.99%,,,,89.42%,,,,,,,,70.40%,,,,,,,,,,51.94%,54.18%
2025-09-23 10:30,,,,,,,,,,,36.28%,,,35.90%,,,,,,,,,,,,,,73.32%,51.21%,,,,,,,,68.34%,,,,89.47%,,,,,,,,70.40%,,,,,,,,,,51.93%,54.24%
2025-09-23 11:30,,,,,,,,,,,35.91%,,,36.19%,,,,,,,,,,,,,,74.02%,51.71%,,,,,,,,62.25%,,,,89.58%,,,,,,,,70.41%,,,,,,,,,,51.93%,54.25%
2025-09-23 12:30,,,50.95%,,,,,,,,36.32%,,,29.25%,,,,,,,,,,,,,,78.37%,50.89%,65.70%,,,,,,60.01%,61.51%,,,,89.74%,91.95%,,,,,,,70.41%,,61.92%,59.52%,,,,,,,51.94%,54.24%
2025-09-23 13:30,,,47.87%,,,,,,,,36.65%,,,15.40%,,,,,,,,,,,,,,81.73%,48.57%,67.32%,,,,,,56.86%,61.56%,,,,90.36%,92.96%,,,,,,,70.41%,,61.93%,59.59%,59.47%,,,,,,51.94%,54.27%
2025-09-23 14:30,,,47.15%,,,,,,,,35.73%,,,15.07%,,,,,,,,,,,,,,78.46%,48.56%,68.26%,,,,,,57.43%,61.50%,,,,90.50%,92.97%,,,,,,,70.42%,,61.94%,59.64%,59.46%,,,,,,51.95%,54.33%
2025-09-23 15:30,,,51.44%,,,,,,,,35.58%,,,15.94%,,,,,,,,,,,,,,76.49%,48.59%,69.15%,,,,,,70.34%,61.54%,,,,90.52%,92.98%,,,,,,,70.40%,,61.94%,59.65%,59.42%,,,,,,51.95%,54.28%
2025-09-23 16:30,,,51.08%,,,,,,,,35.69%,,,15.33%,,,,,,,,,,,,,,72.55%,48.59%,69.24%,,,,,,72.43%,61.84%,,,,89.46%,93.01%,,,,,,,70.41%,,61.94%,59.65%,59.42%,,,,,,51.95%,54.33%
2025-09-23 17:30,,,50.84%,,,,,,,,35.94%,,,16.00%,,,,,,,,,,,,,,72.73%,48.87%,70.01%,,,,,,73.23%,62.19%,,,,89.89%,93.02%,,,,,,,70.40%,,61.93%,59.70%,59.42%,,,,,,51.95%,54.36%
2025-09-23 18:30,,,53.20%,,,,,,,,35.82%,,,14.99%,,,,,,,,,,,,,,69.71%,48.82%,69.97%,,,,,,72.89%,62.33%,,,,89.93%,93.03%,,,,,,,70.41%,,61.94%,59.70%,59.43%,,,,,,51.96%,54.37%
2025-09-23 19:30,,,54.71%,,,,,,,,35.62%,,,14.83%,,,,,,,,,,,,,,74.11%,48.78%,68.73%,,,,,,73.07%,62.46%,,,,89.87%,93.04%,,,,,,,70.41%,,61.95%,59.70%,59.43%,,,,,,51.96%,54.35%
2025-09-23 20:30,,,51.60%,,,,,,,,36.00%,,,16.59%,,,,,,,,,,,,,,79.43%,45.58%,68.34%,,,,,,73.12%,62.35%,,,,89.99%,93.04%,,,,,,,70.41%,,61.94%,59.71%,59.43%,,,,,,51.96%,54.42%
2025-09-23 21:30,,,51.41%,,,,,,,,36.09%,,,15.75%,,,,,,,,,,,,,,77.96%,47.72%,68.34%,,,,,,76.49%,62.35%,,,,90.02%,93.03%,,,,,,,70.40%,,61.95%,59.75%,59.44%,,,,,,,54.46%
2025-09-23 22:30,,,50.54%,,,,,,,,35.62%,,,26.11%,,,,,,,,,,,,,,78.30%,49.33%,68.38%,,,,,,76.54%,62.31%,,,,90.03%,93.03%,,,,,,,70.41%,,61.95%,59.73%,59.44%,,,,,,,54.39%
2025-09-23 23:30,,,,,,,,,,,35.68%,,,38.46%,,,,,,,,,,,,,,79.09%,52.28%,,,,,,,,62.32%,,,,90.04%,,,,,,,,70.42%,,61.95%,,59.44%,,,,,,,54.44%
2025-09-24 00:30,,,,,,,,,,,35.84%,,,38.59%,,,,,,,,,,,,,,79.67%,52.81%,,,,,,,,62.22%,,,,90.05%,,,,,,,,70.40%,,61.96%,,59.44%,,,,,,,54.51%
2025-09-24 01:30,,,,,,,,,,,35.83%,,,38.81%,,,,,,,,,,,,,,79.87%,53.09%,,,,,,,,61.89%,,,,90.08%,,,,,,,,70.39%,,,,,,,,,,,54.51%
2025-09-24 02:30,,,,,,,,,,,35.68%,,,44.34%,,,,,,,,,,,,,,80.11%,52.84%,,,,,,,,61.88%,,,,90.10%,,,,,,,,70.39%,,,,,,,,,,,54.47%
2025-09-24 03:30,,,,,,,,,,,35.75%,,,36.92%,,,,,,,,,,,,,,80.50%,52.12%,,,,,,,,62.02%,,,,90.11%,,,,,,,,70.39%,,,,,,,,,,,54.53%
2025-09-24 04:30,,,,,,,,,,,36.31%,,,38.94%,,,,,,,,,,,,,,81.13%,52.52%,,,,,,,,62.40%,,,,89.95%,,,,,,,,70.40%,,,,,,,,,,,52.42%
2025-09-24 05:30,,,,,,,,,,,36.33%,,,38.29%,,,,,,,,,,,,,,81.36%,52.28%,,,,,,,,62.73%,,,,89.93%,,,,,,,,70.40%,,,,,,,,,,,41.80%
2025-09-24 06:30,,,,,,,,,,,36.48%,,,38.33%,,,,,,,,,,,,,,81.41%,52.32%,,,,,,,,62.72%,,,,89.94%,,,,,,,,70.40%,,,,,,,,,,,42.06%
2025-09-24 07:30,,,,,,,,,,,36.64%,,,39.61%,,,,,,,,,,,,,,81.64%,52.49%,,,,,,,,62.71%,,,,89.96%,,,,,,,,70.40%,,,,,,,,,,,42.22%
2025-09-24 08:30,,,,,,,,,,,37.40%,,,38.42%,,,,,,,,,,,,,,81.87%,52.18%,,,,,,,,62.67%,,,,89.97%,,,,,,,,70.40%,,,,,,,,,,,42.35%
2025-09-24 09:30,,,,,,,,,,,36.56%,,,42.40%,,,,,,,,,,,,,,82.15%,52.69%,,,,,,,,62.74%,,,,89.98%,,,,,,,,70.40%,,,,,,,,,,,42.41%
2025-09-24 10:30,,,,,,,,,,,36.63%,,,37.74%,,,,,,,,,,,,,,80.06%,52.33%,,,,,,,,64.07%,,,,90.10%,,,,,,,,70.46%,,,,,,,,,,,42.54%
2025-09-24 11:30,,,,,,,,,,,36.32%,,,37.30%,,,,,,,,,,,,,,85.21%,52.20%,,,,,,,,58.55%,,,,90.75%,,,,,,,,70.56%,,,,,,,,,,,42.64%
2025-09-24 12:30,,,,,,,,,,,36.25%,,,43.80%,,,,,,,,,,,,,,68.58%,52.28%,,,,,,,,55.81%,,,,90.93%,,,,,,,,70.56%,,,,,,,,,,,42.55%
2025-09-24 13:30,,,,,,,,,,,36.54%,,,35.90%,,,,,,,,,,,,,,60.45%,52.07%,,,,,,,,56.40%,,,,90.16%,,,,,,,,70.56%,,,,,,,,,,,42.64%
2025-09-24 14:30,,,,,,,,,,,36.07%,,,38.77%,,,,,,,,,,,,,,63.35%,52.50%,64.46%,,,,,,,51.57%,,,,90.06%,,,,,,,,70.58%,,,,,,,,,,,42.75%
2025-09-24 15:30,,,,,,,,,,,35.91%,,,37.52%,,,,,,,,,,,,,,68.83%,52.79%,66.58%,,,,,,64.27%,51.02%,,,,90.10%,93.10%,,,,,,,70.57%,,,59.69%,,,,,,,,42.66%
2025-09-24 16:30,,,,,,,,,,,36.04%,,,38.05%,,,,,,,,,,,,,,72.65%,52.88%,68.54%,,,,,,69.23%,51.66%,,,,90.26%,93.01%,,,,,,,70.58%,,,59.66%,,,,,,,,42.68%
2025-09-24 17:30,,,,,,,,,,,35.92%,,,39.35%,,,,,,,,,,,,,,75.17%,52.69%,69.46%,,,,,,67.37%,51.77%,,,,90.63%,92.99%,,,,,,,70.60%,,,59.68%,,,,,,,,42.79%
2025-09-24 18:30,,,,,,,,,,,35.66%,,,37.27%,,,,,,,,,,,,,,75.97%,52.91%,69.59%,,,,,,67.40%,51.63%,,,,90.59%,93.00%,,,,,,,70.59%,,,59.68%,,,,,,,,42.84%
2025-09-24 19:30,,,,,,,,,,,35.39%,,,37.58%,,,,,,,,,,,,,,54.91%,53.37%,68.63%,,,,,,67.56%,51.92%,,,,90.57%,93.00%,,,,,,,70.59%,,,59.68%,,,,,,,,42.72%
2025-09-24 20:30,,,,,,,,,,,35.55%,,,36.89%,,,,,,,,,,,,,,55.63%,52.78%,68.41%,,,,,,67.60%,52.08%,,,,90.59%,92.99%,,,,,,,70.57%,,,59.69%,,,,,,,,42.83%
2025-09-24 21:30,,,,,,,,,,,35.53%,,,44.10%,,,,,,,,,,,,,,55.84%,53.28%,68.47%,,,,,,70.13%,52.05%,,,,90.61%,92.99%,,,,,,,70.58%,,,59.70%,,,,,,,,42.95%
2025-09-24 22:30,,,,,,,,,,,35.37%,,,36.95%,,,,,,,,,,,,,,55.99%,53.29%,68.90%,,,,,,70.05%,52.19%,,,,90.63%,92.98%,,,,,,,70.57%,,,59.69%,,,,,,,,42.84%
2025-09-24 23:30,,,,,,,,,,,35.41%,,,38.17%,,,,,,,,,,,,,,56.23%,53.46%,,,,,,,,50.60%,,,,90.65%,,,,,,,,70.62%,,,,,,,,,,,42.88%
2025-09-25 00:30,,,,,,,,,,,35.51%,,,44.56%,,,,,,,,,,,,,,56.45%,53.57%,,,,,,,,50.08%,,,,90.67%,,,,,,,,70.89%,,,,,,,,,,,42.99%
2025-09-25 01:30,,,,,,,,,,,35.61%,,,37.49%,,,,,,,,,,,,,,56.64%,53.69%,,,,,,,,50.00%,,,,90.68%,,,,,,,,70.88%,,,,,,,,,,,43.01%
2025-09-25 02:30,,,,,,,,,,,35.47%,,,40.85%,,,,,,,,,,,,,,56.78%,53.47%,,,,,,,,50.00%,,,,90.70%,,,,,,,,70.88%,,,,,,,,,,,42.92%
2025-09-25 03:30,,,,,,,,,,,35.51%,,,37.11%,,,,,,,,,,,,,,57.03%,53.00%,,,,,,,,50.01%,,,,90.71%,,,,,,,,70.89%,,,,,,,,,,,45.54%
2025-09-25 04:30,,,,,,,,,,,35.77%,,,36.71%,,,,,,,,,,,,,,57.59%,53.59%,,,,,,,,50.44%,,,,90.71%,,,,,,,,70.88%,,,,,,,,,,,49.26%
2025-09-25 05:30,,,,,,,,,,,35.83%,,,36.42%,,,,,,,,,,,,,,57.68%,53.13%,,,,,,,,50.71%,,,,90.73%,,,,,,,,70.88%,,,,,,,,,,,49.18%
2025-09-25 06:30,,,,,,,,,,,36.06%,,,36.10%,,,,,,,,,,,,,,57.79%,53.07%,,,,,,,,50.96%,,,,90.75%,,,,,,,,70.89%,,,,,,,,,,,49.22%
2025-09-25 07:30,,,,,,,,,,,36.47%,,,36.20%,,,,,,,,,,,,,,58.00%,52.97%,,,,,,,,51.08%,,,,90.76%,,,,,,,,70.89%,,,,,,,,,,,49.33%
2025-09-25 08:30,,,,,,,,,,,36.17%,,,35.62%,,,,,,,,,,,,,,58.12%,53.01%,,,,,,,,51.05%,,,,90.78%,,,,,,,,70.89%,,,,,,,,,,,49.33%
2025-09-25 09:30,,,,,,,,,,,36.05%,,,37.54%,,,,,,,,,,,,,,58.41%,53.74%,,,,,,,,51.20%,,,,90.68%,,,,,,,,70.90%,,,,,,,,,,,49.26%
2025-09-25 10:30,,,,,,,,,,,35.89%,,,37.30%,,,,,,,,,,,,,,59.77%,53.50%,,,,,,,,51.13%,,,,90.49%,,,,,,,,70.88%,,,,,,,,,,,49.37%
2025-09-25 11:30,,,,,,,,,,,36.03%,,,36.52%,,,,,,,,,,,,,,38.68%,53.49%,,,,,,,,51.17%,,,,89.00%,,,,,,,,70.90%,,,,,,,,,,,49.44%
2025-09-25 12:30,,,,,,,,,,,36.33%,,,37.64%,,,,,,,,,57.30%,,,,,63.09%,54.26%,,,,,,,44.51%,50.63%,,,,88.94%,92.98%,,,,,,,70.95%,,,,,,,,,,,49.38%
2025-09-25 13:30,,,,,,,,,,,36.79%,,,37.06%,,,,,,,,,63.85%,,,,,75.52%,54.73%,,,,,,,44.43%,50.43%,,,,89.04%,92.99%,,,,,,,70.94%,,,,,,,,,,,49.41%
2025-09-25 14:30,,,,,,,,,,,36.15%,,,37.97%,,,,,,,,,64.73%,,,,,80.02%,54.52%,,,,,,,44.89%,50.11%,,,,89.15%,92.99%,,,,,,,70.96%,,,,,,,,,,,49.52%
2025-09-25 15:30,,,,,,,,,,,35.72%,,,37.21%,,,,,,,,,64.70%,,,,,83.44%,54.24%,,,,,,,46.45%,50.07%,,,,89.30%,92.98%,,,,,,,70.97%,,,,,,,,,,,49.53%
2025-09-25 16:30,,,,,,,,,,,36.09%,,,28.06%,,,,,,,,,65.39%,,,,,85.10%,51.84%,,,,,,,46.84%,51.24%,,,,89.30%,92.97%,,,,,,,70.96%,,,,,,,,,,,49.45%
2025-09-25 17:30,,,,,,,,,,,36.02%,,,26.21%,,,,,,,,,65.73%,,,,,83.67%,51.53%,,,,,,,46.93%,51.26%,,,,89.33%,92.98%,,,,,,,70.97%,,,,,,,,,,,49.56%
2025-09-25 18:30,,,,,,,,,,,35.59%,,,26.31%,,,,,,,,,66.13%,,,,,85.77%,51.60%,,,,,,,46.94%,51.36%,,,,89.40%,92.98%,,,,,,,70.97%,,,,,,,,,,,49.63%
2025-09-25 19:30,,,,,,,,,,,35.50%,,,27.75%,,,,,,,,,66.43%,,,,,91.25%,51.90%,,,,,,,46.98%,51.40%,,,,89.46%,92.99%,,,,,,,70.98%,,,,,,,,,,,49.57%
2025-09-25 20:30,,,,,,,,,,,35.66%,,,24.70%,,,,,,,,,66.97%,,,,,90.94%,51.33%,,,,,,,46.96%,51.40%,,,,89.58%,93.00%,,,,,,,70.99%,,,,,,,,,,,49.59%
2025-09-25 21:30,,,,,,,,,,,,,,27.25%,,,,,,,,,67.32%,,,,,,51.81%,,,,,,,47.27%,51.47%,,,,,93.00%,,,,,,,70.99%,,,,,,,,,,,49.70%
2025-09-25 22:30,,,,,,,,,,,,,,25.29%,,,,,,,,,67.50%,,,,,,51.59%,,,,,,,47.18%,51.99%,,,,,92.98%,,,,,,,71.00%,,,,,,,,,,,49.73%
2025-09-25 23:30,,,,,,,,,,,,,,27.49%,,,,,,,,,67.76%,,,,,,51.95%,,,,,,,,51.77%,,,,,,,,,,,,71.02%,,,,,,,,,,,49.63%
2025-09-26 00:30,,,,,,,,,,,,,,25.70%,,,,,,,,,68.69%,,,,,,51.50%,,,,,,,,51.18%,,,,,,,,,,,,71.02%,,,,,,,,,,,49.74%
2025-09-26 01:30,,,,,,,,,,,,,,32.04%,,,,,,,,,68.88%,,,,,,51.79%,,,,,,,,51.26%,,,,,,,,,,,,71.02%,,,,,,,,,,,49.83%
2025-09-26 02:30,,,,,,,,,,,,,,31.60%,,,,,,,,,72.31%,,,,,,52.24%,,,,,,,,51.32%,,,,,,,,,,,,71.03%,,,,,,,,,,,49.77%
2025-09-26 03:30,,,,,,,,,,,,,,27.23%,,,,,,,,,80.78%,,,,,,51.60%,,,,,,,,51.40%,,,,,,,,,,,,71.02%,,,,,,,,,,,49.78%
2025-09-26 04:30,,,,,,,,,,,,,,25.90%,,,,,,,,,81.09%,,,,,,51.56%,,,,,,,,51.89%,,,,,,,,,,,,71.03%,,,,,,,,,,,49.89%
2025-09-26 05:30,,,,,,,,,,,,,,28.35%,,,,,,,,,81.14%,,,,,,51.90%,,,,,,,,51.95%,,,,,,,,,,,,71.03%,,,,,,,,,,,49.93%
2025-09-26 06:30,,,,,,,,,,,,,,28.50%,,,,,,,,,81.44%,,,,,,52.08%,,,,,,,,52.19%,,,,,,,,,,,,71.04%,,,,,,,,,,,49.82%
2025-09-26 07:30,,,,,,,,,,,,,,26.87%,,,,,,,,,81.54%,,,,,,51.78%,,,,,,,,52.25%,,,,,,,,,,,,71.05%,,,,,,,,,,,49.93%
2025-09-26 08:30,,,,,,,,,,,,,,27.24%,,,,,,,,,81.83%,,,,,,51.79%,,,,,,,,52.34%,,,,,,,,,,,,71.03%,,,,,,,,,,,50.02%
2025-09-26 09:30,,,,,,,,,,,,,,29.37%,,,,,,,,,81.97%,,,,,,51.99%,,,,,,,,52.40%,,,,,,,,,,,,71.03%,,,,,,,,,,51.86%,49.96%
2025-09-26 10:30,,,,,,,,,,,,,,27.20%,,,,,,,,,82.33%,,,,,,51.51%,,,,,,,,52.20%,,,,,,,,,,,,71.05%,,,,,,,,,,51.98%,49.96%
2025-09-26 11:30,,,,,,,,,,,,,,28.03%,,,,,,,,,82.42%,,,,,57.61%,51.55%,,,,,,,,51.96%,,,,89.78%,,,,,,,,71.00%,,,,,,,,,,51.93%,50.07%
2025-09-26 12:30,,,,,,,,,,,,,,29.19%,,,,,,,,,83.13%,,,,,68.91%,51.58%,,,,,,,,51.31%,,,,89.96%,,,,,,,,71.02%,,,,,,,,,,51.92%,50.13%
2025-09-26 13:30,,,,,,,,,,,,,,29.89%,,,,,,,,,83.34%,,,,,71.09%,51.68%,,,,,,,,51.41%,,,,90.10%,,,,,,,,71.03%,,,,,,,,,,51.92%,50.01%
2025-09-26 14:30,,,,,,,,,,,,,,30.27%,,,,,,,,,83.71%,,,,,70.67%,51.78%,66.05%,,,,,,,51.45%,,,,90.14%,,,,,,,,71.02%,,,,,,,,,,51.93%,50.11%
2025-09-26 15:30,,,,,,,,,,,,,,30.35%,,,,,,,,,83.70%,,,,,70.70%,51.69%,68.70%,,,,,,,51.63%,,,,90.23%,,,,,,,,71.05%,,,,,,,,,,51.93%,50.21%
2025-09-26 16:30,,,,,,,,,,,,,,31.39%,,,,,,,,,86.94%,,,,,75.14%,51.94%,69.58%,,,,,,,52.24%,,,,90.48%,,,,,,,,71.06%,,,,,,,,,,51.93%,50.16%
2025-09-26 17:30,,,,,,,,,55.33%,,,,,26.63%,,,,,,,,,88.17%,,,65.81%,,75.97%,51.48%,69.98%,,,,,,,52.48%,,,,90.58%,,,,,,,,71.07%,,,,,,,,,,,50.15%
2025-09-26 18:30,,,,,,,,,,,,,,20.77%,,,,,,,,,89.84%,,,,,62.67%,51.35%,70.19%,,,,,,,52.53%,,,,90.58%,,,,,,,,71.08%,,,,,,,,,,,50.26%
2025-09-26 19:30,,,,,,,,,,,,,,20.61%,,,,,,,,,89.71%,,,,,78.07%,51.54%,70.10%,,,,,,,52.60%,,,,90.77%,,,,,,,,71.07%,,,,,,,,,,,50.32%
2025-09-26 20:30,,,,,,,,,,,,,,20.43%,,,,,,,,,89.68%,,,,,78.71%,51.41%,69.99%,,,,,,,52.61%,,,,90.84%,,,,,,,,71.07%,,,,,,,,,,,50.20%
2025-09-26 21:30,,,,,,,,,,,,,,25.72%,,,,,,,,,89.73%,,,,,73.98%,52.35%,69.74%,,,,,,,52.59%,,,,90.81%,,,,,,,,71.08%,,,,,,,,,,,50.29%
2025-09-26 22:30,,,,,,,,,,,,,,24.32%,,,,,,,,,89.92%,,,,,74.84%,52.20%,70.43%,,,,,,,52.64%,,,,90.82%,,,,,,,,71.09%,,,,,,,,,,,50.40%
2025-09-26 23:30,,,,,,,,,,,,,,25.74%,,,,,,,,,90.29%,,,,,75.02%,52.42%,,,,,,,,52.35%,,,,90.84%,,,,,,,,71.10%,,,,,,,,,,,50.36%
2025-09-27 00:30,,,,,,,,,,,,,,26.21%,,,,,,,,,90.69%,,,,,75.70%,52.53%,,,,,,,,51.69%,,,,90.89%,,,,,,,,71.10%,,,,,,,,,,,50.33%
2025-09-27 01:30,,,,,,,,,,,,,,29.12%,,,,,,,,,90.73%,,,,,78.45%,52.77%,,,,,,,,51.78%,,,,91.04%,,,,,,,,71.10%,,,,,,,,,,,50.44%
2025-09-27 02:30,,,,,,,,,,,,,,26.43%,,,,,,,,,90.44%,,,,,79.20%,52.49%,,,,,,,,51.69%,,,,91.09%,,,,,,,,71.10%,,,,,,,,,,,50.52%
2025-09-27 03:30,,,,,,,,,,,,,,25.94%,,,,,,,,,87.30%,,,,,79.32%,52.35%,,,,,,,,51.65%,,,,91.14%,,,,,,,,71.10%,,,,,,,,,,,50.40%
2025-09-27 04:30,,,,,,,,,,,,,,26.53%,,,,,,,,,87.58%,,,,,79.74%,52.62%,,,,,,,,52.27%,,,,91.19%,,,,,,,,71.11%,,,,,,,,,,,50.48%
2025-09-27 05:30,,,,,,,,,,,,,,25.86%,,,,,,,,,87.48%,,,,,80.18%,52.53%,,,,,,,,52.38%,,,,91.13%,,,,,,,,71.10%,,,,,,,,,,,50.59%
2025-09-27 06:30,,,,,,,,,,,,,,25.87%,,,,,,,,,87.83%,,,,,80.18%,52.54%,,,,,,,,52.59%,,,,91.16%,,,,,,,,71.10%,,,,,,,,,,,50.56%
2025-09-27 07:30,,,,,,,,,,,,,,26.05%,,,,,,,,,87.79%,,,,,80.86%,52.54%,,,,,,,,52.72%,,,,91.23%,,,,,,,,71.09%,,,,,,,,,,,50.52%
2025-09-27 08:30,,,,,,,,,,,,,,27.13%,,,,,,,,,88.03%,,,,,,52.54%,,,,,,,,52.58%,,,,,,,,,,,,71.08%,,,,,,,,,,,50.62%
2025-09-27 09:30,,,,,,,,,,,,,,26.71%,,,,,,,,,87.85%,,,,,,52.36%,,,,,,,,52.64%,,,,,,,,,,,,71.04%,,,,,,,,,,,50.72%
2025-09-27 10:30,,,,,,,,,,,,,,26.26%,,,,,,,,,87.99%,,,,,,52.49%,,,,,,,,52.72%,,,,,,,,,,,,71.01%,,,,,,,,,,,50.59%
2025-09-27 11:30,,,,,,,,,,,,,,28.17%,,,,,,,,,87.82%,,,,,,52.88%,,,,,,,,52.71%,,,,,,,,,,,,71.01%,,,,,,,,,,,50.66%
2025-09-27 12:30,,,,,,,,,,,,,,27.22%,,,,,,,,,88.10%,,,,,,52.50%,,,,,,,,52.27%,,,,,,,,,,,,71.02%,,,,,,,,,,,50.76%
2025-09-27 13:30,,,,,,,,,,,,,,30.16%,,,,,,,,,88.04%,,,,,,52.94%,,,,,,,,52.23%,,,,,,,,,,,,71.03%,,,,,,,,,,,50.79%
2025-09-27 14:30,,,,,,,,,,,,,,28.77%,,,,,,,,,88.14%,,,,,,52.63%,,,,,,,,52.18%,,,,,,,,,,,,71.00%,,,,,,,,,,,50.69%
2025-09-27 15:30,,,,,,,,,,,,,,28.18%,,,,,,,,,87.99%,,,,,,52.61%,,,,,,,,52.17%,,,,,,,,,,,,71.07%,,,,,,,,,,,50.79%
2025-09-27 16:30,,,,,,,,,,,,,,28.98%,,,,,,,,,88.17%,,,,,,52.78%,,,,,,,,52.28%,,,,,,,,,,,,71.27%,,,,,,,,,,,50.90%
2025-09-27 17:30,,,,,,,,,,,,,,22.07%,,,,,,,,,88.09%,,,,,,51.90%,,,,,,,,52.23%,,,,,,,,,,,,71.27%,,,,,,,,,,,50.82%
2025-09-27 18:30,,,,,,,,,,,,,,26.38%,,,,,,,,,87.94%,,,,,,53.14%,,,,,,,,52.28%,,,,,,,,,,,,71.28%,,,,,,,,,,,50.83%
2025-09-27 19:30,,,,,,,,,,,,,,27.68%,,,,,,,,,88.19%,,,,,,53.69%,,,,,,,,52.25%,,,,,,,,,,,,71.28%,,,,,,,,,,,50.93%
2025-09-27 20:30,,,,,,,,,,,,,,17.09%,,,,,,,,,88.14%,,,,,,47.12%,,,,,,,,52.10%,,,,,,,,,,,,71.28%,,,,,,,,,,,50.99%
2025-09-27 21:30,,,,,,,,,,,,,,27.14%,,,,,,,,,88.37%,,,,,,50.69%,,,,,,,,52.11%,,,,,,,,,,,,71.28%,,,,,,,,,,,50.90%
2025-09-27 22:30,,,,,,,,,,,,,,28.23%,,,,,,,,,88.60%,,,,,,51.27%,,,,,,,,52.15%,,,,,,,,,,,,71.28%,,,,,,,,,,,50.97%
2025-09-27 23:30,,,,,,,,,,,,,,28.95%,,,,,,,,,88.78%,,,,,,51.65%,,,,,,,,52.55%,,,,,,,,,,,,71.28%,,,,,,,,,,,51.07%
2025-09-28 00:30,,,,,,,,,,,,,,21.24%,,,,,,,,,88.88%,,,,,,50.62%,66.41%,,,,,,,52.06%,,,,,,,,,,,,71.29%,,,,,,,,,,,51.03%
2025-09-28 01:30,,,,,,,,,,,,,,26.12%,,,,,,,,,88.95%,,,,,,51.41%,67.19%,,,,,,,52.15%,,,,,,,,,,,,71.29%,,,,,,,,,,,51.03%
2025-09-28 02:30,,,,,,,,,,,,,,24.29%,,,,,,,,,89.42%,,,,,,50.99%,68.13%,,,,,,,52.25%,,,,,,,,,,,,71.29%,,,,,,,,,,,51.11%
2025-09-28 03:30,,,,,,,,,,,,,,22.81%,,,,,,,,,89.15%,,,,,,50.67%,68.25%,,,,,,,52.19%,,,,,,,,,,,,71.29%,,,,,,,,,,,51.17%
2025-09-28 04:30,,,,,,,,,,,,,,24.36%,,,,,,,,,89.32%,,,,,,50.97%,68.64%,,,,,,,52.66%,,,,,,,,,,,,71.29%,,,,,,,,,,,51.11%
2025-09-28 05:30,,,,,,,,,,,,,,22.10%,,,,,,,,,89.31%,,,,,,50.85%,68.50%,,,,,,,52.58%,,,,,,,,,,,,71.29%,,,,,,,,,,,51.16%
2025-09-28 06:30,,,,,,,,,,,,,,24.12%,,,,,,,,,89.56%,,,,,,51.24%,68.91%,,,,,,,52.40%,,,,,,,,,,,,71.29%,,,,,,,,,,,51.25%
2025-09-28 07:30,,,,,,,,,,,,,,23.29%,,,,,,,,,89.38%,,,,,,51.09%,69.44%,,,,,,,52.42%,,,,,,,,,,,,71.29%,,,,,,,,,,,51.21%
2025-09-28 08:30,,,,,,,,,,,,,,25.85%,,,,,,,,,89.34%,,,,,,51.47%,69.16%,,,,,,,52.56%,,,,,,,,,,,,71.29%,,,,,,,,,,,51.25%
2025-09-28 09:30,,,,,,,,,,,,,,26.56%,,,,,,,,,89.28%,,,,,,51.65%,69.08%,,,,,,,52.57%,,,,,,,,,,,,71.28%,,,,,,,,,,,51.29%
2025-09-28 10:30,,,,,,,,,,,,,,32.26%,,,,,,,,,89.49%,,,,,,51.73%,68.94%,,,,,,,52.78%,,,,,,,,,,,,71.28%,,,,,,,,,,,51.36%
2025-09-28 11:30,,,,,,,,,,,,,,29.94%,,,,,,,,,89.28%,,,,,,51.58%,69.09%,,,,,,,52.78%,,,,,,,,,,,,71.26%,,,,,,,,,,,51.29%
2025-09-28 12:30,,,,,,,,,,,,,,26.81%,,,,,,,,,89.66%,,,,,,51.40%,69.24%,,,,,,,52.26%,,,,,,,,,,,,71.23%,,,,,,,,,,,51.38%
2025-09-28 13:30,,,,,,,,,,,,,,30.51%,,,,,,,,,89.38%,,,,,,51.75%,69.94%,,,,,,,52.30%,,,,,,,,,,,,71.21%,,,,,,,,,,,51.42%
2025-09-28 14:30,,,,,,,,,,,,,,29.40%,,,,,,,,,89.30%,,,,,,51.61%,69.06%,,,,,,,52.27%,,,,,,,,,,,,71.21%,,,,,,,,,,,51.40%
2025-09-28 15:30,,,,,,,,,,,,,,28.71%,,,,,,,,,89.29%,,,,,28.41%,51.62%,69.16%,,,,,,,52.29%,,,,91.47%,,,,,,,,71.20%,,,,,,,,,,,51.43%
2025-09-28 16:30,,,,,,,,,,,,,,27.94%,,,,,,,,,89.43%,,,,,28.68%,51.50%,69.40%,,,,,,,53.02%,,,,91.47%,,,,,,,,71.19%,,,,,,,,,,,51.51%
2025-09-28 17:30,,,,,,,,,,,,,,27.82%,,,,,,,,,89.31%,,,,,28.88%,51.40%,69.46%,,,,,,,53.09%,,,,91.49%,,,,,,,,71.19%,,,,,,,,,,,51.54%
2025-09-28 18:30,,,,,,,,,,,,,,27.15%,,,,,,,,,89.24%,,,,,28.98%,51.93%,69.75%,,,,,,,53.20%,,,,91.53%,,,,,,,,71.20%,,,,,,,,,,,51.46%
2025-09-28 19:30,,,,,,,,,,,,,,24.18%,,,,,,,,,89.22%,,,,,29.08%,51.75%,69.50%,,,,,,,53.28%,,,,91.61%,,,,,,,,71.20%,,,,,,,,,,,51.56%
2025-09-28 20:30,,,,,,,,,,,,,,22.61%,,,,,,,,,89.40%,,,,,29.04%,51.61%,69.41%,,,,,,,53.22%,,,,91.62%,,,,,,,,71.18%,,,,,,,,,,,51.64%
2025-09-28 21:30,,,,,,,,,,,,,,21.82%,,,,,,,,,89.30%,,,,,29.09%,51.55%,69.37%,,,,,,,53.26%,,,,91.64%,,,,,,,,71.19%,,,,,,,,,,,51.58%
2025-09-28 22:30,,,,,,,,,,,,,,23.12%,,,,,,,,,89.44%,,,,,29.11%,51.88%,69.75%,,,,,,,53.37%,,,,91.65%,,,,,,,,71.18%,,,,,,,,,,,51.60%
2025-09-28 23:30,,,,,,,,,,,,,,20.56%,,,,,,,,,89.42%,,,,,29.12%,51.52%,69.89%,,,,,,,53.10%,,,,91.66%,,,,,,,,71.14%,,,,,,,,,,,51.70%
2025-09-29 00:30,,,,,,,,,,,,,,21.07%,,,,,,,,,89.49%,,,,,29.14%,51.64%,69.55%,,,,,,,52.62%,,,,91.68%,,,,,,,,71.15%,,,,,,,,,,,51.75%
2025-09-29 01:30,,,,,,,,,,,,,,26.69%,,,,,,,,,89.38%,,,,,29.21%,52.46%,,,,,,,,52.76%,,,,91.69%,,,,,,,,71.15%,,,,,,,,,,,51.64%
2025-09-29 02:30,,,,,,,,,,,,,,32.92%,,,,,,,,,89.79%,,,,,29.36%,53.12%,,,,,,,,52.78%,,,,91.71%,,,,,,,,71.14%,,,,,,,,,,,51.74%
2025-09-29 03:30,,,,,,,,,,,,,,28.37%,,,,,,,,,89.36%,,,,,29.48%,52.69%,,,,,,,,52.56%,,,,91.72%,,,,,,,,71.15%,,,,,,,,,,,51.84%
2025-09-29 04:30,,,,,,,,,,,,,,27.78%,,,,,,,,,89.59%,,,,,29.87%,52.50%,,,,,,,,52.90%,,,,91.74%,,,,,,,,71.15%,,,,,,,,,,,51.78%
2025-09-29 05:30,,,,,,,,,,,,,,26.21%,,,,,,,,,89.41%,,,,,29.80%,52.32%,,,,,,,,53.07%,,,,91.75%,,,,,,,,71.15%,,,,,,,,,,,51.77%
2025-09-29 06:30,,,,,,,,,,,,,,33.28%,,,,,,,,,89.46%,,,,,29.77%,52.48%,,,,,,,,53.28%,,,,91.77%,,,,,,,,71.16%,,,,,,,,,,,51.88%
2025-09-29 07:30,,,,,,,,,,,,,,27.13%,,,,,,,,,89.50%,,,,,29.79%,52.52%,,,,,,,,53.43%,,,,91.78%,,,,,,,,71.16%,,,,,,,,,,,51.98%
2025-09-29 08:30,,,,,,,,,,,,,,28.66%,,,,,,,,,89.55%,,,,,29.78%,52.78%,,,,,,,,53.37%,,,,91.80%,,,,,,,,71.16%,,,,,,,,,,,51.82%
2025-09-29 09:30,,,,,,,,,,,,,,30.68%,,,,,,,,,89.51%,,,,,29.79%,53.19%,,,,,,,,53.24%,,,,91.80%,,,,,,,,71.15%,,,,,,,,,,,51.91%
2025-09-29 10:30,,,,,,,,,,,,,,28.98%,,,,,,,,,89.61%,,,,,29.89%,52.60%,,,,,,,,53.47%,,,,91.82%,,,,,,,,71.17%,,,,,,,,,,,52.02%
2025-09-29 11:30,,,,,,,,,,,,,,28.69%,,,,,,,,,89.42%,,,,,29.88%,52.77%,,,,,,,,53.48%,,,,91.83%,,,,,,,,71.15%,,,,,,,,,,,52.02%
2025-09-29 12:30,,,,,,,,,,,,,,23.09%,,,,,,,,,89.69%,,,,,29.71%,51.86%,,,,,,,,53.06%,,,,91.84%,,,,,,,,71.15%,,,,,,,,,,,51.95%
2025-09-29 13:30,,,,,,,,,,,,,,25.16%,,,,,,,,,89.52%,,,,,29.44%,52.17%,,,,,,,,53.15%,,,,91.86%,,,,,,,,71.15%,,,,,,,,,,,52.05%
2025-09-29 14:30,,,,,,,,,,,,,,28.81%,,,,,,,,,89.62%,,,,,29.59%,52.68%,,,,,,,,52.98%,,,,91.91%,,,,,,,,71.15%,,,,,,,,,,,52.16%
2025-09-29 15:30,,,,,,,,,,,,,,28.95%,,,,,,,,,89.39%,,,,,29.29%,52.76%,64.37%,,,,,,,53.08%,,,,91.73%,,,,,,,,71.15%,,,,,,,,,,,52.05%
2025-09-29 16:30,,,,,,,,,,,,,,27.71%,,,,,,,,,89.51%,,,,,29.29%,52.63%,68.74%,,,,,,,53.79%,,,,91.74%,,,,,,,,71.15%,,,,,,,,,,,52.09%
2025-09-29 17:30,,,,,,,,,,,,,,31.67%,,,,,,,,,89.47%,,,,,29.37%,52.99%,69.61%,,,,,,,53.78%,,,,91.75%,,,,,,,,71.14%,,,,,,,,,,,52.19%
2025-09-29 18:30,,,,,,,,,,,,,,31.05%,,,,,,,,,89.49%,,,,,29.48%,53.28%,69.96%,,,,,,,53.74%,,,,91.76%,,,,,,,,71.13%,,,,,,,,,,,52.20%
2025-09-29 19:30,,,,,,,,,,,,,,27.03%,,,,,,,,,89.39%,,,,,29.57%,53.16%,69.62%,,,,,,,53.84%,,,,91.78%,,,,,,,,71.14%,,,,,,,,,,,52.17%
2025-09-29 20:30,,,,,,,,,,,,,,28.16%,,,,,,,,,91.49%,,,,,29.64%,53.53%,70.18%,,,,,,,53.70%,,,,91.79%,,,,,,,,71.15%,,,,,,,,,,,52.23%
2025-09-29 21:30,,,,,,,,,,,,,,26.93%,,,,,,,,,74.94%,,,,,29.73%,53.44%,69.78%,,,,,,,53.82%,,,,91.81%,,,,,,,,71.14%,,,,,,,,,,,52.33%
2025-09-29 22:30,,,,,,,,,,,,,,28.40%,,,,,,,,,72.46%,,,,,29.80%,53.81%,69.56%,,,,,,,54.03%,,,,91.82%,,,,,,,,71.14%,,,,,,,,,,,52.24%
2025-09-29 23:30,,,,,,,,,,,,,,30.62%,,,,,,,,,73.68%,,,,,29.84%,54.24%,,,,,,,,54.61%,,,,91.83%,,,,,,,,71.15%,,,,,,,,,,,52.30%
2025-09-30 00:30,,,,,,,,,,,,,,27.13%,,,,,,,,,74.72%,,,,,29.81%,53.58%,,,,,,,,53.26%,,,,91.84%,,,,,,,,71.14%,,,,,,,,,,,52.37%
2025-09-30 01:30,,,,,,,,,,,,,,29.08%,,,,,,,,,76.02%,,,,,29.80%,53.84%,,,,,,,,53.38%,,,,91.85%,,,,,,,,71.14%,,,,,,,,,,,52.39%
2025-09-30 02:30,,,,,,,,,,,,,,31.45%,,,,,,,,,77.37%,,,,,29.87%,53.84%,,,,,,,,53.36%,,,,91.86%,,,,,,,,71.15%,,,,,,,,,,,52.37%
2025-09-30 03:30,,,,,,,,,,,,,,28.98%,,,,,,,,,79.40%,,,,,30.03%,53.66%,,,,,,,,53.44%,,,,91.88%,,,,,,,,71.15%,,,,,,,,,,,52.45%
2025-09-30 04:30,,,,,,,,,,,,,,27.38%,,,,,,,,,79.95%,,,,,30.15%,53.59%,,,,,,,,54.00%,,,,91.89%,,,,,,,,71.16%,,,,,,,,,,,52.55%
2025-09-30 05:30,,,,,,,,,,,,,,26.33%,,,,,,,,,80.67%,,,,,30.17%,53.62%,,,,,,,,54.25%,,,,91.71%,,,,,,,,71.17%,,,,,,,,,,,52.47%
2025-09-30 06:30,,,,,,,,,,,,,,29.41%,,,,,,,,,81.03%,,,,,30.07%,54.16%,,,,,,,,54.39%,,,,91.50%,,,,,,,,71.15%,,,,,,,,,,,52.55%
2025-09-30 07:30,,,,,,,,,,,,,,27.80%,,,,,,,,,81.67%,,,,,30.10%,53.94%,,,,,,,,54.44%,,,,91.52%,,,,,,,,71.15%,,,,,,,,,,,52.60%
2025-09-30 08:30,,,,,,,,,,,,,,27.64%,,,,,,,,,81.89%,,,,,30.11%,53.83%,,,,,,,,54.55%,,,,91.53%,,,,,,,,71.15%,,,,,,,,,,,52.61%
2025-09-30 09:30,,,,,,,,,,,,,,30.21%,,,,,,,,,82.06%,,,,,30.12%,53.83%,,,,,,,,54.64%,,,,91.55%,,,,,,,,71.16%,,,,,,,,,,,52.59%
2025-09-30 10:30,,,,,,,,,,,,,,28.21%,,,,,,,,,82.22%,,,,,30.14%,53.53%,,,,,,,,55.09%,,,,91.56%,,,,,,,,71.16%,,,,,,,,,,,52.69%
2025-09-30 11:30,,,,,,,,,,,,,,28.55%,,,,,,,,,82.73%,,,,,41.83%,53.75%,,,,,,,,54.67%,,,,91.56%,,,,,,,,71.19%,,,,,,,,,,,52.73%
2025-09-30 12:30,,,,,,,,,,,,,,29.60%,,,,,,,,,83.34%,,,,,80.98%,53.56%,,,,,,,,53.89%,,,,91.61%,,,,,,,,71.19%,,,,,,,,,,,52.66%
2025-09-30 13:30,,,,,,,,,,,,,,32.07%,,,,,,,,,83.66%,,,,,76.70%,53.99%,,,,,,,,53.99%,,,,91.69%,,,,,,,,71.18%,,,,,,,,,,,52.73%
2025-09-30 14:30,,,,,,,,,,,,,,32.29%,,,,,,,,,84.07%,,,,,74.44%,53.90%,,,,,,,,54.06%,,,,91.68%,,,,,,,,71.21%,,,,,,,,,,,52.83%
2025-09-30 15:30,,,,,,,,,,,,,,32.45%,,,,,,,,,84.18%,,,,,71.94%,53.89%,,,,,,,,58.01%,,,,91.65%,,,,,,,,71.39%,,,,,,,,,,,52.80%
2025-09-30 16:30,,,,,,,,,,,,,,32.95%,,,,,,,,,84.28%,,,,,72.63%,53.92%,,,,,,,,69.44%,,,,91.67%,,,,,,,,70.33%,,,,,,,,,,,52.76%
2025-09-30 17:30,,,,,,,,,,,,,,35.47%,,,,,,,,,84.80%,,,,,78.63%,54.26%,,,,,,,,73.84%,,,,91.69%,,,,,,,,70.67%,,,,,,,,,,,52.87%
2025-09-30 18:30,,,,,,,,,,,,,,29.41%,,,,,,,,,85.07%,,,,,75.05%,54.16%,,,,,,,,73.07%,,,,91.71%,,,,,,,,70.71%,,,,,,,,,,,52.95%
2025-09-30 19:30,,,,,,,,,,,,,,27.60%,,,,,,,,,85.32%,,,,,73.09%,54.52%,,,,,,,,73.69%,,,,91.73%,,,,,,,,70.72%,,,,,,,,,,,52.84%
2025-09-30 20:30,,,,,,,,,,,,,,27.35%,,,,,,,,,85.65%,,,,,76.58%,54.63%,,,,,,,,73.49%,,,,91.58%,,,,,,,,70.73%,,,,,,,,,,,52.90%
2025-09-30 21:30,,,,,,,,,,,,,,31.59%,,,,,,,,,85.93%,,,,,78.18%,54.60%,,,,,,,,72.59%,,,,91.56%,,,,,,,,70.73%,,,,,,,,,,,53.01%
2025-09-30 22:30,,,,,,,,,,,,,,30.95%,,,,,,,,,85.92%,,,,,78.63%,54.75%,,,,,,,,67.55%,,,,91.57%,,,,,,,,70.72%,,,,,,,,,,,53.03%
2025-09-30 23:30,,,,,,,,,,,,,,26.82%,,,,,,,,,86.61%,,,,,78.70%,54.67%,,,,,,,,64.54%,,,,91.57%,,,,,,,,70.73%,,,,,,,,,,,52.94%
2025-10-01 00:30,,,,,,,,,,,,,,29.88%,,,,,,,,,86.84%,,,,,78.85%,55.15%,,,,,,,,64.73%,,,,91.59%,,,,,,,,70.74%,,,,,,,,,,,53.05%
2025-10-01 01:30,,,,,,,,,,,,,,31.05%,,,,,,,,,87.08%,,,,,78.90%,54.86%,,,,,,,,65.18%,,,,91.60%,,,,,,,,70.72%,,,,,,,,,,,53.15%
2025-10-01 02:30,,,,,,,,,,,,,,30.47%,,,,,,,,,87.38%,,,,,79.09%,54.97%,,,,,,,,65.09%,,,,91.62%,,,,,,,,70.72%,,,,,,,,,,,53.06%
2025-10-01 03:30,,,,,,,,,,,,,,27.74%,,,,,,,,,87.41%,,,,,79.29%,54.72%,,,,,,,,65.18%,,,,91.63%,,,,,,,,70.72%,,,,,,,,,,,53.08%
2025-10-01 04:30,,,,,,,,,,,,,,29.73%,,,,,,,,,87.43%,,,,,79.56%,55.04%,,,,,,,,65.99%,,,,91.65%,,,,,,,,70.72%,,,,,,,,,,,53.18%
2025-10-01 05:30,,,,,,,,,,,,,,27.04%,,,,,,,,,87.71%,,,,,79.78%,54.71%,,,,,,,,66.49%,,,,91.67%,,,,,,,,70.73%,,,,,,,,,,,53.24%
2025-10-01 06:30,,,,,,,,,,,,,,28.63%,,,,,,,,,87.68%,,,,,79.90%,55.09%,,,,,,,,66.52%,,,,91.68%,,,,,,,,70.73%,,,,,,,,,,,53.14%
2025-10-01 07:30,,,,,,,,,,,,,,26.59%,,,,,,,,,88.11%,,,,,80.01%,54.85%,,,,,,,,66.61%,,,,91.69%,,,,,,,,70.73%,,,,,,,,,,,53.22%
2025-10-01 08:30,,,,,,,,,,,,,,29.93%,,,,,,,,,88.01%,,,,,80.10%,55.01%,,,,,,,,66.50%,,,,91.71%,,,,,,,,70.73%,,,,,,,,,,,53.32%
2025-10-01 09:30,,,,,,,,,,,,,,29.21%,,,,,,,,,88.08%,,,,,80.01%,54.73%,,,,,,,,66.61%,,,,91.72%,,,,,,,,70.72%,,,,,,,,,,,53.28%
2025-10-01 10:30,,,,,,,,,,,,,,36.92%,,,,,,,,,88.06%,,,,,80.06%,54.71%,,,,,,,,66.87%,,,,91.74%,,,,,,,,70.72%,,,,,,,,,,,53.27%
2025-10-01 11:30,,,,,,,,,,,,,,27.50%,,,,,,,,,88.28%,,,,,80.27%,54.46%,65.91%,,,,,,,68.33%,,,,91.73%,,,,,,,,70.71%,,,,,,,,,,,53.36%
2025-10-01 12:30,,,,,,,,,,,,,,27.34%,,,,,,,,,88.37%,,,,,80.27%,54.25%,68.01%,,,,,,,67.90%,,,,91.75%,,,,,,,,70.74%,,,,,,,,,,,53.43%
2025-10-01 13:30,,,,,,,,,,,,,,25.46%,,,,,,,,,88.27%,,,,,80.34%,53.98%,70.02%,,,,,,,66.08%,,,,91.77%,,,,,,,,70.70%,,,,,,,,,,,53.36%
2025-10-01 14:30,,,,,,,,,,,,,,30.14%,,,,,,,,,88.09%,,,,,80.39%,54.57%,69.60%,,,,,,,66.13%,,,,91.75%,,,,,,,,70.69%,,,,,,,,,,,53.40%
2025-10-01 15:30,,,,,,,,,,,,,,26.82%,,,,,,,,,88.28%,,,,,79.84%,54.08%,69.36%,,,,,,,66.81%,,,,91.74%,,,,,,,,70.66%,,,,,,,,,,,53.50%
2025-10-01 16:30,,,,,,,,,,,,,,28.65%,,,,,,,,,88.39%,,,,,79.93%,54.47%,69.29%,,,,,,,67.50%,,,,91.76%,,,,,,,,70.68%,,,,,,,,,,,53.47%
2025-10-01 17:30,,,,,,,,,,,,,,30.78%,,,,,,,,,88.21%,,,,,80.22%,54.57%,69.16%,,,,,,,67.59%,,,,91.78%,,,,,,,,70.69%,,,,,,,,,,,53.49%
2025-10-01 18:30,,,,,,,,,,,,,,26.70%,,,,,,,,,87.80%,,,,,80.47%,54.50%,69.77%,,,,,,,68.06%,,,,91.79%,,,,,,,,70.76%,,,,,,,,,,,53.53%
2025-10-01 19:30,,,,,,,,,,,,,,24.51%,,,,,,,,,86.73%,,,,,80.44%,54.87%,69.27%,,,,,,,63.29%,,,,91.81%,,,,,,,,70.80%,,,,,,,,,,,53.61%
2025-10-01 20:30,,,,,,,,,,,,,,25.18%,,,,,,,,,87.96%,,,,,80.49%,54.85%,69.39%,,,,,,,63.91%,,,,91.82%,,,,,,,,70.88%,,,,,,,,,,,53.54%
2025-10-01 21:30,,,,,,,,,,,,,,23.79%,,,,,,,,,88.39%,,,,,80.53%,55.00%,69.51%,,,,,,,63.80%,,,,91.84%,,,,,,,,70.86%,,,,,,,,,,,53.62%
2025-10-01 22:30,,,,,,,,,,,,,,24.38%,,,,,,,,,88.25%,,,,,80.55%,55.08%,69.81%,,,,,,,64.18%,,,,91.85%,,,,,,,,70.88%,,,,,,,,,,,53.67%
2025-10-01 23:30,,,,,,,,,,,,,,27.58%,,,,,,,,,88.50%,,,,,80.54%,55.53%,,,,,,,,64.27%,,,,91.86%,,,,,,,,70.88%,,,,,,,,,,,53.65%
2025-10-02 00:30,,,,,,,,,,,,,,26.62%,,,,,,,,,88.69%,,,,,80.55%,55.30%,,,,,,,,64.25%,,,,91.88%,,,,,,,,70.87%,,,,,,,,,,,53.68%
2025-10-02 01:30,,,,,,,,,,,,,,28.17%,,,,,,,,,88.94%,,,,,80.65%,55.69%,,,,,,,,64.47%,,,,91.77%,,,,,,,,70.85%,,,,,,,,,,,53.75%
2025-10-02 02:30,,,,,,,,,,,,,,35.92%,,,,,,,,,88.98%,,,,,80.79%,55.76%,,,,,,,,64.63%,,,,91.70%,,,,,,,,70.85%,,,,,,,,,,,53.79%
2025-10-02 03:30,,,,,,,,,,,,,,27.12%,,,,,,,,,88.39%,,,,,80.92%,55.59%,,,,,,,,64.63%,,,,91.73%,,,,,,,,70.85%,,,,,,,,,,,53.71%
2025-10-02 04:30,,,,,,,,,,,,,,27.70%,,,,,,,,,88.32%,,,,,80.87%,55.78%,,,,,,,,65.25%,,,,91.77%,,,,,,,,70.86%,,,,,,,,,,,53.81%
2025-10-02 05:30,,,,,,,,,,,,,,26.82%,,,,,,,,,88.31%,,,,,80.90%,55.83%,,,,,,,,65.64%,,,,91.77%,,,,,,,,70.86%,,,,,,,,,,,53.88%
2025-10-02 06:30,,,,,,,,,,,,,,29.42%,,,,,,,,,88.21%,,,,,81.00%,56.17%,,,,,,,,65.88%,,,,91.79%,,,,,,,,70.86%,,,,,,,,,,,53.83%
2025-10-02 07:30,,,,,,,,,,,,,,27.22%,,,,,,,,,88.32%,,,,,80.42%,55.93%,,,,,,,,65.77%,,,,91.81%,,,,,,,,70.84%,,,,,,,,,,,53.85%
2025-10-02 08:30,,,,,,,,,,,,,,29.17%,,,,,,,,,88.28%,,,,,80.59%,55.95%,,,,,,,,65.98%,,,,91.82%,,,,,,,,70.85%,,,,,,,,,,,53.95%
2025-10-02 09:30,,,,,,,,,,,,,,28.34%,,,,,,,,,88.36%,,,,,80.83%,55.65%,,,,,,,,66.09%,,,,91.84%,,,,,,,,70.85%,,,,,,,,,,,54.00%
2025-10-02 10:30,,,,,,,,,,,,,,28.59%,,,,,,,,,88.18%,,,,,80.98%,55.57%,,,,,,,,66.22%,,,,91.85%,,,,,,,,70.85%,,,,,,,,,,,53.89%
2025-10-02 11:30,,,,,,,,,,,,,,28.79%,,,,,,,,,88.42%,,,,,80.99%,55.59%,,,,,,,,66.33%,,,,91.86%,,,,,,,,70.86%,,,,,,,,,,,53.99%
2025-10-02 12:30,,,,,,,,,,,,,,30.26%,,,,,,,,,87.96%,,,,,80.99%,55.75%,,,,,,,,65.66%,,,,91.88%,,,,,,,,70.85%,,,,,,,,,,,54.09%
2025-10-02 13:30,,,,,,,,,,,,,,30.14%,,,,,,,,,87.93%,,,,,81.06%,55.90%,,,,,,,,66.18%,,,,91.89%,,,,,,,,70.84%,,,,,,,,,,,54.03%
2025-10-02 14:30,,,,,,,,,,,,,,26.98%,,,,,,,,,88.02%,,,,,80.94%,56.12%,,,,,,,,66.19%,,,,91.87%,,,,,,,,70.85%,,,,,,,,,,,54.02%
2025-10-02 15:30,,,,,,,,,,,,,,26.66%,,,,,,,,,87.80%,,,,,80.64%,55.93%,,,,,,,,66.41%,,,,91.86%,,,,,,,,70.84%,,,,,,,,,,,54.13%
2025-10-02 16:30,,,,,,,,,,,,,,26.60%,,,,,,,,,87.80%,,,,,80.85%,55.66%,,,,,,,,67.35%,,,,91.88%,,,,,,,,70.86%,,,,,,,,,,,54.23%
2025-10-02 17:30,,,,,,,,,,,,,,28.58%,,,,,,,,,87.97%,,,,,80.82%,55.91%,,,,,,,,67.67%,,,,91.90%,,,,,,,,70.91%,,,,,,,,,,,54.06%
2025-10-02 18:30,,,,,,,,,,,,,,28.31%,,,,,,,,,87.99%,,,,,81.07%,56.37%,,,,,,,,67.84%,,,,91.92%,,,,,,,,70.91%,,,,,,,,,,,54.16%
2025-10-02 19:30,,,,,,,,,,,,,,27.61%,,,,,,,,,88.39%,,,,,81.15%,56.66%,,,,,,,,68.01%,,,,91.94%,,,,,,,,70.91%,,,,,,,,,,,54.27%
2025-10-02 20:30,,,,,,,,,,,,,,26.42%,,,,,,,,,88.53%,,,,,81.15%,56.41%,,,,,,,,68.02%,,,,91.95%,,,,,,,,70.92%,,,,,,,,,,,54.26%
2025-10-02 21:30,,,,,,,,,,,,,,32.24%,,,,,,,,,88.75%,,,,,81.08%,56.47%,,,,,,,,68.14%,,,,91.96%,,,,,,,,70.92%,,,,,,,,,,,54.20%
2025-10-02 22:30,,,,,,,,,,,,,,27.19%,,,,,,,,,88.57%,,,,,81.17%,56.74%,,,,,,,,68.25%,,,,91.97%,,,,,,,,70.92%,,,,,,,,,,,54.30%
2025-10-02 23:30,,,,,,,,,,,,,,27.19%,,,,,,,,,88.51%,,,,,81.30%,56.82%,,,,,,,,68.25%,,,,91.98%,,,,,,,,70.92%,,,,,,,,,,,54.41%
2025-10-03 00:30,,,,,,,,,,,,,,26.61%,,,,,,,,,88.62%,,,,,81.23%,56.78%,,,,,,,,67.51%,,,,92.00%,,,,,,,,70.92%,,,,,,,,,,,54.30%
2025-10-03 01:30,,,,,,,,,,,,,,29.99%,,,,,,,,,89.07%,,,,,80.91%,56.78%,,,,,,,,67.49%,,,,92.01%,,,,,,,,70.92%,,,,,,,,,,,54.34%
2025-10-03 02:30,,,,,,,,,,,,,,29.05%,,,,,,,,,89.66%,,,,,81.03%,56.69%,,,,,,,,67.47%,,,,92.02%,,,,,,,,70.93%,,,,,,,,,,,54.44%
2025-10-03 03:30,,,,,,,,,,,,,,27.76%,,,,,,,,,89.38%,,,,,81.22%,56.80%,,,,,,,,67.68%,,,,92.04%,,,,,,,,70.93%,,,,,,,,,,,54.46%
2025-10-03 04:30,,,,,,,,,,,,,,27.55%,,,,,,,,,89.29%,,,,,81.26%,56.75%,,,,,,,,68.28%,,,,92.06%,,,,,,,,70.93%,,,,,,,,,,,54.42%
2025-10-03 05:30,,,,,,,,,,,,,,29.11%,,,,,,,,,89.35%,,,,,81.11%,57.07%,,,,,,,,68.47%,,,,92.08%,,,,,,,,70.94%,,,,,,,,,,,54.48%
2025-10-03 06:30,,,,,,,,,,,,,,28.35%,,,,,,,,,89.40%,,,,,81.18%,57.05%,,,,,,,,68.58%,,,,92.01%,,,,,,,,70.92%,,,,,,,,,,,54.58%
2025-10-03 07:30,,,,,,,,,,,,,,25.97%,,,,,,,,,89.51%,,,,,81.15%,56.75%,,,,,,,,68.65%,,,,91.90%,,,,,,,,70.91%,,,,,,,,,,,54.50%
2025-10-03 08:30,,,,,,,,,,,,,,28.12%,,,,,,,,,89.28%,,,,,81.27%,56.96%,,,,,,,,68.59%,,,,91.92%,,,,,,,,70.92%,,,,,,,,,,,54.55%
2025-10-03 09:30,,,,,,,,,,,,,,28.18%,,,,,,,,,89.33%,,,,,81.79%,56.76%,,,,,,,,68.53%,,,,91.93%,,,,,,,,70.92%,,,,,,,,,,,54.62%
2025-10-03 10:30,,,,,,,,,,,,,,34.34%,,,,,,,,,89.27%,,,,,81.61%,56.39%,,,,,,,,68.93%,,,,91.94%,,,,,,,,70.94%,,,,,,,,,,,54.64%
2025-10-03 11:30,,,,,,,,,,,,,,29.05%,,,,,,,,,89.35%,,,,,81.50%,56.53%,,,,,,,,68.23%,,,,91.94%,,,,,,,,70.91%,,,,,,,,,,,54.62%
2025-10-03 12:30,,,,,,,,,,,,,,29.49%,,,,,,,,,89.30%,,,,,81.74%,56.60%,,,,,,,,68.34%,,,,91.96%,,,,,,,,70.86%,,,,,,,,,,,54.68%
2025-10-03 13:30,,,,,,,,,,,,,,31.02%,,,,,,,,,89.46%,,,,,75.57%,56.63%,,,,,,,,69.42%,,,,91.97%,,,,,,,,70.85%,,,,,,,,,,,54.76%
2025-10-03 14:30,,,,,,,,,,,,,,32.01%,,,,,,,,,89.30%,,,,,72.15%,56.77%,,,,,,,,67.59%,,,,91.95%,,,,,,,,70.88%,,,,,,,,,,,54.69%
2025-10-03 15:30,,,,,,,,,,,,,,32.12%,,,,,,,,,89.39%,,,,,73.48%,56.68%,,,,,,,,67.52%,,,,91.94%,,,,,,,,70.86%,,,,,,,,,,,54.76%
2025-10-03 16:30,,,,,,,,,,,,,,34.15%,,,,,,,,,89.29%,,,,,73.04%,57.04%,,,,,,,,68.67%,,,,91.96%,,,,,,,,70.86%,,,,,,,,,,,54.81%
2025-10-03 17:30,,,,,,,,,,,,,,34.96%,,,,,,,,,89.22%,,,,,78.82%,57.02%,,,,,,,,69.17%,,,,91.95%,,,,,,,,70.87%,,,,,,,,,,,54.83%
2025-10-03 18:30,,,,,,,,,,,,,,28.34%,,,,,,,,,88.97%,,,,,78.21%,56.89%,,,,,,,,68.95%,,,,91.95%,,,,,,,,70.87%,,,,,,,,,,,54.80%
2025-10-03 19:30,,,,,,,,,,,,,,27.51%,,,,,,,,,89.25%,,,,,78.39%,57.41%,,,,,,,,68.67%,,,,91.97%,,,,,,,,70.87%,,,,,,,,,,,54.90%
2025-10-03 20:30,,,,,,,,,,,,,,26.76%,,,,,,,,,90.79%,,,,,78.65%,57.38%,,,,,,,,68.56%,,,,91.98%,,,,,,,,70.87%,,,,,,,,,,,54.94%
2025-10-03 21:30,,,,,,,,,,,,,,26.50%,,,,,,,,,91.36%,,,,,78.80%,57.42%,,,,,,,,68.58%,,,,92.00%,,,,,,,,70.88%,,,,,,,,,,,54.87%
2025-10-03 22:30,,,,,,,,,,,,,,27.05%,,,,,,,,,91.16%,,,,,78.87%,57.69%,,,,,,,,68.05%,,,,92.01%,,,,,,,,70.88%,,,,,,,,,,,54.94%
2025-10-03 23:30,,,,,,,,,,,,,,27.52%,,,,,,,,,91.40%,,,,,79.01%,57.73%,,,,,,,,67.85%,,,,92.02%,,,,,,,,70.88%,,,,,,,,,,,55.03%
2025-10-04 00:30,,,,,,,,,,,,,,27.06%,,,,,,,,,91.27%,,,,,80.83%,57.76%,,,,,,,,67.36%,,,,92.07%,,,,,,,,70.88%,,,,,,,,,,,55.01%
2025-10-04 01:30,,,,,,,,,,,,,,28.95%,,,,,,,,,91.31%,,,,,84.17%,58.07%,,,,,,,,67.51%,,,,92.24%,,,,,,,,70.88%,,,,,,,,,,,54.97%
2025-10-04 02:30,,,,,,,,,,,,,,29.20%,,,,,,,,,91.24%,,,,,86.42%,57.46%,,,,,,,,67.50%,,,,92.26%,,,,,,,,70.88%,,,,,,,,,,,55.07%
2025-10-04 03:30,,,,,,,,,,,,,,26.88%,,,,,,,,,90.09%,,,,,87.36%,57.45%,,,,,,,,67.52%,,,,92.31%,,,,,,,,70.88%,,,,,,,,,,,55.16%
2025-10-04 04:30,,,,,,,,,,,,,,27.04%,,,,,,,,,89.80%,,,,,88.09%,57.54%,,,,,,,,68.09%,,,,92.36%,,,,,,,,70.88%,,,,,,,,,,,55.05%
2025-10-04 05:30,,,,,,,,,,,,,,26.56%,,,,,,,,,89.97%,,,,,88.33%,57.49%,,,,,,,,68.28%,,,,92.40%,,,,,,,,70.87%,,,,,,,,,,,55.11%
2025-10-04 06:30,,,,,,,,,,,,,,27.18%,,,,,,,,,90.01%,,,,,88.45%,57.66%,,,,,,,,68.58%,,,,92.44%,,,,,,,,70.87%,,,,,,,,,,,55.21%
2025-10-04 07:30,,,,,,,,,,,,,,26.83%,,,,,,,,,90.12%,,,,,88.37%,57.37%,,,,,,,,68.60%,,,,92.48%,,,,,,,,70.87%,,,,,,,,,,,55.24%
2025-10-04 08:30,,,,,,,,,,,,,,27.82%,,,,,,,,,90.12%,,,,,88.45%,57.18%,,,,,,,,68.53%,,,,92.52%,,,,,,,,70.87%,,,,,,,,,,,55.14%
2025-10-04 09:30,,,,,,,,,,,,,,27.40%,,,,,,,,,90.19%,,,,,88.45%,56.83%,,,,,,,,68.60%,,,,92.57%,,,,,,,,70.87%,,,,,,,,,,,55.25%
2025-10-04 10:30,,,,,,,,,,,,,,34.30%,,,,,,,,,90.12%,,,,,88.66%,56.59%,,,,,,,,68.84%,,,,91.83%,,,,,,,,70.88%,,,,,,,,,,,55.35%
2025-10-04 11:30,,,,,,,,,,,,,,28.87%,,,,,,,,,90.18%,,,,,88.87%,56.42%,,,,,,,,68.64%,,,,91.59%,,,,,,,,70.88%,,,,,,,,,,,55.27%
2025-10-04 12:30,,,,,,,,,,,,,,31.00%,,,,,,,,,90.20%,,,,,88.99%,56.69%,,,,,,,,68.41%,,,,91.47%,,,,,,,,70.87%,,,,,,,,,,,55.28%
2025-10-04 13:30,,,,,,,,,,,,,,30.87%,,,,,,,,,90.14%,,81.53%,,,89.03%,56.76%,,,,,,,,69.46%,,,,91.55%,,,,,,,,70.89%,,,,,,,,,,,55.39%
2025-10-04 14:30,,,,,,,,,,,,,,32.05%,,,,,,,,,90.10%,,80.92%,,,88.93%,56.74%,,,,,,,,71.02%,,,,91.78%,,,,,,,,70.94%,,,,,,,,,,,55.45%
2025-10-04 15:30,,,,,,,,,,,,,,31.17%,,,,,,,,,90.21%,,81.47%,,,88.42%,56.69%,,,,,,,,69.84%,,,,91.78%,,,,,,,,70.96%,,,,,,,,,,,55.35%
2025-10-04 16:30,,,,,,,,,,,,,,34.37%,,,,,,,,,90.09%,,,,,88.64%,56.65%,,,,,,,,70.85%,,,,91.81%,,,,,,,,70.90%,,,,,,,,,,,55.42%
2025-10-04 17:30,,,,,,,,,,,,,,35.09%,,,,,,,,,90.18%,,,,,89.00%,57.03%,,,,,,,,71.82%,,,,91.84%,,,,,,,,70.90%,,,,,,,,,,,55.53%
2025-10-04 18:30,,,,,,,,,,,,,,30.18%,,,,,,,,,90.05%,,,,,89.65%,57.16%,,,,,,,,68.43%,,,,91.85%,,,,,,,,70.87%,,,,,,,,,,,55.49%
2025-10-04 19:30,,,,,,,,,,,,,,25.35%,,,,,,,,,90.20%,,,,,90.15%,57.10%,,,,,,,,68.93%,,,,91.87%,,,,,,,,70.97%,,,,,,,,,,,55.47%
2025-10-04 20:30,,,,,,,,,,,,,,25.89%,,,,,,,,,90.24%,,,,,90.68%,57.27%,,,,,,,,69.20%,,,,91.90%,,,,,,,,71.21%,,,,,,,,,,,55.56%
2025-10-04 21:30,,,,,,,,,,,,,,28.17%,,,,,,,,,90.45%,,,,,90.92%,57.26%,,,,,,,,69.25%,,,,91.94%,,,,,,,,71.22%,,,,,,,,,,,55.63%
2025-10-04 22:30,,,,,,,,,,,,,,31.76%,,,,,,,,,90.35%,,,,,91.00%,57.37%,,,,,,,,69.64%,,,,91.97%,,,,,,,,71.34%,,,,,,,,,,,55.56%
2025-10-04 23:30,,,,,,,,,,,,,,27.45%,,,,,,,,,90.77%,,,,,90.90%,57.54%,,,,,,,,69.68%,,,,92.00%,,,,,,,,71.30%,,,,,,,,,,,55.60%
2025-10-05 00:30,,,,,,,,,,,,,,26.14%,,,,,,,,,90.68%,,,,,90.53%,57.49%,,,,,,,,69.55%,,,,91.99%,,,,,,,,71.30%,,,,,,,,,,,55.70%
2025-10-05 01:30,,,,,,,,,,,,,,29.18%,,,,,,,,,90.81%,,,,,90.63%,57.44%,,,,,,,,70.02%,,,,91.93%,,,,,,,,71.27%,,,,,,,,,,,55.67%
2025-10-05 02:30,,,,,,,,,,,,,,33.52%,,,,,,,,,91.06%,,,,,91.36%,57.23%,,,,,,,,70.32%,,,,91.95%,,,,,,,,71.29%,,,,,,,,,,,55.70%
2025-10-05 03:30,,,,,,,,,,,,,,28.05%,,,,,,,,,90.43%,,,,,91.95%,57.58%,,,,,,,,70.74%,,,,91.96%,,,,,,,,71.30%,,,,,,,,,,,55.74%
2025-10-05 04:30,,,,,,,,,,,,,,27.83%,,,,,,,,,90.44%,,,,,92.36%,57.64%,,,,,,,,71.40%,,,,91.98%,,,,,,,,71.30%,,,,,,,,,,,55.82%
2025-10-05 05:30,,,,,,,,,,,,,,27.02%,,,,,,,,,90.53%,,,,,93.04%,57.51%,,,,,,,,71.64%,,,,92.00%,,,,,,,,71.31%,,,,,,,,,,,55.74%
2025-10-05 06:30,,,,,,,,,,,,,,34.64%,,,,,,,,,90.50%,,,,,93.34%,57.82%,,,,,,,,71.89%,,,,92.02%,,,,,,,,71.30%,,,,,,,,,,,55.83%
2025-10-05 07:30,,,,,,,,,,,,,,28.50%,,,,,,,,,90.63%,,,,,93.62%,57.75%,,,,,,,,71.45%,,,,92.03%,,,,,,,,71.30%,,,,,,,,,,,55.87%
2025-10-05 08:30,,,,,,,,,,,,,,27.28%,,,,,,,,,90.65%,,,,,93.94%,57.20%,,,,,,,,71.27%,,,,92.05%,,,,,,,,71.30%,,,,,,,,,,,55.86%
2025-10-05 09:30,,,,,,,,,,,,,,28.73%,,,,,,,,,90.58%,,,,,94.24%,57.19%,,,,,,,,71.38%,,,,92.07%,,,,,,,,71.32%,,,,,,,,,,,55.87%
2025-10-05 10:30,,,,,,,,,,,,,,29.78%,,,,,,,,,90.37%,,,,,92.79%,57.17%,,,,,,,,72.11%,,,,92.20%,,,,,,,,71.32%,,,,,,,,,,,55.97%
2025-10-05 11:30,,,,,,,,,,,,,,29.89%,,,,,,,,,90.57%,,,,,91.77%,56.98%,,,,,,,,72.24%,,,,92.28%,,,,,,,,71.32%,,,,,,,,,,,56.00%
2025-10-05 12:30,,,,,,,,,,,,,,30.36%,,,,,,,,,90.53%,,,,,92.34%,56.81%,,,,,,,,72.19%,,,,92.30%,,,,,,,,71.31%,,,,,,,,,,,55.91%
2025-10-05 13:30,,,,,,,,,,,,,,32.35%,,,,,,,,,90.66%,,,,,92.72%,57.09%,,,,,,,,72.39%,,,,92.31%,,,,,,,,71.31%,,,,,,,,,,,56.01%
2025-10-05 14:30,,,,,,,,,,,,,,32.59%,,,,,,,,,90.48%,,,,,93.21%,57.05%,,,,,,,,72.42%,,,,92.40%,,,,,,,,71.31%,,,,,,,,,,,56.11%
2025-10-05 15:30,,,,,,,,,,,,,,32.99%,,,,,,,,,90.63%,,,,,93.46%,57.16%,,,,,,,,72.51%,,,,92.47%,,,,,,,,71.33%,,,,,,,,,,,56.04%
2025-10-05 16:30,,,,,,,,,,,,,,35.41%,,,,,,,,,90.49%,,,,,93.87%,57.32%,,,,,,,,72.90%,,,,92.49%,,,,,,,,71.32%,,,,,,,,,,,56.04%
2025-10-05 17:30,,,,,,,,,,,,,,34.75%,,,,,,,,,90.53%,,,,,94.02%,57.28%,,,,,,,,73.21%,,,,92.30%,,,,,,,,71.27%,,,,,,,,,,,56.14%
2025-10-05 18:30,,,,,,,,,,,,,,30.84%,,,,,,,,,90.36%,,,,,94.11%,57.24%,,,,,,,,73.06%,,,,92.32%,,,,,,,,71.27%,,,,,,,,,,,56.24%
2025-10-05 19:30,,,,,,,,,,,,,,28.27%,,,,,,,,,90.49%,,,,,94.55%,57.77%,,,,,,,,72.94%,,,,92.34%,,,,,,,,71.25%,,,,,,,,,,,56.09%
2025-10-05 20:30,,,,,,,,,,,,,,26.43%,,,,,,,,,90.44%,,,,,94.47%,57.46%,,,,,,,,73.16%,,,,92.35%,,,,,,,,71.25%,,,,,,,,,,,56.17%
2025-10-05 21:30,,,,,,,,,,,,,,26.11%,,,,,,,,,90.59%,,,,,94.79%,57.47%,,,,,,,,73.04%,,,,92.37%,,,,,,,,71.25%,,,,,,,,,,,56.28%
2025-10-05 22:30,,,,,,,,,,,,,,26.70%,,,,,,,,,90.38%,,,,,94.81%,57.78%,,,,,,,,72.69%,,,,92.38%,,,,,,,,71.25%,,,,,,,,,,,56.27%
2025-10-05 23:30,,,,,,,,,,,,,,25.18%,,,,,,,,,90.68%,,,,,95.17%,57.59%,,,,,,,,72.88%,,,,92.39%,,,,,,,,71.25%,,,,,,,,,,,56.23%
2025-10-06 00:30,,,,,,,,,,,,,,26.93%,,,,,,,,,90.49%,,,,,95.30%,57.92%,,,,,,,,72.43%,,,,92.41%,,,,,,,,71.25%,,,,,,,,,,,56.31%
2025-10-06 01:30,,,,,,,,,,,,,,26.74%,,,,,,,,,90.47%,,,,,95.18%,57.83%,,,,,,,,72.41%,,,,92.09%,,,,,,,,71.25%,,,,,,,,,,,56.41%
2025-10-06 02:30,,,,,,,,,,,,,,37.05%,,,,,,,,,90.68%,,,,,94.98%,58.18%,,,,,,,,72.52%,,,,91.96%,,,,,,,,71.25%,,,,,,,,,,,56.31%
2025-10-06 03:30,,,,,,,,,,,,,,29.11%,,,,,,,,,90.97%,,,,,95.16%,58.06%,,,,,,,,72.50%,,,,92.01%,,,,,,,,71.24%,,,,,,,,,,,56.38%
2025-10-06 04:30,,,,,,,,,,,,,,28.30%,,,,,,,,,90.93%,,,,,95.11%,58.00%,,,,,,,,73.16%,,,,92.09%,,,,,,,,71.24%,,,,,,,,,,,56.44%
2025-10-06 05:30,,,,,,,,,,,,,,26.68%,,,,,,,,,90.97%,,,,,94.68%,57.84%,,,,,,,,73.36%,,,,92.10%,,,,,,,,71.25%,,,,,,,,,,,56.45%
2025-10-06 06:30,,,,,,,,,,,,,,27.72%,,,,,,,,,90.92%,,,,,94.88%,58.09%,,,,,,,,73.44%,,,,92.12%,,,,,,,,71.25%,,,,,,,,,,,56.44%
2025-10-06 07:30,,,,,,,,,,,,,,26.91%,,,,,,,,,90.98%,,,,,95.07%,57.65%,,,,,,,,73.40%,,,,92.13%,,,,,,,,71.24%,,,,,,,,,,,56.53%
2025-10-06 08:30,,,,,,,,,,,,,,28.27%,,,,,,,,,90.94%,,,,,93.63%,57.40%,,,,,,,,73.54%,,,,92.15%,,,,,,,,71.24%,,,,,,,,,,,56.58%
2025-10-06 09:30,,,,,,,,,,,,,,28.08%,,,,,,,,,90.88%,,,,,93.38%,57.06%,,,,,,,,73.48%,,,,92.16%,,,,,,,,71.24%,,,,,,,,,,,56.49%
2025-10-06 10:30,,,,,,,,,,,,,,29.74%,,,,,,,,,90.77%,,,,,93.84%,57.22%,,,,,,,,73.60%,,,,92.17%,,,,,,,,71.24%,,,,,,,,,,,56.58%
2025-10-06 11:30,,,,,,,,,,,,,,29.88%,,,,,,,,,91.11%,,,,,94.05%,57.15%,,,,,,,,73.59%,,,,92.18%,,,,,,,,71.25%,,,,,,,,,,,56.68%
2025-10-06 12:30,,,,,,,,,,,,,,30.57%,,,,,,,,,90.94%,,,,,94.04%,56.97%,66.89%,,,,,,,73.13%,,,,92.20%,,,,,,,,71.27%,,,,,,,,,,,56.63%
2025-10-06 13:30,,,,,,,,,,,,,,31.80%,,,,,,,,,91.08%,,,,,94.43%,57.12%,69.27%,,,,,,,73.13%,,,,92.22%,,,,,,,,71.26%,,,,,,,,,,,56.61%
2025-10-06 14:30,,,,,,,,,,,,,,30.51%,,,,,,,,,90.88%,,,,,93.79%,56.84%,70.19%,,,,,,,73.14%,,,,92.25%,,,,,,,,71.26%,,,,,,,,,,,56.71%
2025-10-06 15:30,,,,,,,,,,,,,,30.18%,,,,,,,,,91.15%,,,,,93.36%,56.80%,70.04%,,,,,,39.43%,73.16%,,,,92.28%,93.06%,,,,,,,71.25%,,,,,,,,,,,56.81%
2025-10-06 16:30,,,,,,,,,,,,,,21.36%,,,,,,,,,90.71%,,,,,94.09%,56.23%,69.97%,,,,,,62.19%,73.69%,,,,92.30%,92.00%,,,,,,,71.25%,,,61.75%,,,,,,,,56.68%
2025-10-06 17:30,,,,,,,,,,,,,,21.49%,,,,,,,,,90.90%,,,,,94.35%,56.39%,71.14%,,,,,,75.15%,73.83%,,,,92.31%,91.52%,,,,,,,71.26%,,,62.19%,,,,,,,,56.75%
2025-10-06 18:30,,,,,,,,,,,,,,16.47%,,,,,,,,,90.86%,,,,,93.54%,56.12%,70.39%,,,,,,73.53%,73.96%,,,,92.33%,91.69%,,,,,,,71.27%,,,62.19%,,,,,,,,56.86%
2025-10-06 19:30,,,,,,,,,,,,,,14.49%,,,,,,,,,90.98%,,,,,92.47%,56.23%,69.78%,,,,,,70.95%,73.91%,,,,92.35%,91.76%,,,,,,,71.27%,,,62.19%,,,,,,,52.02%,56.89%
2025-10-06 20:30,,,,,,,,,,,,,,14.55%,,,,,,,,,90.96%,,,,,92.56%,56.30%,69.53%,,,,,,71.22%,74.39%,,,,92.36%,91.75%,,,,,,,71.24%,,,62.20%,,,,,,,52.17%,56.83%
2025-10-06 21:30,,,,,,,,,,,,,,14.61%,,,,,,,,,91.24%,,,,,92.58%,56.41%,69.84%,,,,,,79.57%,68.78%,,,,92.38%,91.62%,,,,,,,70.80%,,,62.21%,,,,,,,,56.91%
2025-10-06 22:30,,,,,,,,,,,,,,14.67%,,,,,,,,,90.91%,,,,,92.60%,56.56%,69.99%,,,,,,79.70%,71.71%,,,,92.22%,91.59%,,,,,,,70.81%,,,62.20%,,,,,,,,57.02%
2025-10-06 23:30,,,,,,,,,,,,,,14.81%,,,,,,,,,91.15%,,,,,92.41%,56.59%,,,,,,,,60.26%,,,,92.20%,,,,,,,,70.76%,,,,,,,,,,,56.95%
2025-10-07 00:30,,,,,,,,,,,,,,14.62%,,,,,,,,,91.00%,,,,,92.63%,56.61%,,,,,,,,54.43%,,,,92.21%,,,,,,,,70.79%,,,,,,,,,,,57.00%
2025-10-07 01:30,,,,,,,,,,,,,,13.12%,,,,,,,,,91.06%,,,,,92.80%,56.63%,,,,,,,,54.95%,,,,92.22%,,,,,,,,70.88%,,,,,,,,,,,57.07%
2025-10-07 02:30,,,,,,,,,,,,,,17.70%,,,,,,,,,91.18%,,,,,92.63%,57.08%,,,,,,,,55.13%,,,,92.24%,,,,,,,,70.89%,,,,,,,,,,,57.11%
2025-10-07 03:30,,,,,,,,,,,,,,22.23%,,,,,,,,,90.93%,,,,,93.21%,57.13%,,,,,,,,55.32%,,,,92.26%,,,,,,,,70.88%,,,,,,,,,,,57.08%
2025-10-07 04:30,,,,,,,,,,,,,,14.33%,,,,,,,,,90.89%,,,,,93.72%,57.46%,,,,,,,,55.95%,,,,92.28%,,,,,,,,70.89%,,,,,,,,,,,57.17%
2025-10-07 05:30,,,,,,,,,,,,,,14.70%,,,,,,,,,90.71%,,,,,94.31%,57.53%,,,,,,,,56.27%,,,,92.29%,,,,,,,,70.89%,,,,,,,,,,,57.23%
2025-10-07 06:30,,,,,,,,,,,,,,14.91%,,,,,,,,,90.31%,,,,,94.20%,57.56%,,,,,,,,56.57%,,,,92.31%,,,,,,,,70.89%,,,,,,,,,,,57.17%
2025-10-07 07:30,,,,,,,,,,,,,,15.03%,,,,,,,,,90.42%,,,,,93.86%,57.67%,,,,,,,,56.46%,,,,92.33%,,,,,,,,70.90%,,,,,,,,,,,57.24%
2025-10-07 08:30,,,,,,,,,,,,,,20.24%,,,,,,,,,90.37%,,,,,94.19%,57.59%,,,,,,,,56.40%,,,,92.34%,,,,,,,,70.89%,,,,,,,,,,,57.34%
2025-10-07 09:30,,,,,,,,,,,,,,15.90%,,,,,,,,,90.84%,,,,,94.03%,57.95%,,,,,,,,56.39%,,,,92.36%,,,,,,,,70.88%,,,,,,,,,,,57.33%
2025-10-07 10:30,,,,,,,,,,,,,,14.50%,,,,,,,,,90.84%,,,,,92.75%,57.79%,,,,,,,,56.56%,,,,92.37%,,,,,,,,70.89%,,,,,,,,,,,57.29%
2025-10-07 11:30,,,,,,,,,,,,,,15.02%,,,,,,,,,90.96%,,,,,92.46%,57.99%,64.92%,,,,,,,58.05%,,,,92.38%,,,,,,,,70.91%,,,,,,,,,,,57.40%
2025-10-07 12:30,,,,,,,,,,,,,,13.92%,,,,,,,,,90.94%,,,,,83.99%,57.85%,67.42%,,,,,,60.01%,57.73%,,,,92.53%,91.32%,,,,,,,70.94%,,,61.06%,,,,,,,,57.50%
2025-10-07 13:30,,,,,,,,,,,,,,15.99%,,,,,,,,,91.00%,,,,,76.51%,58.38%,69.36%,,,,,,60.24%,56.66%,,,,92.67%,91.31%,,,,,,,70.93%,,,60.95%,,,,,,,,57.40%
2025-10-07 14:30,,,,,,,,,,,,,,14.52%,,,,,,,,,90.95%,,,,,86.05%,58.33%,69.28%,,,,,,60.92%,59.31%,,,,92.75%,91.32%,,,,,,,70.94%,,,60.96%,,,,,,,,57.45%
2025-10-07 15:30,,,,,,,,,,,,,,15.05%,,,,,,,,,91.06%,,,,,86.77%,58.53%,69.21%,,,,,,60.90%,76.33%,,,,92.76%,91.32%,,,,,,,75.06%,,,60.96%,,,,,,,,57.55%
2025-10-07 16:30,,,,,,,,,,,,,,15.23%,,,,,,,,,91.02%,,,,,83.12%,58.45%,69.57%,,,,,,51.53%,93.71%,,,,92.80%,91.30%,,,,,,,78.88%,,,60.91%,,,,,,,,57.61%
2025-10-07 17:30,,,,,,,,,,,,,,15.09%,,,,,,,,,90.65%,,,,,83.78%,58.63%,69.12%,,,,,,43.00%,95.21%,,,,92.88%,91.29%,,,,,,,78.97%,,,60.90%,,,,,,,,57.52%
2025-10-07 18:30,,,,,,,,,,,,,,27.24%,,,,,,,,,89.97%,,,,,83.09%,53.93%,67.49%,,,,,,55.34%,94.04%,,,,93.12%,91.45%,,,,,,,78.92%,,,61.94%,,,,,,,,57.61%
2025-10-07 19:30,,,,,,,,,,,,,,28.28%,,,,,,,,,89.01%,,,,,85.82%,52.59%,68.38%,,,,,,53.97%,91.82%,,,,93.04%,91.62%,,,,,,,78.91%,,,61.25%,,,,,,,,57.71%
2025-10-07 20:30,,,,,,,,,,,,,,25.29%,,,,,,,,,89.00%,,,,,85.00%,52.16%,69.03%,,,,,,47.89%,92.33%,,,,93.05%,90.60%,,,,,,,78.95%,,,61.24%,,,,,,,,57.67%
2025-10-07 21:30,,,,,,,,,,,,,,29.72%,,,,,,,,,89.30%,,,,,85.28%,53.13%,69.54%,,,,,,60.12%,84.71%,,,,93.07%,90.58%,,,,,,,78.92%,,,61.25%,,,,,,,,57.69%
2025-10-07 22:30,,,,,,,,,,,,,,25.98%,,,,,,,,,89.10%,,,,,86.02%,52.59%,69.80%,,,,,,59.15%,85.20%,,,,93.08%,90.62%,,,,,,,78.66%,,,61.25%,,,,,,,,57.76%
2025-10-07 23:30,,,,,,,,,,,,,,28.67%,,,,,,,,,89.63%,,,,,86.21%,53.08%,,,,,,,,85.69%,,,,93.09%,,,,,,,,78.72%,,,,,,,,,,,57.83%
2025-10-08 00:30,,,,,,,,,,,,,,28.48%,,,,,,,,,89.69%,,,,,86.77%,53.04%,,,,,,,,86.89%,,,,93.11%,,,,,,,,78.76%,,,,,,,,,,,57.77%
2025-10-08 01:30,,,,,,,,,,,,,,33.00%,,,,,,,,,89.74%,,,,,86.98%,53.05%,,,,,,,,87.20%,,,,93.12%,,,,,,,,78.81%,,,,,,,,,,,57.87%
2025-10-08 02:30,,,,,,,,,,,,,,34.13%,,,,,,,,,89.81%,,,,,87.58%,53.70%,,,,,,,,87.57%,,,,93.14%,,,,,,,,78.86%,,,,,,,,,,,57.92%
2025-10-08 03:30,,,,,,,,,,,,,,26.64%,,,,,,,,,90.01%,,,,,88.23%,53.41%,,,,,,,,87.94%,,,,93.02%,,,,,,,,78.88%,,,,,,,,,,,57.89%
2025-10-08 04:30,,,,,,,,,,,,,,27.89%,,,,,,,,,89.97%,,,,,88.94%,53.78%,,,,,,,,86.50%,,,,92.97%,,,,,,,,78.89%,,,,,,,,,,,57.93%
2025-10-08 05:30,,,,,,,,,,,,,,26.93%,,,,,,,,,90.08%,,,,,89.22%,53.75%,,,,,,,,85.96%,,,,92.98%,,,,,,,,78.74%,,,,,,,,,,,58.04%
2025-10-08 06:30,,,,,,,,,,,,,,30.74%,,,,,,,,,90.00%,,,,,89.39%,54.53%,,,,,,,,86.63%,,,,93.00%,,,,,,,,78.77%,,,,,,,,,,,58.05%
2025-10-08 07:30,,,,,,,,,,,,,,27.31%,,,,,,,,,90.19%,,,,,89.82%,53.97%,,,,,,,,86.53%,,,,93.02%,,,,,,,,78.80%,,,,,,,,,,,57.98%
2025-10-08 08:30,,,,,,,,,,,,,,27.98%,,,,,,,,,90.09%,,,,,89.96%,53.59%,,,,,,,,86.81%,,,,93.04%,,,,,,,,78.81%,,,,,,,,,,,58.09%
2025-10-08 09:30,,,,,,,,,,,,,,30.13%,,,,,,,,,90.22%,,,,,91.16%,53.68%,,,,,,,,85.30%,,,,92.87%,,,,,,,,79.01%,,,,,,,,,,,58.20%
2025-10-08 10:30,,,,,,,,,,,,,,33.03%,,,,,,,,,90.11%,,,,,90.90%,54.12%,,,,,,,,84.64%,,,,92.86%,,,,,,,,79.09%,,,,,,,,,,,58.12%
2025-10-08 11:30,,,,,,,,,,,,,,32.46%,,,,,,,,,90.21%,,,,,91.02%,53.97%,,,,,,,,84.96%,,,,92.87%,,,,,,,,79.09%,,,,,,,,,,,58.14%
2025-10-08 12:30,,,,,,,,,,,,,,32.17%,,,,,,,,,90.12%,,,,,91.30%,53.68%,65.14%,,,,,,,84.79%,,,,92.84%,,,,,,,,79.06%,,,,,,,,,,,58.25%
2025-10-08 13:30,,,,,,,,,,,,,,33.79%,,,,,,,,,90.20%,,,,,91.54%,53.86%,68.58%,,,,,,,85.07%,,,,92.79%,,,,,,,,79.11%,,,,,,,,,,,58.33%
2025-10-08 14:30,,,,,,,,,,,,,,34.31%,,,,,,,,,89.96%,,,,,90.93%,53.95%,69.55%,,,,,,,85.37%,,,,92.41%,,,,,,,,79.14%,,,,,,,,,,,58.22%
2025-10-08 15:30,,,,,,,,,,,,,,35.56%,,,,,,,,,90.03%,,,,,89.74%,54.09%,70.30%,,,,,,,85.59%,,,,92.09%,,,,,,,,79.11%,,,,,,,,,,,58.30%
2025-10-08 16:30,,,,,,,,,,,,,,38.03%,,,,,,,,,89.81%,,,,,90.34%,54.30%,69.42%,,,,,,,85.57%,,,,92.11%,,,,,,,,78.96%,,,,,,,,,,,58.40%
2025-10-08 17:30,,,,,,,,,,,,,,40.10%,,,,,,,,,90.04%,,,,,90.74%,54.76%,69.70%,,,,,,,85.99%,,,,92.13%,,,,,,,,78.82%,,,,,,,,,,,58.39%
2025-10-08 18:30,,,,,,,,,,,,,,31.10%,,,,,,,,,89.85%,,,,,90.85%,54.13%,69.91%,,,,,,,86.34%,,,,92.14%,,,,,,,,78.83%,,,,,,,,,,,58.39%
2025-10-08 19:30,,,,,,,,,,,,,,29.58%,,,,,,,,,90.07%,,,,,90.57%,54.91%,69.04%,,,,,,,86.46%,,,,92.14%,,,,,,,,78.79%,,,60.11%,,,,,,,,58.46%
2025-10-08 20:30,,,,,,,,,,,,,,27.12%,,,,,,,,,90.02%,,,,,90.63%,54.62%,68.19%,,,,,,,86.72%,,,,92.15%,,,,,,,,78.81%,,,59.81%,,,,,,,,58.55%
2025-10-08 21:30,,,,,,,,,,,,,,27.85%,,,,,,,,,90.14%,,,,,90.79%,54.86%,68.36%,,,,,,,87.00%,,,,92.17%,,,,,,,,78.85%,,,59.81%,,,,,,,,58.47%
2025-10-08 22:30,,,,,,,,,,,,,,26.96%,,,,,,,,,89.84%,,,,,91.07%,54.77%,68.35%,,,,,,,87.17%,,,,92.17%,,,,,,,,78.86%,,,59.81%,,,,,,,,58.56%
2025-10-08 23:30,,,,,,,,,,,,,,25.73%,,,,,,,,,89.97%,,,,,91.19%,54.68%,,,,,,,,86.75%,,,,92.19%,,,,,,,,78.89%,,,,,,,,,,,58.61%
2025-10-09 00:30,,,,,,,,,,,,,,28.33%,,,,,,,,,89.80%,,,,,91.32%,55.25%,,,,,,,,87.22%,,,,92.20%,,,,,,,,78.92%,,,,,,,,,,,58.61%
2025-10-09 01:30,,,,,,,,,,,,,,29.02%,,,,,,,,,90.06%,,,,,90.90%,55.30%,,,,,,,,87.52%,,,,92.34%,,,,,,,,78.95%,,,,,,,,,,,58.62%
2025-10-09 02:30,,,,,,,,,,,,,,31.53%,,,,,,,,,90.55%,,,,,90.67%,55.22%,,,,,,,,87.65%,,,,92.40%,,,,,,,,78.99%,,,,,,,,,,,58.73%
2025-10-09 03:30,,,,,,,,,,,,,,29.63%,,,,,,,,,90.48%,,,,,90.95%,55.28%,,,,,,,,87.68%,,,,92.41%,,,,,,,,79.03%,,,,,,,,,,,58.77%
2025-10-09 04:30,,,,,,,,,,,,,,27.74%,,,,,,,,,90.54%,,,,,91.09%,55.17%,,,,,,,,83.91%,,,,92.43%,,,,,,,,79.32%,,,,,,,,,,,58.67%
2025-10-09 05:30,,,,,,,,,,,,,,28.34%,,,,,,,,,90.72%,,,,,90.99%,55.21%,,,,,,,,83.06%,,,,92.44%,,,,,,,,79.37%,,,,,,,,,,,58.78%
2025-10-09 06:30,,,,,,,,,,,,,,30.36%,,,,,,,,,90.62%,,,,,91.14%,55.43%,,,,,,,,83.26%,,,,92.46%,,,,,,,,79.44%,,,,,,,,,,,58.89%
2025-10-09 07:30,,,,,,,,,,,,,,29.52%,,,,,,,,,90.70%,,,,,91.74%,55.52%,,,,,,,,82.56%,,,,92.47%,,,,,,,,79.49%,,,,,,,,,,,58.84%
2025-10-09 08:30,,,,,,,,,,,,,,29.36%,,,,,,,,,90.58%,,,,,91.74%,55.24%,,,,,,,,82.90%,,,,92.40%,,,,,,,,79.51%,,,,,,,,,,,58.83%
2025-10-09 09:30,,,,,,,,,,,,,,29.68%,,,,,,,,,90.74%,,,,,91.68%,54.75%,,,,,,,,83.14%,,,,92.30%,,,,,,,,79.54%,,,,,,,,,,,58.94%
2025-10-09 10:30,,,,,,,,,,,,,,31.20%,,,,,,,,,90.65%,,,,,91.62%,54.76%,,,,,,,,82.76%,,,,92.37%,,,,,,,,79.56%,,,,,,,,,,,59.05%
2025-10-09 11:30,,,,,,,,,,,,,,35.10%,,,,,,,,,90.69%,,,,,91.84%,55.31%,65.61%,,,,,,,83.02%,,,,92.33%,,,,,,,,79.59%,,,59.82%,,,,,,,,58.91%
2025-10-09 12:30,,,,,,,,,,,,,,34.48%,,,,,,,,,90.55%,,,,,89.04%,55.00%,66.52%,,,,,,,83.72%,,,,92.92%,,,,,,,,79.63%,,,59.87%,,,,,,,,58.99%
2025-10-09 13:30,,,,,,,,,,,,,,33.05%,,,,,,,,,90.71%,,,,,80.73%,54.77%,68.05%,,,,,,,83.70%,,,,93.82%,,,,,,,,79.61%,,,59.88%,,,,,,,,59.10%
2025-10-09 14:30,,,,,,,,,,,,,,35.26%,,,,,,,,,90.59%,,,,,85.81%,55.03%,68.63%,,,,,,,84.06%,,,,94.00%,,,,,,,,79.62%,,,59.88%,,,,,,,,59.11%
2025-10-09 15:30,,,,,,,,,,,,,,38.47%,,,,,,,,,90.74%,,,,,79.93%,55.23%,68.51%,,,,,,,84.16%,,,,94.22%,,,,,,,,79.64%,,,59.88%,,,,,,,,59.08%
2025-10-09 16:30,,,,,,,,,,,,,,34.83%,,,,,,,,,90.58%,,,,,89.25%,55.07%,69.66%,,,,,,,82.35%,,,,94.70%,,,,,,,,79.63%,,,59.91%,,,,,,,,59.15%
2025-10-09 17:30,,,,,,,,,,,,,,28.18%,,,,,,,,,90.68%,,,,,90.61%,55.13%,69.61%,,,,,,69.46%,81.56%,,,,95.73%,89.76%,,,,,,,79.11%,,,59.95%,,,,,,,,59.25%
2025-10-09 18:30,,,,,,,,,,,,,,31.86%,,,,,,,,,90.45%,,,,,94.29%,55.88%,68.79%,,,,,,67.82%,81.27%,,,,95.75%,89.65%,,,,,,,78.93%,,,59.91%,,,,,,,,59.17%
2025-10-09 19:30,,,,,,,,,,,,,,28.66%,,,,,,,,,90.52%,,,,,80.42%,55.86%,69.21%,,,,,,68.00%,81.64%,,,,94.84%,89.66%,,,,,,,79.04%,,,59.92%,,,,,,,,59.25%
2025-10-09 20:30,,,,,,,,,,,,,,28.19%,,,,,,,,,90.52%,,,,,68.62%,55.89%,68.85%,,,,,,67.97%,81.58%,,,,93.86%,89.67%,,,,,,,79.17%,,,59.88%,,,,,,,,59.31%
2025-10-09 21:30,,,,,,,,,,,,,,27.53%,,,,,,,,,90.67%,,,,,70.11%,55.93%,68.87%,,,,,,71.58%,82.00%,,,,93.93%,89.67%,,,,,,,79.22%,,,59.89%,,,,,,,,59.33%
2025-10-09 22:30,,,,,,,,,,,,,,29.15%,,,,,,,,,90.44%,,,,,71.19%,56.24%,69.21%,,,,,,71.77%,82.23%,,,,94.05%,89.66%,,,,,,,79.26%,,,59.90%,,,,,,,,59.31%
2025-10-09 23:30,,,,,,,,,,,,,,26.45%,,,,,,,,,90.78%,,,,,71.80%,55.80%,,,,,,,,82.71%,,,,94.07%,,,,,,,,79.30%,,,,,,,,,,,59.42%
2025-10-10 00:30,,,,,,,,,,,,,,27.59%,,,,,,,,,90.67%,,,,,72.50%,55.91%,67.07%,,,,,,,83.05%,,,,94.09%,,,,,,,,79.33%,,,,,,,,,,,59.46%
2025-10-10 01:30,,,,,,,,,,,,,,27.19%,,,,,,,,,90.77%,,,,,73.37%,56.00%,68.56%,,,,,,,83.47%,,,,94.11%,,,,,,,,79.36%,,,,,,,,,,,59.39%
2025-10-10 02:30,,,,,,,,,,,,,,31.78%,,,,,,,,,90.91%,,,,,73.53%,56.23%,69.54%,,,,,,,83.67%,,,,94.12%,,,,,,,,79.40%,,,,,,,,,,,59.47%
2025-10-10 03:30,,,,,,,,,,,,,,28.29%,,,,,,,,,90.23%,,,,,73.86%,55.92%,70.07%,,,,,,,83.67%,,,,94.14%,,,,,,,,79.44%,,,,,,,,,,,59.58%
2025-10-10 04:30,,,,,,,,,,,,,,28.81%,,,,,,,,,90.16%,,,,,74.33%,56.00%,69.95%,,,,,,,83.96%,,,,94.16%,,,,,,,,79.47%,,,,,,,,,,,59.56%
2025-10-10 05:30,,,,,,,,,,,,,,28.33%,,,,,,,,,90.18%,,,,,75.00%,55.96%,70.13%,,,,,,,84.26%,,,,94.18%,,,,,,,,79.51%,,,,,,,,,,,59.52%
2025-10-10 06:30,,,,,,,,,,,,,,28.87%,,,,,,,,,90.27%,,,,,75.30%,56.08%,69.89%,,,,,,,83.57%,,,,94.20%,,,,,,,,79.54%,,,,,,,,,,,59.63%
2025-10-10 07:30,,,,,,,,,,,,,,30.95%,,,,,,,,,90.36%,,,,,75.54%,56.53%,70.00%,,,,,,,83.66%,,,,94.22%,,,,,,,,79.58%,,,,,,,,,,,59.74%
2025-10-10 08:30,,,,,,,,,,,,,,29.43%,,,,,,,,,90.34%,,,,,75.81%,56.24%,70.08%,,,,,,,83.96%,,,,94.23%,,,,,,,,79.62%,,,,,,,,,,,59.64%
2025-10-10 09:30,,,,,,,,,,,,,,31.80%,,,,,,,,,90.36%,,,,,76.12%,55.99%,70.07%,,,,,,,84.48%,,,,94.25%,,,,,,,,79.65%,,,,,,,,,,,59.69%
2025-10-10 10:30,,,,,,,,,,,,,,31.32%,,,,,,,,,90.27%,,,,,76.54%,55.70%,70.11%,,,,,,,84.99%,,,,94.27%,,,,,,,,79.75%,,,,,,,,,,,59.80%
2025-10-10 11:30,,,,,,,,,,,,,,32.84%,,,,,,,,,90.34%,,,,,77.60%,55.83%,70.01%,,,,,,,84.81%,,,,94.28%,,,,,,,,79.73%,,,,,,,,,,,59.84%
2025-10-10 12:30,,,66.03%,,,,,,,,,,,31.67%,,,,,,,,,90.20%,,,,,79.15%,55.73%,70.46%,,,,,,,84.64%,,,,94.29%,,,,,,,,79.56%,,,,,,,,,,,59.78%
2025-10-10 13:30,,,53.53%,,,,,,,,,,,21.55%,,,,,,,,,90.31%,,,,,73.17%,54.49%,71.32%,,,,,,,84.36%,,,,93.74%,,,,,,,,79.58%,,,,,,,,,,,59.85%
2025-10-10 14:30,,,53.62%,,,,,,,,,,,22.57%,,,,,,,,,90.21%,,,,,68.18%,54.59%,71.44%,,,,,,,83.24%,,,,91.71%,,,,,,,,79.58%,,,,,,,,,,,59.95%
2025-10-10 15:30,,,51.76%,,,,,,,,,,,22.07%,,,,,,,,,90.33%,,,,,64.84%,54.41%,71.01%,,,,,,,82.89%,,,,91.66%,,,,,,,,79.26%,,,,,,,,,,,59.90%
2025-10-10 16:30,,,52.24%,,,,,,,,,,,23.10%,,,,,,,,,90.21%,,,,,67.65%,54.62%,71.65%,,,,,,,83.60%,,,,91.69%,,,,,,,,79.33%,,,,,,,,,,,59.95%
2025-10-10 17:30,,,53.34%,,,,,,,,,,,24.81%,,,,,,,,,90.28%,,,,,64.14%,55.09%,70.25%,,,,,,,83.39%,,,,91.71%,,,,,,,,79.18%,,,,,,,,,,,60.00%
2025-10-10 18:30,,,52.17%,,,,,,,,,,,21.67%,,,,,,,,,90.08%,,,,,67.73%,55.15%,69.25%,,,,,,,84.09%,,,,91.75%,,,,,,,,79.20%,,,,,,,,,,,60.06%
2025-10-10 19:30,,,47.88%,,,,,,,,,,,17.29%,,,,,,,,,90.23%,,,,,70.83%,54.97%,69.25%,,,,,,,84.07%,,,,91.84%,,,,,,,,79.18%,,,,,,,,,,,60.01%
2025-10-10 20:30,,,60.28%,,,,,,,,,,,22.81%,,,,,,,,,90.19%,,,,,,55.82%,69.49%,,,,,,,84.33%,,,,,,,,,,,,79.27%,,,,,,,,,,,60.12%
2025-10-10 21:30,,,64.83%,,,,,,,,,,,24.96%,,,,,,,,,90.28%,,,,,,56.20%,69.64%,,,,,,,84.65%,,,,,,,,,,,,79.33%,,,,,,,,,,,60.16%
2025-10-10 22:30,,,63.35%,,,,,,,,,,,24.85%,,,,,,,,,90.22%,,,,,,56.29%,68.88%,,,,,,,84.97%,,,,,,,,,,,,79.38%,,,,,,,,,,,60.12%
2025-10-10 23:30,,,,,,,,,,,,,,25.51%,,,,,,,,,90.44%,,,,,,56.41%,68.98%,,,,,,,85.34%,,,,,,,,,,,,79.48%,,,,,,,,,,,60.17%
2025-10-11 00:30,,,,,,,,,,,,,,27.11%,,,,,,,,,90.30%,,,,,,56.50%,69.19%,,,,,,,85.15%,,,,,,,,,,,,79.51%,,,,,,,,,,,60.28%
2025-10-11 01:30,,,,,,,,,,,,,,28.60%,,,,,,,,,90.34%,,,,,,56.95%,69.82%,,,,,,,85.64%,,,,,,,,,,,,79.56%,,,,,,,,,,,60.29%
2025-10-11 02:30,,,,,,,,,,,,,,30.02%,,,,,,,,,90.55%,,,,,,56.71%,69.58%,,,,,,,85.92%,,,,,,,,,,,,79.54%,,,,,,,,,,,60.22%
2025-10-11 03:30,,,,,,,,,,,,,,26.46%,,,,,,,,,90.63%,,,,,,56.51%,69.73%,,,,,,,86.00%,,,,,,,,,,,,79.56%,,,,,,,,,,,60.33%
2025-10-11 04:30,,,,,,,,,,,,,,26.69%,,,,,,,,,90.55%,,,,,,56.68%,70.06%,,,,,,,86.12%,,,,,,,,,,,,79.61%,,,,,,,,,,,60.44%
2025-10-11 05:30,,,,,,,,,,,,,,30.50%,,,,,,,,,90.71%,,,,,,57.15%,69.68%,,,,,,,86.52%,,,,,,,,,,,,79.64%,,,,,,,,,,,60.36%
2025-10-11 06:30,,,,,,,,,,,,,,30.46%,,,,,,,,,90.61%,,,,,,57.43%,69.30%,,,,,,,86.98%,,,,,,,,,,,,79.67%,,,,,,,,,,,60.38%
2025-10-11 07:30,,,,,,,,,,,,,,28.45%,,,,,,,,,90.73%,,,,,,57.05%,69.25%,,,,,,,86.31%,,,,,,,,,,,,79.71%,,,,,,,,,,,60.48%
2025-10-11 08:30,,,,,,,,,,,,,,27.22%,,,,,,,,,90.67%,,,,,,56.27%,69.63%,,,,,,,86.55%,,,,,,,,,,,,79.75%,,,,,,,,,,,60.55%
2025-10-11 09:30,,,,,,,,,,,,,,29.61%,,,,,,,,,90.71%,,,,,,56.65%,69.45%,,,,,,,86.74%,,,,,,,,,,,,79.76%,,,,,,,,,,,60.46%
2025-10-11 10:30,,,,,,,,,,,,,,29.61%,,,,,,,,,90.70%,,,,,,56.21%,69.34%,,,,,,,86.90%,,,,,,,,,,,,79.73%,,,,,,,,,,,60.52%
2025-10-11 11:30,,,,,,,,,,,,,,31.18%,,,,,,,,,90.87%,,,,,,56.49%,,,,,,,,87.15%,,,,,,,,,,,,79.69%,,,,,,,,,,,60.62%
2025-10-11 12:30,,,,,,,,,,,,,,35.36%,,,,,,,,,90.87%,,,,,,57.08%,,,,,,,,86.62%,,,,,,,,,,,,79.59%,,,,,,,,,,,60.58%
2025-10-11 13:30,,,,,,,,,,,,,,35.47%,,,,,,,,,90.86%,,,,,,57.00%,,,,,,,,86.71%,,,,,,,,,,,,79.58%,,,,,,,,,,,60.60%
2025-10-11 14:30,,,,,,,,,,,,,,33.44%,,,,,,,,,90.74%,,,,,,56.55%,,,,,,,,86.52%,,,,,,,,,,,,79.56%,,,,,,,,,,,60.65%
2025-10-11 15:30,,,,,,,,,,,,,,36.09%,,,,,,,,,90.78%,,,,,,56.97%,,,,,,,,81.46%,,,,,,,,,,,,79.30%,,,,,,,,,,,60.72%
2025-10-11 16:30,,,,,,,,,,,,,,36.37%,,,,,,,,,90.66%,,,,,,56.99%,,,,,,,,81.56%,,,,,,,,,,,,79.35%,,,,,,,,,,,60.65%
2025-10-11 17:30,,,,,,,,,,,,,,38.69%,,,,,,,,,90.84%,,,,,,57.34%,,,,,,,,81.97%,,,,,,,,,,,,79.38%,,,,,,,,,,,60.75%
2025-10-11 18:30,,,,,,,,,,,,,,34.10%,,,,,,,,,90.56%,,,,,,57.56%,,,,,,,,81.85%,,,,,,,,,,,,79.39%,,,,,,,,,,,60.78%
2025-10-11 19:30,,,,,,,,,,,,,,26.74%,,,,,,,,,90.61%,,,,,,57.34%,,,,,,,,81.68%,,,,,,,,,,,,79.41%,,,,,,,,,,,60.76%
2025-10-11 20:30,,,,,,,,,,,,,,27.06%,,,,,,,,,90.55%,,,,,,57.40%,,,,,,,,82.35%,,,,,,,,,,,,79.45%,,,,,,,,,,,60.78%
2025-10-11 21:30,,,,,,,,,,,,,,27.68%,,,,,,,,,90.80%,,,,,,57.60%,,,,,,,,82.11%,,,,,,,,,,,,79.48%,,,,,,,,,,,60.88%
2025-10-11 22:30,,,,,,,,,,,,,,29.61%,,,,,,,,,90.66%,,,,,,57.78%,,,,,,,,81.65%,,,,,,,,,,,,79.49%,,,,,,,,,,,60.91%
2025-10-11 23:30,,,,,,,,,,,,,,30.31%,,,,,,,,,90.83%,,,,,,57.90%,,,,,,,,81.92%,,,,,,,,,,,,79.52%,,,,,,,,,,,60.81%
2025-10-12 00:30,,,,,,,,,,,,,,28.02%,,,,,,,,,90.80%,,,,,,57.67%,,,,,,,,82.03%,,,,,,,,,,,,79.58%,,,,,,,,,,,60.91%
2025-10-12 01:30,,,,,,,,,,,,,,30.54%,,,,,,,,,90.66%,,,,,,58.05%,,,,,,,,82.45%,,,,,,,,,,,,79.58%,,,,,,,,,,,61.01%
2025-10-12 02:30,,,,,,,,,,,,,,30.60%,,,,,,,,,90.88%,,,,,,58.04%,,,,,,,,82.75%,,,,,,,,,,,,79.56%,,,,,,,,,,,60.96%
2025-10-12 03:30,,,,,,,,,,,,,,28.50%,,,,,,,,,90.49%,,,,,,57.50%,,,,,,,,82.94%,,,,,,,,,,,,79.56%,,,,,,,,,,,60.95%
2025-10-12 04:30,,,,,,,,,,,,,,28.34%,,,,,,,,,90.46%,,,,,,57.69%,,,,,,,,83.39%,,,,,,,,,,,,79.55%,,,,,,,,,,,61.05%
2025-10-12 05:30,,,,,,,,,,,,,,28.82%,,,,,,,,,90.58%,,,,,,57.95%,,,,,,,,83.60%,,,,,,,,,,,,79.57%,,,,,,,,,,,61.14%
2025-10-12 06:30,,,,,,,,,,,,,,29.44%,,,,,,,,,90.49%,,,,,,58.15%,,,,,,,,83.81%,,,,,,,,,,,,79.56%,,,,,,,,,,,61.02%
2025-10-12 07:30,,,,,,,,,,,,,,28.57%,,,,,,,,,90.58%,,,,,,58.04%,,,,,,,,84.05%,,,,,,,,,,,,79.56%,,,,,,,,,,,61.08%
2025-10-12 08:30,,,,,,,,,,,,,,26.66%,,,,,,,,,90.53%,,,,,,57.56%,,,,,,,,84.15%,,,,,,,,,,,,79.57%,,,,,,,,,,,61.18%
2025-10-12 09:30,,,,,,,,,,,,,,30.34%,,,,,,,,,90.49%,,,,,,57.67%,,,,,,,,84.18%,,,,,,,,,,,,79.57%,,,,,,,,,,,61.17%
2025-10-12 10:30,,,,,,,,,,,,,,28.99%,,,,,,,,,90.49%,,,,,,57.21%,,,,,,,,84.33%,,,,,,,,,,,,79.52%,,,,,,,,,,,61.16%
2025-10-12 11:30,,,,,,,,,,,,,,31.18%,,,,,,,,,90.50%,,,,,,57.35%,,,,,,,,84.24%,,,,,,,,,,,,79.50%,,,,,,,,,,,61.21%
2025-10-12 12:30,,,,,,,,,,,,,,32.34%,,,,,,,,,90.50%,,,,,,57.59%,,,,,,,,84.09%,,,,,,,,,,,,79.49%,,,,,,,,,,,61.31%
2025-10-12 13:30,,,,,,,,,,,,,,34.30%,,,,,,,,,90.53%,,,,,,57.79%,,,,,,,,84.11%,,,,,,,,,,,,79.50%,,,,,,,,,,,61.21%
2025-10-12 14:30,,,,,,,,,,,,,,35.67%,,,,,,,,,90.42%,,,,,,57.56%,,,,,,,,84.14%,,,,,,,,,,,,79.50%,,,,,,,,,,,61.31%
2025-10-12 15:30,,,,,,,,,,,,,,38.83%,,,,,,,,,90.55%,,,,,,57.97%,,,,,,,,82.31%,,,,,,,,,,,,79.50%,,,,,,,,,,,61.35%
2025-10-12 16:30,,,,,,,,,,,,,,36.03%,,,,,,,,,90.44%,,,,,,57.62%,,,,,,,,82.27%,,,,,,,,,,,,79.48%,,,,,,,,,,,61.35%
2025-10-12 17:30,,,,,,,,,,,,,,41.40%,,,,,,,,,90.55%,,,,,,58.28%,66.06%,,,,,,,82.54%,,,,,,,,,,,,79.47%,,,60.46%,,,,,,,,61.34%
2025-10-12 18:30,,,,,,,,,,,,,,35.34%,,,,,,,,,90.42%,,,,,,58.16%,67.91%,,,,,,,82.76%,,,,,,,,,,,,79.47%,,,61.00%,,,,,,,,61.44%
2025-10-12 19:30,,,,,,,,,,,,,,29.94%,,,,,,,,,90.54%,,,,,,58.60%,68.17%,,,,,,,82.71%,,,,,,,,,,,,79.44%,,,61.00%,,,,,,,,61.49%
2025-10-12 20:30,,,,,,,,,,,,,,28.44%,,,,,,,,,90.48%,,,,,,58.35%,68.88%,,,,,,,82.71%,,,,,,,,,,,,79.37%,,,61.00%,,,,,,,,61.38%
2025-10-12 21:30,,,,,,,,,,,,,,28.82%,,,,,,,,,90.63%,,,,,,58.61%,69.23%,,,,,,,82.77%,,,,,,,,,,,,79.37%,,,61.01%,,,,,,,,61.47%
2025-10-12 22:30,,,,,,,,,,,,,,28.31%,,,,,,,,,90.55%,,,,,,58.41%,69.40%,,,,,,,82.31%,,,,,,,,,,,,79.35%,,,61.02%,,,,,,,,61.57%
2025-10-12 23:30,,,,,,,,,,,,,,26.90%,,,,,,,,,90.62%,,,,,,58.36%,69.40%,,,,,,,81.60%,,,,,,,,,,,,79.32%,,,61.01%,,,,,,,,61.55%
2025-10-13 00:30,,,,,,,,,,,,,,28.61%,,,,,,,,,90.44%,,,,,,58.57%,69.11%,,,,,,,81.67%,,,,,,,,,,,,79.30%,,,61.02%,,,,,,,,61.51%
2025-10-13 01:30,,,,,,,,,,,,,,32.71%,,,,,,,,,90.53%,,,,,,58.52%,69.02%,,,,,,,81.58%,,,,,,,,,,,,79.26%,,,61.04%,,,,,,,,61.61%
2025-10-13 02:30,,,,,,,,,,,,,,31.61%,,,,,,,,,90.81%,,,,,,57.92%,69.24%,,,,,,,81.62%,,,,,,,,,,,,79.23%,,,61.03%,,,,,,,,61.71%
2025-10-13 03:30,,,,,,,,,,,,,,30.53%,,,,,,,,,90.27%,,,,,,58.88%,69.54%,,,,,,,81.76%,,,,,,,,,,,,79.23%,,,61.04%,,,,,,,,61.60%
2025-10-13 04:30,,,,,,,,,,,,,,28.47%,,,,,,,,,90.30%,,,,,,58.41%,69.72%,,,,,,,81.69%,,,,,,,,,,,,79.23%,,,61.05%,,,,,,,,61.64%
2025-10-13 05:30,,,,,,,,,,,,,,29.15%,,,,,,,,,90.25%,,,,,,58.40%,69.49%,,,,,,,81.79%,,,,,,,,,,,,79.23%,,,61.06%,,,,,,,,61.74%
2025-10-13 06:30,,,,,,,,,,,,,,27.76%,,,,,,,,,90.23%,,,,,,58.37%,69.77%,,,,,,,82.00%,,,,,,,,,,,,79.23%,,,61.07%,,,,,,,,61.76%
2025-10-13 07:30,,,,,,,,,,,,,,28.68%,,,,,,,,,90.23%,,,,,,58.33%,69.80%,,,,,,,81.89%,,,,,,,,,,,,79.22%,,,61.08%,,,,,,,,61.73%
2025-10-13 08:30,,,,,,,,,,,,,,27.56%,,,,,,,,,90.19%,,,,,,58.35%,70.28%,,,,,,,81.85%,,,,,,,,,,,,79.21%,,,61.09%,,,,,,,,61.77%
2025-10-13 09:30,,,,,,,,,,,,,,27.65%,,,,,,,,,90.17%,,,,,,58.01%,69.80%,,,,,,,81.78%,,,,,,,,,,,,79.22%,,,61.08%,,,,,,,,61.87%
2025-10-13 10:30,,,,,,,,,,,,,,30.46%,,,,,,,,,89.97%,,,,,,58.34%,69.88%,,,,,,,81.81%,,,,,,,,,,,,79.22%,,,61.10%,,,,,,,,61.80%
2025-10-13 11:30,,,,,,,,,,,,,,31.43%,,,,,,,,,90.04%,,,,,,58.36%,69.87%,,,,,,,82.14%,,,,,,,,,,,,79.21%,,,61.11%,,,,,,,,61.87%
2025-10-13 12:30,,,,,,,,,,,,,,34.18%,,,,,,,,,90.06%,,,,,,58.45%,69.92%,,,,,,,82.21%,,,,,,,,,,,,79.18%,,,61.08%,,,,,,,,61.91%
2025-10-13 13:30,,,,,,,,,,,,,,33.86%,,,,,,,,,90.19%,,,,,,58.35%,70.65%,,,,,,,82.15%,,,,,,,,,,,,79.18%,,,61.09%,,,,,,,,61.94%
2025-10-13 14:30,,,,,,,,,,,,,,38.28%,,,,,,,,,90.08%,,,,,,59.01%,71.04%,,,,,,,82.13%,,,,,,,,,,,,79.19%,,,61.10%,,,,,,,,61.90%
2025-10-13 15:30,,,,,,,,,,,,,,37.95%,,,,,,,,,90.23%,,,,,,58.79%,70.14%,,,,,,,82.65%,,,,,,,,,,,,79.18%,,,61.10%,,,,,,,,62.00%
2025-10-13 16:30,,,,,,,,,,,,,,37.42%,,,,,,,,,90.09%,,,,,72.36%,58.76%,70.03%,,,,,,,82.90%,,,,91.98%,,,,,,,,79.19%,,,61.10%,,,,,,,,62.06%
2025-10-13 17:30,,,,,,,,,,,,,,37.16%,,,,,,,,,90.13%,,,,,64.18%,58.70%,70.12%,,,,,,,83.03%,,,,92.11%,,,,,,,,79.18%,,,61.12%,,,,,,,,61.97%
2025-10-13 18:30,,,,,,,,,,,,,,33.27%,,,,,,,,,90.06%,,,,,63.50%,58.66%,69.99%,,,,,,,83.07%,,,,92.22%,,,,,,,,79.18%,,,61.11%,,,,,,,,62.03%
2025-10-13 19:30,,,,,,,,,,,,,,26.76%,,,,,,,,,90.15%,,,,,58.97%,58.77%,70.02%,,,,,,,83.13%,,,,92.58%,,,,,,,,79.19%,,,61.10%,,,,,,,,62.13%
2025-10-13 20:30,,,,,,,,,,,,,,28.09%,,,,,,,,,90.05%,,,,,33.87%,58.88%,70.17%,,,,,,,83.09%,,,,92.60%,,,,,,,,79.12%,,,61.11%,,,,,,,,62.14%
2025-10-13 21:30,,,,,,,,,,,,,,28.44%,,,,,,,,,90.26%,,,,,33.97%,58.84%,69.98%,,,,,,,83.11%,,,,92.62%,,,,,,,,79.09%,,,61.13%,,,,,,,,62.07%
2025-10-13 22:30,,,,,,,,,,,,,,29.71%,,,,,,,,,90.00%,,,,,34.15%,59.11%,69.68%,,,,,,,83.09%,,,,92.64%,,,,,,,,79.08%,,,61.11%,,,,,,,,62.17%
2025-10-13 23:30,,,,,,,,,,,,,,27.67%,,,,,,,,,90.23%,,,,,34.56%,58.91%,,,,,,,,83.23%,,,,92.65%,,,,,,,,79.03%,,,,,,,,,,,62.27%
2025-10-14 00:30,,,,,,,,,,,,,,28.89%,,,,,,,,,90.27%,,,,,34.70%,59.05%,,,,,,,,83.05%,,,,92.67%,,,,,,,,79.03%,,,,,,,,,,,62.19%
2025-10-14 01:30,,,,,,,,,,,,,,32.61%,,,,,,,,,90.26%,,,,,34.85%,59.58%,,,,,,,,83.07%,,,,92.68%,,,,,,,,79.04%,,,,,,,,,,,62.20%
2025-10-14 02:30,,,,,,,,,,,,,,34.41%,,,,,,,,,90.50%,,,,,34.69%,59.06%,,,,,,,,83.08%,,,,92.74%,,,,,,,,79.03%,,,,,,,,,,,62.30%
2025-10-14 03:30,,,,,,,,,,,,,,27.76%,,,,,,,,,90.51%,,,,,34.51%,58.78%,,,,,,,,82.84%,,,,92.79%,,,,,,,,79.04%,,,,,,,,,,,62.35%
2025-10-14 04:30,,,,,,,,,,,,,,29.20%,,,,,,,,,90.49%,,,,,34.91%,58.99%,,,,,,,,82.55%,,,,92.88%,,,,,,,,79.03%,,,,,,,,,,,62.29%
2025-10-14 05:30,,,,,,,,,,,,,,29.62%,,,,,,,,,90.52%,,,,,35.79%,59.28%,,,,,,,,82.56%,,,,92.98%,,,,,,,,79.03%,,,,,,,,,,,62.33%
2025-10-14 06:30,,,,,,,,,,,,,,31.24%,,,,,,,,,90.36%,,,,,36.00%,59.46%,,,,,,,,82.51%,,,,92.99%,,,,,,,,79.03%,,,,,,,,,,,62.43%
2025-10-14 07:30,,,,,,,,,,,,,,29.95%,,,,,,,,,90.48%,,,,,35.99%,59.31%,,,,,,,,82.50%,,,,93.00%,,,,,,,,79.03%,,,,,,,,,,,62.39%
2025-10-14 08:30,,,,,,,,,,,,,,28.57%,,,,,,,,,90.42%,,,,,36.04%,58.89%,,,,,,,,82.41%,,,,93.01%,,,,,,,,79.02%,,,,,,,,,,,62.43%
2025-10-14 09:30,,,,,,,,,,,,,,29.73%,,,,,,,,,90.58%,,,,,35.98%,58.95%,,,,,,,,82.49%,,,,93.03%,,,,,,,,78.98%,,,,,,,,,,,62.48%
2025-10-14 10:30,,,,,,,,,,,,,,31.57%,,,,,,,,,90.44%,,,,,35.75%,58.88%,,,,,,,,82.43%,,,,93.04%,,,,,,,,78.96%,,,,,,,,,,,62.52%
2025-10-14 11:30,,,,,,,,,,,,,,31.82%,,,,,,,,,90.56%,,,,,35.06%,58.88%,57.63%,,,,,,,82.33%,,,,93.05%,,,,,,,,78.97%,,,,,,,,,,,62.46%
2025-10-14 12:30,,,,,,,,,,,,,,32.39%,,,,,,,,,90.54%,,,,,35.10%,58.60%,65.33%,,,,,,,82.43%,,,,93.07%,,,,,,,,78.98%,,,,,,,,,,,62.56%
2025-10-14 13:30,,,,,,,,,,,,,,35.05%,,,,,,,,,90.56%,,,,,35.14%,59.06%,67.91%,,,,,,,82.45%,,,,93.08%,,,,,,,,78.97%,,,,,,,,,,,62.62%
2025-10-14 14:30,,,,,,,,,,,,,,34.90%,,,,,,,,,90.63%,,,,,35.30%,58.92%,68.38%,,,,,,,82.37%,,,,93.10%,,,,,,,,78.96%,,,,,,,,,,,62.56%
2025-10-14 15:30,,,,,,,,,,,,,,36.95%,,,,,,,,,90.70%,,,,,35.41%,59.03%,69.49%,,,,,,,82.41%,,,,93.09%,,,,,,,,78.90%,,,,,,,,,,,62.60%
2025-10-14 16:30,,,,,,,,,,,,,,34.71%,,,,,,,,,90.59%,,,,,35.43%,58.90%,69.80%,,,,,,,82.93%,,,,92.88%,,,,,,,,78.90%,,,,,,,,,,,62.70%
2025-10-14 17:30,,,,,,,,,,,,,,38.56%,,,,,,,,,90.74%,,,,,35.41%,59.45%,70.07%,,,,,,,83.86%,,,,92.87%,,,,,,,,78.91%,,,,,,,,,,,62.74%
2025-10-14 18:30,,,,,,,,,,,,,,35.72%,,,,,,,,,90.46%,,,,,35.53%,59.71%,70.39%,,,,,,,84.21%,,,,92.87%,,,,,,,,78.90%,,,,,,,,,,,62.63%
2025-10-14 19:30,,,,,,,,,,,,,,29.95%,,,,,,,,,90.57%,,,,,35.64%,59.91%,69.63%,,,,,,,84.43%,,,,92.89%,,,,,,,,78.91%,,,,,,,,,,,62.73%
2025-10-14 20:30,,,,,,,,,,,,,,30.36%,,,,,,,,,90.49%,,,,,35.74%,60.05%,69.38%,,,,,,,84.82%,,,,92.90%,,,,,,,,78.94%,,,,,,,,,,,62.83%
2025-10-14 21:30,,,,,,,,,,,,,,27.40%,,,,,,,,,90.71%,,,,,35.82%,59.66%,69.88%,,,,,,,85.08%,,,,92.92%,,,,,,,,78.97%,,,,,,,,,,,62.78%
2025-10-14 22:30,,,,,,,,,,,,,,26.21%,,,,,,,,,90.49%,,,,,35.81%,59.42%,69.22%,,,,,,,85.38%,,,,92.93%,,,,,,,,79.03%,,,,,,,,,,,62.76%
2025-10-14 23:30,,,,,,,,,,,,,,28.25%,,,,,,,,,90.72%,,,,,35.94%,59.74%,,,,,,,,85.46%,,,,92.95%,,,,,,,,79.10%,,,,,,,,,,,62.86%
2025-10-15 00:30,,,,,,,,,,,,,,28.65%,,,,,,,,,90.80%,,,,,36.02%,59.73%,,,,,,,,85.31%,,,,92.96%,,,,,,,,79.13%,,,,,,,,,,,62.94%
2025-10-15 01:30,,,,,,,,,,,,,,31.44%,,,,,,,,,90.59%,,,,,36.04%,59.29%,,,,,,,,85.32%,,,,92.98%,,,,,,,,79.17%,,,,,,,,,,,62.86%
2025-10-15 02:30,,,,,,,,,,,,,,27.03%,,,,,,,,,90.56%,,,,,36.05%,59.06%,,,,,,,,85.38%,,,,92.99%,,,,,,,,79.21%,,,,,,,,,,,62.89%
2025-10-15 03:30,,,,,,,,,,,,,,29.69%,,,,,,,,,90.50%,,,,,36.10%,59.62%,,,,,,,,84.97%,,,,93.01%,,,,,,,,79.25%,,,,,,,,,,,63.01%
2025-10-15 04:30,,,,,,,,,,,,,,29.70%,,,,,,,,,90.58%,,,,,36.34%,59.61%,,,,,,,,84.46%,,,,93.03%,,,,,,,,79.27%,,,,,,,,,,,63.02%
2025-10-15 05:30,,,,,,,,,,,,,,27.05%,,,,,,,,,90.68%,,,,,36.18%,59.11%,,,,,,,,82.73%,,,,93.03%,,,,,,,,79.02%,,,,,,,,,,,63.04%
2025-10-15 06:30,,,,,,,,,,,,,,28.12%,,,,,,,,,90.61%,,,,,36.17%,59.28%,,,,,,,,83.05%,,,,93.04%,,,,,,,,79.10%,,,,,,,,,,,63.09%
2025-10-15 07:30,,,,,,,,,,,,,,28.83%,,,,,,,,,90.66%,,,,,36.19%,59.59%,,,,,,,,83.38%,,,,93.06%,,,,,,,,79.11%,,,,,,,,,,,63.16%
2025-10-15 08:30,,,,,,,,,,,,,,28.66%,,,,,,,,,90.58%,,,,,36.80%,59.15%,,,,,,,,83.73%,,,,92.84%,,,,,,,,79.13%,,,,,,,,,,,63.07%
2025-10-15 09:30,,,,,,,,,,,,,,30.55%,,,,,,,,,90.68%,,,,,44.40%,59.16%,,,,,,,,84.01%,,,,93.18%,,,,,,,,79.12%,,,,,,,,,,,63.17%
2025-10-15 10:30,,,,,,,,,,,,,,31.23%,,,,,,,,,90.52%,,,,,44.42%,59.05%,,,,,,,,84.41%,,,,93.44%,,,,,,,,79.15%,,,,,,,,,,,63.23%
2025-10-15 11:30,,,,,,,,,,,,,,31.97%,,,,,,,,,90.66%,,,,,40.48%,59.26%,,,,,,,,84.75%,,,,93.45%,,,,,,,,79.16%,,,,,,,,,,,63.20%
2025-10-15 12:30,,,57.38%,,,,,,,,,,,34.21%,,,,,,,,,90.54%,,,,,40.57%,59.40%,66.83%,,,,,,,83.82%,,,,93.46%,,,,,,,,79.12%,,,,,,,,,,,63.20%
2025-10-15 13:30,,,65.41%,,,,,,,,,,,30.36%,,,,,,,,,90.62%,,,,,40.25%,58.99%,67.73%,,,,,,,83.02%,,,,93.48%,,,,,,,,79.13%,,,,,,,,,,,63.30%
2025-10-15 14:30,,,51.07%,,,,,,,,,,,24.11%,,,,,,,,,90.56%,,,,,40.08%,58.20%,68.88%,,,,,,,84.35%,,,,93.49%,,,,,,,,79.16%,,,,,,,,,,,63.37%
2025-10-15 15:30,,,48.97%,,,,,,,,,,,22.99%,,,,,,,,,90.64%,,,,,50.91%,57.97%,68.75%,,,,,,66.80%,84.00%,,,,93.33%,90.50%,,,,,,,79.18%,,,,,,,,,,,63.24%
2025-10-15 16:30,,,49.74%,,,,,,,,,,,25.40%,,,,,,,,,90.52%,,,,,72.20%,58.11%,68.97%,,,,,,73.08%,84.19%,,,,92.62%,81.26%,,,,,,,79.21%,,,,,,,,,,,63.34%
2025-10-15 17:30,,,48.72%,,,,,,,,,,,24.64%,,,,,,,,,90.63%,,,,,72.92%,58.14%,68.97%,,,,,,76.97%,84.31%,,,,92.53%,80.25%,,,,,,,79.25%,,,,,,,,,,,63.44%
2025-10-15 18:30,,,47.32%,,,,,,,,,,,21.82%,,,,,,,,,90.53%,,,,,66.34%,58.30%,69.33%,,,,,,62.87%,84.15%,,,,92.51%,80.01%,,,,,,,79.29%,,,,,,,,,,,63.43%
2025-10-15 19:30,,,51.98%,,,,,,,,,,,18.61%,,,,,,,,,90.42%,,,,,61.79%,58.70%,68.69%,,,,,,54.18%,84.52%,,,,92.54%,79.86%,,,,,,,79.33%,,,,,,,,,,,63.38%
2025-10-15 20:30,,,50.07%,,,,,,,,,,,18.65%,,,,,,,,,90.37%,,,,,48.60%,58.66%,68.60%,,,,,,50.41%,84.66%,,,,92.67%,79.86%,,,,,,,79.35%,,,,,,,,,,,63.48%
2025-10-15 21:30,,,49.30%,,,,,,,,,,,17.98%,,,,,,,,,90.67%,,,,,48.30%,58.56%,68.32%,,,,,,63.26%,85.05%,,,,92.50%,79.87%,,,,,,,79.30%,,,,,,,,,,,63.58%
2025-10-15 22:30,,,46.38%,,,,,,,,,,,22.81%,,,,,,,,,90.40%,,,,,48.39%,59.33%,68.27%,,,,,,63.69%,85.33%,,,,92.50%,79.85%,,,,,,,79.23%,,,,,,,,,,,63.48%
2025-10-15 23:30,,,,,,,,,,,,,,30.49%,,,,,,,,,90.78%,,,,,48.64%,60.56%,,,,,,,,85.68%,,,,92.52%,,,,,,,,79.21%,,,,,,,,,,,63.51%
2025-10-16 00:30,,,,,,,,,,,,,,32.00%,,,,,,,,,90.81%,,,,,48.97%,60.76%,,,,,,,,85.88%,,,,92.54%,,,,,,,,79.21%,,,,,,,,,,,63.61%
2025-10-16 01:30,,,,,,,,,,,,,,29.45%,,,,,,,,,90.72%,,,,,49.43%,60.34%,,,,,,,,85.60%,,,,92.56%,,,,,,,,79.24%,,,,,,,,,,,63.62%
2025-10-16 02:30,,,,,,,,,,,,,,31.99%,,,,,,,,,90.96%,,,,,49.77%,60.37%,,,,,,,,85.73%,,,,92.58%,,,,,,,,79.27%,,,,,,,,,,,63.61%
2025-10-16 03:30,,,,,,,,,,,,,,31.56%,,,,,,,,,90.36%,,,,,50.02%,60.05%,,,,,,,,85.90%,,,,92.59%,,,,,,,,79.31%,,,,,,,,,,,63.66%
2025-10-16 04:30,,,,,,,,,,,,,,28.84%,,,,,,,,,90.32%,,,,,50.30%,59.84%,,,,,,,,85.76%,,,,92.60%,,,,,,,,79.35%,,,,,,,,,,,63.75%
2025-10-16 05:30,,,,,,,,,,,,,,27.31%,,,,,,,,,90.40%,,,,,50.51%,59.62%,,,,,,,,85.79%,,,,92.25%,,,,,,,,79.38%,,,,,,,,,,,63.66%
2025-10-16 06:30,,,,,,,,,,,,,,28.60%,,,,,,,,,90.31%,,,,,50.47%,59.85%,,,,,,,,86.19%,,,,92.21%,,,,,,,,79.42%,,,,,,,,,,,63.74%
2025-10-16 07:30,,,,,,,,,,,,,,28.15%,,,,,,,,,90.41%,,,,,50.55%,59.74%,,,,,,,,85.64%,,,,92.22%,,,,,,,,79.45%,,,,,,,,,,,63.81%
2025-10-16 08:30,,,,,,,,,,,,,,28.95%,,,,,,,,,90.39%,,,,,50.83%,59.99%,,,,,,,,85.50%,,,,92.24%,,,,,,,,79.49%,,,,,,,,,,,63.80%
2025-10-16 09:30,,,,,,,,,,,,,,30.78%,,,,,,,,,90.32%,,,,,51.30%,60.17%,,,,,,,,85.62%,,,,92.25%,,,,,,,,79.53%,,,,,,,,,,,63.78%
2025-10-16 10:30,,,,,,,,,,,,,,29.70%,,,,,,,,,90.40%,,,,,51.47%,59.44%,,,,,,,,84.33%,,,,92.26%,,,,,,,,79.49%,,,,,,,,,,,63.88%
2025-10-16 11:30,,,,,,,,,,,,,,32.95%,,,,,,,,,90.49%,,,,,51.43%,59.94%,,,,,,,35.32%,83.66%,,,,92.27%,79.83%,,,,,,,79.47%,,,,,,,,,,,63.95%
2025-10-16 12:30,,,,,,,,,,,,,,33.79%,,,,,,,,,90.48%,,,,,51.47%,59.64%,,,,,,,51.79%,83.82%,,,,92.29%,79.84%,,,,,,,79.40%,,,,,,,,,,,63.83%
2025-10-16 13:30,,,,,,,,,,,,,,35.71%,,,,,,,,,90.43%,,,,,51.57%,59.83%,,,,,,,56.42%,83.89%,,,,92.31%,79.88%,,,,,,,79.35%,,,,,,,,,,,63.91%
2025-10-16 14:30,,,,,,,,,,,,,,34.86%,,,,,,,,,90.31%,,,,,52.13%,59.59%,,,,,,,54.93%,84.35%,,,,92.31%,79.90%,,,,,,,79.30%,,,,,,,,,,,64.01%
2025-10-16 15:30,,,69.92%,,,,,,,,,,,33.04%,,,,,,,,,90.42%,,,,,52.17%,59.25%,68.08%,,,,,,60.08%,84.72%,,,,92.32%,79.90%,,,,,,,79.25%,,,,,,,,,,,64.03%
2025-10-16 16:30,,,53.26%,,,,,,,,,,,22.43%,,,,,,,,,90.32%,,,,,52.43%,58.02%,67.70%,,,,,,62.94%,84.75%,,,,92.30%,79.90%,,,,,,,79.21%,,,,,,,,,,,63.94%
2025-10-16 17:30,,,53.09%,,,,,,,,,,,23.79%,,,,,,,,,90.27%,,,,,52.25%,58.46%,68.55%,,,,,,71.69%,84.38%,,,,92.26%,80.08%,,,,,,,79.12%,,,,,,,,,,,64.04%
2025-10-16 18:30,,,49.46%,,,,,,,,,,,21.93%,,,,,,,,,89.41%,,,,,51.32%,58.45%,69.44%,,,,,,75.03%,84.87%,,,,92.22%,80.44%,,,,,,,79.12%,,,,,,,,,,,64.14%
2025-10-16 19:30,,,50.12%,,,,,,,,,,,17.81%,,,,,,,,,89.89%,,,,,51.41%,58.50%,68.82%,,,,,,77.34%,84.92%,,,,92.24%,80.63%,,,,,,,79.16%,,,,,,,,,,,47.68%
2025-10-16 20:30,,,48.01%,,,,,,,,,,,17.67%,,,,,,,,,90.01%,,,,,51.68%,58.51%,68.41%,,,,,,75.04%,85.43%,,,,92.25%,80.65%,,,,,,,79.18%,,,,,,,,,,,41.04%
2025-10-16 21:30,,,49.38%,,,,,,,,,,,18.27%,,,,,,,,,90.25%,,,,,51.73%,58.44%,68.51%,,,,,,84.02%,85.63%,,,,92.26%,80.66%,,,,,,,79.14%,,,,,,,,,,,41.21%
2025-10-16 22:30,,,45.60%,,,,,,,,,,,21.43%,,,,,,,,,90.10%,,,,,51.83%,58.95%,69.00%,,,,,,84.28%,85.97%,,,,92.27%,80.67%,,,,,,,79.17%,,,,,,,,,,,41.27%
2025-10-16 23:30,,,,,,,,,,,,,,27.96%,,,,,,,,,90.39%,,,,,51.95%,59.94%,68.69%,,,,,,,86.36%,,,,92.29%,,,,,,,,79.20%,,,,,,,,,,,41.35%
2025-10-17 00:30,,,,,,,,,,,,,,29.35%,,,,,,,,,90.41%,,,,,52.03%,60.12%,67.19%,,,,,,,86.70%,,,,92.30%,,,,,,,,79.13%,,,,,,,,,,,41.45%
2025-10-17 01:30,,,,,,,,,,,,,,31.44%,,,,,,,,,90.33%,,,,,52.08%,60.09%,66.85%,,,,,,,86.72%,,,,92.32%,,,,,,,,79.13%,,,,,,,,,,,41.49%
2025-10-17 02:30,,,,,,,,,,,,,,26.16%,,,,,,,,,90.65%,,,,,52.23%,59.27%,68.19%,,,,,,,86.53%,,,,92.19%,,,,,,,,79.16%,,,,,,,,,,,41.49%
2025-10-17 03:30,,,,,,,,,,,,,,27.70%,,,,,,,,,90.46%,,,,,52.34%,59.80%,68.32%,,,,,,,86.84%,,,,92.15%,,,,,,,,79.19%,,,,,,,,,,,41.51%
2025-10-17 04:30,,,,,,,,,,,,,,28.53%,,,,,,,,,90.36%,,,,,52.41%,60.00%,68.49%,,,,,,,86.59%,,,,92.16%,,,,,,,,79.24%,,,,,,,,,,,42.53%
2025-10-17 05:30,,,,,,,,,,,,,,27.15%,,,,,,,,,90.56%,,,,,52.58%,59.65%,68.38%,,,,,,,86.21%,,,,92.17%,,,,,,,,79.29%,,,,,,,,,,,45.75%
2025-10-17 06:30,,,,,,,,,,,,,,29.40%,,,,,,,,,90.51%,,,,,52.49%,60.06%,68.21%,,,,,,,86.43%,,,,92.19%,,,,,,,,79.31%,,,,,,,,,,,45.70%
2025-10-17 07:30,,,,,,,,,,,,,,26.79%,,,,,,,,,90.53%,,,,,52.55%,59.70%,68.72%,,,,,,,86.46%,,,,92.21%,,,,,,,,79.32%,,,,,,,,,,,45.76%
2025-10-17 08:30,,,,,,,,,,,,,,27.89%,,,,,,,,,90.50%,,,,,52.58%,59.86%,68.82%,,,,,,,86.18%,,,,92.23%,,,,,,,,79.30%,,,,,,,,,,,45.82%
2025-10-17 09:30,,,,,,,,,,,,,,29.07%,,,,,,,,,90.54%,,,,,52.76%,59.62%,68.63%,,,,,,,86.53%,,,,92.25%,,,,,,,,79.23%,,,,,,,,,,,45.78%
2025-10-17 10:30,,,,,,,,,,,,,,30.96%,,,,,,,,,90.43%,,,,,52.57%,59.53%,68.84%,,,,,,,87.39%,,,,92.38%,,,,,,,,79.24%,,,,,,,,,,,45.79%
2025-10-17 11:30,,,,,,,,,,,,,,30.86%,,,,,,,,,90.48%,,,,,52.61%,59.27%,69.38%,,,,,,,86.96%,,,,92.44%,,,,,,,,79.30%,,,,,,,,,,,45.85%
2025-10-17 12:30,,,,,,,,,,,,,,33.82%,,,,,,,,,90.43%,,,,,52.65%,59.66%,69.43%,,,,,,62.82%,86.42%,,,,92.45%,80.62%,,,,,,,79.29%,,,60.83%,,,,,,,,45.91%
2025-10-17 13:30,,,,,,,,,,,,,,33.28%,,,,,,,,,90.62%,,,,,52.70%,59.35%,70.49%,,,,,,65.72%,86.62%,,,,92.46%,80.69%,,,,,,,79.31%,,,60.21%,,,,,,,,45.81%
2025-10-17 14:30,,,,,,,,,,,,,,34.61%,,,,,,,,,90.57%,,,,,52.81%,59.31%,68.95%,,,,,,63.20%,86.89%,,,,92.48%,80.70%,,,,,,,79.35%,,,60.21%,,,,,,,,45.88%
2025-10-17 15:30,,,,,,,,,,,,,,31.01%,,,,,,,,,88.87%,,,,,52.74%,58.68%,67.07%,,,,,,59.38%,82.02%,,,,92.75%,81.62%,,,,,,,78.99%,,,61.63%,,,,,,,,45.94%
2025-10-17 16:30,,,,,,,,,,,,,,26.14%,,,,,,,,,87.45%,,,,,52.22%,58.31%,69.31%,,,,,,60.13%,82.86%,,,,92.69%,80.96%,,,,,,,78.78%,,,61.16%,,,,,,,,45.94%
2025-10-17 17:30,,,,,,,,,,,,,,27.96%,,,,,,,,,87.83%,,,,,51.77%,58.67%,69.89%,,,,,,60.42%,83.11%,,,,92.73%,80.95%,,,,,,,78.85%,,,61.18%,,,,,,,,45.90%
2025-10-17 18:30,,,,,,,,,,,,,,26.79%,,,,,,,,,87.88%,,,,,51.92%,58.84%,69.81%,,,,,,60.39%,82.53%,,,,92.74%,80.96%,,,,,,,78.96%,,,61.18%,,,,,,,,45.97%
2025-10-17 19:30,,,,,,,,,,,,,,25.18%,,,,,,,,,88.16%,,,,,52.10%,59.14%,69.67%,,,,,,60.48%,82.84%,,,,92.76%,80.97%,,,,,,,79.00%,,,61.21%,,,,,,,,46.03%
2025-10-17 20:30,,,,,,,,,,,,,,25.33%,,,,,,,,,88.03%,,,,,52.21%,59.14%,70.17%,,,,,,60.48%,82.87%,,,,92.78%,80.95%,,,,,,,79.02%,,,61.22%,,,,,,,,45.96%
2025-10-17 21:30,,,,,,,,,,,,,,24.83%,,,,,,,,,88.14%,,,,,52.34%,58.97%,69.77%,,,,,,61.35%,83.47%,,,,92.80%,80.96%,,,,,,,79.08%,,,61.23%,,,,,,,,46.00%
2025-10-17 22:30,,,,,,,,,,,,,,25.79%,,,,,,,,,88.30%,,,,,52.40%,59.08%,69.88%,,,,,,58.17%,83.63%,,,,92.81%,81.14%,,,,,,,79.01%,,,61.24%,,,,,,,,46.06%
2025-10-17 23:30,,,,,,,,,,,,,,25.16%,,,,,,,,,88.77%,,,,,52.50%,58.78%,,,,,,,,84.64%,,,,92.83%,,,,,,,,79.03%,,,,,,,,,,,46.06%
2025-10-18 00:30,,,,,,,,,,,,,,25.72%,,,,,,,,,88.81%,,,,,52.64%,58.86%,,,,,,,,84.59%,,,,92.84%,,,,,,,,79.19%,,,,,,,,,,,46.05%
2025-10-18 01:30,,,,,,,,,,,,,,25.55%,,,,,,,,,88.89%,,,,,52.71%,58.89%,,,,,,,,81.63%,,,,92.45%,,,,,,,,79.23%,,,,,,,,,,,46.09%
2025-10-18 02:30,,,,,,,,,,,,,,34.09%,,,,,,,,,89.06%,,,,,52.83%,59.07%,,,,,,,,81.94%,,,,92.45%,,,,,,,,79.28%,,,,,,,,,,,46.15%
2025-10-18 03:30,,,,,,,,,,,,,,29.56%,,,,,,,,,89.87%,,,,,52.98%,59.15%,,,,,,,,81.58%,,,,92.47%,,,,,,,,79.33%,,,,,,,,,,,46.08%
2025-10-18 04:30,,,,,,,,,,,,,,25.15%,,,,,,,,,89.94%,,,,,53.10%,59.06%,,,,,,,,82.10%,,,,92.57%,,,,,,,,79.37%,,,,,,,,,,,46.14%
2025-10-18 05:30,,,,,,,,,,,,,,25.38%,,,,,,,,,90.00%,,,,,53.11%,59.02%,,,,,,,,82.35%,,,,92.58%,,,,,,,,79.39%,,,,,,,,,,,46.19%
2025-10-18 06:30,,,,,,,,,,,,,,25.28%,,,,,,,,,89.97%,,,,,53.03%,58.58%,,,,,,,,82.71%,,,,92.59%,,,,,,,,79.40%,,,,,,,,,,,46.17%
2025-10-18 07:30,,,,,,,,,,,,,,26.23%,,,,,,,,,90.05%,,,,,53.05%,58.33%,,,,,,,,82.91%,,,,92.51%,,,,,,,,79.39%,,,,,,,,,,,46.17%
2025-10-18 08:30,,,,,,,,,,,,,,27.48%,,,,,,,,,89.96%,,,,,53.03%,58.59%,,,,,,,,82.68%,,,,92.38%,,,,,,,,79.39%,,,,,,,,,,,46.23%
2025-10-18 09:30,,,,,,,,,,,,,,28.94%,,,,,,,,,90.00%,,,,,53.14%,58.76%,,,,,,,,82.81%,,,,92.19%,,,,,,,,79.39%,,,,,,,,,,,46.29%
2025-10-18 10:30,,,,,,,,,,,,,,29.12%,,,,,,,,,89.88%,,,,,53.27%,58.56%,,,,,,,,82.53%,,,,92.17%,,,,,,,,79.34%,,,,,,,,,,,46.20%
2025-10-18 11:30,,,,,,,,,,,,,,30.48%,,,,,,,,,89.99%,,,,,53.29%,58.72%,,,,,,,,82.36%,,,,92.19%,,,,,,,,79.32%,,,,,,,,,,,46.26%
2025-10-18 12:30,,,,,,,,,,,,,,31.11%,,,,,,,,,89.92%,,,,,53.26%,58.77%,,,,,,,,82.56%,,,,92.20%,,,,,,,,79.32%,,,,,,,,,,,46.32%
2025-10-18 13:30,,,,,,,,,,,,,,32.00%,,,,,,,,,90.17%,,,,,53.24%,58.74%,,,,,,,,83.00%,,,,92.22%,,,,,,,,79.32%,,,,,,,,,,,46.33%
2025-10-18 14:30,,,,,,,,,,,,,,32.83%,,,,,,,,,89.87%,,,,,53.37%,58.81%,,,,,,,,83.01%,,,,92.23%,,,,,,,,79.32%,,,,,,,,,,,46.28%
2025-10-18 15:30,,,,,,,,,,,,,,34.74%,,,,,,,,,90.01%,,,,,52.97%,59.18%,,,,,,,,83.32%,,,,92.25%,,,,,,,,79.32%,,,,,,,,,,,46.35%
2025-10-18 16:30,,,,,,,,,,,,,,35.34%,,,,,,,,,90.00%,,,,,52.92%,59.13%,,,,,,,,83.91%,,,,92.23%,,,,,,,,79.36%,,,,,,,,,,52.99%,46.41%
2025-10-18 17:30,,,,,,,,,,,,,,36.75%,,,,,,,,,90.08%,,,,,52.67%,59.39%,,,,,,,,84.40%,,,,92.48%,,,,,,,,79.45%,,,,,,,,,,53.33%,46.36%
2025-10-18 18:30,,,,,,,,,,,,,,33.69%,,,,,,,,,89.74%,,,,,52.78%,59.65%,,,,,,,,84.03%,,,,92.57%,,,,,,,,79.46%,,,,,,,,,,,46.37%
2025-10-18 19:30,,,,,,,,,,,,,,25.99%,,,,,,,,,89.94%,,,,,52.96%,59.65%,,,,,,,,84.43%,,,,92.59%,,,,,,,,79.47%,,,,,,,,,,,46.43%
2025-10-18 20:30,,,,,,,,,,,,,,25.90%,,,,,,,,,89.77%,,,,,52.86%,59.60%,,,,,,,,84.78%,,,,92.61%,,,,,,,,79.45%,,,,,,,,,,,46.45%
2025-10-18 21:30,,,,,,,,,,,,,,25.36%,,,,,,,,,89.91%,,,,,52.89%,59.59%,,,,,,,,84.91%,,,,92.62%,,,,,,,,79.46%,,,,,,,,,,,46.43%
2025-10-18 22:30,,,,,,,,,,,,,,25.21%,,,,,,,,,89.76%,,,,,53.15%,59.44%,,,,,,,,83.70%,,,,92.75%,,,,,,,,79.49%,,,,,,,,,,,46.46%
2025-10-18 23:30,,,,,,,,,,,,,,26.24%,,,,,,,,,90.02%,,,,,53.24%,59.83%,,,,,,,,84.05%,,,,92.82%,,,,,,,,79.42%,,,,,,,,,,,46.52%
2025-10-19 00:30,,,,,,,,,,,,,,25.98%,,,,,,,,,89.81%,,,,,53.34%,59.69%,,,,,,,,84.43%,,,,92.85%,,,,,,,,79.57%,,,,,,,,,,,46.48%
2025-10-19 01:30,,,,,,,,,,,,,,29.29%,,,,,,,,,89.96%,,,,,53.37%,59.70%,,,,,,,,84.56%,,,,92.86%,,,,,,,,82.12%,,,,,,,,,,,46.52%
2025-10-19 02:30,,,,,,,,,,,,,,31.35%,,,,,,,,,90.15%,,,,,53.41%,59.14%,,,,,,,,84.95%,,,,92.88%,,,,,,,,82.16%,,,,,,,,,,,46.56%
2025-10-19 03:30,,,,,,,,,,,,,,25.72%,,,,,,,,,90.21%,,,,,53.45%,59.42%,,,,,,,,84.81%,,,,92.89%,,,,,,,,82.22%,,,,,,,,,,,46.57%
2025-10-19 04:30,,,,,,,,,,,,,,26.63%,,,,,,,,,90.19%,,,,,53.57%,59.61%,,,,,,,,84.10%,,,,92.90%,,,,,,,,82.25%,,,,,,,,,,,46.55%
2025-10-19 05:30,,,,,,,,,,,,,,26.32%,,,,,,,,,90.31%,,,,,53.68%,59.53%,,,,,,,,84.42%,,,,92.92%,,,,,,,,82.27%,,,,,,,,,,,46.61%
2025-10-19 06:30,,,,,,,,,,,,,,25.93%,,,,,,,,,90.20%,,,,,53.60%,59.49%,,,,,,,,84.95%,,,,92.94%,,,,,,,,82.32%,,,,,,,,,,,46.66%
2025-10-19 07:30,,,,,,,,,,,,,,25.58%,,,,,,,,,90.27%,,,,,53.69%,58.92%,,,,,,,,85.17%,,,,92.96%,,,,,,,,82.34%,,,,,,,,,,,46.60%
2025-10-19 08:30,,,,,,,,,,,,,,28.11%,,,,,,,,,90.06%,,,,,53.62%,58.91%,,,,,,,,84.64%,,,,92.97%,,,,,,,,82.39%,,,,,,,,,,,46.63%
2025-10-19 09:30,,,,,,,,,,,,,,26.06%,,,,,,,,,90.15%,,,,,53.68%,59.00%,,,,,,,,84.69%,,,,92.99%,,,,,,,,82.42%,,,,,,,,,,,46.70%
2025-10-19 10:30,,,,,,,,,,,,,,27.06%,,,,,,,,,90.10%,,,,,53.30%,58.93%,,,,,,,,84.80%,,,,93.00%,,,,,,,,82.46%,,,,,,,,,,,46.72%
2025-10-19 11:30,,,,,,,,,,,,,,26.51%,,,,,,,,,90.23%,,,,,53.36%,58.86%,,,,,,,,84.73%,,,,92.59%,,,,,,,,82.50%,,,,,,,,,,,46.66%
2025-10-19 12:30,,,,,,,,,,,,,,28.38%,,,,,,,,,90.18%,,,,,53.37%,59.06%,,,,,,,,84.48%,,,,92.21%,,,,,,,,82.53%,,,,,,,,,,,46.72%
2025-10-19 13:30,,,,,,,,,,,,,,29.43%,,,,,,,,,90.23%,,,,,53.41%,59.10%,,,,,,,,82.32%,,,,92.09%,,,,,,,,82.58%,,,,,,,,,,,46.79%
2025-10-19 14:30,,,,,,,,,,,,,,30.89%,,,,,,,,,90.06%,,,,,53.24%,59.18%,,,,,,,,82.18%,,,,92.10%,,,,,,,,82.61%,,,,,,,,,,,46.75%
2025-10-19 15:30,,,,,,,,,,,,,,30.87%,,,,,,,,,90.23%,,,,,53.25%,59.13%,,,,,,,,81.24%,,,,92.11%,,,,,,,,82.61%,,,,,,,,,,,46.75%
2025-10-19 16:30,,,,,,,,,,,,,,32.75%,,,,,,,,,90.22%,,,,,53.33%,59.26%,,,,,,,,81.32%,,,,92.08%,,,,,,,,82.61%,,,,,,,,,,,46.81%
2025-10-19 17:30,,,,,,,,,,,,,,32.87%,,,,,,,,,90.30%,,,,,52.98%,59.29%,,,,,,,75.41%,81.47%,,,,92.07%,81.83%,,,,,,,82.62%,,,,,,,56.85%,,,,46.85%
2025-10-19 18:30,,,,,,,,,,,,,,32.11%,,,,,,,,,90.10%,,,,,53.12%,59.56%,,,,,,,79.31%,81.62%,,,,92.08%,81.94%,,,,,,,82.62%,,,,,,,,,,,46.81%
2025-10-19 19:30,,,,,,,,,,,,,,25.09%,,,,,,,,,89.98%,,,,,53.20%,59.57%,,,,,,,,81.62%,,,,92.09%,,,,,,,,82.62%,,,,,,,,,,,46.84%
2025-10-19 20:30,,,,,,,,,,,,,,25.38%,,,,,,,,,89.99%,,,,,53.20%,59.69%,,,,,,,,81.67%,,,,92.11%,,,,,,,,82.64%,,,,,,,,,,,46.90%
2025-10-19 21:30,,,,,,,,,,,,,,25.68%,,,,,,,,,90.32%,,,,,53.23%,59.87%,,,,,,,,81.66%,,,,92.12%,,,,,,,,82.62%,,,,,,,,,,,46.88%
2025-10-19 22:30,,,,,,,,,,,,,,26.11%,,,,,,,,,90.09%,,,,,53.32%,60.00%,,,,,,,,81.71%,,,,92.13%,,,,,,,,82.63%,,,,,,,,,,,46.90%
2025-10-19 23:30,,,,,,,,,,,,,,26.06%,,,,,,,,,90.36%,,,,,53.38%,59.86%,,,,,,,,81.74%,,,,92.14%,,,,,,,,82.62%,,,,,,,,,,,46.93%
2025-10-20 00:30,,,,,,,,,,,,,,26.29%,,,,,,,,,90.23%,,,,,53.45%,59.92%,,,,,,,,82.07%,,,,92.16%,,,,,,,,82.61%,,,,,,,,,,,46.97%
2025-10-20 01:30,,,,,,,,,,,,,,26.71%,,,,,,,,,90.26%,,,,,53.53%,60.11%,,,,,,,,82.08%,,,,92.18%,,,,,,,,82.61%,,,,,,,,,,,46.92%
2025-10-20 02:30,,,,,,,,,,,,,,31.33%,,,,,,,,,90.45%,,,,,53.57%,60.00%,,,,,,,,81.99%,,,,92.20%,,,,,,,,82.61%,,,,,,,,,,,46.99%
2025-10-20 03:30,,,,,,,,,,,,,,28.41%,,,,,,,,,90.23%,,,,,53.72%,59.69%,,,,,,,,82.22%,,,,92.20%,,,,,,,,82.60%,,,,,,,,,,,47.03%
2025-10-20 04:30,,,,,,,,,,,,,,25.77%,,,,,,,,,90.23%,,,,,53.76%,59.78%,,,,,,,,82.15%,,,,92.22%,,,,,,,,82.60%,,,,,,,,,,,46.99%
2025-10-20 05:30,,,,,,,,,,,,,,25.90%,,,,,,,,,90.33%,,,,,53.65%,59.69%,,,,,,,,81.69%,,,,92.24%,,,,,,,,82.59%,,,,,,,,,,,47.01%
2025-10-20 06:30,,,,,,,,,,,,,,25.53%,,,,,,,,,90.20%,,,,,53.69%,59.52%,,,,,,,,82.20%,,,,92.25%,,,,,,,,82.60%,,,,,,,,,,,47.08%
2025-10-20 07:30,,,,,,,,,,,,,,26.55%,,,,,,,,,90.32%,,,,,53.71%,59.28%,,,,,,,,82.24%,,,,92.26%,,,,,,,,82.56%,,,,,,,,,,,47.11%
2025-10-20 08:30,,,,,,,,,,,,,,27.74%,,,,,,,,,90.13%,,,,,53.67%,59.22%,,,,,,,,82.15%,,,,92.28%,,,,,,,,82.50%,,,,,,,,,,,47.04%
2025-10-20 09:30,,,,,,,,,,,,,,27.43%,,,,,,,,,90.19%,,,,,53.73%,59.23%,,,,,,,,82.09%,,,,92.31%,,,,,,,,82.50%,,,,,,,,,,,47.10%
2025-10-20 10:30,,,,,,,,,,,,,,29.05%,,,,,,,,,90.14%,,,,,53.77%,59.38%,,,,,,,,82.22%,,,,92.43%,,,,,,,,82.52%,,,,,,,,,,,47.17%
2025-10-20 11:30,,,,,,,,,,,,,,30.03%,,,,,,,,,90.07%,,,,,53.81%,59.50%,,,,,,,,82.22%,,,,92.48%,,,,,,,,82.52%,,,,,,,,,,,47.14%
2025-10-20 12:30,,,,,,,,,,,,,,31.40%,,,,,,,,,90.02%,,,,,53.78%,59.65%,,,,,,,,82.25%,,,,92.52%,,,,,,,,82.52%,,,,,,,,,,,47.12%
2025-10-20 13:30,,,,,,,,,,,,,,31.51%,,,,,,,,,90.13%,,,,,53.57%,59.71%,,,,,,,,82.30%,,,,92.54%,,,,,,,,82.52%,,,,,,,,,,,47.19%
2025-10-20 14:30,,,,,,,,,,,,,,33.34%,,,,,,,,,90.13%,,,,,53.69%,59.67%,,,,,,,,82.40%,,,,92.55%,,,,,,,,82.51%,,,,,,,,,,,47.25%
2025-10-20 15:30,,,,,,,,,,,,,,34.30%,,,,,,,,,90.22%,,,,,53.84%,59.60%,,,,,,,,82.21%,,,,92.56%,,,,,,,,82.53%,,,,,,,,,,,47.19%
2025-10-20 16:30,,,,,,,,,,,,,,34.40%,,,,,,,,,90.06%,,,,,53.71%,59.64%,,,,,,,,82.22%,,,,92.65%,,,,,,,,82.52%,,,,,,,,,,,47.21%
2025-10-20 17:30,,,,,,,,,,,,,,37.99%,,,,,,,,,90.27%,,,,,53.65%,60.28%,,,,,,,,82.40%,,,,92.70%,,,,,,,,82.51%,,,,,,,,,,,47.28%
2025-10-20 18:30,,,,,,,,,,,,,,32.87%,,,,,,,,,90.18%,,,,,53.77%,60.05%,,,,,,,,82.50%,,,,92.54%,,,,,,,,82.48%,,,,,,,,,,,47.27%
2025-10-20 19:30,,,,,,,,,,,,,,25.15%,,,,,,,,,90.25%,,,,,53.94%,59.97%,61.90%,,,,,,,82.50%,,,,92.55%,,,,,,,,82.48%,,,,,,,,,,,47.28%
2025-10-20 20:30,,,,,,,,,,,,,,25.95%,,,,,,,,,90.08%,,,,,53.82%,60.22%,66.63%,,,,,,,82.64%,,,,92.57%,,,,,,,,82.48%,,,,,,,,,,,47.31%
2025-10-20 21:30,,,,,,,,,,,,,,25.12%,,,,,,,,,90.40%,,,,,53.87%,60.18%,67.94%,,,,,,,82.64%,,,,92.60%,,,,,,,,82.49%,,,,,,,,,,,47.37%
2025-10-20 22:30,,,,,,,,,,,,,,25.91%,,,,,,,,,90.11%,,,,,53.85%,60.20%,68.36%,,,,,,64.43%,82.41%,,,,92.62%,79.62%,,,,,,,82.47%,,,,,,,,,,,47.30%
2025-10-20 23:30,,,,,,,,,,,,,,25.26%,,,,,,,,,90.37%,,,,,53.96%,60.11%,,,,,,,,82.58%,,,,92.63%,,,,,,,,82.46%,,,,,,,,,,,47.37%
2025-10-21 00:30,,,,,,,,,,,,,,26.72%,,,,,,,,,90.10%,,,,,53.99%,60.49%,,,,,,,,82.85%,,,,92.64%,,,,,,,,82.39%,,,,,,,,,,,47.41%
2025-10-21 01:30,,,,,,,,,,,,,,25.38%,,,,,,,,,90.27%,,,,,54.03%,60.30%,,,,,,,,82.95%,,,,92.66%,,,,,,,,82.38%,,,,,,,,,,,47.39%
2025-10-21 02:30,,,,,,,,,,,,,,34.16%,,,,,,,,,90.28%,,,,,54.13%,59.87%,,,,,,,,83.16%,,,,92.66%,,,,,,,,82.28%,,,,,,,,,,,47.39%
2025-10-21 03:30,,,,,,,,,,,,,,24.82%,,,,,,,,,90.30%,,,,,54.18%,59.75%,,,,,,,,83.08%,,,,92.67%,,,,,,,,82.27%,,,,,,,,,,,47.46%
2025-10-21 04:30,,,,,,,,,,,,,,25.10%,,,,,,,,,90.25%,,,,,54.34%,59.89%,,,,,,,,83.35%,,,,92.75%,,,,,,,,82.27%,,,,,,,,,,,47.50%
2025-10-21 05:30,,,,,,,,,,,,,,24.75%,,,,,,,,,90.33%,,,,,54.27%,59.85%,,,,,,,,84.49%,,,,92.88%,,,,,,,,82.14%,,,,,,,,,,,47.42%
2025-10-21 06:30,,,,,,,,,,,,,,25.26%,,,,,,,,,90.33%,,,,,54.28%,59.66%,,,,,,,,84.87%,,,,92.89%,,,,,,,,82.08%,,,,,,,,,,,47.48%
2025-10-21 07:30,,,,,,,,,,,,,,26.34%,,,,,,,,,90.51%,,,,,54.42%,59.71%,,,,,,,,84.91%,,,,92.91%,,,,,,,,82.06%,,,,,,,,,,,47.55%
2025-10-21 08:30,,,,,,,,,,,,,,26.55%,,,,,,,,,90.29%,,,,,54.35%,59.38%,,,,,,,,84.98%,,,,92.92%,,,,,,,,82.06%,,,,,,,,,,,47.54%
2025-10-21 09:30,,,,,,,,,,,,,,27.91%,,,,,,,,,90.44%,,,,,54.41%,59.67%,,,,,,,,85.07%,,,,92.94%,,,,,,,,82.06%,,,,,,,,,,,47.50%
2025-10-21 10:30,,,,,,,,,,,,,,29.08%,,,,,,,,,90.16%,,,,,54.52%,59.58%,,,,,,,,85.22%,,,,92.95%,,,,,,,,82.04%,,,,,,,,,,,47.57%
2025-10-21 11:30,,,,,,,,,,,,,,29.69%,,,,,,,,,90.19%,,,,,54.19%,59.64%,,,,,,,,85.07%,,,,92.97%,,,,,,,,82.02%,,,,,,,,,,,47.64%
2025-10-21 12:30,,,,,,,,,,,,,,31.25%,,,,,,,,,90.14%,,,,,54.07%,59.75%,,,,,,,,84.92%,,,,92.99%,,,,,,,,82.01%,,,,,,,,,,,47.57%
2025-10-21 13:30,,,63.63%,,,,,,,,,,,32.03%,,,,,,,,,90.32%,,,,,54.12%,59.94%,67.25%,,,,,,,84.92%,,,,93.00%,,,,,,,,82.00%,,,,,,,,,,,47.59%
2025-10-21 14:30,,,63.97%,,,,,,,,,,,33.13%,,,,,,,,,90.29%,,,,,54.24%,59.87%,68.88%,,,,,,,84.99%,,,,92.99%,,,,,,,,82.00%,,,,,,,,,,,47.66%
2025-10-21 15:30,,,64.00%,,,,,,,,,,,34.56%,,,,,,,,,90.37%,,,,,54.28%,60.02%,69.81%,,,,,,,84.32%,,,,92.96%,,,,,,,,81.96%,,,,,,,,,,,47.67%
2025-10-21 16:30,,,62.44%,,,,,,,,,,,35.73%,,,,,,,,,90.24%,,,,,54.19%,60.22%,70.51%,,,,,,,84.61%,,,,92.94%,,,,,,,,81.99%,,,,,,,,,,,47.66%
2025-10-21 17:30,,,63.51%,,,,,,,,,,,36.17%,,,,,,,,,90.36%,,,,,54.00%,60.15%,69.87%,,,,,,,85.45%,,,,92.92%,,,,,,,,82.09%,,,,,,,,,,,47.68%
2025-10-21 18:30,,,52.72%,,,,,,,,,,,27.59%,,,,,,,,,89.27%,,,,,54.11%,59.70%,69.98%,,,,,,,85.47%,,,,92.93%,,,,,,,,82.10%,,,,,,,,,,,47.75%
2025-10-21 19:30,,,49.94%,,,,,,,,,,,18.29%,,,,,,,,,89.64%,,,,,54.24%,59.48%,69.59%,,,,,,,85.98%,,,,92.94%,,,,,,,,82.15%,,,,,,,,,,,47.69%
2025-10-21 20:30,,,50.77%,,,,,,,,,,,17.86%,,,,,,,,,89.61%,,,,,54.23%,59.47%,70.07%,,,,,,,86.29%,,,,92.97%,,,,,,,,82.19%,,,,,,,,,,,47.75%
2025-10-21 21:30,,,52.24%,,,,,,,,,,,18.38%,,,,,,,,,89.62%,,,,,54.27%,59.52%,69.53%,,,,,,,86.61%,,,,92.98%,,,,,,,,82.21%,,,,,,,,,,,47.78%
2025-10-21 22:30,,,48.58%,,,,,,,,,,,20.83%,,,,,,,,,89.54%,,,,,54.40%,60.01%,69.36%,,,,,,,86.85%,,,,93.00%,,,,,,,,82.24%,,,,,,,,,,,47.79%
2025-10-21 23:30,,,,,,,,,,,,,,24.66%,,,,,,,,,89.79%,,,,,54.49%,60.34%,,,,,,,,87.09%,,,,92.83%,,,,,,,,82.27%,,,,,,,,,,,47.77%
2025-10-22 00:30,,,,,,,,,,,,,,25.96%,,,,,,,,,89.66%,,,,,54.50%,60.24%,,,,,,,,87.52%,,,,92.82%,,,,,,,,82.17%,,,,,,,,,,,47.84%
2025-10-22 01:30,,,,,,,,,,,,,,25.99%,,,,,,,,,89.75%,,,,,54.56%,60.08%,,,,,,,,87.84%,,,,92.84%,,,,,,,,82.19%,,,,,,,,,,,47.88%
2025-10-22 02:30,,,,,,,,,,,,,,34.95%,,,,,,,,,89.65%,,,,,54.59%,60.07%,,,,,,,,87.37%,,,,92.84%,,,,,,,,82.25%,,,,,,,,,,,47.81%
2025-10-22 03:30,,,,,,,,,,,,,,25.14%,,,,,,,,,89.70%,,,,,54.74%,59.84%,,,,,,,,85.41%,,,,92.86%,,,,,,,,82.34%,,,,,,,,,,,47.86%
2025-10-22 04:30,,,,,,,,,,,,,,25.12%,,,,,,,,,89.59%,,,,,54.82%,59.93%,,,,,,,,84.57%,,,,92.87%,,,,,,,,82.36%,,,,,,,,,,,47.93%
2025-10-22 05:30,,,,,,,,,,,,,,24.67%,,,,,,,,,89.83%,,,,,54.80%,59.92%,,,,,,,,83.17%,,,,92.91%,,,,,,,,82.41%,,,,,,,,,,,47.93%
2025-10-22 06:30,,,,,,,,,,,,,,25.68%,,,,,,,,,89.70%,,,,,54.65%,60.06%,,,,,,,,83.54%,,,,92.92%,,,,,,,,82.44%,,,,,,,,,,,47.88%
2025-10-22 07:30,,,,,,,,,,,,,,25.35%,,,,,,,,,89.78%,,,,,54.75%,59.79%,,,,,,,,83.83%,,,,92.94%,,,,,,,,82.43%,,,,,,,,,,,47.95%
2025-10-22 08:30,,,,,,,,,,,,,,25.59%,,,,,,,,,89.75%,,,,,54.72%,59.59%,,,,,,,,84.09%,,,,92.96%,,,,,,,,82.43%,,,,,,,,,,,48.02%
2025-10-22 09:30,,,,,,,,,,,,,,27.28%,,,,,,,,,89.66%,,,,,54.95%,59.69%,,,,,,,,84.33%,,,,92.97%,,,,,,,,82.37%,,,,,,,,,,,47.96%
2025-10-22 10:30,,,,,,,,,,,,,,28.75%,,,,,,,,,89.96%,,,,,55.73%,59.71%,,,,,,,,84.39%,,,,93.02%,,,,,,,,82.36%,,,,,,,,,,,47.97%
2025-10-22 11:30,,,,,,,,,,,,,,27.95%,,,,,,,,,89.76%,,,,,55.83%,59.74%,,,,,,,,84.26%,,,,93.05%,,,,,,,,82.35%,,,,,,,,,,,48.04%
2025-10-22 12:30,,,,,,,,,,,,,,29.95%,,,,,,,,,89.64%,,,,,55.70%,59.72%,,,,,,,,84.64%,,,,93.07%,,,,,,,,82.21%,,,,,,,,,,,48.07%
2025-10-22 13:30,,,,,,,,,,,,,,31.15%,,,,,,,,,89.83%,,,,,55.72%,59.82%,,,,,,,,84.81%,,,,93.08%,,,,,,,,82.17%,,,,,,,,,,,48.03%
2025-10-22 14:30,,,65.85%,,,,,,,,,,,31.76%,,,,,,,,,89.83%,,,,,55.76%,59.97%,65.82%,,,,,,,85.03%,,,,93.09%,,,,,,,,82.16%,,,,,,,,,,,48.06%
2025-10-22 15:30,,,64.07%,,,,,,,,,,,33.19%,,,,,,,,,89.94%,,,,,50.84%,60.03%,69.18%,,,,,,,85.06%,,,,93.10%,,,,,,,,82.16%,,,,,,,,,,,48.13%
2025-10-22 16:30,,,64.98%,,,,,,,,,,,34.11%,,,,,,,,,89.77%,,,,,49.80%,60.06%,69.84%,,,,,,,83.78%,,,,93.16%,,,,,,,,82.12%,,,,,,,,,,,48.09%
2025-10-22 17:30,,,63.53%,,,,,,,,,,,35.31%,,,,,,,,,89.89%,,,,,49.57%,60.19%,70.47%,,,,,,54.10%,84.29%,,,,93.16%,78.83%,,,,,,,82.22%,,,,,,,,,,,48.13%
2025-10-22 18:30,,,51.74%,,,,,,,,,,,24.74%,,,,,,,,,89.68%,,,,,49.66%,59.19%,70.49%,,,,,,51.66%,84.53%,,,,93.18%,78.78%,,,,,,,82.25%,,,,,,,,,,,48.16%
2025-10-22 19:30,,,49.28%,,,,,,,,,,,18.66%,,,,,,,,,89.87%,,,,,50.14%,59.19%,69.87%,,,,,,52.01%,86.06%,,,,93.14%,78.79%,,,,,,,82.29%,,,,,,,,,,,48.18%
2025-10-22 20:30,,,47.74%,,,,,,,,,,,18.04%,,,,,,,,,89.75%,,,,,50.81%,59.13%,69.64%,,,,,,52.01%,86.05%,,,,92.47%,78.79%,,,,,,,82.32%,,,,,,,,,,,48.15%
2025-10-22 21:30,,,48.65%,,,,,,,,,,,17.88%,,,,,,,,,90.02%,,,,,49.90%,59.07%,69.80%,,,,,,53.99%,85.07%,,,,92.48%,78.78%,,,,,,,82.36%,,,,,,,,,,,48.21%
2025-10-22 22:30,,,44.41%,,,,,,,,,,,20.52%,,,,,,,,,89.93%,,,,,50.02%,59.48%,69.77%,,,,,,54.00%,85.29%,,,,92.50%,78.78%,,,,,,,82.40%,,,,,,,,,,,48.25%
2025-10-22 23:30,,,,,,,,,,,,,,25.35%,,,,,,,,,90.14%,,,,,49.99%,60.30%,,,,,,,,83.21%,,,,92.52%,,,,,,,,82.36%,,,,,,,,,,,48.21%
2025-10-23 00:30,,,,,,,,,,,,,,25.83%,,,,,,,,,90.17%,,,,,50.03%,60.36%,,,,,,,,83.38%,,,,92.53%,,,,,,,,82.40%,,,,,,,,,,,48.24%
2025-10-23 01:30,,,,,,,,,,,,,,28.65%,,,,,,,,,89.92%,,,,,50.00%,60.51%,,,,,,,,82.47%,,,,92.54%,,,,,,,,82.42%,,,,,,,,,,,48.30%
2025-10-23 02:30,,,,,,,,,,,,,,31.95%,,,,,,,,,89.88%,,,,,49.96%,60.00%,,,,,,,,82.88%,,,,92.54%,,,,,,,,82.46%,,,,,,,,,,,48.32%
2025-10-23 03:30,,,,,,,,,,,,,,25.24%,,,,,,,,,89.84%,,,,,50.23%,60.09%,,,,,,,,83.27%,,,,92.56%,,,,,,,,82.53%,,,,,,,,,,,48.26%
2025-10-23 04:30,,,,,,,,,,,,,,25.60%,,,,,,,,,89.90%,,,,,50.32%,60.17%,,,,,,,,82.60%,,,,92.43%,,,,,,,,82.62%,,,,,,,,,,,48.33%
2025-10-23 05:30,,,,,,,,,,,,,,25.86%,,,,,,,,,90.03%,,,,,50.22%,60.21%,,,,,,,,82.37%,,,,92.39%,,,,,,,,82.65%,,,,,,,,,,,48.39%
2025-10-23 06:30,,,,,,,,,,,,,,25.22%,,,,,,,,,89.91%,,,,,50.21%,60.21%,,,,,,,,82.51%,,,,92.40%,,,,,,,,82.69%,,,,,,,,,,,48.36%
2025-10-23 07:30,,,,,,,,,,,,,,24.90%,,,,,,,,,89.98%,,,,,50.24%,60.03%,,,,,,,,82.97%,,,,92.42%,,,,,,,,82.74%,,,,,,,,,,,48.35%
2025-10-23 08:30,,,,,,,,,,,,,,25.87%,,,,,,,,,89.86%,,,,,49.45%,59.72%,,,,,,,,83.26%,,,,92.44%,,,,,,,,82.78%,,,,,,,,,,,48.42%
2025-10-23 09:30,,,,,,,,,,,,,,26.25%,,,,,,,,,89.86%,,,,,49.29%,59.60%,,,,,,,,82.92%,,,,92.42%,,,,,,,,82.82%,,,,,,,,,,,48.46%
2025-10-23 10:30,,,,,,,,,,,,,,28.57%,,,,,,,,,89.87%,,,,,49.17%,59.62%,,,,,,,,83.42%,,,,92.09%,,,,,,,,82.74%,,,,,,,,,,,48.41%
2025-10-23 11:30,,,,,,,,,,,,,,28.43%,,,,,,,,,90.04%,,,,,49.07%,59.60%,,,,,,,,83.65%,,,,92.10%,,,,,,,,82.71%,,,,,,,,,,,48.44%
2025-10-23 12:30,,,,,,,,,,,,,,29.31%,,,,,,,,,89.90%,,,,,49.34%,59.52%,66.61%,,,,,,,83.83%,,,,92.12%,,,,,,,,82.72%,,,,,,,,,,,48.51%
2025-10-23 13:30,,,,,,,,,,,,,,31.37%,,,,,,,,,89.90%,,,,,57.85%,59.77%,67.67%,,,,,,,85.86%,,,,92.17%,,,,,,,,82.28%,,,,,,,,,,,48.50%
2025-10-23 14:30,,,,,,,,,,,,,,31.96%,,,,,,,,,89.70%,,,,,68.15%,59.88%,68.06%,,,,,,,83.82%,,,,92.46%,,,,,,,,82.28%,,,,,,,,,,,48.52%
2025-10-23 15:30,,,,,,,,,,,,,,32.69%,,,,,,,,,89.87%,,,,,67.71%,59.94%,69.91%,,,,,,,85.52%,,,,92.44%,,,,,,,,82.33%,,,,,,,,,,,48.55%
2025-10-23 16:30,,,,,,,,,,,,,,34.59%,,,,,,,,,89.14%,,,,,73.93%,60.12%,70.03%,,,,,,,85.04%,,,,92.56%,,,,,,,,82.34%,,,,,,,,,,,48.61%
2025-10-23 17:30,,,,,,,,,,,,,,35.02%,,,,,,,,,89.12%,,,,,74.79%,60.39%,68.61%,,,,,,,82.69%,,,,92.61%,,,,,,,,82.33%,,,,,,,,,,,48.56%
2025-10-23 18:30,,,,,,,,,,,,,,32.91%,,,,,,,,,89.16%,,,,,81.38%,60.08%,68.45%,,,,,,,83.56%,,,,92.63%,,,,,,,,82.34%,,,,,,,,,,,48.63%
2025-10-23 19:30,,,,,,,,,,,,,,25.36%,,,,,,,,,89.68%,,,,,79.93%,60.15%,68.89%,,,,,,,84.02%,,,,92.64%,,,,,,,,82.33%,,,,,,,,,,,48.67%
2025-10-23 20:30,,,,,,,,,,,,,,25.76%,,,,,,,,,89.72%,,,,,81.15%,60.11%,68.64%,,,,,,,84.32%,,,,92.66%,,,,,,,,82.33%,,,,,,,,,,,48.65%
2025-10-23 21:30,,,,,,,,,,,,,,25.42%,,,,,,,,,89.94%,,,,,81.80%,60.17%,69.25%,,,,,,,84.62%,,,,92.68%,,,,,,,,82.33%,,,,,,,,,,,48.66%
2025-10-23 22:30,,,,,,,,,,,,,,25.40%,,,,,,,,,89.76%,,,,,82.27%,60.19%,68.49%,,,,,,,84.72%,,,,92.70%,,,,,,,,82.34%,,,,,,,,,,,48.73%
2025-10-23 23:30,,,,,,,,,,,,,,25.81%,,,,,,,,,90.00%,,,,,82.56%,60.25%,,,,,,,,84.98%,,,,92.72%,,,,,,,,82.34%,,,,,,,,,,,48.77%
2025-10-24 00:30,,,,,,,,,,,,,,29.67%,,,,,,,,,90.08%,,,,,83.22%,59.96%,,,,,,,,85.27%,,,,92.74%,,,,,,,,82.34%,,,,,,,,,,,48.70%
2025-10-24 01:30,,,,,,,,,,,,,,37.70%,,,,,,,,,90.21%,,,,,83.57%,59.56%,,,,,,,,85.25%,,,,92.75%,,,,,,,,82.33%,,,,,,,,,,,48.77%
2025-10-24 02:30,,,,,,,,,,,,,,,,,,,,,,,,,,,,83.78%,,,,,,,,,85.39%,,,,92.81%,,,,,,,,82.34%,,,,,,,,,,,48.84%
2025-10-24 03:30,,,,,,,,,,,,,,,,,,,,,,,,,,,,84.36%,,,,,,,,,85.59%,,,,92.84%,,,,,,,,82.33%,,,,,,,,,,,48.82%
2025-10-24 04:30,,,,,,,,,,,,,,,,,,,,,,,,,,,,85.13%,,,,,,,,,85.67%,,,,92.95%,,,,,,,,82.29%,,,,,,,,,,,48.80%
2025-10-24 05:30,,,,,,,,,,,,,,,,,,,,,,,,,,,,85.71%,,,,,,,,,85.34%,,,,92.97%,,,,,,,,82.29%,,,,,,,,,,,48.87%
2025-10-24 06:30,,,,,,,,,,,,,,,,,,,,,,,,,,,,85.00%,,,,,,,,,85.89%,,,,93.02%,,,,,,,,82.28%,,,,,,,,,,,48.94%
2025-10-24 07:30,,,,,,,,,,,,,,,,,,,,,,,,,,,,82.35%,,,,,,,,,85.87%,,,,93.11%,,,,,,,,82.28%,,,,,,,,,,,48.87%
2025-10-24 08:30,,,,,,,,,,,,,,,,,,,,,,,,,,,,82.99%,,,,,,,,,85.53%,,,,93.13%,,,,,,,,82.29%,,,,,,,,,,,48.91%
2025-10-24 09:30,,,,,,,,,,,,,,,,,,,,,,,,,,,,83.31%,,,,,,,,,86.34%,,,,93.04%,,,,,,,,82.27%,,,,,,,,,,,48.98%
2025-10-24 10:30,,,,,,,,,,,,,,,,,,,,,,,,,,,,83.67%,,,,,,,,,86.35%,,,,92.95%,,,,,,,,82.16%,,,,,,,,,,,48.98%
2025-10-24 11:30,,,,,,,,,,,,,,,,,,,,,,,,,,,,83.91%,,,,,,,,,86.23%,,,,92.95%,,,,,,,,82.12%,,,,,,,,,,53.20%,48.99%
2025-10-24 12:30,,,,,,,,,,,,,,,,,,,,,,,,,,,,84.26%,,66.78%,,,,,,,86.30%,,,,92.94%,,,,,,,,82.11%,,,,,,,,,,53.40%,49.02%
2025-10-24 13:30,,,,,,,,,,,,,,,,,,,,,,,,,,,,84.56%,,68.90%,,,,,,,86.33%,,,,92.89%,,,,,,,,82.11%,,,,,,,,,,53.21%,49.08%
2025-10-24 14:30,,,,,,,,,,,,,,,,,,,,,,,,,,,,84.84%,,70.82%,,,,,,,84.57%,,,,92.81%,,,,,,,,82.01%,,,,,,,,,,53.21%,49.02%
2025-10-24 15:30,,,,,,,,,,,,,,,,,,,,,,,,,,,,84.84%,,71.24%,,,,,,64.03%,84.81%,,,,92.83%,78.75%,,,,,,,82.12%,,,,,,,,,,53.21%,49.09%
2025-10-24 16:30,,,,,,,,,,,,,,,,,,,,,,,,,,,,85.13%,,70.70%,,,,,,72.08%,85.95%,,,,92.83%,78.74%,,,,,,,82.13%,,,,,,,,,,53.27%,49.13%
2025-10-24 17:30,,,,,,,,,,,,,,,,,,,,,,,,,,,,85.14%,,70.88%,,,,,,68.89%,86.14%,,,,92.80%,78.76%,,,,,,,82.13%,,,,,,,,,,53.35%,49.13%
2025-10-24 18:30,,,,,,,,,,,,,,,,,,,,,,,,,,,,85.01%,,70.89%,,,,,,68.90%,86.15%,,,,92.83%,78.77%,,,,,,,82.13%,,,,,,,,,,53.35%,49.13%
2025-10-24 19:30,,,,,,,,,,,,,,,,,,,,,,,,,,,,84.73%,,70.56%,,,,,,69.16%,86.09%,,,,92.83%,78.77%,,,,,,,82.13%,,,,,,,,,,53.35%,49.20%
2025-10-24 20:30,,,,,,,,,,,,,,,,,,,,,,,,,,,,84.83%,,70.29%,,,,,,69.14%,86.17%,,,,92.85%,78.77%,,,,,,,82.13%,,,,,,,,,,53.35%,49.25%
2025-10-24 21:30,,,,,,,,,,,,,,,,,,,,,,,,,,,,84.99%,,70.07%,,,,,,71.34%,86.21%,,,,92.86%,78.76%,,,,,,,82.14%,,,,,,,,,,53.35%,49.17%
2025-10-24 22:30,,,,,,,,,,,,,,,,,,,,,,,,,,,,85.24%,,69.59%,,,,,,71.34%,86.30%,,,,92.88%,78.76%,,,,,,,82.13%,,,,,,,,,,53.36%,49.23%
2025-10-24 23:30,,,,,,,,,,,,,,,,,,,,,,,,,,,,85.61%,,,,,,,,,86.14%,,,,92.89%,,,,,,,,82.14%,,,,,,,,,,53.36%,49.30%
2025-10-25 00:30,,,,,,,,,,,,,,,,,,,,,,,,,,,,86.99%,,,,,,,,,85.90%,,,,92.78%,,,,,,,,82.12%,,,,,,,,,,,49.30%
2025-10-25 01:30,,,,,,,,,,,,,,,,,,,,,,,,,,,,91.98%,,,,,,,,,85.83%,,,,93.04%,,,,,,,,82.12%,,,,,,,,,,,49.27%
2025-10-25 02:30,,,,,,,,,,,,,,,,,,,,,,,,,,,,95.25%,,,,,,,,,85.93%,,,,93.40%,,,,,,,,82.13%,,,,,,,,,,,49.34%
2025-10-25 03:30,,,,,,,,,,,,,,,,,,,,,,,,,,,,,,,,,,,,,86.19%,,,,,,,,,,,,82.11%,,,,,,,,,,,49.41%
2025-10-25 04:30,,,,,,,,,,,,,,,,,,,,,,,,,,,,,,,,,,,,,86.56%,,,,,,,,,,,,82.17%,,,,,,,,,,,49.35%
2025-10-25 05:30,,,,,,,,,,,,,,,,,,,,,,,,,,,,,,,,,,,,,86.57%,,,,,,,,,,,,82.39%,,,,,,,,,,,49.37%
2025-10-25 06:30,,,,,,,,,,,,,,,,,,,,,,,,,,,,,,,,,,,,,86.77%,,,,,,,,,,,,82.40%,,,,,,,,,,,49.44%
2025-10-25 07:30,,,,,,,,,,,,,,,,,,,,,,,,,,,,,,,,,,,,,86.88%,,,,,,,,,,,,82.40%,,,,,,,,,,,49.46%
2025-10-25 08:30,,,,,,,,,,,,,,,,,,,,,,,,,,,,,,,,,,,,,86.81%,,,,,,,,,,,,82.41%,,,,,,,,,,,49.45%
2025-10-25 09:30,,,,,,,,,,,,,,,,,,,,,,,,,,,,,,,,,,,,,86.73%,,,,,,,,,,,,82.36%,,,,,,,,,,53.35%,49.48%
2025-10-25 10:30,,,,,,,,,,,,,,,,,,,,,,,,,,,,,,,,,,,,,86.69%,,,,,,,,,,,,82.34%,,,,,,,,,,53.45%,49.55%
2025-10-25 11:30,,,,,,,,,,,,,,,,,,,,,,,,,,,,,,,,,,,,,86.79%,,,,,,,,,,,,82.34%,,,,,,,,,,53.48%,49.51%
2025-10-25 12:30,,,,,,,,,,,,,,,,,,,,,,,,,,,,,,,,,,,,,86.76%,,,,,,,,,,,,82.35%,,,,,,,,,,53.48%,49.56%
2025-10-25 13:30,,,,,,,,,,,,,,,,,,,,,,,,,,,,,,,,,,,,,86.83%,,,,,,,,,,,,82.34%,,,,,,,,,,53.48%,49.60%
2025-10-25 14:30,,,,,,,,,,,,,,,,,,,,,,,,,,,,,,,,,,,,,86.85%,,,,,,,,,,,,82.34%,,,,,,,,,,53.48%,49.61%
2025-10-25 15:30,,,,,,,,,,,,,,,,,,,,,,,,,,,,,,,,,,,,,86.99%,,,,,,,,,,,,82.35%,,,,,,,,,,53.49%,49.59%
2025-10-25 16:30,,,,,,,,,,,,,,,,,,,,,,,,,,,,,,,,,,,,,87.32%,,,,,,,,,,,,82.35%,,,,,,,,,,53.49%,49.66%
2025-10-25 17:30,,,,,,,,,,,,,,,,,,,,,,,,,,,,,,,,,,,,,87.38%,,,,,,,,,,,,82.36%,,,,,,,,,,53.23%,49.71%
2025-10-25 18:30,,,,,,,,,,,,,,,,,,,,,,,,,,,,,,,,,,,,,87.37%,,,,,,,,,,,,82.36%,,,,,,,,,,52.62%,49.65%
2025-10-25 19:30,,,,,,,,,,,,,,,,,,,,,,,,,,,,,,,,,,,,,87.45%,,,,,,,,,,,,82.35%,,,,,,,,,,52.22%,49.70%
2025-10-25 20:30,,,,,,,,,,,,,,,,,,,,,,,,,,,,,,,,,,,,,87.40%,,,,,,,,,,,,82.35%,,,,,,,,,,52.03%,49.77%
2025-10-25 21:30,,,,,,,,,,,,,,,,,,,,,,,,,,,,,,,,,,,,,86.97%,,,,,,,,,,,,82.36%,,,,,,,,,,,49.79%
2025-10-25 22:30,,,,,,,,,,,,,,,,,,,,,,,,,,,,,,,,,,,,,82.19%,,,,,,,,,,,,82.38%,,,,,,,,,,,49.73%
2025-10-25 23:30,,,,,,,,,,,,,,,,,,,,,,,,,,,,,,,,,,,,,82.05%,,,,,,,,,,,,82.37%,,,,,,,,,,,49.80%
2025-10-26 00:30,,,,,,,,,,,,,,,,,,,,,,,,,,,,,,,,,,,,,82.11%,,,,,,,,,,,,82.38%,,,,,,,,,,,49.88%
2025-10-26 01:30,,,,,,,,,,,,,,,,,,,,,,,,,,,,,,,,,,,,,82.16%,,,,,,,,,,,,82.36%,,,,,,,,,,,49.84%
2025-10-26 02:30,,,,,,,,,,,,,,,,,,,,,,,,,,,,,,,,,,,,,82.21%,,,,,,,,,,,,82.38%,,,,,,,,,,,49.84%
2025-10-26 03:30,,,,,,,,,,,,,,,,,,,,,,,,,,,,,,,,,,,,,82.46%,,,,,,,,,,,,82.38%,,,,,,,,,,,49.91%
2025-10-26 04:30,,,,,,,,,,,,,,,,,,,,,,,,,,,,,,,,,,,,,82.83%,,,,,,,,,,,,82.36%,,,,,,,,,,,49.95%
2025-10-26 05:30,,,,,,,,,,,,,,,,,,,,,,,,,,,,,,,,,,,,,83.00%,,,,,,,,,,,,82.37%,,,,,,,,,,,49.92%
2025-10-26 06:30,,,,,,,,,,,,,,,,,,,,,,,,,,,,,,,,,,,,,83.20%,,,,,,,,,,,,82.38%,,,,,,,,,,,49.95%
2025-10-26 07:30,,,,,,,,,,,,,,,,,,,,,,,,,,,,,,,,,,,,,83.08%,,,,,,,,,,,,82.37%,,,,,,,,,,,50.02%
2025-10-26 08:30,,,,,,,,,,,,,,,,,,,,,,,,,,,,,,,,,,,,,83.18%,,,,,,,,,,,,82.38%,,,,,,,,,,,49.99%
2025-10-26 09:30,,,,,,,,,,,,,,,,,,,,,,,,,,,,,,,,,,,,,83.03%,,,,,,,,,,,,82.37%,,,,,,,,,,,50.02%
2025-10-26 10:30,,,,,,,,,,,,,,,,,,,,,,,,,,,,,,,,,,,,,82.95%,,,,,,,,,,,,82.15%,,,,,,,,,,,50.06%
2025-10-26 11:30,,,,,,,,,,,,,,,,,,,,,,,,,,,,,,,,,,,,,82.85%,,,,,,,,,,,,82.10%,,,,,,,,,,,50.10%
2025-10-26 12:30,,,,,,,,,,,,,,,,,,,,,,,,,,,,,,,,,,,,,82.49%,,,,,,,,,,,,82.09%,,,,,,,,,,,50.06%
2025-10-26 13:30,,,,,,,,,,,,,,,,,,,,,,,,,,,,,,,,,,,,,82.51%,,,,,,,,,,,,82.09%,,,,,,,,,,,50.13%
2025-10-26 14:30,,,,,,,,,,,,,,,,,,,,,,,,,,,,,,,,,,,,,82.58%,,,,,,,,,,,,82.09%,,,,,,,,,,,50.18%
2025-10-26 15:30,,,,,,,,,,,,,,,,,,,,,,,,,,,,,,,,,,,,,82.82%,,,,,,,,,,,,82.09%,,,,,,,,,,,50.14%
2025-10-26 16:30,,,,,,,,,,,,,,,,,,,,,,,,,,,,,,,,,,,,,83.31%,,,,,,,,,,,,82.09%,,,,,,,,,,,50.16%
2025-10-26 17:30,,,,,,,,,,,,,,,,,,,,,,,,,,,,,,,,,,,,,83.37%,,,,,,,,,,,,82.09%,,,,,,,,,,,50.23%
2025-10-26 18:30,,,,,,,,,,,,,,,,,,,,,,,,,,,,,,,,,,,,,83.34%,,,,,,,,,,,,82.08%,,,,,,,,,,,50.27%
2025-10-26 19:30,,,,,,,,,,,,,,,,,,,,,,,,,,,,,,,,,,,,,83.40%,,,,,,,,,,,,82.08%,,,,,,,,,,,50.20%
2025-10-26 20:30,,,,,,,,,,,,,,,,,,,,,,,,,,,,,,,,,,,,,83.56%,,,,,,,,,,,,82.08%,,,,,,,,,,,50.27%
2025-10-26 21:30,,,,,,,,,,,,,,,,,,,,,,,,,,,,,,,,,,,,,83.56%,,,,,,,,,,,,82.10%,,,,,,,,,,,50.34%
2025-10-26 22:30,,,,,,,,,,,,,,,,,,,,,,,,,,,,,,,,,,,,,83.34%,,,,,,,,,,,,82.09%,,,,,,,,,,,50.32%
2025-10-26 23:30,,,,,,,,,,,,,,,,,,,,,,,,,,,,,,,,,,,,,83.43%,,,,,,,,,,,,82.08%,,,,,,,,,,,50.30%
2025-10-27 00:30,,,,,,,,,,,,,,,,,,,,,,,,,,,,,,,,,,,,,83.45%,,,,,,,,,,,,82.08%,,,,,,,,,,,50.37%
2025-10-27 01:30,,,,,,,,,,,,,,,,,,,,,,,,,,,,,,,,,,,,,83.49%,,,,,,,,,,,,82.09%,,,,,,,,,,,50.43%
2025-10-27 02:30,,,,,,,,,,,,,,,,,,,,,,,,,,,,,,,,,,,,,83.55%,,,,,,,,,,,,82.09%,,,,,,,,,,,50.38%
2025-10-27 03:30,,,,,,,,,,,,,,,,,,,,,,,,,,,,,,,,,,,,,83.49%,,,,,,,,,,,,82.08%,,,,,,,,,,,50.41%
2025-10-27 04:30,,,,,,,,,,,,,,,,,,,,,,,,,,,,,,,,,,,,,83.55%,,,,,,,,,,,,82.03%,,,,,,,,,,,50.48%
2025-10-27 05:30,,,,,,,,,,,,,,,,,,,,,,,,,,,,,,,,,,,,,83.90%,,,,,,,,,,,,81.97%,,,,,,,,,,,50.47%
2025-10-27 06:30,,,,,,,,,,,,,,,,,,,,,,,,,,,,,,,,,,,,,83.52%,,,,,,,,,,,,81.93%,,,,,,,,,,,50.49%
2025-10-27 07:30,,,,,,,,,,,,,,,,,,,,,,,,,,,,,,,,,,,,,83.67%,,,,,,,,,,,,81.93%,,,,,,,,,,,50.53%
2025-10-27 08:30,,,,,,,,,,,,,,,,,,,,,,,,,,,,,,,,,,,,,83.90%,,,,,,,,,,,,81.92%,,,,,,,,,,,50.58%
2025-10-27 09:30,,,,,,,,,,,,,,,,,,,,,,,,,,,,,,,,,,,,,83.80%,,,,,,,,,,,,81.93%,,,,,,,,,,,50.52%
2025-10-27 10:30,,,,,,,,,,,,,,,,,,,,,,,,,,,,,,,,,,,,,84.05%,,,,,,,,,,,,81.93%,,,,,,,,,,,50.59%
2025-10-27 11:30,,,,,,,,,,,,,,,,,,,,,,,,,,,,,,,,,,,,,84.07%,,,,,,,,,,,,81.94%,,,,,,,,,,,50.64%
2025-10-27 12:30,,,,,,,,,,,,,,,,,,,,,,,,,,,,69.19%,,65.97%,,,,,,,84.14%,,,,91.83%,,,,,,,,81.93%,,,,,,,,,,,50.62%
2025-10-27 13:30,,,,,,,,,,,,,,,,,,,,,,,,,,,,77.55%,,68.46%,,,,,,,84.10%,,,,91.92%,,,,,,,,81.93%,,,,,,,,,,,50.63%
2025-10-27 14:30,,,,,,,,,,,,,,,,,,,,,,,,,,,,72.24%,,70.64%,,,,,,,84.14%,,,,93.54%,,,,,,,,81.93%,,,,,,,,,,,50.70%
2025-10-27 15:30,,,,,,,,,,,,,,,,,,,,,,,,,,,,67.41%,,69.25%,,,,,,,84.19%,,,,93.56%,,,,,,,,81.93%,,,,,,,,,,,50.75%
2025-10-27 16:30,,,,,,,,,,,,,,,,,,,,,,,,,,,,68.80%,,70.26%,,,,,,,84.45%,,,,93.65%,,,,,,,,81.94%,,,,,,,,,,,50.66%
2025-10-27 17:30,,,,,,,,,,,,,,,,,,,,,,,,,,,,72.36%,,70.07%,,,,,,,84.55%,,,,93.83%,,,,,,,,81.93%,,,,,,,,,,,50.73%
2025-10-27 18:30,,,,,,,,,,,,,,,,,,,,,,,,,,,,81.31%,,70.39%,,,,,,,85.23%,,,,93.91%,,,,,,,,81.93%,,,,,,,,,,,50.80%
2025-10-27 19:30,,,,,,,,,,,,,,,,,,,,,,,,,,,,75.96%,,69.64%,,,,,,,85.03%,,,,93.92%,,,,,,,,81.93%,,,,,,,,,,,50.80%
2025-10-27 20:30,,,,,,,,,,,,,,,,,,,,,,,,,,,,75.25%,,66.58%,,,,,,,83.20%,,,,94.04%,,,,,,,,82.21%,,,,,,,,,,,50.77%
2025-10-27 21:30,,,,,,,,,,,,,,,,,,,,,,,,,,,,75.43%,,67.87%,,,,,,,82.72%,,,,94.08%,,,,,,,,81.98%,,,,,,,,,,,50.84%
2025-10-27 22:30,,,,,,,,,,,,,,,,,,,,,,,,,,,,75.80%,,68.66%,,,,,,,82.79%,,,,94.09%,,,,,,,,81.96%,,,,,,,,,,,50.91%
2025-10-27 23:30,,,,,,,,,,,,,,,,,,,,,,,,,,,,75.86%,,,,,,,,,82.84%,,,,94.11%,,,,,,,,81.97%,,,,,,,,,,,50.85%
2025-10-28 00:30,,,,,,,,,,,,,,,,,,,,,,,,,,,,75.89%,,,,,,,,,82.88%,,,,94.12%,,,,,,,,81.89%,,,,,,,,,,,50.88%
2025-10-28 01:30,,,,,,,,,,,,,,,,,,,,,,,,,,,,76.16%,,,,,,,,,82.86%,,,,94.05%,,,,,,,,81.82%,,,,,,,,,,,50.94%
2025-10-28 02:30,,,,,,,,,,,,,,,,,,,,,,,,,,,,76.39%,,,,,,,,,82.91%,,,,93.95%,,,,,,,,81.82%,,,,,,,,,,,50.96%
2025-10-28 03:30,,,,,,,,,,,,,,,,,,,,,,,,,,,,76.30%,,,,,,,,,83.00%,,,,93.60%,,,,,,,,81.82%,,,,,,,,,,,50.95%
2025-10-28 04:30,,,,,,,,,,,,,,,,,,,,,,,,,,,,76.16%,,,,,,,,,82.90%,,,,93.25%,,,,,,,,81.82%,,,,,,,,,,,50.99%
2025-10-28 05:30,,,,,,,,,,,,,,,,,,,,,,,,,,,,76.24%,,,,,,,,,83.34%,,,,93.27%,,,,,,,,81.85%,,,,,,,,,,,51.08%
2025-10-28 06:30,,,,,,,,,,,,,,,,,,,,,,,,,,,,76.58%,,,,,,,,,83.49%,,,,93.28%,,,,,,,,82.03%,,,,,,,,,,,51.02%
2025-10-28 07:30,,,,,,,,,,,,,,,,,,,,,,,,,,,,77.09%,,,,,,,,,83.40%,,,,93.29%,,,,,,,,82.03%,,,,,,,,,,,51.07%
2025-10-28 08:30,,,,,,,,,,,,,,,,,,,,,,,,,,,,77.29%,,,,,,,,,83.42%,,,,93.31%,,,,,,,,82.03%,,,,,,,,,,,51.12%
2025-10-28 09:30,,,,,,,,,,,,,,,,,,,,,,,,,,,,77.48%,,,,,,,,,83.49%,,,,93.32%,,,,,,,,82.04%,,,,,,,,,,,51.11%
2025-10-28 10:30,,,,,,,,,,,,,,,,,,,,,,,,,,,,78.33%,,,,,,,,,83.57%,,,,92.59%,,,,,,,,82.04%,,,,,,,,,,,51.10%
2025-10-28 11:30,,,,,,,,,,,,,,,,,,,,,,,,,,,,78.47%,,,,,,,,,84.27%,,,,92.46%,,,,,,,,82.06%,,,,,,,,,,,51.16%
2025-10-28 12:30,,,,,,,,,,,,,,,,,,,,,,,,,,,,78.71%,,,,,,,,,83.94%,,,,92.48%,,,,,,,,82.05%,,,,,,,,,,,51.22%
2025-10-28 13:30,,,,,,,,,,,,,,,,,,,,,,,,,,,,79.11%,,66.97%,,,,,,57.55%,83.97%,,,,92.49%,78.89%,,,,,,,82.05%,,,,,,,,,,,51.14%
2025-10-28 14:30,,,,,,,,,,,,,,,,,,,,,,,,,,,,79.26%,,68.74%,,,,,,47.85%,84.05%,,,,92.51%,79.27%,,,,,,,82.07%,,,,,,,,,,,51.19%
2025-10-28 15:30,,,,,,,,,,,,,,,,,,,,,,,,,,,,79.71%,,70.44%,,,,,,51.15%,84.97%,,,,92.53%,79.07%,,,,,,,82.06%,,,,,,,,,,,51.25%
2025-10-28 16:30,,,,,,,,,,,,,,,,,,,,,,,,,,,,80.03%,,70.84%,,,,,,51.50%,85.50%,,,,92.55%,79.04%,,,,,,,82.07%,,,,,,,,,,,51.27%
2025-10-28 17:30,,,,,,,,,,,,,,,,,,,,,,,,,,,,80.86%,,69.86%,,,,,,51.70%,85.85%,,,,92.57%,79.04%,,,,,,,82.07%,,,61.53%,,,,,,,,51.21%
2025-10-28 18:30,,,,,,,,,,,,,,,,,,,,,,,,,,,,81.16%,,69.77%,,,,,,51.83%,85.74%,,,,92.59%,79.04%,,,,,,,82.07%,,,61.77%,,,,,,,,51.27%
2025-10-28 19:30,,,,,,,,,,,,,,,,,,,,,,,,,,,,81.39%,,69.47%,,,,,,48.06%,85.91%,,,,92.49%,81.29%,,,,,,,82.07%,,,61.64%,,,,,,,,51.34%
2025-10-28 20:30,,,,,,,,,,,,,,,,,,,,,,,,,,,,81.58%,,69.63%,,,,,,46.15%,85.95%,,,,92.33%,83.63%,,,,,,,82.08%,,,61.65%,,,,,,,,51.30%
2025-10-28 21:30,,,,,,,,,,,,,,,,,,,,,,,,,,,,81.46%,,69.98%,,,,,,57.27%,85.91%,,,,92.30%,83.63%,,,,,,,82.06%,,,61.65%,,,,,,,,51.30%
2025-10-28 22:30,,,,,,,,,,,,,,,,,,,,,,,,,,,,81.57%,,70.10%,,,,,,57.56%,86.05%,,,,92.31%,83.63%,,,,,,,82.07%,,,61.73%,,,,,,,,51.36%
2025-10-28 23:30,,,,,,,,,,,,,,,,,,,,,,,,,,,,81.91%,,,,,,,,,86.05%,,,,92.33%,,,,,,,,82.07%,,,,,,,,,,,51.39%
2025-10-29 00:30,,,,,,,,,,,,,,,,,,,,,,,,,,,,82.05%,,,,,,,,,85.99%,,,,92.35%,,,,,,,,82.07%,,,,,,,,,,,51.36%
2025-10-29 01:30,,,,,,,,,,,,,,,,,,,,,,,,,,,,82.11%,,,,,,,,,86.09%,,,,92.37%,,,,,,,,82.07%,,,,,,,,,,,51.40%
2025-10-29 02:30,,,,,,,,,,,,,,,,,,,,,,,,,,,,81.86%,,,,,,,,,86.27%,,,,92.38%,,,,,,,,82.07%,,,,,,,,,,,51.46%
2025-10-29 03:30,,,,,,,,,,,,,,,,,,,,,,,,,,,,82.21%,,,,,,,,,86.23%,,,,92.40%,,,,,,,,82.08%,,,,,,,,,,,51.42%
2025-10-29 04:30,,,,,,,,,,,,,,,,,,,,,,,,,,,,82.58%,,,,,,,,,86.33%,,,,92.42%,,,,,,,,82.08%,,,,,,,,,,,51.45%
2025-10-29 05:30,,,,,,,,,,,,,,,,,,,,,,,,,,,,82.66%,,,,,,,,,86.06%,,,,92.42%,,,,,,,,82.08%,,,,,,,,,,,51.50%
2025-10-29 06:30,,,,,,,,,,,,,,,,,,,,,,,,,,,,82.69%,,,,,,,,,86.38%,,,,92.38%,,,,,,,,82.28%,,,,,,,,,,,51.51%
2025-10-29 07:30,,,,,,,,,,,,,,,,,,,,,,,,,,,,82.71%,,,,,,,,,86.32%,,,,92.24%,,,,,,,,82.41%,,,,,,,,,,,51.48%
2025-10-29 08:30,,,,,,,,,,,,,,,,,,,,,,,,,,,,82.80%,,,,,,,,,86.23%,,,,92.26%,,,,,,,,82.41%,,,,,,,,,,,51.54%
2025-10-29 09:30,,,,,,,,,,,,,,,,,,,,,,,,,,,,83.24%,,,,,,,,,86.30%,,,,92.32%,,,,,,,,82.41%,,,,,,,,,,,51.60%
2025-10-29 10:30,,,,,,,,,,,,,,,,,,,,,,,,,,,,83.46%,,,,,,,,,85.98%,,,,92.43%,,,,,,,,82.42%,,,,,,,,,,,51.54%
2025-10-29 11:30,,,,,,,,,,,,,,,,,,,,,,,,,,,,83.63%,,,,,,,,,85.81%,,,,92.49%,,,,,,,,82.41%,,,,,,,,,,,51.57%
2025-10-29 12:30,,,,,,,,,,,,,,,,,,,,,,,,,,,,84.14%,,61.87%,,,,,,53.91%,86.86%,,,,92.51%,83.62%,,,,,,,82.41%,,,,,,,,,,,51.63%
2025-10-29 13:30,,,,,,,,,,,,,,,,,,,,,,,,,,,,84.81%,,65.78%,,,,,,56.94%,87.14%,,,,92.66%,83.87%,,,,,,,82.41%,,,,,,,,,,,48.45%
2025-10-29 14:30,,,,,,,,,,,,,,,,,,,,,,,,,,,,77.15%,,67.59%,,,,,,55.66%,87.21%,,,,92.61%,83.90%,,,,,,,82.41%,,,,,,,,,,,41.08%
2025-10-29 15:30,,,,,,,,,,,,,,,,,,,,,,,,,,,,77.42%,,70.06%,,,,,,56.41%,86.51%,,,,92.97%,83.88%,,,,,,,82.41%,,,,,,,,,,,41.26%
2025-10-29 16:30,,,,,,,,,,,,,,,,,,,,,,,,,,,,78.16%,,69.98%,,,,,,56.48%,86.46%,,,,93.27%,83.88%,,,,,,,82.42%,,,,,,,,,,,41.36%
2025-10-29 17:30,,,,,,,,,,,,,,,,,,,,,,,,,,,,79.91%,,69.06%,,,,,,57.02%,86.52%,,,,92.89%,83.88%,,,,,,,82.42%,,,,,,,,,,,41.45%
2025-10-29 18:30,,,,,,,,,,,,,,,,,,,,,,,,,,,,71.98%,,69.73%,,,,,,57.01%,86.62%,,,,93.07%,83.89%,,,,,,,82.42%,,,,,,,,,,,41.49%
2025-10-29 19:30,,,,,,,,,,,,,,,,,,,,,,,,,,,,63.59%,,69.51%,,,,,,56.91%,86.58%,,,,93.05%,83.89%,,,,,,,82.42%,,,,,,,,,,,41.57%
2025-10-29 20:30,,,,,,,,,,,,,,,,,,,,,,,,,,,,64.57%,,69.88%,,,,,,57.00%,86.57%,,,,92.87%,83.90%,,,,,,,82.41%,,,,,,,,,,,41.63%
2025-10-29 21:30,,,,,,,,,,,,,,,,,,,,,,,,,,,,63.75%,,69.32%,,,,,,58.55%,86.64%,,,,92.78%,83.90%,,,,,,,82.41%,,,,,,,,,,,41.59%
2025-10-29 22:30,,,,,,,,,,,,,,,,,,,,,,,,,,,,61.53%,,69.39%,,,,,,58.60%,86.61%,,,,92.80%,83.90%,,,,,,,82.42%,,,,,,,,,,,41.64%
2025-10-29 23:30,,,,,,,,,,,,,,,,,,,,,,,,,,,,62.10%,,,,,,,,,86.59%,,,,92.81%,,,,,,,,82.41%,,,,,,,,,,,45.21%
2025-10-30 00:30,,,,,,,,,,,,,,,,,,,,,,,,,,,,62.53%,,,,,,,,,86.62%,,,,92.83%,,,,,,,,82.43%,,,,,,,,,,,45.87%
2025-10-30 01:30,,,,,,,,,,,,,,,,,,,,,,,,,,,,62.74%,,,,,,,,,86.60%,,,,92.85%,,,,,,,,82.41%,,,,,,,,,,,45.85%
2025-10-30 02:30,,,,,,,,,,,,,,,,,,,,,,,,,,,,62.60%,,,,,,,,,86.67%,,,,92.87%,,,,,,,,82.42%,,,,,,,,,,,45.93%
2025-10-30 03:30,,,,,,,,,,,,,,,,,,,,,,,,,,,,63.31%,,,,,,,,,86.71%,,,,92.97%,,,,,,,,82.43%,,,,,,,,,,,45.96%
2025-10-30 04:30,,,,,,,,,,,,,,,,,,,,,,,,,,,,62.89%,,,,,,,,,86.81%,,,,92.99%,,,,,,,,82.42%,,,,,,,,,,,45.91%
2025-10-30 05:30,,,,,,,,,,,,,,,,,,,,,,,,,,,,62.85%,,,,,,,,,86.87%,,,,93.00%,,,,,,,,82.40%,,,,,,,,,,,45.96%
2025-10-30 06:30,,,,,,,,,,,,,,,,,,,,,,,,,,,,62.89%,,,,,,,,,86.96%,,,,93.02%,,,,,,,,82.39%,,,,,,,,,,,46.04%
2025-10-30 07:30,,,,,,,,,,,,,,,,,,,,,,,,,,,,63.22%,,,,,,,,,87.04%,,,,93.04%,,,,,,,,82.40%,,,,,,,,,,,46.03%
2025-10-30 08:30,,,,,,,,,,,,,,,,,,,,,,,,,,,,62.80%,,,,,,,,,87.08%,,,,93.06%,,,,,,,,82.41%,,,,,,,,,,,46.03%
2025-10-30 09:30,,,,,,,,,,,,,,,,,,,,,,,,,,,,62.88%,,,,,,,,,87.18%,,,,93.07%,,,,,,,,82.41%,,,,,,,,,,,46.11%
2025-10-30 10:30,,,,,,,,,,,,,,,,,,,,,,,,,,,,63.08%,,,,,,,,,87.14%,,,,93.09%,,,,,,,,82.40%,,,,,,,,,,,46.17%
2025-10-30 11:30,,,,,,,,,,,,,,,,,,,,,,,,,,,,67.90%,,64.13%,,,,,,,86.73%,,,,93.11%,,,,,,,,82.36%,,,,,,,,,,,46.12%
2025-10-30 12:30,,,,,,,,,,,,,,,,,,,,,,,,,,,,73.46%,,65.26%,,,,,,,86.67%,,,,92.96%,,,,,,,,82.37%,,,,,,,,,,,46.16%
2025-10-30 13:30,,,,,,,,,,,,,,,,,,,,,,,,,,,,74.35%,,66.00%,,,,,,,86.52%,,,,93.06%,,,,,,,,82.37%,,,,,,,,,,,46.23%
2025-10-30 14:30,,,,,,,,,,,,,,,,,,,,,,,,,,,,71.29%,,68.67%,,,,,,,86.72%,,,,92.94%,,,,,,,,82.40%,,,,,,,,,,,46.21%
2025-10-30 15:30,,,,,,,,,,,,,,,,,,,,,,,,,,,,67.88%,,69.62%,,,,,,66.28%,86.00%,,,,92.87%,87.21%,,,,,,,82.41%,,,,,,,,,,,46.19%
2025-10-30 16:30,,,,,,,,,,,,,,,,,,,,,,,,,,,,71.01%,,69.76%,,,,,,62.33%,86.21%,,,,92.48%,88.65%,,,,,,,82.42%,,,,,,,,,,,46.26%
2025-10-30 17:30,,,,,,,,,,,,,,,,,,,,,,,,,,,,73.17%,,69.22%,,,,,,62.56%,86.34%,,,,92.11%,88.66%,,,,,,,82.42%,,,,,,,,,,,46.31%
2025-10-30 18:30,,,,,,,,,,,,,,,,,,,,,,,,,,,,76.08%,,69.40%,,,,,,62.61%,86.28%,,,,92.11%,88.66%,,,,,,,82.43%,,,,,,,,,,,46.25%
2025-10-30 19:30,,,,,,,,,,,,,,,,,,,,,,,,,,,,68.96%,,68.69%,,,,,,63.32%,85.18%,,,,92.13%,88.67%,,,,,,,82.46%,,,,,,,,,,,46.28%
2025-10-30 20:30,,,,,,,,,,,,,,,,,,,,,,,,,,,,76.90%,,68.76%,,,,,,63.42%,85.35%,,,,92.15%,88.67%,,,,,,,82.43%,,,,,,,,,,,46.36%
2025-10-30 21:30,,,,,,,,,,,,,,,,,,,,,,,,,,,,74.51%,,69.11%,,,,,,66.24%,85.32%,,,,92.17%,88.66%,,,,,,,82.44%,,,,,,,,,,,46.34%
2025-10-30 22:30,,,,,,,,,,,,,,,,,,,,,,,,,,,,69.38%,,69.05%,,,,,,66.32%,85.39%,,,,92.19%,88.66%,,,,,,,82.44%,,,,,,,,,,,46.32%
2025-10-30 23:30,,,,,,,,,,,,,,,,,,,,,,,,,,,,71.54%,,,,,,,,,85.47%,,,,92.21%,,,,,,,,82.45%,,,,,,,,,,,46.38%
2025-10-31 00:30,,,,,,,,,,,,,,,,,,,,,,,,,,,,72.25%,,,,,,,,,85.50%,,,,92.22%,,,,,,,,82.45%,,,,,,,,,,,46.44%
2025-10-31 01:30,,,,,,,,,,,,,,,,,,,,,,,,,,,,72.44%,,,,,,,,,85.52%,,,,92.25%,,,,,,,,82.44%,,,,,,,,,,,46.38%
2025-10-31 02:30,,,,,,,,,,,,,,,,,,,,,,,,,,,,72.72%,,,,,,,,,85.61%,,,,92.27%,,,,,,,,82.44%,,,,,,,,,,,46.41%
2025-10-31 03:30,,,,,,,,,,,,,,,,,,,,,,,,,,,,72.99%,,,,,,,,,85.61%,,,,92.29%,,,,,,,,82.45%,,,,,,,,,,,46.48%
2025-10-31 04:30,,,,,,,,,,,,,,,,,,,,,,,,,,,,73.36%,,,,,,,,,85.63%,,,,92.30%,,,,,,,,82.45%,,,,,,,,,,,46.47%
2025-10-31 05:30,,,,,,,,,,,,,,,,,,,,,,,,,,,,73.63%,,,,,,,,,85.67%,,,,92.32%,,,,,,,,82.44%,,,,,,,,,,,46.45%
2025-10-31 06:30,,,,,,,,,,,,,,,,,,,,,,,,,,,,73.63%,,,,,,,,,85.86%,,,,92.34%,,,,,,,,82.23%,,,,,,,,,,,46.51%
2025-10-31 07:30,,,,,,,,,,,,,,,,,,,,,,,,,,,,73.81%,,,,,,,,,85.99%,,,,92.35%,,,,,,,,82.23%,,,,,,,,,,,46.57%
2025-10-31 08:30,,,,,,,,,,,,,,,,,,,,,,,,,,,,73.59%,,,,,,,,,86.33%,,,,92.37%,,,,,,,,82.39%,,,,,,,,,,,46.51%
2025-10-31 09:30,,,,,,,,,,,,,,,,,,,,,,,,,,,,74.02%,,,,,,,,,87.56%,,,,92.38%,,,,,,,,82.47%,,,,,,,,,,,46.53%
2025-10-31 10:30,,,,,,,,,,,,,,,,,,,,,,,,,,,,74.52%,,,,,,,,,88.37%,,,,92.38%,,,,,,,,82.50%,,,,,,,,,,,46.60%
2025-10-31 11:30,,,,,,,,,,,,,,,,,,,,,,,,,,,,74.53%,,65.83%,,,,,,,88.10%,,,,92.39%,,,,,,,,82.50%,,,,,,,,,,,46.60%
2025-10-31 12:30,,,,,,,,,,,,,,,,,,,,,,,,,,,,74.73%,,67.35%,,,,,,,88.11%,,,,92.41%,,,,,,,,82.45%,,,,,,,,,,,46.58%
2025-10-31 13:30,,,,,,,,,,,,,,,,,,,,,,,,,,,,74.89%,,70.03%,,,,,,,88.23%,,,,92.43%,,,,,,,,82.44%,,,,,,,,,,,46.63%
2025-10-31 14:30,,,,,,,,,,,,,,,,,,,,,,,,,,,,74.82%,,69.67%,,,,,,,88.25%,,,,92.45%,,,,,,,,82.45%,,,,,,,,,,,46.70%
2025-10-31 15:30,,,,,,,,,,,,,,,,,,,,,,,,,,,,75.03%,,69.92%,,,,,,,88.96%,,,,92.45%,,,,,,,,82.43%,,,,,,,,,,51.84%,46.64%
2025-10-31 16:30,,,,,,,,,,,,,,,,,,,,,,,,,,,,75.39%,,70.34%,,,,,,,88.13%,,,,92.47%,,,,,,,,82.44%,,,,,,,,,,52.51%,46.66%
2025-10-31 17:30,,,,,,,,,,,,,,,,,,,,,,,,,,,,75.46%,,70.03%,,,,,,,88.26%,,,,92.33%,,,,,,,,82.44%,,,71.17%,,,,,,,52.47%,46.73%
2025-10-31 18:30,,,,,,,,,,,,,,,,,,,,,,,,,,,,75.74%,,69.71%,,,,,,,88.24%,,,,92.30%,,,,,,,,82.44%,,,77.62%,,,,,,,52.47%,46.73%
2025-10-31 19:30,,,,,,,,,,,,,,,,,,,,,,,,,,,,76.02%,,69.66%,,,,,,,88.24%,,,,92.33%,,,,,,,,82.43%,,,77.60%,,,,,,,52.48%,46.72%
2025-10-31 20:30,,,,,,,,,,,,,,,,,,,,,,,,,,,,75.96%,,69.71%,,,,,,,87.87%,,,,92.34%,,,,,,,,82.43%,,,77.61%,,,,,,,52.48%,46.75%
2025-10-31 21:30,,,,,,,,,,,,,,,,,,,,,,,,,,,,76.11%,,69.60%,,,,,,,87.50%,,,,92.31%,,,,,,,,82.39%,,,77.60%,,,,,,,,46.82%
2025-10-31 22:30,,,,,,,,,,,,,,,,,,,,,,,,,,,,76.26%,,70.07%,,,,,,,87.48%,,,,92.31%,,,,,,,,82.40%,,,77.60%,,,,,,,,46.76%
2025-10-31 23:30,,,,,,,,,,,,,,,,,,,,,,,,,,,,76.47%,,,,,,,,,87.58%,,,,92.33%,,,,,,,,82.40%,,,,,,,,,,,46.81%
2025-11-01 00:30,,,,,,,,,,,,,,,,,,,,,,,,,,,,78.04%,,,,,,,,,84.59%,,,,92.34%,,,,,,,,82.39%,,,,,,,,,,,46.84%
2025-11-01 01:30,,,,,,,,,,,,,,,,,,,,,,,,,,,,83.03%,,,,,,,,,84.55%,,,,92.37%,,,,,,,,82.39%,,,,,,,,,,,46.85%
2025-11-01 02:30,,,,,,,,,,,,,,,,,,,,,,,,,,,,85.99%,,,,,,,,,84.47%,,,,92.40%,,,,,,,,82.40%,,,,,,,,,,,46.85%
2025-11-01 03:30,,,,,,,,,,,,,,,,,,,,,,,,,,,,,,,,,,,,,84.57%,,,,,,,,,,,,82.40%,,,,,,,,,,,46.89%
2025-11-01 04:30,,,,,,,,,,,,,,,,,,,,,,,,,,,,,,,,,,,,,84.48%,,,,,,,,,,,,82.40%,,,,,,,,,,,46.94%
2025-11-01 05:30,,,,,,,,,,,,,,,,,,,,,,,,,,,,,,,,,,,,,84.76%,,,,,,,,,,,,82.39%,,,,,,,,,,,46.88%
2025-11-01 06:30,,,,,,,,,,,,,,,,,,,,,,,,,,,,,,,,,,,,,84.79%,,,,,,,,,,,,82.40%,,,,,,,,,,,46.94%
2025-11-01 07:30,,,,,,,,,,,,,,,,,,,,,,,,,,,,,,,,,,,,,84.72%,,,,,,,,,,,,82.41%,,,,,,,,,,,46.98%
2025-11-01 08:30,,,,,,,,,,,,,,,,,,,,,,,,,,,,,,,,,,,,,85.36%,,,,,,,,,,,,82.42%,,,,,,,,,,,46.97%
2025-11-01 09:30,,,,,,,,,,,,,,,,,,,,,,,,,,,,,,,,,,,,,85.38%,,,,,,,,,,,,82.42%,,,,,,,,,,,46.97%
2025-11-01 10:30,,,,,,,,,,,,,,,,,,,,,,,,,,,,,,,,,,,,,85.50%,,,,,,,,,,,,82.19%,,,,,,,,,,,47.03%
2025-11-01 11:30,,,,,,,,,,,,,,,,,,,,,,,,,,,,,,,,,,,,,85.39%,,,,,,,,,,,,82.13%,,,,,,,,,,,47.06%
2025-11-01 12:30,,,,,,,,,,,,,,,,,,,,,,,,,,,,,,,,,,,,,85.47%,,,,,,,,,,,,82.13%,,,,,,,,,,,47.00%
2025-11-01 13:30,,,,,,,,,,,,,,,,,,,,,,,,,,,,,,,,,,,,,85.49%,,,,,,,,,,,,82.12%,,,,,,,,,,,47.06%
2025-11-01 14:30,,,,,,,,,,,,,,,,,,,,,,,,,,,,,,,,,,,,,85.59%,,,,,,,,,,,,82.12%,,,,,,,,,,,47.13%
2025-11-01 15:30,,,,,,,,,,,,,,,,,,,,,,,,,,,,,,,,,,,,,85.40%,,,,,,,,,,,,82.12%,,,,,,,,,,,47.10%
2025-11-01 16:30,,,,,,,,,,,,,,,,,,,,,,,,,,,,,,,,,,,,,85.37%,,,,,,,,,,,,82.12%,,,,,,,,,,,47.08%
2025-11-01 17:30,,,,,,,,,,,,,,,,,,,,,,,,,,,,,,,,,,,,,85.68%,,,,,,,,,,,,82.12%,,,,,,,,,,,47.15%
2025-11-01 18:30,,,,,,,,,,,,,,,,,,,,,,,,,,,,,,,,,,,,,85.68%,,,,,,,,,,,,82.12%,,,,,,,,,,,47.21%
2025-11-01 19:30,,,,,,,,,,,,,,,,,,,,,,,,,,,,,,,,,,,,,85.70%,,,,,,,,,,,,82.12%,,,,,,,,,,,47.12%
2025-11-01 20:30,,,,,,,,,,,,,,,,,,,,,,,,,,,,,,,,,,,,,86.35%,,,,,,,,,,,,82.13%,,,,,,,,,,,47.17%
2025-11-01 21:30,,,,,,,,,,,,,,,,,,,,,,,,,,,,,,,,,,,,,86.22%,,,,,,,,,,,,82.13%,,,,,,,,,,,47.24%
2025-11-01 22:30,,,,,,,,,,,,,,,,,,,,,,,,,,,,,,,,,,,,,86.41%,,,,,,,,,,,,82.13%,,,,,,,,,,,47.26%
2025-11-01 23:30,,,,,,,,,,,,,,,,,,,,,,,,,,,,,,,,,,,,,85.98%,,,,,,,,,,,,82.12%,,,,,,,,,,,47.20%
2025-11-02 00:30,,,,,,,,,,,,,,,,,,,,,,,,,,,,,,,,,,,,,85.98%,,,,,,,,,,,,82.13%,,,,,,,,,,,47.27%
2025-11-02 01:30,,,,,,,,,,,,,,,,,,,,,,,,,,,,,,,,,,,,,86.01%,,,,,,,,,,,,82.13%,,,,,,,,,,,47.34%
2025-11-02 02:30,,,,,,,,,,,,,,,,,,,,,,,,,,,,,,,,,,,,,85.96%,,,,,,,,,,,,82.13%,,,,,,,,,,,47.28%
2025-11-02 03:30,,,,,,,,,,,,,,,,,,,,,,,,,,,,,,,,,,,,,86.05%,,,,,,,,,,,,82.13%,,,,,,,,,,,47.29%
2025-11-02 04:30,,,,,,,,,,,,,,,,,,,,,,,,,,,,,,,,,,,,,86.15%,,,,,,,,,,,,82.13%,,,,,,,,,,,47.36%
2025-11-02 05:30,,,,,,,,,,,,,,,,,,,,,,,,,,,,,,,,,,,,,86.02%,,,,,,,,,,,,82.13%,,,,,,,,,,,47.39%
2025-11-02 06:30,,,,,,,,,,,,,,,,,,,,,,,,,,,,,,,,,,,,,86.26%,,,,,,,,,,,,82.13%,,,,,,,,,,,47.34%
2025-11-02 07:30,,,,,,,,,,,,,,,,,,,,,,,,,,,,,,,,,,,,,86.38%,,,,,,,,,,,,82.12%,,,,,,,,,,,47.38%
2025-11-02 08:30,,,,,,,,,,,,,,,,,,,,,,,,,,,,,,,,,,,,,86.85%,,,,,,,,,,,,82.11%,,,,,,,,,,,47.45%
2025-11-02 09:30,,,,,,,,,,,,,,,,,,,,,,,,,,,,,,,,,,,,,86.91%,,,,,,,,,,,,82.11%,,,,,,,,,,,47.42%
2025-11-02 10:30,,,,,,,,,,,,,,,,,,,,,,,,,,,,,,,,,,,,,86.38%,,,,,,,,,,,,82.11%,,,,,,,,,,,47.42%
2025-11-02 11:30,,,,,,,,,,,,,,,,,,,,,,,,,,,,,,,,,,,,,86.55%,,,,,,,,,,,,82.16%,,,,,,,,,,,47.48%
2025-11-02 12:30,,,,,,,,,,,,,,,,,,,,,,,,,,,,,,,,,,,,,83.70%,,,,,,,,,,,,82.25%,,,,,,,,,,,47.51%
2025-11-02 13:30,,,,,,,,,,,,,,,,,,,,,,,,,,,,,,,,,,,,,84.49%,,,,,,,,,,,,82.72%,,,,,,,,,,,47.48%
2025-11-02 14:30,,,,,,,,,,,,,,,,,,,,,,,,,,,,,,,,,,,,,84.59%,,,,,,,,,,,,82.89%,,,,,,,,,,,47.51%
2025-11-02 15:30,,,,,,,,,,,,,,,,,,,,,,,,,,,,,,,,,,,,,83.57%,,,,,,,,,,,,83.18%,,,,,,,,,,,47.57%
2025-11-02 16:30,,,,,,,,,,,,,,,,,,,,,,,,,,,,,,,,,,,,,83.89%,,,,,,,,,,,,83.19%,,,,,,,,,,,47.54%
2025-11-02 17:30,,,,,,,,,,,,,,,,,,,,,,,,,,,,,,,,,,,,,84.31%,,,,,,,,,,,,83.19%,,,,,,,,,,,47.57%
2025-11-02 18:30,,,,,,,,,,,,,,,,,,,,,,,,,,,,,,,,,,,,,84.71%,,,,,,,,,,,,83.18%,,,,,,,,,,,47.60%
2025-11-02 19:30,,,,,,,,,,,,,,,,,,,,,,,,,,,,,,,,,,,,,84.88%,,,,,,,,,,,,83.19%,,,,,,,,,,,47.64%
2025-11-02 20:30,,,,,,,,,,,,,,,,,,,,,,,,,,,,,,,,,,,,,86.33%,,,,,,,,,,,,83.20%,,,,,,,,,,,47.60%
2025-11-02 21:30,,,,,,,,,,,,,,,,,,,,,,,,,,,,,,,,,,,,,84.18%,,,,,,,,,,,,83.20%,,,,,,,,,,,47.66%
2025-11-02 22:30,,,,,,,,,,,,,,,,,,,,,,,,,,,,,,,,,,,,,84.84%,,,,,,,,,,,,83.21%,,,,,,,,,,,47.69%
2025-11-02 23:30,,,,,,,,,,,,,,,,,,,,,,,,,,,,,,,,,,,,,85.26%,,,,,,,,,,,,83.21%,,,,,,,,,,,47.66%
2025-11-03 00:30,,,,,,,,,,,,,,,,,,,,,,,,,,,,,,,,,,,,,85.45%,,,,,,,,,,,,83.21%,,,,,,,,,,,47.69%
2025-11-03 01:30,,,,,,,,,,,,,,,,,,,,,,,,,,,,,,,,,,,,,85.75%,,,,,,,,,,,,83.21%,,,,,,,,,,,47.75%
2025-11-03 02:30,,,,,,,,,,,,,,,,,,,,,,,,,,,,,,,,,,,,,86.10%,,,,,,,,,,,,83.21%,,,,,,,,,,,47.76%
2025-11-03 03:30,,,,,,,,,,,,,,,,,,,,,,,,,,,,,,,,,,,,,86.35%,,,,,,,,,,,,83.20%,,,,,,,,,,,47.71%
2025-11-03 04:30,,,,,,,,,,,,,,,,,,,,,,,,,,,,,,,,,,,,,86.53%,,,,,,,,,,,,83.20%,,,,,,,,,,,47.78%
2025-11-03 05:30,,,,,,,,,,,,,,,,,,,,,,,,,,,,,,,,,,,,,86.83%,,,,,,,,,,,,83.21%,,,,,,,,,,,47.84%
2025-11-03 06:30,,,,,,,,,,,,,,,,,,,,,,,,,,,,,,,,,,,,,87.06%,,,,,,,,,,,,83.21%,,,,,,,,,,,47.79%
2025-11-03 07:30,,,,,,,,,,,,,,,,,,,,,,,,,,,,,,,,,,,,,87.21%,,,,,,,,,,,,83.19%,,,,,,,,,,,47.80%
2025-11-03 08:30,,,,,,,,,,,,,,,,,,,,,,,,,,,,,,,,,,,,,87.81%,,,,,,,,,,,,83.14%,,,,,,,,,,,47.87%
2025-11-03 09:30,,,,,,,,,,,,,,,,,,,,,,,,,,,,,,,,,,,,,87.02%,,,,,,,,,,,,83.14%,,,,,,,,,,,47.91%
2025-11-03 10:30,,,,,,,,,,,,,,,,,,,,,,,,,,,,,,,,,,,,,86.27%,,,,,,,,,,,,83.13%,,,,,,,,,,,47.83%
2025-11-03 11:30,,,,,,,,,,,,,,,,,,,,,,,,,,,,93.15%,,,,,,,,,86.72%,,,,93.79%,,,,,,,,83.12%,,,,,,,,,,,47.90%
2025-11-03 12:30,,,,,,,,,,,,,,,,,,,,,,,,,,,,73.21%,,67.18%,,,,,,,86.70%,,,,93.26%,,,,,,,,83.12%,,,,,,,,,,,47.97%
2025-11-03 13:30,,,,,,,,,,,,,,,,,,,,,,,,,,,,73.44%,,67.82%,,,,,,,86.77%,,,,93.43%,,,,,,,,83.13%,,,,,,,,,,,47.93%
2025-11-03 14:30,,,,,,,,,,,,,,,,,,,,,,,,,,,,73.80%,,68.85%,,,,,,,91.83%,,,,93.56%,,,,,,,,83.13%,,,,,,,,,,,47.92%
2025-11-03 15:30,,,,,,,,,,,,,,,,,,,,,,,,,,,,73.27%,,69.22%,,,,,,,87.25%,,,,93.58%,,,,,,,,83.13%,,,,,,,,,,,47.99%
2025-11-03 16:30,,,,,,,,,,,,,,,,,,,,,,,,,,,,76.92%,,69.71%,,,,,,,83.36%,,,,93.61%,,,,,,,,83.13%,,,,,,,,,,,48.05%
2025-11-03 17:30,,,,,,,,,,,,,,,,,,,,,,,,,,,,76.58%,,69.81%,,,,,,,84.22%,,,,93.77%,,,,,,,,83.14%,,,77.46%,,,,,,,,47.96%
2025-11-03 18:30,,,,,,,,,,,,,,,,,,,,,,,,,,,,78.15%,,71.12%,,,,,,,84.17%,,,,93.94%,,,,,,,,83.14%,,,78.69%,,,,,,,,48.02%
2025-11-03 19:30,,,58.78%,,,,,,,,,,,,,,,,,,,,,,,,,79.28%,,69.79%,,,,,,,85.39%,,,,93.95%,,,,,,,,83.13%,,,78.89%,,,,,,,,48.08%
2025-11-03 20:30,,,52.03%,,,,,,,,,,,,,,,,,,,,,,,,,78.16%,,69.13%,,,,,,,86.30%,,,,93.96%,,,,,,,,83.03%,,,78.90%,,,,,,,,48.08%
2025-11-03 21:30,,,54.04%,,,,,,,,,,,,,,,,,,,,,,,,,78.58%,,69.59%,,,,,,,86.50%,,,,93.97%,,,,,,,,83.01%,,,78.91%,,,,,,,,48.05%
2025-11-03 22:30,,,51.50%,,,,,,,,,,,,,,,,,,,,,,,,,79.12%,,69.77%,,,,,,,86.83%,,,,93.98%,,,,,,,,83.00%,,,78.90%,,,,,,,,48.11%
2025-11-03 23:30,,,,,,,,,,,,,,,,,,,,,,,,,,,,79.44%,,,,,,,,,86.75%,,,,93.98%,,,,,,,,83.00%,,,,,,,,,,,48.17%
2025-11-04 00:30,,,,,,,,,,,,,,,,,,,,,,,,,,,,79.73%,,,,,,,,,86.86%,,,,93.99%,,,,,,,,83.01%,,,,,,,,,,,48.11%
2025-11-04 01:30,,,,,,,,,,,,,,,,,,,,,,,,,,,,80.22%,,,,,,,,,87.15%,,,,94.05%,,,,,,,,83.01%,,,,,,,,,,,48.13%
2025-11-04 02:30,,,,,,,,,,,,,,,,,,,,,,,,,,,,80.45%,,,,,,,,,86.83%,,,,94.07%,,,,,,,,83.01%,,,,,,,,,,,48.20%
2025-11-04 03:30,,,,,,,,,,,,,,,,,,,,,,,,,,,,80.78%,,,,,,,,,86.52%,,,,94.07%,,,,,,,,83.02%,,,,,,,,,,,48.20%
2025-11-04 04:30,,,,,,,,,,,,,,,,,,,,,,,,,,,,81.06%,,,,,,,,,86.52%,,,,94.08%,,,,,,,,83.01%,,,,,,,,,,,48.20%
2025-11-04 05:30,,,,,,,,,,,,,,,,,,,,,,,,,,,,81.15%,,,,,,,,,86.72%,,,,94.09%,,,,,,,,83.00%,,,,,,,,,,,48.22%
2025-11-04 06:30,,,,,,,,,,,,,,,,,,,,,,,,,,,,81.41%,,,,,,,,,87.33%,,,,93.31%,,,,,,,,83.01%,,,,,,,,,,,48.29%
2025-11-04 07:30,,,,,,,,,,,,,,,,,,,,,,,,,,,,81.57%,,,,,,,,,87.33%,,,,93.11%,,,,,,,,83.01%,,,,,,,,,,,48.23%
2025-11-04 08:30,,,,,,,,,,,,,,,,,,,,,,,,,,,,81.93%,,,,,,,,,83.14%,,,,93.12%,,,,,,,,83.14%,,,,,,,,,,,48.28%
2025-11-04 09:30,,,,,,,,,,,,,,,,,,,,,,,,,,,,81.84%,,,,,,,,,83.10%,,,,93.13%,,,,,,,,83.14%,,,,,,,,,,,48.32%
2025-11-04 10:30,,,,,,,,,,,,,,,,,,,,,,,,,,,,82.55%,,,,,,,,,82.98%,,,,93.14%,,,,,,,,83.14%,,,,,,,,,,,48.33%
2025-11-04 11:30,,,,,,,,,,,,,,,,,,,,,,,,,,,,83.11%,,64.33%,,,,,,,82.98%,,,,93.14%,,,,,,,,83.13%,,,,,,,,,,,48.32%
2025-11-04 12:30,,,,,,,,,,,,,,,,,,,,,,,,,,,,83.52%,,66.20%,,,,,,,83.13%,,,,93.15%,,,,,,,,83.13%,,,,,,,,,,,48.37%
2025-11-04 13:30,,,,,,,,,,,,,,,,,,,,,,,,,,,,80.96%,,69.05%,,,,,,,83.38%,,,,93.17%,,,,,,,,83.17%,,,,,,,,,,,48.41%
2025-11-04 14:30,,,,,,,,,,,,,,,,,,,,,,,,,,,,74.74%,,69.52%,,,,,,,83.39%,,,,93.21%,,,,,,,,83.17%,,,,,,,,,,,48.35%
2025-11-04 15:30,,,57.70%,,,,,,,,,,,,,,,,,,,,,,,,,74.06%,,69.71%,,,,,,,83.71%,,,,93.22%,,,,,,,,83.17%,,,,,,,,,,,48.41%
2025-11-04 16:30,,,54.02%,,,,,,,,,,,,,,,,,,,,,,,,,75.62%,,70.69%,,,,,,,84.56%,,,,93.23%,,,,,,,,83.15%,,,,,,,,,,,48.46%
2025-11-04 17:30,,,51.99%,,,,,,,,,,,,,,,,,,,,,,,,,77.51%,,69.21%,,,,,,,85.06%,,,,93.24%,,,,,,,,83.14%,,,,,,,,,,,48.45%
2025-11-04 18:30,84.78%,,48.92%,,,,,,,,,,,,,,,,,,,,,,,,,78.33%,,70.43%,,,,,,,85.25%,,,,93.25%,,,,,,,,83.14%,,,,,,,,52.22%,,,48.44%
2025-11-04 19:30,87.58%,,47.53%,,,,,,,,,,,,,,,,,,,,,,,,,77.42%,,69.74%,,,,,,,85.24%,,,,93.26%,,,,,,,,83.14%,,,,,,,,52.42%,,,48.50%
2025-11-04 20:30,87.10%,,48.78%,,,,,,,,,,,,,,,,,,,,,,,,,77.85%,,69.36%,,,,,,,85.86%,,,,93.27%,,,,,,,,83.14%,,,,,,,,52.61%,,,48.55%
2025-11-04 21:30,83.47%,,60.92%,,,,,,,,,,,,,,,,,,,,,,,,,78.34%,,70.04%,,,,,,,85.85%,,,,93.28%,,,,,,,,83.14%,,,,,,,,53.15%,,,48.48%
2025-11-04 22:30,89.94%,,60.80%,,,,,,,,,,,,,,,,,,,,,,,,,78.75%,,67.84%,,,,,,,85.44%,,,,93.29%,,,,,,,,83.14%,,,,,,,,50.48%,,,48.53%
2025-11-04 23:30,98.12%,,,,,,,,,,,,,,,,,,,,,,,,,,,79.12%,,68.64%,,,,,,,85.54%,,,,93.30%,,,,,,,,83.15%,,,,,,,,49.30%,,,48.60%
2025-11-05 00:30,97.64%,,,,,,,,,,,,,,,,,,,,,,,,,,,79.47%,,69.34%,,,,,,,85.59%,,,,93.31%,,,,,,,,83.15%,,,,,,,,50.02%,,,48.58%
2025-11-05 01:30,97.62%,,,,,,,,,,,,,,,,,,,,,,,,,,,80.29%,,69.30%,,,,,,,85.64%,,,,93.32%,,,,,,,,83.15%,,,,,,,,50.56%,,,48.55%
2025-11-05 02:30,96.77%,,,,,,,,,,,,,,,,,,,,,,,,,,,80.78%,,69.56%,,,,,,,85.73%,,,,93.33%,,,,,,,,83.15%,,,,,,,,51.00%,,,48.62%
2025-11-05 03:30,98.11%,,,,,,,,,,,,,,,,,,,,,,,,,,,81.16%,,69.43%,,,,,,,85.67%,,,,93.33%,,,,,,,,83.14%,,,,,,,,51.44%,,,48.69%
2025-11-05 04:30,98.12%,,,,,,,,,,,,,,,,,,,,,,,,,,,81.40%,,69.90%,,,,,,,85.73%,,,,93.34%,,,,,,,,83.15%,,,,,,,,51.90%,,,48.61%
2025-11-05 05:30,96.66%,,,,,,,,,,,,,,,,,,,,,,,,,,,81.64%,,70.02%,,,,,,,86.15%,,,,93.35%,,,,,,,,83.14%,,,,,,,,52.33%,,,48.65%
2025-11-05 06:30,99.52%,,,,,,,,,,,,,,,,,,,,,,,,,,,81.80%,,69.63%,,,,,,,86.48%,,,,93.30%,,,,,,,,83.14%,,,,,,,,52.82%,,,48.71%
2025-11-05 07:30,99.74%,,,,,,,,,,,,,,,,,,,,,,,,,,,81.88%,,69.66%,,,,,,,86.39%,,,,93.30%,,,,,,,,83.16%,,,,,,,,53.09%,,,48.74%
2025-11-05 08:30,99.67%,,,,,,,,,,,,,,,,,,,,,,,,,,,82.56%,,69.40%,,,,,,,87.04%,,,,93.31%,,,,,,,,83.12%,,,,,,,,53.54%,,,48.67%
2025-11-05 09:30,99.45%,,,,,,,,,,,,,,,,,,,,,,,,,,,82.87%,,69.59%,,,,,,,86.93%,,,,93.32%,,,,,,,,83.13%,,,,,,,,53.93%,,,48.74%
2025-11-05 10:30,99.80%,,,,,,,,,,,,,,,,,,,,,,,,,,,83.43%,,69.74%,,,,,,,86.37%,,,,93.33%,,,,,,,,83.11%,,,,,,,,54.32%,,,48.81%
2025-11-05 11:30,99.82%,,,,,,,,,,,,,,,,,,,,,,,,,,,84.05%,,69.29%,,,,,,,86.02%,,,,93.34%,,,,,,,,83.11%,,,,,,,,54.68%,,,48.77%
2025-11-05 12:30,99.89%,,,,,,,,,,,,,,,,,,,,,,,,,,,84.23%,,67.96%,,,,,,,84.82%,,,,93.37%,,,,,,,,83.33%,,,,,,,,55.21%,,,48.76%
2025-11-05 13:30,99.75%,,,,,,,,,,,,,,,,,,,,,,,,,,,83.83%,,68.28%,,,,,,,83.54%,,,,93.98%,,,,,,,,83.15%,,,,,,,,55.28%,,,48.83%
2025-11-05 14:30,99.49%,,,,,,,,,,,,,,,,,,,,,,,,,,,77.48%,,70.94%,,,,,,,83.64%,,,,94.35%,,,,,,,,83.15%,,,,,,,,55.18%,,,48.87%
2025-11-05 15:30,99.85%,,,,,,,,,,,,,,,,,,,,,,,,,,,85.74%,,70.85%,,,,,,,83.66%,,,,95.16%,,,,,,,,83.09%,,,78.83%,,,,,55.42%,,,48.83%
2025-11-05 16:30,99.79%,,62.70%,,,,,,,,,,,,,,,,,,,,,,,,,81.56%,,70.92%,,,,,,,84.27%,,,,95.18%,,,,,,,,83.10%,,,79.53%,,,,,55.47%,,,48.86%
2025-11-05 17:30,99.35%,,48.17%,,,,,,,,,,,,,,,,,,,,,,,,,84.54%,,70.68%,,,,,,,84.34%,,,,95.19%,,,,,,,,83.11%,,,78.99%,,,,,55.66%,,52.26%,48.93%
2025-11-05 18:30,98.60%,,53.28%,,,,,,,,,,,,,,,,,,,,,,,,,83.76%,,70.39%,,,,,,,84.38%,,,,95.21%,,,,,,,,83.11%,,,78.99%,,,,,55.79%,,52.47%,48.89%
2025-11-05 19:30,98.19%,,62.33%,,,,,,,,,,,,,,,,,,,,,,,,,,,70.25%,,,,,,,85.10%,,,,,,,,,,,,85.84%,,,79.00%,,,,,53.74%,,52.48%,48.91%
2025-11-05 20:30,98.07%,,61.42%,,,,,,,,,,,,,,,,,,,,,,,,,,,70.03%,,,,,,,84.09%,,,,,,,,,,,,86.72%,,,79.01%,,,,,54.04%,,52.49%,48.95%
2025-11-05 21:30,97.56%,,63.26%,,,,,,,,,,,,,,,,,,,,,,,,,,,70.19%,,,,,,,85.04%,,,,,,,,,,,,86.69%,,,79.02%,,,,,54.41%,,,48.99%
2025-11-05 22:30,95.62%,,56.20%,,,,,,,,,,,,,,,,,,,,,,,,,,,69.90%,,,,,,,85.69%,,,,,,,,,,,,86.70%,,,79.02%,,,,,54.60%,,,48.95%
2025-11-05 23:30,,,,,,,,,,,,,,,,,,,,,,,,,,,,,,,,,,,,,85.80%,,,,,,,,,,,,86.71%,,,,,,,,,,,49.00%
2025-11-06 00:30,,,,,,,,,,,,,,,,,,,,,,,,,,,,,,,,,,,,,84.42%,,,,,,,,,,,,86.71%,,,,,,,,,,,49.04%
2025-11-06 01:30,,,,,,,,,,,,,,,,,,,,,,,,,,,,,,,,,,,,,85.41%,,,,,,,,,,,,86.72%,,,,,,,,,,,49.02%
2025-11-06 02:30,,,,,,,,,,,,,,,,,,,,,,,,,,,,,,,,,,,,,85.67%,,,,,,,,,,,,86.72%,,,,,,,,,,,49.04%
2025-11-06 03:30,,,,,,,,,,,,,,,,,,,,,,,,,,,,,,,,,,,,,85.98%,,,,,,,,,,,,86.72%,,,,,,,,,,,49.09%
2025-11-06 04:30,,,,,,,,,,,,,,,,,,,,,,,,,,,,,,,,,,,,,85.96%,,,,,,,,,,,,86.73%,,,,,,,,,,,49.11%
2025-11-06 05:30,,,,,,,,,,,,,,,,,,,,,,,,,,,,,,,,,,,,,86.71%,,,,,,,,,,,,86.73%,,,,,,,,,,,49.07%
2025-11-06 06:30,,,,,,,,,,,,,,,,,,,,,,,,,,,,,,,,,,,,,86.97%,,,,,,,,,,,,86.75%,,,,,,,,,,,49.14%
2025-11-06 07:30,,,,,,,,,,,,,,,,,,,,,,,,,,,,,,,,,,,,,86.72%,,,,,,,,,,,,86.75%,,,,,,,,,,,49.18%
2025-11-06 08:30,,,,,,,,,,,,,,,,,,,,,,,,,,,,,,,,,,,,,87.40%,,,,,,,,,,,,86.76%,,,,,,,,,,,49.14%
2025-11-06 09:30,,,,,,,,,,,,,,,,,,,,,,,,,,,,,,,,,,,,,86.94%,,,,,,,,,,,,86.75%,,,,,,,,,,,49.16%
2025-11-06 10:30,,,,,,,,,,,,,,,,,,,,,,,,,,,,,,,,,,,,,86.61%,,,,,,,,,,,,86.74%,,,,,,,,,,,49.23%
2025-11-06 11:30,,,,,,,,,,,,,,,,,,,,,,,,,,,,,,,,,,,,,86.33%,,,,,,,,,,,,86.74%,,,,,,,,,,,49.25%
2025-11-06 12:30,,,,,,,,,,,,,,,,,,,,,,,,,,,,,,65.03%,,,,,,,86.51%,,,,,,,,,,,,86.74%,,,,,,,,,,,49.18%
2025-11-06 13:30,,,,,,,,,,,,,,,,,,,,,,,,,,,,,,68.69%,,,,,,,86.38%,,,,,,,,,,,,86.73%,,,78.70%,,,,,,,,49.25%
2025-11-06 14:30,,,,,,,,,,,,,,,,,,,,,,,,,,,,,,69.50%,,,,,,,85.98%,,,,,,,,,,,,86.72%,,,77.75%,,,,,,,,49.32%
2025-11-06 15:30,,,,,,,,,,,,,,,,,,,,,,,,,,,,,,69.87%,,,,,,,85.79%,,,,,,,,,,,,86.71%,,,77.55%,,,,,,,,49.27%
2025-11-06 16:30,,,,,,,,,,,,,,,,,,,,,,,,,,,,,,70.59%,,,,,,,85.74%,,,,,,,,,,,,86.71%,,,77.55%,,,,,,,,49.28%
2025-11-06 17:30,,,,,,,,,,,,,,,,,,,,,,,,,,,,,,70.86%,,,,,,,86.17%,,,,,,,,,,,,86.71%,,,77.54%,,,,,,,,49.35%
2025-11-06 18:30,,,,,,,,,,,,,,,,,,,,,,,,,,,,,,70.41%,,,,,,,86.30%,,,,,,,,,,,,86.73%,,,77.53%,,,,,,,,49.40%
2025-11-06 19:30,,,,,,,,,,,,,,,,,,,,,,,,,,,,,,69.50%,,,,,,,87.00%,,,,,,,,,,,,86.55%,,,77.54%,,,,,,,,49.30%
2025-11-06 20:30,,,,,,,,,,,,,,,,,,,,,,,,,,,,,,69.75%,,,,,,,85.67%,,,,,,,,,,,,86.54%,,,77.55%,,,,,,,,49.37%
2025-11-06 21:30,,,,,,,,,,,,,,,,,,,,,,,,,,,,,,69.77%,,,,,,,84.92%,,,,,,,,,,,,86.53%,,,77.57%,,,,,,,,49.44%
2025-11-06 22:30,,,,,,,,,,,,,,,,,,,,,,,,,,,,,,70.28%,,,,,,,85.24%,,,,,,,,,,,,86.53%,,,77.58%,,,,,,,,49.43%
2025-11-06 23:30,,,,,,,,,,,,,,,,,,,,,,,,,,,,,,,,,,,,,85.93%,,,,,,,,,,,,86.53%,,,,,,,,,,,49.39%
2025-11-07 00:30,,,,,,,,,,,,,,,,,,,,,,,,,,,,,,,,,,,,,86.20%,,,,,,,,,,,,86.53%,,,,,,,,,,,49.46%
2025-11-07 01:30,,,,,,,,,,,,,,,,,,,,,,,,,,,,,,,,,,,,,86.60%,,,,,,,,,,,,86.54%,,,,,,,,,,,49.53%
2025-11-07 02:30,,,,,,,,,,,,,,,,,,,,,,,,,,,,,,,,,,,,,86.75%,,,,,,,,,,,,86.55%,,,,,,,,,,,49.46%
2025-11-07 03:30,,,,,,,,,,,,,,,,,,,,,,,,,,,,,,,,,,,,,86.14%,,,,,,,,,,,,86.55%,,,,,,,,,,,49.49%
2025-11-07 04:30,,,,,,,,,,,,,,,,,,,,,,,,,,,,,,,,,,,,,86.25%,,,,,,,,,,,,86.58%,,,,,,,,,,,49.56%
2025-11-07 05:30,,,,,,,,,,,,,,,,,,,,,,,,,,,,,,,,,,,,,86.40%,,,,,,,,,,,,86.57%,,,,,,,,,,,49.55%
2025-11-07 06:30,,,,,,,,,,,,,,,,,,,,,,,,,,,,,,,,,,,,,86.77%,,,,,,,,,,,,86.57%,,,,,,,,,,,49.54%
2025-11-07 07:30,,,,,,,,,,,,,,,,,,,,,,,,,,,,,,,,,,,,,86.55%,,,,,,,,,,,,86.58%,,,,,,,,,,,49.58%
2025-11-07 08:30,,,,,,,,,,,,,,,,,,,,,,,,,,,,,,,,,,,,,86.64%,,,,,,,,,,,,86.53%,,,,,,,,,,,49.65%
2025-11-07 09:30,,,,,,,,,,,,,,,,,,,,,,,,,,,,,,,,,,,,,86.77%,,,,,,,,,,,,86.52%,,,,,,,,,,,49.58%
2025-11-07 10:30,,,,,,,,,,,,,,,,,,,,,,,,,,,,,,,,,,,,,87.59%,,,,,,,,,,,,86.46%,,,,,,,,,,,49.63%
2025-11-07 11:30,,,,,,,,,,,,,,,,,,,,,,,,,,,,,,,,,,,,,87.14%,,,,,,,,,,,,86.29%,,,,,,,,,,,49.67%
2025-11-07 12:30,,,,,,,,,,,,,,,,,,,,,,,,,,,,,,,,,,,,,87.07%,,,,,,,,,,,,86.29%,,,,,,,,,,,49.68%
2025-11-07 13:30,97.93%,,,,,,,,,,,,,,,,,,,,,,,,,,,,,66.53%,,,,,,,87.35%,,,,,,,,,,,,86.25%,,,,,,,,51.53%,,,49.67%
2025-11-07 14:30,97.56%,,,,,,,,,,,,,,,,,,,,,,,,,,,,,68.75%,,,,,,,87.51%,,,,,,,,,,,,86.25%,,,,,,,,52.79%,,,49.72%
2025-11-07 15:30,97.38%,,,,,,,,,,,,,,,,,,,,,,,,,,,,,69.63%,,,,,,,87.58%,,,,,,,,,,,,86.25%,,,77.60%,,,,,53.34%,,,49.76%
2025-11-07 16:30,98.95%,,,,,,,,,,,,,,,,,,,,,,,,,,,,,70.61%,,,,,,,87.47%,,,,,,,,,,,,86.24%,,,77.62%,,,,,53.78%,,,49.70%
2025-11-07 17:30,99.51%,,,,,,,,,,,,,,,,,,,,,,,,,,,,,69.35%,,,,,,,87.66%,,,,,,,,,,,,86.22%,,,77.63%,,,,,54.21%,,,49.77%
2025-11-07 18:30,98.78%,,,,,,,,,,,,,,,,,,,,,,,,,,,,,70.75%,,,,,,,88.09%,,,,,,,,,,,,86.22%,,,77.61%,,,,,53.77%,,,49.81%
2025-11-07 19:30,98.50%,,,,,,,,,,,,,,,,,,,,,,,,,,,,,69.84%,,,,,,,87.77%,,,,,,,,,,,,86.06%,,,77.61%,,,,,53.50%,,,49.80%
2025-11-07 20:30,99.07%,,,,,,,,,,,,,,,,,,,,,,,,,,,,,68.90%,,,,,,,86.71%,,,,,,,,,,,,85.92%,,,77.62%,,,,,53.91%,,,49.79%
2025-11-07 21:30,99.13%,,,,,,,,,,,,,,,,,,,,,,,,,,,,,69.23%,,,,,,,86.90%,,,,,,,,,,,,85.93%,,,77.62%,,,,,54.34%,,,49.86%
2025-11-07 22:30,99.83%,,,,,,,,,,,,,,,,,,,,,,,,,,,,,69.26%,,,,,,,87.51%,,,,,,,,,,,,85.94%,,,77.62%,,,,,54.70%,,,49.90%
2025-11-07 23:30,,,,,,,,,,,,,,,,,,,,,,,,,,,,,,,,,,,,,88.03%,,,,,,,,,,,,85.93%,,,,,,,,,,,49.83%
2025-11-08 00:30,,,,,,,,,,,,,,,,,,,,,,,,,,,,,,,,,,,,,88.53%,,,,,,,,,,,,85.94%,,,,,,,,,,,49.89%
2025-11-08 01:30,,,,,,,,,,,,,,,,,,,,,,,,,,,,,,,,,,,,,86.22%,,,,,,,,,,,,85.93%,,,,,,,,,,,49.96%
2025-11-08 02:30,,,,,,,,,,,,,,,,,,,,,,,,,,,,,,,,,,,,,86.16%,,,,,,,,,,,,85.93%,,,,,,,,,,,49.93%
2025-11-08 03:30,,,,,,,,,,,,,,,,,,,,,,,,,,,,,,,,,,,,,86.70%,,,,,,,,,,,,85.93%,,,,,,,,,,,49.91%
2025-11-08 04:30,,,,,,,,,,,,,,,,,,,,,,,,,,,,,,,,,,,,,87.01%,,,,,,,,,,,,85.94%,,,,,,,,,,,49.98%
2025-11-08 05:30,,,,,,,,,,,,,,,,,,,,,,,,,,,,,,,,,,,,,87.18%,,,,,,,,,,,,85.94%,,,,,,,,,,,50.05%
2025-11-08 06:30,,,,,,,,,,,,,,,,,,,,,,,,,,,,,,,,,,,,,88.20%,,,,,,,,,,,,85.95%,,,,,,,,,,,49.95%
2025-11-08 07:30,,,,,,,,,,,,,,,,,,,,,,,,,,,,,,,,,,,,,87.28%,,,,,,,,,,,,85.93%,,,,,,,,,,,50.00%
2025-11-08 08:30,,,,,,,,,,,,,,,,,,,,,,,,,,,,,,,,,,,,,87.45%,,,,,,,,,,,,85.94%,,,,,,,,,,,50.07%
2025-11-08 09:30,,,,,,,,,,,,,,,,,,,,,,,,,,,,,,,,,,,,,87.20%,,,,,,,,,,,,86.15%,,,,,,,,,,,50.09%
2025-11-08 10:30,,,,,,,,,,,,,,,,,,,,,,,,,,,,,,,,,,,,,87.37%,,,,,,,,,,,,86.18%,,,,,,,,,,,50.03%
2025-11-08 11:30,,,,,,,,,,,,,,,,,,,,,,,,,,,,,,,,,,,,,87.43%,,,,,,,,,,,,86.16%,,,,,,,,,,,50.10%
2025-11-08 12:30,,,,,,,,,,,,,,,,,,,,,,,,,,,,,,,,,,,,,87.37%,,,,,,,,,,,,86.15%,,,,,,,,,,,50.16%
2025-11-08 13:30,,,,,,,,,,,,,,,,,,,,,,,,,,,,,,,,,,,,,87.24%,,,,,,,,,,,,86.15%,,,,,,,,,,,50.11%
2025-11-08 14:30,,,,,,,,,,,,,,,,,,,,,,,,,,,,,,,,,,,,,87.41%,,,,,,,,,,,,86.15%,,,,,,,,,,,50.12%
2025-11-08 15:30,,,,,,,,,,,,,,,,,,,,,,,,,,,,,,,,,,,,,87.59%,,,,,,,,,,,,86.16%,,,,,,,,,,,50.19%
2025-11-08 16:30,,,,,,,,,,,,,,,,,,,,,,,,,,,,,,,,,,,,,88.57%,,,,,,,,,,,,86.15%,,,,,,,,,,,50.22%
2025-11-08 17:30,,,,,,,,,,,,,,,,,,,,,,,,,,,,,,,,,,,,,88.77%,,,,,,,,,,,,86.16%,,,,,,,,,,,50.18%
2025-11-08 18:30,,,,,,,,,,,,,,,,,,,,,,,,,,,,,,,,,,,,,88.99%,,,,,,,,,,,,86.16%,,,,,,,,,,,50.21%
2025-11-08 19:30,,,,,,,,,,,,,,,,,,,,,,,,,,,,,,,,,,,,,89.15%,,,,,,,,,,,,86.15%,,,,,,,,,,,50.28%
2025-11-08 20:30,,,,,,,,,,,,,,,,,,,,,,,,,,,,,,,,,,,,,89.46%,,,,,,,,,,,,86.14%,,,,,,,,,,,50.24%
2025-11-08 21:30,,,,,,,,,,,,,,,,,,,,,,,,,,,,,,,,,,,,,89.43%,,,,,,,,,,,,86.14%,,,,,,,,,,,50.26%
2025-11-08 22:30,,,,,,,,,,,,,,,,,,,,,,,,,,,,,,,,,,,,,89.46%,,,,,,,,,,,,86.15%,,,,,,,,,,,50.30%
2025-11-08 23:30,,,,,,,,,,,,,,,,,,,,,,,,,,,,,,57.81%,,,,,,,89.82%,,,,,,,,,,,,86.15%,,,,,,,,,,,50.34%
2025-11-09 00:30,,,,,,,,,,,,,,,,,,,,,,,,,,,,,,67.33%,,,,,,,90.08%,,,,,,,,,,,,86.14%,,,68.48%,,,,,,,,50.31%
2025-11-09 01:30,,,,,,,,,,,,,,,,,,,,,,,,,,,,,,68.88%,,,,,,,90.20%,,,,,,,,,,,,86.14%,,,56.65%,,,,,,,,50.35%
2025-11-09 02:30,,,,,,,,,,,,,,,,,,,,,,,,,,,,,,70.33%,,,,,,,90.34%,,,,,,,,,,,,86.15%,,,56.66%,,,,,,,,50.40%
2025-11-09 03:30,,,,,,,,,,,,,,,,,,,,,,,,,,,,84.57%,,69.70%,,,,,,,90.29%,,,,94.54%,,,,,,,,86.15%,,,56.66%,,,,,,,,50.37%
2025-11-09 04:30,,,,,,,,,,,,,,,,,,,,,,,,,,,,85.59%,,,,,,,,,90.40%,,,,94.59%,,,,,,,,86.15%,,,,,,,,,,,50.40%
2025-11-09 05:30,,,,,,,,,,,,,,,,,,,,,,,,,,,,86.29%,,,,,,,,,90.47%,,,,94.53%,,,,,,,,86.14%,,,,,,,,,,,50.44%
2025-11-09 06:30,,,,,,,,,,,,,,,,,,,,,,,,,,,,87.15%,,,,,,,,,90.62%,,,,94.58%,,,,,,,,86.11%,,,,,,,,,,,50.46%
2025-11-09 07:30,,,,,,,,,,,,,,,,,,,,,,,,,,,,87.41%,,,,,,,,,90.77%,,,,94.59%,,,,,,,,86.13%,,,,,,,,,,,50.42%
2025-11-09 08:30,,,,,,,,,,,,,,,,,,,,,,,,,,,,87.68%,,,,,,,,,90.71%,,,,94.60%,,,,,,,,86.13%,,,,,,,,,,,50.49%
2025-11-09 09:30,,,,,,,,,,,,,,,,,,,,,,,,,,,,87.67%,,,,,,,,,91.48%,,,,94.61%,,,,,,,,86.13%,,,,,,,,,,,50.53%
2025-11-09 10:30,,,,,,,,,,,,,,,,,,,,,,,,,,,,88.05%,,,,,,,,,91.87%,,,,94.62%,,,,,,,,86.12%,,,,,,,,,,,50.49%
2025-11-09 11:30,,,,,,,,,,,,,,,,,,,,,,,,,,,,88.90%,,,,,,,,,91.82%,,,,94.62%,,,,,,,,86.12%,,,,,,,,,,,50.51%
2025-11-09 12:30,,,,,,,,,,,,,,,,,,,,,,,,,,,,89.80%,,,,,,,,,92.56%,,,,94.65%,,,,,,,,86.11%,,,,,,,,,,,50.58%
2025-11-09 13:30,,,,,,,,,,,,,,,,,,,,,,,,,,,,90.74%,,,,,,,,,92.53%,,,,94.70%,,,,,,,,86.12%,,,,,,,,,,,50.59%
2025-11-09 14:30,,,,,,,,,,,,,,,,,,,,,,,,,,,,91.15%,,,,,,,,,92.47%,,,,94.69%,,,,,,,,86.10%,,,,,,,,,,,50.54%
2025-11-09 15:30,,,,,,,,,,,,,,,,,,,,,,,,,,,,91.92%,,,,,,,,,92.59%,,,,94.70%,,,,,,,,86.10%,,,,,,,,,,,50.61%
2025-11-09 16:30,,,,,,,,,,,,,,,,,,,,,,,,,,,,92.17%,,,,,,,,,92.92%,,,,94.71%,,,,,,,,86.09%,,,,,,,,,,,50.68%
2025-11-09 17:30,,,,,,,,,,,,,,,,,,,,,,,,,,,,93.08%,,,,,,,,,93.03%,,,,94.81%,,,,,,,,86.10%,,,,,,,,,,,50.62%
2025-11-09 18:30,,,,,,,,,,,,,,,,,,,,,,,,,,,,93.89%,,,,,,,,,92.79%,,,,94.83%,,,,,,,,86.09%,,,,,,,,,,,50.63%
2025-11-09 19:30,,,,,,,,,,,,,,,,,,,,,,,,,,,,94.65%,,,,,,,,,92.60%,,,,94.84%,,,,,,,,86.06%,,,,,,,,,,,50.70%
2025-11-09 20:30,,,,,,,,,,,,,,,,,,,,,,,,,,,,95.26%,,67.78%,,,,,,,92.49%,,,,94.84%,,,,,,,,86.05%,,,,,,,,,,,50.75%
2025-11-09 21:30,,,,,,,,,,,,,,,,,,,,,,,,,,,,95.29%,,65.64%,,,,,,,92.99%,,,,94.85%,,,,,,,,86.05%,,,,,,,,,,,50.66%
2025-11-09 22:30,,,,,,,,,,,,,,,,,,,,,,,,,,,,95.37%,,69.01%,,,,,,,93.01%,,,,94.85%,,,,,,,,86.05%,,,,,,,,,,,50.72%
2025-11-09 23:30,,,,,,,,,,,,,,,,,,,,,,,,,,,,95.52%,,69.65%,,,,,,,92.96%,,,,94.85%,,,,,,,,86.06%,,,,,,,,,,,50.79%
2025-11-10 00:30,,,,,,,,,,,,,,,,,,,,,,,,,,,,95.21%,,69.19%,,,,,,,93.15%,,,,94.87%,,,,,,,,86.06%,,,,,,,,,,,50.78%
2025-11-10 01:30,,,,,,,,,,,,,,,,,,,,,,,,,,,,95.67%,,,,,,,,,93.23%,,,,94.87%,,,,,,,,86.05%,,,,,,,,,,,50.75%
2025-11-10 02:30,,,,,,,,,,,,,,,,,,,,,,,,,,,,95.88%,,,,,,,,,93.28%,,,,94.88%,,,,,,,,86.06%,,,,,,,,,,,50.82%
2025-11-10 03:30,,,,,,,,,,,,,,,,,,,,,,,,,,,,95.42%,,,,,,,,,93.30%,,,,94.84%,,,,,,,,86.06%,,,,,,,,,,,50.87%
2025-11-10 04:30,,,,,,,,,,,,,,,,,,,,,,,,,,,,95.05%,,,,,,,,,93.26%,,,,94.92%,,,,,,,,86.06%,,,,,,,,,,,50.81%
2025-11-10 05:30,,,,,,,,,,,,,,,,,,,,,,,,,,,,94.13%,,,,,,,,,93.32%,,,,94.94%,,,,,,,,86.05%,,,,,,,,,,,50.84%
2025-11-10 06:30,,,,,,,,,,,,,,,,,,,,,,,,,,,,94.57%,,,,,,,,,93.73%,,,,94.95%,,,,,,,,86.05%,,,,,,,,,,,50.91%
2025-11-10 07:30,,,,,,,,,,,,,,,,,,,,,,,,,,,,94.94%,,,,,,,,,93.57%,,,,94.96%,,,,,,,,86.05%,,,,,,,,,,,50.90%
2025-11-10 08:30,,,,,,,,,,,,,,,,,,,,,,,,,,,,95.47%,,,,,,,,,93.37%,,,,94.98%,,,,,,,,86.04%,,,,,,,,,,,50.90%
2025-11-10 09:30,,,,,,,,,,,,,,,,,,,,,,,,,,,,95.74%,,,,,,,,,90.71%,,,,94.98%,,,,,,,,86.04%,,,,,,,,,,,50.93%
2025-11-10 10:30,,,,,,,,,,,,,,,,,,,,,,,,,,,,95.69%,,,,,,,,,91.00%,,,,94.98%,,,,,,,,86.05%,,,,,,,,,,,51.00%
2025-11-10 11:30,,,,,,,,,,,,,,,,,,,,,,,,,,,,95.80%,,64.18%,,,,,,,91.22%,,,,95.00%,,,,,,,,86.04%,,,56.62%,,,,,,,,50.93%
2025-11-10 12:30,98.53%,,,,,,,,,,,,,,,,,,,,,,,,,,,90.81%,,66.55%,,,,,,,91.17%,,,,94.84%,,,,,,,,86.05%,,,56.62%,,,,,52.29%,,,50.99%
2025-11-10 13:30,99.33%,,,,,,,,,,,,,,,,,,,,,,,,,,,78.23%,,68.71%,,,,,,,91.23%,,,,94.20%,,,,,,,,86.04%,,,56.64%,,71.01%,,,53.59%,,,51.02%
2025-11-10 14:30,99.20%,,,,,,,,,,,,,,,,,,,,,,,,,,,74.00%,,69.98%,,,,,,,91.42%,,,,94.01%,,,,,,,,86.03%,,,56.68%,,71.11%,,,54.09%,,,51.02%
2025-11-10 15:30,99.71%,,,,,,,,,,,,,,,,,,,,,,,,,,,72.90%,,69.75%,,,,,,,91.40%,,,,94.74%,,,,,,,,86.04%,,,56.69%,,71.11%,,,54.51%,,,51.03%
2025-11-10 16:30,99.88%,,,,,,,,,,,,,,,,,,,,,,,,,,,57.94%,,71.27%,,,,,,,91.32%,,,,93.81%,,,,,,,,86.04%,,,56.69%,,71.11%,,,54.94%,,,51.07%
2025-11-10 17:30,99.69%,,,,,,,,,,,,,,,,,,,,,,,,,,,63.61%,,69.55%,,,,,,,91.49%,,,,93.41%,,,,,,,,86.04%,,,56.70%,,71.11%,,,55.37%,,,51.12%
2025-11-10 18:30,99.53%,,,3.10%,,,,,,,,,,,,,,,,,,,,,,,,60.56%,,70.86%,,,,,,,91.65%,,,,93.50%,,,,,,,,86.05%,,,56.70%,,70.99%,,,55.17%,,51.83%,51.05%
2025-11-10 19:30,99.65%,,,17.00%,,,,,,,,,,,,,,,,,,,,,,,,55.01%,,70.13%,,,,,,,91.68%,,,,93.52%,,,,,,,,86.05%,,,56.70%,,70.98%,,,55.50%,,51.74%,51.12%
2025-11-10 20:30,99.87%,,,,,,,,,,,,,,,,,,,,,,,,,,,55.39%,,69.35%,,,,,,,91.84%,,,,93.53%,,,,,,,,86.04%,,,56.70%,,70.98%,,,55.72%,,51.73%,51.16%
2025-11-10 21:30,99.41%,,,,,,,,,,,,,,,,,,,,,,,,,,,55.67%,,69.51%,,,,,,,91.83%,,,,93.54%,,,,,,,,86.03%,,,56.71%,,70.99%,,,55.12%,,,51.15%
2025-11-10 22:30,98.63%,,,,,,,,,,,,,,,,,,,,,,,,,,,56.15%,,69.47%,,,,,,,91.79%,,,,93.55%,,,,,,,,86.03%,,,56.71%,,70.98%,,,55.39%,,,51.14%
2025-11-10 23:30,,,,,,,,,,,,,,,,,,,,,,,,,,,,56.49%,,65.60%,,,,,,,91.85%,,,,93.55%,,,,,,,,86.04%,,,,,,,,,,,51.21%
2025-11-11 00:30,,,,,,,,,,,,,,,,,,,,,,,,,,,,56.71%,,67.79%,,,,,,,91.93%,,,,93.56%,,,,,,,,86.04%,,,,,,,,,,,51.27%
2025-11-11 01:30,,,,,,,,,,,,,,,,,,,,,,,,,,,,56.93%,,68.82%,,,,,,,91.85%,,,,93.57%,,,,,,,,86.02%,,,,,,,,,,,51.17%
2025-11-11 02:30,,,,,,,,,,,,,,,,,,,,,,,,,,,,57.06%,,69.10%,,,,,,,91.76%,,,,93.58%,,,,,,,,86.03%,,,,,,,,,,,51.23%
2025-11-11 03:30,,,,,,,,,,,,,,,,,,,,,,,,,,,,57.62%,,69.40%,,,,,,,91.67%,,,,93.54%,,,,,,,,86.03%,,,,,,,,,,,51.30%
2025-11-11 04:30,,,,,,,,,,,,,,,,,,,,,,,,,,,,57.97%,,69.22%,,,,,,,91.87%,,,,93.54%,,,,,,,,86.04%,,,,,,,,,,,51.31%
2025-11-11 05:30,,,,,,,,,,,,,,,,,,,,,,,,,,,,58.38%,,69.42%,,,,,,,91.81%,,,,93.55%,,,,,,,,86.06%,,,,,,,,,,,51.26%
2025-11-11 06:30,,,,,,,,,,,,,,,,,,,,,,,,,,,,58.62%,,69.41%,,,,,,,91.62%,,,,93.55%,,,,,,,,86.06%,,,,,,,,,,,51.32%
2025-11-11 07:30,,,,,,,,,,,,,,,,,,,,,,,,,,,,58.89%,,69.55%,,,,,,,91.63%,,,,93.55%,,,,,,,,86.07%,,,,,,,,,,,51.39%
2025-11-11 08:30,,,,,,,,,,,,,,,,,,,,,,,,,,,,59.00%,,69.91%,,,,,,,91.68%,,,,93.55%,,,,,,,,86.07%,,,,,,,,,,,51.33%
2025-11-11 09:30,,,,6.30%,,,,,,,,,,,,,,,,,,,,,,,,58.82%,,69.41%,,,,,,,91.64%,,,,93.57%,,,,,,,,86.07%,,,,,,,,,,,51.35%
2025-11-11 10:30,,,,6.08%,,,,,,,,,,,,,,,,,,,,,,,,59.35%,,69.96%,,,,,,,91.87%,,,,93.57%,,,,,,,,86.07%,,,,,,,,,,,51.41%
2025-11-11 11:30,,,,6.11%,,,,,,,,,,,,,,,,,,,,,,,,60.35%,,69.99%,,,,,,,91.81%,,,,93.58%,,,,,,,,86.07%,,,56.66%,,,,,,,,51.43%
2025-11-11 12:30,,,,6.50%,,,,,,,,,,,,,,,,,,,,,,,,60.34%,,71.47%,,,,,,,91.92%,,,,93.59%,,,,,,,,86.06%,,,56.73%,,,,,,,,51.41%
2025-11-11 13:30,,,,6.34%,,,,,,,,,,,,,,,,,,,,,,,,60.77%,,71.50%,,,,,,,91.95%,,,,93.60%,,,,,,,,86.07%,,,56.73%,,,,,,,,51.45%
2025-11-11 14:30,,,,6.07%,,,,,,,,,,,,,,,,,,,,,,,,61.40%,,72.38%,,,,,,,91.16%,,,,93.61%,,,,,,,,86.12%,,,56.73%,,,,,,,,51.50%
2025-11-11 15:30,98.19%,,,7.22%,,,,,,,,,,,,,,,,,,,,,,,,70.12%,,71.90%,,,,,,,89.41%,,,,93.75%,,,,,,,,86.23%,,,56.74%,,,,,51.18%,,,51.45%
2025-11-11 16:30,99.18%,,,6.26%,,,,,,,,,,,,,,,,,,,,,,,,55.50%,,72.47%,,,,,,,90.11%,,,,93.83%,,,,,,,,86.24%,,,56.73%,,,,,53.62%,,,44.22%
2025-11-11 17:30,99.07%,,,6.17%,,,,,,,,,,,,,,,,,,,,,,,,55.53%,,71.57%,,,,,,,90.23%,,,,93.84%,,,,,,,,86.47%,,,56.74%,,,,,54.04%,,,43.59%
2025-11-11 18:30,99.32%,,,6.23%,,,,,,,,,,,,,,,,,,,,,,,,56.68%,,70.82%,,,,,,,90.46%,,,,93.85%,,,,,,,,86.57%,,,56.74%,,,,,54.47%,,,43.73%
2025-11-11 19:30,99.10%,,,5.47%,,,,,,,,,,,,,,,,,,,,,,,,57.82%,,69.96%,,,,,,,90.01%,,,,93.86%,,,,,,,,86.58%,,,56.74%,,,,,54.89%,,,43.80%
2025-11-11 20:30,99.45%,,,,,,,,,,,,,,,,,,,,,,,,,,,58.19%,,69.85%,,,,,,,89.69%,,,,93.87%,,,,,,,,86.59%,,,56.75%,,,,,55.28%,,,43.86%
2025-11-11 21:30,99.68%,,,,,,,,,,,,,,,,,,,,,,,,,,,58.50%,,69.93%,,,,,,,89.88%,,,,93.88%,,,,,,,,86.59%,,,56.74%,,,,,55.47%,,,43.95%
2025-11-11 22:30,99.45%,,,,,,,,,,,,,,,,,,,,,,,,,,,59.01%,,69.45%,,,,,,,90.06%,,,,93.88%,,,,,,,,86.59%,,,56.74%,,,,,55.53%,,,44.12%
2025-11-11 23:30,98.51%,,,,,,,,,,,,,,,,,,,,,,,,,,,59.29%,,69.36%,,,,,,,89.93%,,,,93.89%,,,,,,,,86.62%,,,56.74%,,,,,55.24%,,,44.04%
2025-11-12 00:30,99.28%,,,,,,,,,,,,,,,,,,,,,,,,,,,59.44%,,69.61%,,,,,,,90.11%,,,,93.90%,,,,,,,,86.64%,,,56.75%,,,,,55.50%,,,44.11%
2025-11-12 01:30,98.20%,,,,,,,,,,,,,,,,,,,,,,,,,,,59.50%,,69.86%,,,,,,,90.07%,,,,93.92%,,,,,,,,86.65%,,,56.75%,,,,,54.67%,,,44.18%
2025-11-12 02:30,90.53%,,,,,,,,,,,,,,,,,,,,,,,,,,,59.63%,,69.80%,,,,,,,90.23%,,,,93.93%,,,,,,,,86.63%,,,56.75%,,,,,54.84%,,,44.16%
2025-11-12 03:30,96.98%,,,,,,,,,,,,,,,,,,,,,,,,,,,59.80%,,69.74%,,,,,,,90.35%,,,,93.89%,,,,,,,,86.63%,,,56.75%,,,,,55.00%,,,44.13%
2025-11-12 04:30,98.03%,,,,,,,,,,,,,,,,,,,,,,,,,,,60.27%,,69.72%,,,,,,,90.41%,,,,93.89%,,,,,,,,86.65%,,,56.75%,,,,,55.25%,,,44.20%
2025-11-12 05:30,96.88%,,,,,,,,,,,,,,,,,,,,,,,,,,,60.71%,,69.96%,,,,,,,90.54%,,,,93.90%,,,,,,,,86.65%,,,56.76%,,,,,55.45%,,,44.27%
2025-11-12 06:30,98.54%,,,,,,,,,,,,,,,,,,,,,,,,,,,60.87%,,69.79%,,,,,,,90.76%,,,,93.91%,,,,,,,,86.65%,,,56.76%,,,,,55.35%,,,44.17%
2025-11-12 07:30,98.37%,,,,,,,,,,,,,,,,,,,,,,,,,,,61.06%,,70.02%,,,,,,,90.81%,,,,93.93%,,,,,,,,86.66%,,,56.76%,,,,,55.50%,,,44.23%
2025-11-12 08:30,97.19%,,,,,,,,,,,,,,,,,,,,,,,,,,,61.25%,,69.85%,,,,,,,90.94%,,,,93.94%,,,,,,,,86.67%,,,56.76%,,,,,55.60%,,,44.30%
2025-11-12 09:30,97.79%,,,,,,,,,,,,,,,,,,,,,,,,,,,61.34%,,69.71%,,,,,,,90.87%,,,,93.94%,,,,,,,,86.75%,,,56.77%,,,,,55.03%,,,44.30%
2025-11-12 10:30,96.82%,,,,,,,,,,,,,,,,,,,,,,,,,,,61.84%,,69.59%,,,,,,,91.00%,,,,93.95%,,,,,,,,86.76%,,,56.77%,,,,,53.79%,,,44.26%
2025-11-12 11:30,95.06%,,,,,,,,,,,,,,,,,,,,,,,,,,,62.11%,,69.59%,,,,,,,91.11%,,,,93.95%,,,,,,,,86.75%,,,56.77%,,,,,53.84%,,,44.33%
2025-11-12 12:30,96.53%,,,5.94%,,,,,,,,,,,,,,,,,,,,,,,,62.26%,,70.75%,,,,,,,92.23%,,,,93.96%,,,,,,,,86.76%,,,56.77%,,,,,53.94%,,,44.39%
2025-11-12 13:30,96.59%,,,5.73%,,,,,,,,,,,,,,,,,,,,,,,,62.19%,,70.59%,,,,,,,92.60%,,,,93.97%,,,,,,,,86.76%,,,56.77%,,,,,54.06%,,,44.32%
2025-11-12 14:30,94.82%,,,5.58%,,,,,,,,,,,,,,,,,,,,,,,,62.28%,,70.32%,,,,,,,92.64%,,,,93.98%,,,,,,,,86.75%,,,56.78%,,,,,54.17%,,,44.35%
2025-11-12 15:30,98.50%,,,5.63%,,,,,,,,,,,,,,,,,,,,,,,,66.94%,,71.25%,,,,,,,92.44%,,,,94.62%,,,,,,,,86.75%,,,56.79%,,,,,54.36%,,,44.42%
2025-11-12 16:30,98.54%,,,6.98%,,,,,,,,,,,,,,,,,,,,,,,,66.42%,,71.19%,,,,,,,91.61%,,,,94.72%,,,,,,,,86.75%,,,56.97%,,,,,53.99%,,,44.44%
2025-11-12 17:30,,,,5.40%,,,,,,,,,,,,,,,,,,,,,,,,66.19%,,70.37%,,,,,,,91.90%,,,,94.67%,,,,,,,,86.75%,,,56.96%,,,,,,,,44.38%
2025-11-12 18:30,,,,5.30%,,,,,,,,,,,,,,,,,,,,,,,,46.90%,,70.07%,,,,,,,91.79%,,,,94.65%,,,,,,,,86.76%,,,56.96%,,,,,,,,44.44%
2025-11-12 19:30,,,,5.58%,,,,,,,,,,,,,,,,,,,,,,,,44.56%,,70.20%,,,,,,,91.63%,,,,94.58%,,,,,,,,86.76%,,,56.96%,,,,,,,,44.51%
2025-11-12 20:30,,,,,,,,,,,,,,,,,,,,,,,,,,,,44.77%,,70.05%,,,,,,,91.54%,,,,94.44%,,,,,,,,86.77%,,,56.96%,,,,,,,,44.47%
2025-11-12 21:30,,,,,,,,,,,,,,,,,,,,,,,,,,,,45.03%,,69.91%,,,,,,,91.56%,,,,94.44%,,,,,,,,86.74%,,,56.97%,,,,,,,,44.47%
2025-11-12 22:30,,,,,,,,,,,,,,,,,,,,,,,,,,,,44.79%,,70.06%,,,,,,,91.25%,,,,94.45%,,,,,,,,86.73%,,,56.96%,,,,,,,,44.54%
2025-11-12 23:30,,,,,,,,,,,,,,,,,,,,,,,,,,,,44.90%,,,,,,,,,91.35%,,,,94.46%,,,,,,,,86.73%,,,,,,,,,,,44.57%
2025-11-13 00:30,,,,,,,,,,,,,,,,,,,,,,,,,,,,45.03%,,,,,,,,,91.32%,,,,94.47%,,,,,,,,86.67%,,,,,,,,,,,44.53%
2025-11-13 01:30,,,,,,,,,,,,,,,,,,,,,,,,,,,,45.12%,,,,,,,,,91.44%,,,,94.48%,,,,,,,,86.59%,,,,,,,,,,,44.56%
2025-11-13 02:30,,,,,,,,,,,,,,,,,,,,,,,,,,,,45.29%,,,,,,,,,91.34%,,,,94.49%,,,,,,,,86.58%,,,,,,,,,,,44.63%
2025-11-13 03:30,,,,,,,,,,,,,,,,,,,,,,,,,,,,45.62%,,,,,,,,,91.58%,,,,94.45%,,,,,,,,86.60%,,,,,,,,,,,44.60%
2025-11-13 04:30,,,,,,,,,,,,,,,,,,,,,,,,,,,,46.24%,,,,,,,,,91.61%,,,,94.44%,,,,,,,,86.59%,,,,,,,,,,,44.62%
2025-11-13 05:30,,,,,,,,,,,,,,,,,,,,,,,,,,,,46.42%,,,,,,,,,91.57%,,,,94.45%,,,,,,,,86.60%,,,,,,,,,,,44.66%
2025-11-13 06:30,,,,,,,,,,,,,,,,,,,,,,,,,,,,46.68%,,,,,,,,,91.68%,,,,94.46%,,,,,,,,86.60%,,,,,,,,,,,44.69%
2025-11-13 07:30,,,,,,,,,,,,,,,,,,,,,,,,,,,,46.89%,,,,,,,,,91.79%,,,,94.47%,,,,,,,,86.60%,,,,,,,,,,,44.65%
2025-11-13 08:30,,,,,,,,,,,,,,,,,,,,,,,,,,,,47.00%,,,,,,,,,91.83%,,,,94.47%,,,,,,,,86.60%,,,,,,,,,,,44.71%
2025-11-13 09:30,,,,,,,,,,,,,,,,,,,,,,,,,,,,46.95%,,,,,,,,,91.74%,,,,94.48%,,,,,,,,86.61%,,,,,,,,,,,44.74%
2025-11-13 10:30,,,,,,,,,,,,,,,,,,,,,,,,,,,,47.03%,,,,,,,,,91.88%,,,,94.49%,,,,,,,,86.59%,,,,,,,,,,,44.72%
2025-11-13 11:30,,,,,,,,,,,,,,,,,,,,,,,,,,,,47.08%,,63.64%,,,,,,,91.86%,,,,94.50%,,,,,,,,86.59%,,,57.00%,,,,,,,,44.74%
2025-11-13 12:30,,,,9.37%,,,,,,,,,,,,,,,,,,,,,,,,49.34%,,67.54%,,,,,,,92.00%,,,,94.54%,,,,,,,,86.59%,,,56.89%,,,,,,,,44.81%
2025-11-13 13:30,98.03%,,,6.85%,,,,,,,,,,,,,,,,,,,,,,,,62.81%,,68.68%,,,,,,,92.12%,,,,94.82%,,,,,,,,86.59%,,,56.88%,,,,,53.59%,,,44.81%
2025-11-13 14:30,99.14%,,,6.10%,,,,,,,,,,,,,,,,,,,,,,,,61.68%,,69.97%,,,,,,,91.98%,,,,94.87%,,,,,,,,86.58%,,,56.89%,,,,,54.66%,,,44.77%
2025-11-13 15:30,98.26%,,,6.11%,,,,,,,,,,,,,,,,,,,,,,,,62.23%,,70.83%,,,,,,,92.85%,,,,94.95%,,,,,,,,86.58%,,,56.89%,,,,,54.81%,,,44.83%
2025-11-13 16:30,98.49%,,,6.02%,,,,,,,,,,,,,,,,,,,,,,,,62.42%,,71.13%,,,,,,,93.58%,,,,95.02%,,,,,,,,86.60%,,,56.87%,,,,,54.94%,,,44.90%
2025-11-13 17:30,99.56%,,,5.81%,,,,,,,,,,,,,,,,,,,,,,,,65.56%,,69.99%,,,,,,,93.57%,,,,95.04%,,,,,,,,86.61%,,,56.84%,,,,,55.32%,,,44.84%
2025-11-13 18:30,99.62%,,,6.02%,,,,,,,,,,,,,,,,,,,,,,,,65.44%,,69.38%,,,,,,,93.82%,,,,95.07%,,,,,,,,86.60%,,,56.83%,,,,,55.47%,,,44.86%
2025-11-13 19:30,93.65%,,,5.87%,,,,,,,,,,,,,,,,,,,,,,,,63.65%,,68.64%,,,,,,,86.24%,,,,95.07%,,,,,,,,86.60%,,,56.83%,,,,,55.38%,,,44.92%
2025-11-13 20:30,,,,,,,,,,,,,,,,,,,,,,,,,,,,63.90%,,,,,,,,,86.43%,,,,95.08%,,,,,,,,86.60%,,,,,,,,,,,44.97%
2025-11-13 21:30,,,,,,,,,,,,,,,,,,,,,,,,,,,,64.19%,,,,,,,,,86.55%,,,,95.09%,,,,,,,,86.61%,,,,,,,,,,,44.89%
2025-11-13 22:30,,,,,,,,,,,,,,,,,,,,,,,,,,,,64.55%,,,,,,,,,86.97%,,,,95.10%,,,,,,,,86.65%,,,,,,,,,,,44.95%
2025-11-13 23:30,,,,,,,,,,,,,,,,,,,,,,,,,,,,64.99%,,,,,,,,,87.07%,,,,95.11%,,,,,,,,86.66%,,,,,,,,,,,45.01%
2025-11-14 00:30,,,,,,,,,,,,,,,,,,,,,,,,,,,,65.39%,,,,,,,,,87.22%,,,,95.12%,,,,,,,,86.65%,,,,,,,,,,,45.00%
2025-11-14 01:30,,,,,,,,,,,,,,,,,,,,,,,,,,,,65.18%,,,,,,,,,87.31%,,,,95.13%,,,,,,,,86.65%,,,,,,,,,,,44.98%
2025-11-14 02:30,,,,,,,,,,,,,,,,,,,,,,,,,,,,65.46%,,,,,,,,,87.43%,,,,95.14%,,,,,,,,86.65%,,,,,,,,,,,45.03%
2025-11-14 03:30,,,,,,,,,,,,,,,,,,,,,,,,,,,,65.67%,,,,,,,,,87.75%,,,,95.18%,,,,,,,,86.65%,,,,,,,,,,,45.09%
2025-11-14 04:30,,,,,,,,,,,,,,,,,,,,,,,,,,,,65.76%,,,,,,,,,87.84%,,,,95.20%,,,,,,,,86.66%,,,,,,,,,,,45.03%
2025-11-14 05:30,,,,,,,,,,,,,,,,,,,,,,,,,,,,66.08%,,,,,,,,,88.21%,,,,95.21%,,,,,,,,86.64%,,,,,,,,,,,45.08%
2025-11-14 06:30,,,,,,,,,,,,,,,,,,,,,,,,,,,,66.23%,,,,,,,,,88.82%,,,,95.19%,,,,,,,,86.62%,,,,,,,,,,,45.12%
2025-11-14 07:30,,,,,,,,,,,,,,,,,,,,,,,,,,,,66.49%,,,,,,,,,88.97%,,,,95.18%,,,,,,,,86.64%,,,,,,,,,,,45.11%
2025-11-14 08:30,,,,,,,,,,,,,,,,,,,,,,,,,,,,66.77%,,,,,,,,,92.01%,,,,95.18%,,,,,,,,86.34%,,,,,,,,,,,45.12%
2025-11-14 09:30,,,,,,,,,,,,,,,,,,,,,,,,,,,,67.02%,,,,,,,,,73.69%,,,,95.20%,,,,,,,,84.52%,,,,,,,,,,,45.17%
2025-11-14 10:30,,,,,,,,,,,,,,,,,,,,,,,,,,,,67.34%,,,,,,,,,24.97%,,,,95.21%,,,,,,,,84.06%,,,,,,,,,,,45.21%
2025-11-14 11:30,,,,,,,,,,,,,,,,,,,,,,,,,,,,67.36%,,,,,,,,,24.82%,,,,95.22%,,,,,,,,84.01%,,,,,,,,,,,45.15%
2025-11-14 12:30,,,,6.21%,,,,,,,,,,,,,,,,,,,,,,,,66.93%,,67.92%,,,,,,,24.89%,,,,95.23%,,,,,,,,84.02%,,,56.78%,,,,,,,,45.21%
2025-11-14 13:30,,,,6.98%,,,,,,,,,,,,,,,,,,,,,,,,67.39%,,70.44%,,,,,,,25.11%,,,,95.35%,,,,,,,,84.02%,,,56.79%,,,,,,,,45.27%
2025-11-14 14:30,,,,6.10%,,,,,,,,,,,,,,,,,,,,,,,,67.51%,,70.46%,,,,,,,25.07%,,,,95.40%,,,,,,,,83.98%,,,56.79%,,,,,,,,45.23%
2025-11-14 15:30,,,,6.05%,,,,,,,,,,,,,,,,,,,,,,,,67.72%,,70.21%,,,,,,,25.35%,,,,95.41%,,,,,,,,83.89%,,,56.80%,,,,,,,,45.24%
2025-11-14 16:30,,,,5.90%,,,,,,,,,,,,,,,,,,,,,,,,67.65%,,70.97%,,,,,,,26.85%,,,,95.43%,,,,,,,,83.89%,,,56.80%,,,,,,,,45.30%
2025-11-14 17:30,,,,6.27%,,,,,,,,,,,,,,,,,,,,,,,,67.78%,,70.57%,,,,,,,26.85%,,,,95.44%,,,,,,,,83.89%,,,56.81%,,,,,,,,45.37%
2025-11-14 18:30,,,,5.86%,,,,,,,,,,,,,,,,,,,,,,,,67.29%,,70.04%,,,,,,,27.03%,,,,95.44%,,,,,,,,83.89%,,,56.80%,,,,,,,,45.26%
2025-11-14 19:30,,,,5.80%,,,,,,,,,,,,,,,,,,,,,,,,67.21%,,69.27%,,,,,,,31.83%,,,,95.46%,,,,,,,,84.52%,,,56.81%,,,,,,,,45.33%
2025-11-14 20:30,,,,,,,,,,,,,,,,,,,,,,,,,,,,67.53%,,,,,,,,,31.47%,,,,95.46%,,,,,,,,85.28%,,,,,,,,,,,45.39%
2025-11-14 21:30,,,,,,,,,,,,,,,,,,,,,,,,,,,,67.60%,,,,,,,,,31.29%,,,,95.47%,,,,,,,,85.27%,,,,,,,,,,,45.39%
2025-11-14 22:30,,,,,,,,,,,,,,,,,,,,,,,,,,,,67.78%,,,,,,,,,31.62%,,,,95.48%,,,,,,,,85.28%,,,,,,,,,,,45.35%
2025-11-14 23:30,,,,,,,,,,,,,,,,,,,,,,,,,,,,67.92%,,,,,,,,,27.71%,,,,95.48%,,,,,,,,85.28%,,,,,,,,,,,45.41%
2025-11-15 00:30,,,,,,,,,,,,,,,,,,,,,,,,,,,,69.38%,,,,,,,,,22.27%,,,,95.50%,,,,,,,,85.47%,,,,,,,,,,,45.48%
2025-11-15 01:30,,,,,,,,,,,,,,,,,,,,,,,,,,,,74.54%,,,,,,,,,21.30%,,,,95.51%,,,,,,,,85.46%,,,,,,,,,,,45.42%
2025-11-15 02:30,,,,,,,,,,,,,,,,,,,,,,,,,,,,78.01%,,,,,,,,,21.56%,,,,95.53%,,,,,,,,85.47%,,,,,,,,,,,45.45%
2025-11-15 03:30,,,,,,,,,,,,,,,,,,,,,,,,,,,,,,,,,,,,,22.05%,,,,,,,,,,,,85.47%,,,,,,,,,,,45.50%
2025-11-15 04:30,,,,,,,,,,,,,,,,,,,,,,,,,,,,,,,,,,,,,23.05%,,,,,,,,,,,,85.48%,,,,,,,,,,,45.51%
2025-11-15 05:30,,,,,,,,,,,,,,,,,,,,,,,,,,,,,,,,,,,,,23.04%,,,,,,,,,,,,85.47%,,,,,,,,,,,45.50%
2025-11-15 06:30,,,,,,,,,,,,,,,,,,,,,,,,,,,,,,,,,,,,,23.26%,,,,,,,,,,,,85.47%,,,,,,,,,,,45.54%
2025-11-15 07:30,,,,,,,,,,,,,,,,,,,,,,,,,,,,,,,,,,,,,23.71%,,,,,,,,,,,,85.55%,,,,,,,,,,,45.59%
2025-11-15 08:30,,,,,,,,,,,,,,,,,,,,,,,,,,,,,,,,,,,,,24.94%,,,,,,,,,,,,85.81%,,,,,,,,,,,45.54%
2025-11-15 09:30,,,,,,,,,,,,,,,,,,,,,,,,,,,,,,,,,,,,,25.12%,,,,,,,,,,,,85.80%,,,,,,,,,,,45.59%
2025-11-15 10:30,,,,,,,,,,,,,,,,,,,,,,,,,,,,,,,,,,,,,25.10%,,,,,,,,,,,,85.80%,,,,,,,,,,,45.64%
2025-11-15 11:30,,,,,,,,,,,,,,,,,,,,,,,,,,,,,,,,,,,,,25.12%,,,,,,,,,,,,85.81%,,,,,,,,,,,45.63%
2025-11-15 12:30,,,,,,,,,,,,,,,,,,,,,,,,,,,,,,,,,,,,,25.23%,,,,,,,,,,,,85.75%,,,,,,,,,,,45.62%
2025-11-15 13:30,,,,,,,,,,,,,,,,,,,,,,,,,,,,,,,,,,,,,24.91%,,,,,,,,,,,,85.74%,,,,,,,,,,,45.68%
2025-11-15 14:30,,,,,,,,,,,,,,,,,,,,,,,,,,,,,,,,,,,,,24.73%,,,,,,,,,,,,85.76%,,,,,,,,,,,45.73%
2025-11-15 15:30,,,,,,,,,,,,,,,,,,,,,,,,,,,,,,,,,,,,,25.56%,,,,,,,,,,,,85.76%,,,,,,,,,,,45.65%
2025-11-15 16:30,,,,,,,,,,,,,,,,,,,,,,,,,,,,,,,,,,,,,26.22%,,,,,,,,,,,,85.74%,,,,,,,,,,,45.70%
2025-11-15 17:30,,,,,,,,,,,,,,,,,,,,,,,,,,,,,,,,,,,,,26.32%,,,,,,,,,,,,85.75%,,,,,,,,,,,45.77%
2025-11-15 18:30,,,,,,,,,,,,,,,,,,,,,,,,,,,,,,,,,,,,,26.28%,,,,,,,,,,,,85.75%,,,,,,,,,,,45.78%
2025-11-15 19:30,,,,,,,,,,,,,,,,,,,,,,,,,,,,,,,,,,,,,26.30%,,,,,,,,,,,,85.76%,,,,,,,,,,,45.73%
2025-11-15 20:30,,,,,,,,,,,,,,,,,,,,,,,,,,,,,,,,,,,,,26.27%,,,,,,,,,,,,85.75%,,,,,,,,,,,45.79%
2025-11-15 21:30,,,,,,,,,,,,,,,,,,,,,,,,,,,,,,,,,,,,,26.32%,,,,,,,,,,,,85.77%,,,,,,,,,,,45.86%
2025-11-15 22:30,,,,,,,,,,,,,,,,,,,,,,,,,,,,,,,,,,,,,26.31%,,,,,,,,,,,,85.80%,,,,,,,,,,,45.81%
2025-11-15 23:30,,,,,,,,,,,,,,,,,,,,,,,,,,,,,,,,,,,,,26.36%,,,,,,,,,,,,85.79%,,,,,,,,,,,45.82%
2025-11-16 00:30,,,,,,,,,,,,,,,,,,,,,,,,,,,,,,,,,,,,,26.37%,,,,,,,,,,,,85.79%,,,,,,,,,,,45.88%
2025-11-16 01:30,,,,,,,,,,,,,,,,,,,,,,,,,,,,,,,,,,,,,32.19%,,,,,,,,,,,,86.92%,,,,,,,,,,,45.91%
2025-11-16 02:30,,,,,,,,,,,,,,,,,,,,,,,,,,,,,,,,,,,,,29.11%,,,,,,,,,,,,89.12%,,,,,,,,,,,45.88%
2025-11-16 03:30,,,,,,,,,,,,,,,,,,,,,,,,,,,,,,,,,,,,,23.05%,,,,,,,,,,,,89.28%,,,,,,,,,,,45.91%
2025-11-16 04:30,,,,,,,,,,,,,,,,,,,,,,,,,,,,,,,,,,,,,23.03%,,,,,,,,,,,,89.28%,,,,,,,,,,,45.97%
2025-11-16 05:30,,,,,,,,,,,,,,,,,,,,,,,,,,,,,,,,,,,,,22.30%,,,,,,,,,,,,89.29%,,,,,,,,,,,45.93%
2025-11-16 06:30,,,,,,,,,,,,,,,,,,,,,,,,,,,,,,,,,,,,,21.91%,,,,,,,,,,,,89.29%,,,,,,,,,,,45.97%
2025-11-16 07:30,,,,,,,,,,,,,,,,,,,,,,,,,,,,,,,,,,,,,21.96%,,,,,,,,,,,,89.28%,,,,,,,,,,,46.01%
2025-11-16 08:30,,,,,,,,,,,,,,,,,,,,,,,,,,,,,,,,,,,,,22.00%,,,,,,,,,,,,89.29%,,,,,,,,,,,46.03%
2025-11-16 09:30,,,,,,,,,,,,,,,,,,,,,,,,,,,,,,,,,,,,,22.10%,,,,,,,,,,,,89.29%,,,,,,,,,,,45.99%
2025-11-16 10:30,,,,,,,,,,,,,,,,,,,,,,,,,,,,,,,,,,,,,22.34%,,,,,,,,,,,,89.29%,,,,,,,,,,,46.06%
2025-11-16 11:30,,,,,,,,,,,,,,,,,,,,,,,,,,,,,,,,,,,,,22.58%,,,,,,,,,,,,89.29%,,,,,,,,,,,46.10%
2025-11-16 12:30,,,,,,,,,,,,,,,,,,,,,,,,,,,,,,,,,,,,,22.57%,,,,,,,,,,,,89.28%,,,,,,,,,,,46.05%
2025-11-16 13:30,,,,,,,,,,,,,,,,,,,,,,,,,,,,,,,,,,,,,22.59%,,,,,,,,,,,,89.28%,,,,,,,,,,,46.08%
2025-11-16 14:30,,,,,,,,,,,,,,,,,,,,,,,,,,,,,,,,,,,,,22.68%,,,,,,,,,,,,89.27%,,,,,,,,,,,46.15%
2025-11-16 15:30,,,,,,,,,,,,,,,,,,,,,,,,,,,,,,,,,,,,,24.36%,,,,,,,,,,,,89.27%,,,,,,,,,,,46.17%
2025-11-16 16:30,,,,,,,,,,,,,,,,,,,,,,,,,,,,,,,,,,,,,24.56%,,,,,,,,,,,,89.28%,,,,,,,,,,,46.11%
2025-11-16 17:30,,,,,,,,,,,,,,,,,,,,,,,,,,,,,,,,,,,,,24.57%,,,,,,,,,,,,89.28%,,,,,,,,,,,46.17%
2025-11-16 18:30,,,,,,,,,,,,,,,,,,,,,,,,,,,,,,,,,,,,,24.68%,,,,,,,,,,,,89.28%,,,,,,,,,,,46.24%
2025-11-16 19:30,,,,,,,,,,,,,,,,,,,,,,,,,,,,,,,,,,,,,24.65%,,,,,,,,,,,,89.29%,,,,,,,,,,,46.20%
2025-11-16 20:30,,,,,,,,,,,,,,,,,,,,,,,,,,,,,,,,,,,,,24.69%,,,,,,,,,,,,89.29%,,,,,,,,,,,46.20%
2025-11-16 21:30,,,,,,,,,,,,,,,,,,,,,,,,,,,,,,,,,,,,,24.71%,,,,,,,,,,,,89.31%,,,,,,,,,,,46.26%
2025-11-16 22:30,,,,,,,,,,,,,,,,,,,,,,,,,,,,,,,,,,,,,24.70%,,,,,,,,,,,,89.28%,,,,,,,,,,,46.31%
2025-11-16 23:30,,,,,,,,,,,,,,,,,,,,,,,,,,,,,,,,,,,,,24.75%,,,,,,,,,,,,89.28%,,,,,,,,,,,46.26%
2025-11-17 00:30,,,,,,,,,,,,,,,,,,,,,,,,,,,,,,,,,,,,,24.76%,,,,,,,,,,,,89.28%,,,,,,,,,,,46.29%
2025-11-17 01:30,,,,,,,,,,,,,,,,,,,,,,,,,,,,,,,,,,,,,24.86%,,,,,,,,,,,,89.27%,,,,,,,,,,,46.35%
2025-11-17 02:30,,,,,,,,,,,,,,,,,,,,,,,,,,,,,,,,,,,,,24.53%,,,,,,,,,,,,89.20%,,,,,,,,,,,46.33%
2025-11-17 03:30,,,,,,,,,,,,,,,,,,,,,,,,,,,,,,,,,,,,,24.40%,,,,,,,,,,,,89.20%,,,,,,,,,,,46.35%
2025-11-17 04:30,,,,,,,,,,,,,,,,,,,,,,,,,,,,,,,,,,,,,24.48%,,,,,,,,,,,,89.20%,,,,,,,,,,,46.38%
2025-11-17 05:30,,,,,,,,,,,,,,,,,,,,,,,,,,,,,,,,,,,,,24.45%,,,,,,,,,,,,89.20%,,,,,,,,,,,46.42%
2025-11-17 06:30,,,,,,,,,,,,,,,,,,,,,,,,,,,,,,,,,,,,,24.50%,,,,,,,,,,,,89.19%,,,,,,,,,,,46.37%
2025-11-17 07:30,,,,,,,,,,,,,,,,,,,,,,,,,,,,,,,,,,,,,24.49%,,,,,,,,,,,,89.19%,,,,,,,,,,,46.44%
2025-11-17 08:30,,,,,,,,,,,,,,,,,,,,,,,,,,,,,,,,,,,,,24.51%,,,,,,,,,,,,89.08%,,,,,,,,,,,46.47%
2025-11-17 09:30,,,,,,,,,,,,,,,,,,,,,,,,,,,,,,,,,,,,,24.61%,,,,,,,,,,,,88.53%,,,,,,,,,,,46.45%
2025-11-17 10:30,,,,,,,,,,,,,,,,,,,,,,,,,,,,,,,,,,,,,24.71%,,,,,,,,,,,,88.43%,,,,,,,,,,51.79%,46.46%
2025-11-17 11:30,,,,,,,,,,,,,,,,,,,,,,,,,,,,,,,,,,,,,24.66%,,,,,,,,,,,,88.42%,,,,,,,,,,52.40%,46.53%
2025-11-17 12:30,,,,,,,,,,,,,,,,,,,,,,,,,,,,,,,,,,,,,24.56%,,,,,,,,,,,,88.42%,,,,,,,,,,52.84%,46.56%
2025-11-17 13:30,,,,,,,,,,,,,,,,,,,,,,,,,,,,,,,,,,,,,24.59%,,,,,,,,,,,,88.43%,,,,,,,,,,52.84%,46.48%
2025-11-17 14:30,,,,,,,,,,,,,,,,,,,,,,,,,,,,58.22%,,,,,,,,,24.53%,,,,93.91%,,,,,,,,88.44%,,,,,,,,,,52.84%,46.55%
2025-11-17 15:30,,,,,,,,,,,,,,,,,,,,,,,,,,,,66.20%,,,,,,,,,24.61%,,,,93.87%,,,,,,,,88.43%,,,,,,,,,,52.85%,46.62%
2025-11-17 16:30,,,,,,,,,,,,,,,,,,,,,,,,,,,,62.49%,,65.06%,,,,,,,25.19%,,,,93.95%,,,,,,,,88.44%,,,,,,,57.37%,,,52.85%,46.59%
2025-11-17 17:30,,,,,,,,,,,,,,,,,,,,,,,,,,,,63.85%,,66.46%,,,,,,,25.20%,,,,94.05%,,,,,,,,88.44%,,,,,,,57.81%,,,52.85%,46.57%
2025-11-17 18:30,,,,,,,,,,,,,,,,,,,,,,,,,,,,63.71%,,68.70%,,,,,,,36.57%,,,,94.09%,,,,,,,,88.06%,,,,,,,57.75%,,,52.86%,46.64%
2025-11-17 19:30,,,,,,,,,,,,,,,,,,,,,,,,,,,,63.29%,,69.07%,,,,,,,41.24%,,,,94.10%,,,,,,,,87.72%,,,,,,,57.74%,,,52.86%,46.70%
2025-11-17 20:30,,,,,,,,,,,,,,,,,,,,,,,,,,,,63.78%,,,,,,,,56.10%,41.46%,,,,94.11%,89.37%,,,,,,,87.71%,,,,,,,,,,52.85%,46.63%
2025-11-17 21:30,,,,,,,,,,,,,,,,,,,,,,,,,,,,63.93%,,,,,,,,49.95%,41.33%,,,,94.14%,89.81%,,,,,,,87.70%,,,,,,,,,,52.59%,46.66%
2025-11-17 22:30,,,,,,,,,,,,,,,,,,,,,,,,,,,,64.62%,,,,,,,,50.67%,41.50%,,,,94.29%,89.23%,,,,,,,87.72%,,,,,,,,,,52.58%,46.73%
2025-11-17 23:30,,,,,,,,,,,,,,,,,,,,,,,,,,,,65.04%,,,,,,,,50.90%,41.47%,,,,94.41%,89.23%,,,,,,,87.72%,,,,,,,,,,52.58%,46.73%
2025-11-18 00:30,,,,,,,,,,,,,,,,,,,,,,,,,,,,65.44%,,,,,,,,50.66%,41.49%,,,,94.43%,89.16%,,,,,,,87.72%,,,,,,,,,,52.59%,46.72%
2025-11-18 01:30,,,,,,,,,,,,,,,,,,,,,,,,,,,,65.95%,,,,,,,,46.33%,41.55%,,,,94.47%,88.57%,,,,,,,87.74%,,,,,,,,,,52.58%,46.75%
2025-11-18 02:30,,,,,,,,,,,,,,,,,,,,,,,,,,,,66.31%,,,,,,,,46.40%,41.73%,,,,94.54%,88.57%,,,,,,,87.75%,,,,,,,,,,52.60%,46.82%
2025-11-18 03:30,,,,,,,,,,,,,,,,,,,,,,,,,,,,66.38%,,,,,,,,48.83%,41.07%,,,,94.66%,88.57%,,,,,,,87.74%,,,,,,,,,,52.60%,46.75%
2025-11-18 04:30,,,,,,,,,,,,,,,,,,,,,,,,,,,,66.55%,,,,,,,,48.87%,40.80%,,,,94.74%,88.58%,,,,,,,87.75%,,,,,,,,,,52.60%,46.82%
2025-11-18 05:30,,,,,,,,,,,,,,,,,,,,,,,,,,,,67.04%,,,,,,,,48.90%,40.86%,,,,94.75%,88.58%,,,,,,,87.75%,,,,,,,,,,52.61%,46.84%
2025-11-18 06:30,,,,,,,,,,,,,,,,,,,,,,,,,,,,67.13%,,,,,,,,49.00%,40.86%,,,,94.76%,88.59%,,,,,,,87.74%,,,,,,,,,,52.61%,46.85%
2025-11-18 07:30,,,,,,,,,,,,,,,,,,,,,,,,,,,,67.66%,,,,,,,,49.08%,40.81%,,,,94.75%,88.60%,,,,,,,87.74%,,,,,,,,,,52.61%,46.84%
2025-11-18 08:30,,,,,,,,,,,,,,,,,,,,,,,,,,,,67.63%,,,,,,,,49.23%,40.84%,,,,94.49%,88.60%,,,,,,,87.69%,,,,,,,,,,52.62%,46.91%
2025-11-18 09:30,,,,,,,,,,,,,,,,,,,,,,,,,,,,68.12%,,,,,,,,49.43%,40.87%,,,,94.33%,88.60%,,,,,,,87.70%,,,,,,,,,,52.62%,46.94%
2025-11-18 10:30,98.56%,,,6.66%,,,,,,,,,,,,,,,,,,,,,,,,68.42%,,67.16%,,,,,,49.83%,40.84%,,,,94.44%,88.59%,,,,,,,87.69%,,,,,,,,52.28%,,52.62%,46.87%
2025-11-18 11:30,98.36%,,,6.61%,,,,,,,,,,,,,,,,,,,,,,,,69.01%,,69.37%,,,,,,49.85%,40.37%,,,,94.48%,88.59%,,,,,,,87.69%,,,,,,,,53.67%,,52.66%,46.93%
2025-11-18 12:30,99.61%,,,5.99%,,,,,,,,,,,,,,,,,,,,,,,,69.12%,,70.14%,,,,,,,40.36%,,,,94.49%,,,,,,,,87.69%,,,,,,,,53.98%,,52.82%,47.00%
2025-11-18 13:30,99.47%,,,6.20%,,,,,,,,,,,,,,,,,,,,,,,,69.33%,,70.00%,,,,,,,40.39%,,,,94.50%,,,,,,,,87.70%,,,,,,,,54.56%,,52.82%,46.98%
2025-11-18 14:30,98.84%,,,6.42%,,,,,,,,,,,,,,,,,,,,,,,,70.11%,,70.83%,,,,,,,40.39%,,,,94.52%,,,,,,,,87.70%,,,57.41%,,,,,54.98%,,52.83%,46.96%
2025-11-18 15:30,99.62%,,,6.52%,,,,,,,,,,,,,,,,,,,,,,,,65.89%,,70.16%,,,,,,,40.69%,,,,94.54%,,,,,,,,87.69%,,,57.53%,,,,,55.38%,,52.86%,47.02%
2025-11-18 16:30,99.53%,,,2.81%,,,,,,,,,,,,,,,,,,,,,,,,65.89%,,67.90%,,,,,,,41.12%,,,,94.64%,,,,,,,,87.97%,,,58.07%,,,,,55.67%,,52.88%,47.09%
2025-11-18 17:30,96.69%,,,1.18%,,,,,,,,,,,,,,,,,,,,,,,,69.09%,,68.69%,,,,,,,40.81%,,,,94.75%,,,,,,,,87.85%,,,57.76%,,,,,55.33%,,52.88%,47.01%
2025-11-18 18:30,94.68%,,,1.38%,,,,,,,,,,,,,,,,,,,,,,,,71.59%,,71.21%,,,,,,,41.13%,,,,94.77%,,,,,,,,87.86%,,,57.75%,,,,,55.58%,,52.89%,47.05%
2025-11-18 19:30,94.99%,,,1.47%,,,,,,,,,,,,,,,,,,,,,,,,69.95%,,70.49%,,,,,,,41.84%,,,,94.77%,,,,,,,,87.91%,,,57.76%,,,,,54.97%,,52.89%,47.11%
2025-11-18 20:30,,,,,,,,,,,,,,,,,,,,,,,,,,,,70.96%,,,,,,,,,43.16%,,,,94.78%,,,,,,,,87.96%,,,,,,,,,,52.89%,47.13%
2025-11-18 21:30,,,,,,,,,,,,,,,,,,,,,,,,,,,,71.55%,,,,,,,,,44.27%,,,,94.79%,,,,,,,,87.98%,,,,,,,,,,,47.10%
2025-11-18 22:30,,,,,,,,,,,,,,,,,,,,,,,,,,,,72.02%,,,,,,,,,44.33%,,,,94.81%,,,,,,,,87.98%,,,,,,,,,,,47.13%
2025-11-18 23:30,,,,,,,,,,,,,,,,,,,,,,,,,,,,72.50%,,,,,,,,77.54%,44.33%,,,,94.81%,87.48%,,,,,,,87.99%,,,,,,,,,,,47.20%
2025-11-19 00:30,,,,,,,,,,,,,,,,,,,,,,,,,,,,72.87%,,,,,,,,,44.32%,,,,94.82%,,,,,,,,87.98%,,,,,,,,,,,47.15%
2025-11-19 01:30,,,,,,,,,,,,,,,,,,,,,,,,,,,,71.98%,,,,,,,,,44.35%,,,,94.84%,,,,,,,,87.69%,,,,,,,,,,,47.19%
2025-11-19 02:30,,,,,,,,,,,,,,,,,,,,,,,,,,,,72.08%,,,,,,,,,44.53%,,,,94.85%,,,,,,,,87.46%,,,,,,,,,,,47.22%
2025-11-19 03:30,,,,,,,,,,,,,,,,,,,,,,,,,,,,72.54%,,,,,,,,,44.37%,,,,94.85%,,,,,,,,87.52%,,,,,,,,,,,47.25%
2025-11-19 04:30,,,,,,,,,,,,,,,,,,,,,,,,,,,,73.03%,,,,,,,,,44.44%,,,,94.87%,,,,,,,,87.51%,,,,,,,,,,,47.22%
2025-11-19 05:30,,,,,,,,,,,,,,,,,,,,,,,,,,,,72.96%,,,,,,,,,44.58%,,,,94.88%,,,,,,,,87.51%,,,,,,,,,,,47.29%
2025-11-19 06:30,,,,,,,,,,,,,,,,,,,,,,,,,,,,72.95%,,,,,,,,,44.53%,,,,94.36%,,,,,,,,87.50%,,,,,,,,,,,47.31%
2025-11-19 07:30,,,,,,,,,,,,,,,,,,,,,,,,,,,,73.32%,,,,,,,,,44.55%,,,,94.30%,,,,,,,,87.51%,,,,,,,,,,,47.27%
2025-11-19 08:30,,,,,,,,,,,,,,,,,,,,,,,,,,,,73.33%,,,,,,,,,44.69%,,,,94.28%,,,,,,,,87.52%,,,,,,,,,,,47.31%
2025-11-19 09:30,,,,,,,,,,,,,,,,,,,,,,,,,,,,73.52%,,,,,,,,,44.64%,,,,94.29%,,,,,,,,87.53%,,,,,,,,,,,47.38%
2025-11-19 10:30,,,,,,,,,,,,,,,,,,,,,,,,,,,,73.68%,,,,,,,,,44.74%,,,,94.09%,,,,,,,,87.52%,,,,,,,,,,,47.37%
2025-11-19 11:30,,,,,,,,,,,,,,,,,,,,,,,,,,,,73.68%,,,,,,,,,44.82%,,,,94.12%,,,,,,,,87.52%,,,,,,,,,,,47.34%
2025-11-19 12:30,,,,,,,,,,,,,,,,,,,,,,,,,,,,73.75%,,,,,,,,,45.59%,,,,94.12%,,,,,,,,87.51%,,,,,,,,,,,47.40%
2025-11-19 13:30,98.51%,,,,,,,,,,,,,,,,,,,,,,,,,,,74.08%,,,,,,,,,47.22%,,,,94.12%,,,,,,,,87.51%,,,,,,,,52.83%,,,47.47%
2025-11-19 14:30,98.88%,,,,,,,,,,,,,,,,,,,,,,,,,,,73.98%,,,,,,,,,47.25%,,,,94.14%,,,,,,,,87.51%,,,,,,,,54.77%,,52.79%,47.40%
2025-11-19 15:30,98.65%,,,,,,,,,,,,,,,,,,,,,,,,,,,73.56%,,,,,,,,,46.49%,,,,94.19%,,,,,,,,87.52%,,,,,,,,54.94%,,52.80%,47.42%
2025-11-19 16:30,99.24%,,,,,,,,,,,,,,,,,,,,,,,,,,,74.56%,,66.33%,,,,,,,45.43%,,,,94.20%,,,,,,,,87.52%,,,,,,,,55.39%,,,47.49%
2025-11-19 17:30,99.79%,,,,,,,,,,,,,,,,,,,,,,,,,,,74.94%,,66.99%,,,,,,71.57%,45.77%,,,,94.21%,87.92%,,,,,,,87.53%,,,,,,,,55.74%,,,47.53%
2025-11-19 18:30,91.92%,,,,,,,,,,,,,,,,,,,,,,,,,,,74.97%,,67.76%,,,,,,60.42%,45.59%,,,,94.21%,88.69%,,,,,,,87.56%,,,,,,,,55.50%,,,47.47%
2025-11-19 19:30,82.78%,,,,,,,,,,,,,,,,,,,,,,,,,,,75.80%,,68.47%,,,,,,68.22%,45.88%,,,,94.23%,88.00%,,,,,,,87.56%,,,,,,,,54.98%,,,47.51%
2025-11-19 20:30,,,,,,,,,,,,,,,,,,,,,,,,,,,,75.32%,,,,,,,,,45.76%,,,,94.22%,,,,,,,,87.55%,,,,,,,,,,,47.58%
2025-11-19 21:30,,,,,,,,,,,,,,,,,,,,,,,,,,,,75.00%,,,,,,,,,45.93%,,,,94.23%,,,,,,,,87.55%,,,,,,,,,,,47.55%
2025-11-19 22:30,,,,,,,,,,,,,,,,,,,,,,,,,,,,75.26%,,,,,,,,,45.76%,,,,94.24%,,,,,,,,87.56%,,,,,,,,,,,47.56%
2025-11-19 23:30,,,,,,,,,,,,,,,,,,,,,,,,,,,,75.54%,,,,,,,,,45.85%,,,,94.25%,,,,,,,,87.56%,,,,,,,,,,,47.60%
2025-11-20 00:30,,,,,,,,,,,,,,,,,,,,,,,,,,,,76.05%,,,,,,,,,45.68%,,,,94.27%,,,,,,,,87.56%,,,,,,,,,,,47.64%
2025-11-20 01:30,,,,,,,,,,,,,,,,,,,,,,,,,,,,76.27%,,,,,,,,,45.92%,,,,94.27%,,,,,,,,87.56%,,,,,,,,,,,47.60%
2025-11-20 02:30,,,,,,,,,,,,,,,,,,,,,,,,,,,,76.23%,,,,,,,,,46.10%,,,,94.29%,,,,,,,,87.55%,,,,,,,,,,,47.66%
2025-11-20 03:30,,,,,,,,,,,,,,,,,,,,,,,,,,,,76.26%,,,,,,,,,46.01%,,,,94.30%,,,,,,,,87.56%,,,,,,,,,,,47.69%
2025-11-20 04:30,,,,,,,,,,,,,,,,,,,,,,,,,,,,76.42%,,,,,,,,,45.83%,,,,94.31%,,,,,,,,87.57%,,,,,,,,,,,47.67%
2025-11-20 05:30,,,,,,,,,,,,,,,,,,,,,,,,,,,,76.63%,,,,,,,,,46.04%,,,,94.41%,,,,,,,,87.56%,,,,,,,,,,,47.69%
2025-11-20 06:30,,,,,,,,,,,,,,,,,,,,,,,,,,,,76.78%,,,,,,,,,45.98%,,,,94.50%,,,,,,,,87.56%,,,,,,,,,,,47.76%
2025-11-20 07:30,,,,,,,,,,,,,,,,,,,,,,,,,,,,76.78%,,,,,,,,,46.02%,,,,94.48%,,,,,,,,87.56%,,,,,,,,,,,47.76%
2025-11-20 08:30,,,,,,,,,,,,,,,,,,,,,,,,,,,,76.72%,,,,,,,,,45.99%,,,,94.45%,,,,,,,,87.57%,,,,,,,,,,,47.71%
2025-11-20 09:30,,,,,,,,,,,,,,,,,,,,,,,,,,,,77.04%,,,,,,,,,46.09%,,,,94.46%,,,,,,,,87.57%,,,,,,,,,,,47.78%
2025-11-20 10:30,,,,,,,,,,,,,,,,,,,,,,,,,,,,77.43%,,,,,,,,,46.27%,,,,94.47%,,,,,,,,87.57%,,,,,,,,,,,47.85%
2025-11-20 11:30,,,,,,,,,,,,,,,,,,,,,,,,,,,,77.60%,,,,,,,,,45.49%,,,,94.48%,,,,,,,,87.57%,,,,,,,,,,,47.79%
2025-11-20 12:30,,,,,,,,,,,,,,,,,,,,,,,,,,,,77.58%,,,,,,,,,45.08%,,,,94.49%,,,,,,,,87.57%,,,,,,,,,,,47.80%
2025-11-20 13:30,,,,,,,,,,,,,,,,,,,,,,,,,,,,77.82%,,,,,,,,,45.01%,,,,94.51%,,,,,,,,87.58%,,,,,,,,,,,47.87%
2025-11-20 14:30,98.55%,,,,,,,,,,,,,,,,,,,,,,,,,,,78.05%,,67.10%,,,,,,,45.02%,,,,94.52%,,,,,,,,87.57%,,,,,,,,53.54%,,,47.92%
2025-11-20 15:30,99.39%,,,,,,,,,,,,,,,,,,,,,,,,,,,77.53%,,69.04%,,,,,,,45.14%,,,,94.53%,,,,,,,,87.82%,,,,,,,,54.67%,,,47.84%
2025-11-20 16:30,99.66%,,,,,,,,,,,,,,,,,,,,,,,,,,,77.78%,,70.38%,,,,,,,45.01%,,,,94.54%,,,,,,,,87.85%,,,,,,,,55.11%,,,47.89%
2025-11-20 17:30,99.02%,,,,,,,,,,,,,,,,,,,,,,,,,,,77.98%,,70.14%,,,,,,,45.11%,,,,94.55%,,,,,,,,87.85%,,,,,,,,55.49%,,52.79%,47.96%
2025-11-20 18:30,98.01%,,,,,,,,,,,,,,,,,,,,,,,,,,,78.14%,,70.53%,,,,,,,45.22%,,,,94.56%,,,,,,,,87.86%,,,,,,,,55.43%,,52.78%,47.95%
2025-11-20 19:30,93.33%,,,,,,,,,,,,,,,,,,,,,,,,,,,78.25%,,69.33%,,,,,,,45.53%,,,,94.56%,,,,,,,,87.86%,,,,,,,,54.94%,,52.76%,47.94%
2025-11-20 20:30,,,,,,,,,,,,,,,,,,,,,,,,,,,,78.48%,,,,,,,,,46.09%,,,,94.57%,,,,,,,,87.86%,,,,,,,,,,52.93%,47.99%
2025-11-20 21:30,,,,,,,,,,,,,,,,,,,,,,,,,,,,78.54%,,,,,,,,,46.05%,,,,94.59%,,,,,,,,87.86%,,,,,,,,,,,48.04%
2025-11-20 22:30,,,,,,,,,,,,,,,,,,,,,,,,,,,,78.68%,,,,,,,,,46.14%,,,,94.60%,,,,,,,,87.87%,,,,,,,,,,,47.98%
2025-11-20 23:30,,,,,,,,,,,,,,,,,,,,,,,,,,,,79.00%,,,,,,,,,46.18%,,,,94.61%,,,,,,,,87.88%,,,,,,,,,,,48.03%
2025-11-21 00:30,,,,,,,,,,,,,,,,,,,,,,,,,,,,79.01%,,,,,,,,,46.28%,,,,94.62%,,,,,,,,87.86%,,,,,,,,,,,48.08%
2025-11-21 01:30,,,,,,,,,,,,,,,,,,,,,,,,,,,,79.28%,,,,,,,,,46.22%,,,,94.62%,,,,,,,,87.87%,,,,,,,,,,,48.07%
2025-11-21 02:30,,,,,,,,,,,,,,,,,,,,,,,,,,,,79.32%,,,,,,,,,46.25%,,,,94.63%,,,,,,,,87.86%,,,,,,,,,,,48.07%
2025-11-21 03:30,,,,,,,,,,,,,,,,,,,,,,,,,,,,79.53%,,,,,,,,,45.97%,,,,94.64%,,,,,,,,87.90%,,,,,,,,,,,48.13%
2025-11-21 04:30,,,,,,,,,,,,,,,,,,,,,,,,,,,,79.69%,,,,,,,,,45.35%,,,,94.68%,,,,,,,,87.91%,,,,,,,,,,,48.16%
2025-11-21 05:30,,,,,,,,,,,,,,,,,,,,,,,,,,,,79.77%,,,,,,,,,45.49%,,,,94.69%,,,,,,,,87.92%,,,,,,,,,,,48.10%
2025-11-21 06:30,,,,,,,,,,,,,,,,,,,,,,,,,,,,79.71%,,,,,,,,,45.47%,,,,94.70%,,,,,,,,87.92%,,,,,,,,,,,48.16%
2025-11-21 07:30,,,,,,,,,,,,,,,,,,,,,,,,,,,,79.76%,,,,,,,,,45.76%,,,,94.67%,,,,,,,,87.92%,,,,,,,,,,,48.23%
2025-11-21 08:30,,,,,,,,,,,,,,,,,,,,,,,,,,,,79.59%,,,,,,,,,46.26%,,,,94.65%,,,,,,,,87.91%,,,,,,,,,,,48.19%
2025-11-21 09:30,,,,,,,,,,,,,,,,,,,,,,,,,,,,79.66%,,,,,,,,,46.50%,,,,94.46%,,,,,,,,87.91%,,,,,,,,,,,48.19%
2025-11-21 10:30,,,,,,,,,,,,,,,,,,,,,,,,,,,,79.97%,,,,,,,,,50.80%,,,,94.11%,,,,,,,,88.05%,,,,,,,,,,,48.25%
2025-11-21 11:30,,,,,,,,,,,,,,,,,,,,,,,,,,,,80.02%,,,,,,,,,51.28%,,,,94.12%,,,,,,,,88.17%,,,,,,,,,,,48.32%
2025-11-21 12:30,98.41%,,,,,,,,,,,,,,,,,,,,,,,,,,,80.10%,,67.07%,,,,,,,51.89%,,,,94.13%,,,,,,,,88.21%,,,,,,,,54.35%,,,48.22%
2025-11-21 13:30,98.83%,,,,,,,,,,,,,,,,,,,,,,,,,,,80.30%,,69.09%,,,,,,,54.93%,,,,94.14%,,,,,,,,88.51%,,,,,,,,54.86%,,,48.28%
2025-11-21 14:30,99.55%,,,,,,,,,,,,,,,,,,,,,,,,,,,80.42%,,70.64%,,,,,,,55.69%,,,,94.15%,,,,,,,,88.60%,,,,,,,,55.29%,,,48.34%
2025-11-21 15:30,99.78%,,,,,,,,,,,,,,,,,,,,,,,,,,,80.51%,,70.84%,,,,,,,58.76%,,,,94.16%,,,,,,,,88.90%,,,,,,,,55.61%,,,48.35%
2025-11-21 16:30,99.36%,,,,,,,,,,,,,,,,,,,,,,,,,,,80.61%,,71.02%,,,,,,,59.11%,,,,94.17%,,,,,,,,88.99%,,,,,,,,55.54%,,,48.31%
2025-11-21 17:30,98.50%,,,,,,,,,,,,,,,,,,,,,,,,,,,80.72%,,71.01%,,,,,,,61.72%,,,,94.18%,,,,,,,,89.29%,,,,,,,,55.69%,,,48.36%
2025-11-21 18:30,98.77%,,,2.60%,,,,,,,,,,,,,,,,,,,,,,,,80.84%,,70.96%,,,,,,,62.51%,,,,94.19%,,,,,,,,89.39%,,,,,,,,55.05%,,,48.43%
2025-11-21 19:30,99.11%,,,1.30%,,,,,,,,,,,,,,,,,,,,,,,,81.09%,,69.83%,,,,,,,65.52%,,,,94.20%,,,,,,,,89.68%,,,,,,,,54.22%,,,48.37%
2025-11-21 20:30,,,,,,,,,,,,,,,,,,,,,,,,,,,,81.21%,,,,,,,,,66.64%,,,,94.21%,,,,,,,,89.28%,,,,,,,,,,,48.41%
2025-11-21 21:30,,,,,,,,,,,,,,,,,,,,,,,,,,,,81.25%,,65.84%,,,,,,,64.57%,,,,94.22%,,,,,,,,87.48%,,,,,,,,,,,48.45%
2025-11-21 22:30,,,,,,,,,,,,,,,,,,,,,,,,,,,,81.26%,,67.96%,,,,,,,57.88%,,,,94.23%,,,,,,,,87.48%,,,,,,,,,,,48.46%
2025-11-21 23:30,,,,,,,,,,,,,,,,,,,,,,,,,,,,81.55%,,69.39%,,,,,,,58.04%,,,,94.24%,,,,,,,,87.47%,,,,,,,,,,,48.45%
2025-11-22 00:30,,,,,,,,,,,,,,,,,,,,,,,,,,,,82.67%,,69.57%,,,,,,,57.89%,,,,94.25%,,,,,,,,87.47%,,,,,,,,,,,48.50%
2025-11-22 01:30,,,,,,,,,,,,,,,,,,,,,,,,,,,,85.84%,,69.25%,,,,,,,57.66%,,,,94.12%,,,,,,,,87.47%,,,,,,,,,,,48.54%
2025-11-22 02:30,,,,,,,,,,,,,,,,,,,,,,,,,,,,86.09%,,69.75%,,,,,,,57.52%,,,,94.02%,,,,,,,,87.43%,,,,,,,,,,,48.49%
2025-11-22 03:30,,,,,,,,,,,,,,,,,,,,,,,,,,,,,,69.85%,,,,,,,57.29%,,,,,,,,,,,,87.42%,,,,,,,,,,,48.54%
2025-11-22 04:30,,,,,,,,,,,,,,,,,,,,,,,,,,,,,,69.74%,,,,,,,57.18%,,,,,,,,,,,,87.45%,,,,,,,,,,,48.60%
2025-11-22 05:30,,,,,,,,,,,,,,,,,,,,,,,,,,,,,,69.18%,,,,,,,57.24%,,,,,,,,,,,,87.47%,,,,,,,,,,,48.58%
2025-11-22 06:30,,,,,,,,,,,,,,,,,,,,,,,,,,,,,,69.09%,,,,,,,57.29%,,,,,,,,,,,,87.47%,,,,,,,,,,,48.56%
2025-11-22 07:30,,,,,,,,,,,,,,,,,,,,,,,,,,,,,,69.31%,,,,,,,57.24%,,,,,,,,,,,,87.47%,,,,,,,,,,,48.63%
2025-11-22 08:30,,,,,,,,,,,,,,,,,,,,,,,,,,,,,,69.32%,,,,,,,57.36%,,,,,,,,,,,,87.47%,,,,,,,,,,,48.70%
2025-11-22 09:30,,,,,,,,,,,,,,,,,,,,,,,,,,,,,,69.54%,,,,,,,57.29%,,,,,,,,,,,,87.46%,,,,,,,,,,,48.61%
2025-11-22 10:30,,,,,,,,,,,,,,,,,,,,,,,,,,,,,,69.60%,,,,,,,57.62%,,,,,,,,,,,,87.44%,,,,,,,,,,,48.65%
2025-11-22 11:30,,,,,,,,,,,,,,,,,,,,,,,,,,,,,,69.07%,,,,,,,57.55%,,,,,,,,,,,,87.37%,,,,,,,,,,,48.72%
2025-11-22 12:30,,,,,,,,,,,,,,,,,,,,,,,,,,,,,,69.78%,,,,,,,57.26%,,,,,,,,,,,,87.38%,,,,,,,,,,,48.74%
2025-11-22 13:30,,,,,,,,,,,,,,,,,,,,,,,,,,,,,,69.65%,,,,,,,56.79%,,,,,,,,,,,,87.37%,,,,,,,,,,,48.68%
2025-11-22 14:30,,,,,,,,,,,,,,,,,,,,,,,,,,,,,,69.78%,,,,,,,56.93%,,,,,,,,,,,,87.36%,,,,,,,,,,,48.74%
2025-11-22 15:30,,,,,,,,,,,,,,,,,,,,,,,,,,,,,,69.40%,,,,,,,57.24%,,,,,,,,,,,,87.36%,,,,,,,,,,,48.81%
2025-11-22 16:30,,,,,,,,,,,,,,,,,,,,,,,,,,,,,,70.09%,,,,,,,58.03%,,,,,,,,,,,,87.38%,,,,,,,,,,,48.77%
2025-11-22 17:30,,,,,,,,,,,,,,,,,,,,,,,,,,,,,,69.73%,,,,,,,57.89%,,,,,,,,,,,,87.37%,,,,,,,,,,,48.78%
2025-11-22 18:30,,,,,,,,,,,,,,,,,,,,,,,,,,,,,,69.40%,,,,,,,57.87%,,,,,,,,,,,,87.38%,,,,,,,,,,,48.83%
2025-11-22 19:30,,,,,,,,,,,,,,,,,,,,,,,,,,,,,,69.35%,,,,,,,57.53%,,,,,,,,,,,,87.30%,,,,,,,,,,,48.86%
2025-11-22 20:30,,,,,,,,,,,,,,,,,,,,,,,,,,,,,,69.27%,,,,,,,57.78%,,,,,,,,,,,,87.42%,,,,,,,,,,,48.83%
2025-11-22 21:30,,,,,,,,,,,,,,,,,,,,,,,,,,,,,,69.03%,,,,,,,57.82%,,,,,,,,,,,,87.45%,,,,,,,,,,,48.88%
2025-11-22 22:30,,,,,,,,,,,,,,,,,,,,,,,,,,,,,,69.48%,,,,,,,57.99%,,,,,,,,,,,,87.45%,,,,,,,,,,,48.93%
2025-11-22 23:30,,,,,,,,,,,,,,,,,,,,,,,,,,,,,,69.72%,,,,,,,57.97%,,,,,,,,,,,,87.45%,,,,,,,,,,,48.90%
2025-11-23 00:30,,,,,,,,,,,,,,,,,,,,,,,,,,,,,,69.69%,,,,,,,57.43%,,,,,,,,,,,,87.45%,,,,,,,,,,,48.93%
2025-11-23 01:30,,,,,,,,,,,,,,,,,,,,,,,,,,,,,,69.85%,,,,,,,57.56%,,,,,,,,,,,,87.45%,,,,,,,,,,,48.99%
2025-11-23 02:30,,,,,,,,,,,,,,,,,,,,,,,,,,,,,,69.74%,,,,,,,57.44%,,,,,,,,,,,,87.45%,,,,,,,,,,,48.99%
2025-11-23 03:30,,,,,,,,,,,,,,,,,,,,,,,,,,,,,,69.68%,,,,,,,57.39%,,,,,,,,,,,,87.46%,,,,,,,,,,,48.96%
2025-11-23 04:30,,,,,,,,,,,,,,,,,,,,,,,,,,,,,,70.16%,,,,,,,58.00%,,,,,,,,,,,,87.45%,,,,,,,,,,,49.02%
2025-11-23 05:30,,,,,,,,,,,,,,,,,,,,,,,,,,,,,,69.45%,,,,,,,58.20%,,,,,,,,,,,,87.45%,,,,,,,,,,,49.09%
2025-11-23 06:30,,,,,,,,,,,,,,,,,,,,,,,,,,,,,,69.62%,,,,,,,58.30%,,,,,,,,,,,,87.45%,,,,,,,,,,,49.02%
2025-11-23 07:30,,,,,,,,,,,,,,,,,,,,,,,,,,,,,,69.46%,,,,,,,58.27%,,,,,,,,,,,,87.47%,,,,,,,,,,,49.05%
2025-11-23 08:30,,,,,,,,,,,,,,,,,,,,,,,,,,,,,,70.01%,,,,,,,58.36%,,,,,,,,,,,,87.46%,,,,,,,,,,,49.11%
2025-11-23 09:30,,,,,,,,,,,,,,,,,,,,,,,,,,,,,,69.61%,,,,,,,58.34%,,,,,,,,,,,,87.41%,,,,,,,,,,,49.15%
2025-11-23 10:30,,,,,,,,,,,,,,,,,,,,,,,,,,,,,,69.81%,,,,,,,58.36%,,,,,,,,,,,,87.38%,,,,,,,,,,,49.07%
2025-11-23 11:30,,,,,,,,,,,,,,,,,,,,,,,,,,,,,,69.83%,,,,,,,58.26%,,,,,,,,,,,,87.37%,,,,,,,,,,,49.13%
2025-11-23 12:30,,,,,,,,,,,,,,,,,,,,,,,,,,,,,,69.92%,,,,,,,57.49%,,,,,,,,,,,,87.36%,,,,,,,,,,,49.20%
2025-11-23 13:30,,,,,,,,,,,,,,,,,,,,,,,,,,,,,,69.55%,,,,,,,57.54%,,,,,,,,,,,,87.37%,,,,,,,,,,,49.18%
2025-11-23 14:30,,,,,,,,,,,,,,,,,,,,,,,,,,,,,,70.12%,,,,,,,57.55%,,,,,,,,,,,,87.36%,,,,,,,,,,,49.17%
2025-11-23 15:30,,,,,,,,,,,,,,,,,,,,,,,,,,,,,,69.56%,,,,,,,57.47%,,,,,,,,,,,,87.35%,,,,,,,,,,,49.22%
2025-11-23 16:30,,,,,,,,,,,,,,,,,,,,,,,,,,,,,,70.43%,,,,,,,58.30%,,,,,,,,,,,,87.36%,,,,,,,,,,,49.27%
2025-11-23 17:30,,,,,,,,,,,,,,,,,,,,,,,,,,,,,,69.93%,,,,,,,58.42%,,,,,,,,,,,,87.39%,,,,,,,,,,,49.22%
2025-11-23 18:30,,,,,,,,,,,,,,,,,,,,,,,,,,,,,,69.92%,,,,,,,58.42%,,,,,,,,,,,,87.39%,,,,,,,,,,,49.27%
2025-11-23 19:30,,,,,,,,,,,,,,,,,,,,,,,,,,,,,,69.84%,,,,,,,58.48%,,,,,,,,,,,,87.39%,,,,,,,,,,,49.32%
2025-11-23 20:30,,,,,,,,,,,,,,,,,,,,,,,,,,,,,,69.74%,,,,,,,58.53%,,,,,,,,,,,,87.39%,,,,,,,,,,,49.30%
2025-11-23 21:30,,,,,,,,,,,,,,,,,,,,,,,,,,,,,,70.00%,,,,,,,58.52%,,,,,,,,,,,,87.40%,,,,,,,,,,,49.32%
2025-11-23 22:30,,,,,,,,,,,,,,,,,,,,,,,,,,,,,,70.06%,,,,,,,58.52%,,,,,,,,,,,,87.40%,,,,,,,,,,,49.37%
2025-11-23 23:30,,,,,,,,,,,,,,,,,,,,,,,,,,,,,,69.96%,,,,,,,58.42%,,,,,,,,,,,,87.40%,,,,,,,,,,,49.39%
2025-11-24 00:30,,,,,,,,,,,,,,,,,,,,,,,,,,,,,,70.21%,,,,,,,58.01%,,,,,,,,,,,,87.41%,,,,,,,,,,,49.34%
2025-11-24 01:30,,,,,,,,,,,,,,,,,,,,,,,,,,,,,,69.83%,,,,,,,57.81%,,,,,,,,,,,,87.40%,,,,,,,,,,,49.41%
2025-11-24 02:30,,,,,,,,,,,,,,,,,,,,,,,,,,,,,,69.74%,,,,,,,57.79%,,,,,,,,,,,,87.42%,,,,,,,,,,,49.46%
2025-11-24 03:30,,,,,,,,,,,,,,,,,,,,,,,,,,,,,,70.18%,,,,,,,57.79%,,,,,,,,,,,,87.38%,,,,,,,,,,,49.42%
2025-11-24 04:30,,,,,,,,,,,,,,,,,,,,,,,,,,,,,,70.25%,,,,,,,58.39%,,,,,,,,,,,,87.36%,,,,,,,,,,,49.43%
2025-11-24 05:30,,,,,,,,,,,,,,,,,,,,,,,,,,,,,,70.40%,,,,,,,58.51%,,,,,,,,,,,,87.37%,,,,,,,,,,,49.49%
2025-11-24 06:30,,,,,,,,,,,,,,,,,,,,,,,,,,,,,,69.87%,,,,,,,58.62%,,,,,,,,,,,,87.37%,,,,,,,,,,,49.56%
2025-11-24 07:30,,,,,,,,,,,,,,,,,,,,,,,,,,,,,,70.17%,,,,,,,58.63%,,,,,,,,,,,,87.37%,,,,,,,,,,,49.45%
2025-11-24 08:30,,,,,,,,,,,,,,,,,,,,,,,,,,,,,,70.03%,,,,,,,58.64%,,,,,,,,,,,,87.37%,,,,,,,,,,,49.52%
2025-11-24 09:30,,,,,,,,,,,,,,,,,,,,,,,,,,,,,,69.89%,,,,,,,58.62%,,,,,,,,,,,,87.37%,,,,,,,,,,,49.58%
2025-11-24 10:30,,,,,,,,,,,,,,,,,,,,,,,,,,,,,,70.41%,,,,,,,58.70%,,,,,,,,,,,,87.37%,,,,,,,,,,,49.58%
2025-11-24 11:30,98.35%,,,3.66%,,,,,,,,,,,,,,,,,,,,,,,,,,70.70%,,,,,,,57.96%,,,,,,,,,,,,87.35%,,,,,,,,53.00%,,,49.55%
2025-11-24 12:30,97.86%,,,1.53%,,,,,,,,,,,,,,,,,,,,,,,,,,71.82%,,,,,,,57.50%,,,,,,,,,,,,87.36%,,,,,,,,54.90%,,,49.61%
2025-11-24 13:30,98.69%,,,2.13%,,,,,,,,,,,,,,,,,,,,,,,,,,71.82%,,,,,,,57.46%,,,,,,,,,,,,87.36%,,,,,,,,54.47%,,,49.67%
2025-11-24 14:30,97.98%,,,2.21%,,,,,,,,,,,,,,,,,,,,,,,,,,70.84%,,,,,,,57.63%,,,,,,,,,,,,87.22%,,,,,,,,54.74%,,,49.60%
2025-11-24 15:30,98.51%,,,1.72%,,,,,,,,,,,,,,,,,,,,,,,,,,71.21%,,,,,,,57.70%,,,,,,,,,,,,87.13%,,,,,,,,54.76%,,,49.64%
2025-11-24 16:30,99.53%,,,1.41%,,,,,,,,,,,,,,,,,,,,,,,,,,71.29%,,,,,,,58.30%,,,,,,,,,,,,87.13%,,,,,,,,55.39%,,,49.70%
2025-11-24 17:30,99.43%,,,1.57%,,,,,,,,,,,,,,,,,,,,,,,,,,71.40%,,,,,,,58.51%,,,,,,,,,,,,87.14%,,,,,,,,55.68%,,,49.70%
2025-11-24 18:30,98.72%,,,1.45%,,,,,,,,,,,,,,,,,,,,,,,,,,71.59%,,,,,,,58.57%,,,,,,,,,,,,87.14%,,,,,,,,55.62%,,,49.69%
2025-11-24 19:30,98.21%,,,1.57%,,,,,,,,,,,,,,,,,,,,,,,,,,71.45%,,,,,,,58.52%,,,,,,,,,,,,87.14%,,,,,,,,55.29%,,,49.74%
2025-11-24 20:30,,,,,,,,,,,,,,,,,,,,,,,,,,,,,,64.99%,,,,,,,58.56%,,,,,,,,,,,,87.15%,,,,,,,,,,,49.79%
2025-11-24 21:30,,,,,,,,,,,,,,,,,,,,,,,,,,,,,,,,,,,,,58.62%,,,,,,,,,,,,87.15%,,,,,,,,,,,49.72%
2025-11-24 22:30,,,,,,,,,,,,,,,,,,,,,,,,,,,,,,,,,,,,,58.54%,,,,,,,,,,,,87.15%,,,,,,,,,,,49.78%
2025-11-24 23:30,,,,,,,,,,,,,,,,,,,,,,,,,,,,,,,,,,,,,58.61%,,,,,,,,,,,,87.15%,,,,,,,,,,,49.84%
2025-11-25 00:30,,,,,,,,,,,,,,,,,,,,,,,,,,,,,,,,,,,,,57.90%,,,,,,,,,,,,87.15%,,,,,,,,,,,49.81%
2025-11-25 01:30,,,,,,,,,,,,,,,,,,,,,,,,,,,,,,,,,,,,,57.91%,,,,,,,,,,,,87.15%,,,,,,,,,,,49.81%
2025-11-25 02:30,,,,,,,,,,,,,,,,,,,,,,,,,,,,,,,,,,,,,57.89%,,,,,,,,,,,,87.16%,,,,,,,,,,,49.87%
2025-11-25 03:30,,,,,,,,,,,,,,,,,,,,,,,,,,,,,,,,,,,,,57.87%,,,,,,,,,,,,87.16%,,,,,,,,,,,49.94%
2025-11-25 04:30,,,,,,,,,,,,,,,,,,,,,,,,,,,,,,,,,,,,,58.29%,,,,,,,,,,,,87.05%,,,,,,,,,,,49.84%
2025-11-25 05:30,,,,,,,,,,,,,,,,,,,,,,,,,,,,,,,,,,,,,58.44%,,,,,,,,,,,,87.01%,,,,,,,,,,,49.90%
2025-11-25 06:30,,,,,,,,,,,,,,,,,,,,,,,,,,,,,,,,,,,,,58.71%,,,,,,,,,,,,87.05%,,,,,,,,,,,49.96%
2025-11-25 07:30,,,,,,,,,,,,,,,,,,,,,,,,,,,,,,,,,,,,,58.55%,,,,,,,,,,,,87.08%,,,,,,,,,,,49.98%
2025-11-25 08:30,,,,,,,,,,,,,,,,,,,,,,,,,,,,,,,,,,,,,58.68%,,,,,,,,,,,,87.08%,,,,,,,,,,,49.92%
2025-11-25 09:30,,,,,,,,,,,,,,,,,,,,,,,,,,,,,,,,,,,,,58.61%,,,,,,,,,,,,87.08%,,,,,,,,,,,49.98%
2025-11-25 10:30,,,,,,,,,,,,,,,,,,,,,,,,,,,,,,,,,,,,,58.69%,,,,,,,,,,,,87.07%,,,,,,,,,,,48.04%
2025-11-25 11:30,,,,,,,,,,,,,,,,,,,,,,,,,,,,,,,,,,,,,58.30%,,,,,,,,,,,,87.02%,,,,,,,,,,,39.19%
2025-11-25 12:30,,,,,,,,,,,,,,,,,,,,,,,,,,,,,,67.71%,,,,,,,57.66%,,,,,,,,,,,,87.01%,,,,,,,,,,,39.37%
2025-11-25 13:30,,,,,,,,,,,,,,,,,,,,,,,,,,,,,,69.30%,,,,,,,57.70%,,,,,,,,,,,,87.01%,,,,,,,,,,,42.80%
2025-11-25 14:30,97.62%,,,,,,,,,,,,,,,,,,,,,,,,,,,,,70.65%,,,,,,,57.61%,,,,,,,,,,,,87.02%,,,,,,,,54.43%,,,43.81%
2025-11-25 15:30,,,,6.77%,,,,,,,,,,,,,,,,,,,,,,,,,,70.34%,,,,,,,57.52%,,,,,,,,,,,,87.02%,,,,,,,,,,,43.86%
2025-11-25 16:30,,,,9.19%,,,,,,,,,,,,,,,,,,,,,,,,,,71.32%,,,,,,,58.40%,,,,,,,,,,,,87.02%,,,,,,,,,,,43.93%
2025-11-25 17:30,,,,15.94%,,,,,,,,,,,,,,,,,,,,,,,,,,71.16%,,,,,,,58.40%,,,,,,,,,,,,87.01%,,,,,,,,,,,43.99%
2025-11-25 18:30,,,,15.35%,,,,,,,,,,,,,,,,,,,,,,,,,,71.17%,,,,,,,58.61%,,,,,,,,,,,,87.01%,,,,,,,,,,,43.97%
2025-11-25 19:30,,,,9.50%,,,,,,,,,,,,,,,,,,,,,,,,,,70.21%,,,,,,,58.55%,,,,,,,,,,,,87.02%,,,,,,,,,,52.95%,44.00%
2025-11-25 20:30,,,,,,,,,,,,,,,,,,,,,,,,,,,,,,,,,,,,,58.59%,,,,,,,,,,,,87.03%,,,,,,,,,,52.84%,44.06%
2025-11-25 21:30,,,,,,,,,,,,,,,,,,,,,,,,,,,,,,,,,,,,,58.65%,,,,,,,,,,,,87.02%,,,,,,,,,,,44.02%
2025-11-25 22:30,,,,,,,,,,,,,,,,,,,,,,,,,,,,,,,,,,,,,58.63%,,,,,,,,,,,,87.02%,,,,,,,,,,,44.06%
2025-11-25 23:30,,,,,,,,,,,,,,,,,,,,,,,,,,,,,,,,,,,,,58.45%,,,,,,,,,,,,87.02%,,,,,,,,,,,44.09%
2025-11-26 00:30,,,,,,,,,,,,,,,,,,,,,,,,,,,,,,,,,,,,,57.45%,,,,,,,,,,,,87.02%,,,,,,,,,,,44.11%
2025-11-26 01:30,,,,,,,,,,,,,,,,,,,,,,,,,,,,,,,,,,,,,57.67%,,,,,,,,,,,,87.02%,,,,,,,,,,,44.09%
2025-11-26 02:30,,,,,,,,,,,,,,,,,,,,,,,,,,,,,,,,,,,,,57.57%,,,,,,,,,,,,87.02%,,,,,,,,,,,44.15%
2025-11-26 03:30,,,,,,,,,,,,,,,,,,,,,,,,,,,,,,,,,,,,,57.74%,,,,,,,,,,,,87.01%,,,,,,,,,,,44.18%
2025-11-26 04:30,,,,,,,,,,,,,,,,,,,,,,,,,,,,,,,,,,,,,58.29%,,,,,,,,,,,,87.02%,,,,,,,,,,,44.13%
2025-11-26 05:30,,,,,,,,,,,,,,,,,,,,,,,,,,,,,,,,,,,,,58.26%,,,,,,,,,,,,87.02%,,,,,,,,,,,44.19%
2025-11-26 06:30,,,,,,,,,,,,,,,,,,,,,,,,,,,,,,,,,,,,,58.74%,,,,,,,,,,,,87.03%,,,,,,,,,,,44.24%
2025-11-26 07:30,,,,,,,,,,,,,,,,,,,,,,,,,,,,,,,,,,,,,58.60%,,,,,,,,,,,,87.02%,,,,,,,,,,,44.22%
2025-11-26 08:30,,,,,,,,,,,,,,,,,,,,,,,,,,,,,,,,,,,,,58.51%,,,,,,,,,,,,87.02%,,,,,,,,,,,44.21%
2025-11-26 09:30,,,,,,,,,,,,,,,,,,,,,,,,,,,,,,,,,,,,,58.45%,,,,,,,,,,,,87.02%,,,,,,,,,,,44.28%
2025-11-26 10:30,,,,,,,,,,,,,,,,,,,,,,,,,,,,,,,,,,,,,58.62%,,,,,,,,,,,,87.04%,,,,,,,,,,,44.33%
2025-11-26 11:30,,,,7.07%,,,,,,,,,,,,,,,,,,,,,,,,,,67.20%,,,,,,,58.49%,,,,,,,,,,,,87.06%,,,,,,,,,,,44.24%
2025-11-26 12:30,,,,46.23%,,,,,,,,,,,,,,,,,,,,,,,,,,67.09%,,,,,,,58.78%,,,,,,,,,,,,87.05%,,,,,,,,,,,44.31%
2025-11-26 13:30,,,,89.87%,,,,,,,,,,,,,,,,,,,,,,,,,,68.23%,,,,,,,60.35%,,,,,,,,,,,,87.03%,,,,,,,,,,,44.38%
2025-11-26 14:30,,,,95.78%,,,,,,,,,,,,,,,,,,,,,,,,,,69.03%,,,,,,,60.36%,,,,,,,,,,,,87.04%,,,,,,,,,,,44.35%
2025-11-26 15:30,,,,65.36%,,,,,,,,,,,,,,,,,,,,,,,,,,68.81%,,,,,,,59.98%,,,,,,,,,,,,87.04%,,,,,,,,,,,44.33%
2025-11-26 16:30,,,,63.19%,,,,,,,,,,,,,,,,,,,,,,,,,,69.84%,,,,,,,58.90%,,,,,,,,,,,,87.04%,,,,,,,,,,,44.40%
2025-11-26 17:30,,,,63.41%,,,,,,,,,,,,,,,,,,,,,,,,,,69.49%,,,,,,,59.06%,,,,,,,,,,,,87.03%,,,,,,,,,,,44.47%
2025-11-26 18:30,,,,62.70%,,,,,,,,,,,,,,,,,,,,,,,,,,68.83%,,,,,,,59.08%,,,,,,,,,,,,87.04%,,,,,,,,,,,44.37%
2025-11-26 19:30,,,,62.97%,,,,,,,,,,,,,,,,,,,,,,,,,,68.31%,,,,,,,59.02%,,,,,,,,,,,,87.03%,,,,,,,,,,,44.43%
2025-11-26 20:30,,,,,,,,,,,,,,,,,,,,,,,,,,,,,,,,,,,,,59.09%,,,,,,,,,,,,87.05%,,,,,,,,,,,44.50%
2025-11-26 21:30,,,,,,,,,,,,,,,,,,,,,,,,,,,,,,,,,,,,,58.95%,,,,,,,,,,,,87.04%,,,,,,,,,,,44.49%
2025-11-26 22:30,,,,,,,,,,,,,,,,,,,,,,,,,,,,,,,,,,,,,59.01%,,,,,,,,,,,,87.04%,,,,,,,,,,,44.46%
2025-11-26 23:30,,,,,,,,,,,,,,,,,,,,,,,,,,,,,,,,,,,,,59.02%,,,,,,,,,,,,87.04%,,,,,,,,,,,44.52%
2025-11-27 00:30,,,,,,,,,,,,,,,,,,,,,,,,,,,,,,,,,,,,,58.30%,,,,,,,,,,,,87.04%,,,,,,,,,,,44.58%
2025-11-27 01:30,,,,,,,,,,,,,,,,,,,,,,,,,,,,,,,,,,,,,58.28%,,,,,,,,,,,,87.05%,,,,,,,,,,,44.52%
2025-11-27 02:30,,,,,,,,,,,,,,,,,,,,,,,,,,,,,,,,,,,,,58.34%,,,,,,,,,,,,87.05%,,,,,,,,,,,44.55%
2025-11-27 03:30,,,,,,,,,,,,,,,,,,,,,,,,,,,,,,,,,,,,,58.33%,,,,,,,,,,,,87.03%,,,,,,,,,,,44.62%
2025-11-27 04:30,,,,,,,,,,,,,,,,,,,,,,,,,,,,,,,,,,,,,58.94%,,,,,,,,,,,,87.04%,,,,,,,,,,,44.61%
2025-11-27 05:30,,,,,,,,,,,,,,,,,,,,,,,,,,,,,,,,,,,,,58.85%,,,,,,,,,,,,87.05%,,,,,,,,,,,44.62%
2025-11-27 06:30,,,,,,,,,,,,,,,,,,,,,,,,,,,,,,,,,,,,,59.19%,,,,,,,,,,,,87.06%,,,,,,,,,,,44.64%
2025-11-27 07:30,,,,,,,,,,,,,,,,,,,,,,,,,,,,,,,,,,,,,59.11%,,,,,,,,,,,,87.05%,,,,,,,,,,,44.70%
2025-11-27 08:30,,,,,,,,,,,,,,,,,,,,,,,,,,,,,,,,,,,,,59.10%,,,,,,,,,,,,87.04%,,,,,,,,,,,44.64%
2025-11-27 09:30,,,,,,,,,,,,,,,,,,,,,,,,,,,,,,,,,,,,,59.08%,,,,,,,,,,,,87.05%,,,,,,,,,,,44.71%
2025-11-27 10:30,,,,,,,,,,,,,,,,,,,,,,,,,,,,,,,,,,,,,59.32%,,,,,,,,,,,,87.05%,,,,,,,,,,,44.74%
2025-11-27 11:30,,,,,,,,,,,,,,,,,,,,,,,,,,,,,,,,,,,,,59.07%,,,,,,,,,,,,87.04%,,,,,,,,,,,44.72%
2025-11-27 12:30,,,,,,,,,,,,,,,,,,,,,,,,,,,,,,,,,,,,,58.54%,,,,,,,,,,,,87.03%,,,,,,,,,,,44.74%
2025-11-27 13:30,,,65.98%,,,,,,,,,,,,,,,,,,,,,,,,,,,,,,,,,,58.57%,,,,,,,,,,,,87.03%,,,,,,,,,,,44.80%
2025-11-27 14:30,,,57.56%,,,,,,,,,,,,,,,,,,,,,,,,,,,65.35%,,,,,,,59.07%,,,,,,,,,,,,87.08%,,,,,,,,,,,44.81%
2025-11-27 15:30,,,56.53%,,,,,,,,,,,,,,,,,,,,,,,,,,,66.07%,,,,,,,58.96%,,,,,,,,,,,,87.09%,,,,,,,,,,,44.76%
2025-11-27 16:30,,,57.86%,,,,,,,,,,,,,,,,,,,,,,,,,,,66.74%,,,,,,,59.52%,,,,,,,,,,,,87.10%,,,,,,,,,,,44.83%
2025-11-27 17:30,,,57.07%,,,,,,,,,,,,,,,,,,,,,,,,,,,68.02%,,,,,,,59.50%,,,,,,,,,,,,87.10%,,,,,,,,,,,44.89%
2025-11-27 18:30,,,56.35%,,,,,,,,,,,,,,,,,,,,,,,,,,,68.66%,,,,,,,58.93%,,,,,,,,,,,,87.10%,,,,,,,,,,,44.83%
2025-11-27 19:30,,,64.00%,,,,,,,,,,,,,,,,,,,,,,,,,,,68.97%,,,,,,,58.63%,,,,,,,,,,,,87.10%,,,,,,,,,,,44.86%
2025-11-27 20:30,,,99.76%,,,,,,,,,,,,,,,,,,,,,,,,,,,,,,,,,,58.53%,,,,,,,,,,,,87.10%,,,,,,,,,,,44.93%
2025-11-27 21:30,,,,,,,,,,,,,,,,,,,,,,,,,,,,,,,,,,,,,58.57%,,,,,,,,,,,,87.11%,,,,,,,,,,,44.94%
2025-11-27 22:30,,,,,,,,,,,,,,,,,,,,,,,,,,,,,,,,,,,,,58.52%,,,,,,,,,,,,87.10%,,,,,,,,,,,44.88%
2025-11-27 23:30,,,,,,,,,,,,,,,,,,,,,,,,,,,,,,,,,,,,,58.53%,,,,,,,,,,,,87.10%,,,,,,,,,,,44.95%
2025-11-28 00:30,,,,,,,,,,,,,,,,,,,,,,,,,,,,,,,,,,,,,58.00%,,,,,,,,,,,,87.11%,,,,,,,,,,,45.02%
2025-11-28 01:30,,,,,,,,,,,,,,,,,,,,,,,,,,,,,,,,,,,,,57.94%,,,,,,,,,,,,87.13%,,,,,,,,,,,44.96%
2025-11-28 02:30,,,,,,,,,,,,,,,,,,,,,,,,,,,,,,,,,,,,,57.92%,,,,,,,,,,,,87.12%,,,,,,,,,,,44.98%
2025-11-28 03:30,,,,,,,,,,,,,,,,,,,,,,,,,,,,,,,,,,,,,57.92%,,,,,,,,,,,,87.11%,,,,,,,,,,,45.05%
2025-11-28 04:30,,,,,,,,,,,,,,,,,,,,,,,,,,,,,,,,,,,,,58.55%,,,,,,,,,,,,87.12%,,,,,,,,,,,45.08%
2025-11-28 05:30,,,,,,,,,,,,,,,,,,,,,,,,,,,,,,,,,,,,,58.65%,,,,,,,,,,,,87.12%,,,,,,,,,,,45.02%
2025-11-28 06:30,,,,,,,,,,,,,,,,,,,,,,,,,,,,,,,,,,,,,59.03%,,,,,,,,,,,,87.12%,,,,,,,,,,,45.07%
2025-11-28 07:30,,,,,,,,,,,,,,,,,,,,,,,,,,,,,,,,,,,,,58.76%,,,,,,,,,,,,87.12%,,,,,,,,,,,45.14%
2025-11-28 08:30,,,,,,,,,,,,,,,,,,,,,,,,,,,,,,,,,,,,,58.89%,,,,,,,,,,,,87.11%,,,,,,,,,,,45.10%
2025-11-28 09:30,,,,,,,,,,,,,,,,,,,,,,,,,,,,,,,,,,,,,58.90%,,,,,,,,,,,,87.11%,,,,,,,,,,,45.11%
2025-11-28 10:30,,,,,,,,,,,,,,,,,,,,,,,,,,,,,,,,,,,,,58.94%,,,,,,,,,,,,87.09%,,,,,,,,,,,45.17%
2025-11-28 11:30,,,,,,,,,,,,,,,,,,,,,,,,,,,,,,,,,,,,,58.82%,,,,,,,,,,,,87.08%,,,,,,,,,,,45.19%
2025-11-28 12:30,,,,,,,,,,,,,,,,,,,,,,,,,,,,,,63.56%,,,,,,,58.15%,,,,,,,,,,,,87.07%,,,,,,,,,,,45.17%
2025-11-28 13:30,,,59.14%,,,,,,,,,,,,,,,,,,,,,,,,,,,68.85%,,,,,,,57.99%,,,,,,,,,,,,87.06%,,,,,,,,,,,45.21%
2025-11-28 14:30,,,53.74%,,,,,,,,,,,,,,,,,,,,,,,,,,,70.71%,,,,,,,58.10%,,,,,,,,,,,,87.07%,,,,,,,,,,,45.26%
2025-11-28 15:30,,,53.99%,,,,,,,,,,,,,,,,,,,,,,,,,,,70.80%,,,,,,,58.11%,,,,,,,,,,,,87.08%,,,,,,,,,,,45.21%
2025-11-28 16:30,,,53.94%,,,,,,,,,,,,,,,,,,,,,,,,,,,70.86%,,,,,,61.94%,58.68%,,,,,87.87%,,,,,,,87.09%,,,,,,,,,,,45.26%
2025-11-28 17:30,,,55.53%,,,,,,,,,,,,,,,,,,,,,,,,,,,70.89%,,,,,,57.38%,58.89%,,,,,87.58%,,,,,,,87.08%,,,,,,,,,,,45.31%
2025-11-28 18:30,,,52.31%,59.32%,,,,,,,,,,,,,,,,,,,,,,,,,,71.27%,,,,,,57.25%,58.90%,,,,,87.85%,,,,,,,87.08%,,,,,,,,,,,45.30%
2025-11-28 19:30,,,52.96%,45.61%,,,,,,,,,,,,,,,,,,,,,,,,,,69.48%,,,,,,54.49%,58.88%,,,,,87.83%,,,,,,,87.11%,,,,,,,,,,,45.28%
2025-11-28 20:30,,,,,,,,,,,,,,,,,,,,,,,,,,,,,,,,,,,,47.44%,58.92%,,,,,89.71%,,,,,,,87.08%,,,,,,,,,,,45.35%
2025-11-28 21:30,,,,,,,,,,,,,,,,,,,,,,,,,,,,,,,,,,,,64.16%,58.92%,,,,,92.15%,,,,,,,87.07%,,,,,,,,,,,45.41%
2025-11-28 22:30,,,,,,,,,,,,,,,,,,,,,,,,,,,,,,,,,,,,59.62%,58.95%,,,,,92.78%,,,,,,,87.06%,,,,,,,,,,,45.31%
2025-11-28 23:30,,,,,,,,,,,,,,,,,,,,,,,,,,,,,,,,,,,,59.47%,58.85%,,,,,92.79%,,,,,,,87.06%,,,,,,,,,,,45.37%
2025-11-29 00:30,,,,,,,,,,,,,,,,,,,,,,,,,,,,,,,,,,,,59.65%,58.31%,,,,,92.80%,,,,,,,87.07%,,,,,,,,,,,45.44%
2025-11-29 01:30,,,,,,,,,,,,,,,,,,,,,,,,,,,,,,,,,,,,59.71%,58.24%,,,,,92.80%,,,,,,,87.08%,,,,,,,,,,,45.44%
2025-11-29 02:30,,,,,,,,,,,,,,,,,,,,,,,,,,,,,,,,,,,,59.88%,58.41%,,,,,92.79%,,,,,,,87.09%,,,,,,,,,,,45.40%
2025-11-29 03:30,,,,,,,,,,,,,,,,,,,,,,,,,,,,,,,,,,,,61.73%,58.28%,,,,,92.80%,,,,,,,87.07%,,,,,,,,,,,45.46%
2025-11-29 04:30,,,,,,,,,,,,,,,,,,,,,,,,,,,,,,,,,,,,61.82%,58.93%,,,,,92.81%,,,,,,,87.07%,,,,,,,,,,,45.53%
2025-11-29 05:30,,,,,,,,,,,,,,,,,,,,,,,,,,,,,,,,,,,,61.89%,59.08%,,,,,92.82%,,,,,,,87.06%,,,,,,,,,,,45.46%
2025-11-29 06:30,,,,,,,,,,,,,,,,,,,,,,,,,,,,,,,,,,,,61.99%,59.03%,,,,,92.81%,,,,,,,87.07%,,,,,,,,,,,45.50%
2025-11-29 07:30,,,,,,,,,,,,,,,,,,,,,,,,,,,,,,,,,,,,62.02%,59.22%,,,,,92.82%,,,,,,,87.06%,,,,,,,,,,,45.55%
2025-11-29 08:30,,,,,,,,,,,,,,,,,,,,,,,,,,,,,,,,,,,,62.15%,59.15%,,,,,92.83%,,,,,,,87.07%,,,,,,,,,,,45.55%
2025-11-29 09:30,,,,,,,,,,,,,,,,,,,,,,,,,,,,,,,,,,,,63.07%,59.33%,,,,,92.84%,,,,,,,87.06%,,,,,,,,,,,45.55%
2025-11-29 10:30,,,,,,,,,,,,,,,,,,,,,,,,,,,,,,,,,,,,63.34%,59.31%,,,,,92.83%,,,,,,,87.05%,,,,,,,,,,,45.60%
2025-11-29 11:30,,,,,,,,,,,,,,,,,,,,,,,,,,,,,,,,,,,,63.36%,59.43%,,,,,92.83%,,,,,,,87.05%,,,,,,,,,,,45.64%
2025-11-29 12:30,,,,,,,,,,,,,,,,,,,,,,,,,,,,,,,,,,,,63.46%,58.89%,,,,,92.84%,,,,,,,87.03%,,,,,,,,,,,45.58%
2025-11-29 13:30,,,,,,,,,,,,,,,,,,,,,,,,,,,,,,,,,,,,63.51%,58.73%,,,,,92.84%,,,,,,,87.02%,,,,,,,,,,,45.64%
2025-11-29 14:30,,,,,,,,,,,,,,,,,,,,,,,,,,,,,,,,,,,,63.55%,58.81%,,,,,92.85%,,,,,,,87.04%,,,,,,,,,,,45.70%
2025-11-29 15:30,,,,,,,,,,,,,,,,,,,,,,,,,,,,,,,,,,,,63.72%,58.74%,,,,,92.84%,,,,,,,87.04%,,,,,,,,,,,45.66%
2025-11-29 16:30,,,,,,,,,,,,,,,,,,,,,,,,,,,,,,,,,,,,64.20%,59.08%,,,,,92.83%,,,,,,,87.04%,,,,,,,,,,,45.67%
2025-11-29 17:30,,,,,,,,,,,,,,,,,,,,,,,,,,,,,,,,,,,,64.35%,59.26%,,,,,92.83%,,,,,,,87.04%,,,,,,,,,,,45.73%
2025-11-29 18:30,,,,,,,,,,,,,,,,,,,,,,,,,,,,,,,,,,,,64.35%,59.17%,,,,,92.84%,,,,,,,87.03%,,,,,,,,,,,45.79%
2025-11-29 19:30,,,,,,,,,,,,,,,,,,,,,,,,,,,,,,,,,,,,64.37%,59.27%,,,,,92.84%,,,,,,,87.04%,,,,,,,,,,,45.69%
2025-11-29 20:30,,,,,,,,,,,,,,,,,,,,,,,,,,,,,,,,,,,,61.90%,59.20%,,,,,92.83%,,,,,,,87.04%,,,,,,,,,,,45.76%
2025-11-29 21:30,,,,,,,,,,,,,,,,,,,,,,,,,,,,,,,,,,,,59.34%,59.38%,,,,,92.83%,,,,,,,87.05%,,,,,,,,,,,45.83%
2025-11-29 22:30,,,,,,,,,,,,,,,,,,,,,,,,,,,,,,,,,,,,59.40%,59.27%,,,,,92.84%,,,,,,,87.04%,,,,,,,,,,,45.81%
2025-11-29 23:30,,,,,,,,,,,,,,,,,,,,,,,,,,,,,,,,,,,,59.82%,59.32%,,,,,92.85%,,,,,,,87.04%,,,,,,,,,,,45.79%
2025-11-30 00:30,,,,,,,,,,,,,,,,,,,,,,,,,,,,,,,,,,,,59.77%,58.62%,,,,,92.84%,,,,,,,87.05%,,,,,,,,,,,45.85%
2025-11-30 01:30,,,,,,,,,,,,,,,,,,,,,,,,,,,,,,,,,,,,59.64%,58.72%,,,,,92.84%,,,,,,,87.05%,,,,,,,,,,,45.90%
2025-11-30 02:30,,,,,,,,,,,,,,,,,,,,,,,,,,,,,,,,,,,,59.56%,58.66%,,,,,92.85%,,,,,,,87.04%,,,,,,,,,,,45.85%
2025-11-30 03:30,,,,,,,,,,,,,,,,,,,,,,,,,,,,,,,,,,,,61.27%,58.63%,,,,,92.86%,,,,,,,87.03%,,,,,,,,,,,45.89%
2025-11-30 04:30,,,,,,,,,,,,,,,,,,,,,,,,,,,,,,,,,,,,61.27%,59.19%,,,,,92.86%,,,,,,,87.04%,,,,,,,,,,,45.94%
2025-11-30 05:30,,,,,,,,,,,,,,,,,,,,,,,,,,,,,,,,,,,,61.32%,59.32%,,,,,92.84%,,,,,,,87.05%,,,,,,,,,,,45.91%
2025-11-30 06:30,,,,,,,,,,,,,,,,,,,,,,,,,,,,,,,,,,,,61.31%,59.55%,,,,,92.85%,,,,,,,87.05%,,,,,,,,,,,45.94%
2025-11-30 07:30,,,,,,,,,,,,,,,,,,,,,,,,,,,,,,,,,,,,61.48%,59.42%,,,,,92.85%,,,,,,,87.05%,,,,,,,,,,,45.99%
2025-11-30 08:30,,,,,,,,,,,,,,,,,,,,,,,,,,,,,,,,,,,,61.47%,59.37%,,,,,92.86%,,,,,,,87.05%,,,,,,,,,,,46.00%
2025-11-30 09:30,,,,,,,,,,,,,,,,,,,,,,,,,,,,,,,,,,,,62.01%,59.25%,,,,,92.85%,,,,,,,87.06%,,,,,,,,,,,45.96%
2025-11-30 10:30,,,,,,,,,,,,,,,,,,,,,,,,,,,,,,,,,,,,62.25%,59.24%,,,,,92.86%,,,,,,,86.99%,,,,,,,,,,,46.03%
2025-11-30 11:30,,,,,,,,,,,,,,,,,,,,,,,,,,,,,,,,,,,,62.22%,59.21%,,,,,92.85%,,,,,,,86.98%,,,,,,,,,,,46.09%
2025-11-30 12:30,,,,,,,,,,,,,,,,,,,,,,,,,,,,,,,,,,,,62.25%,58.59%,,,,,92.86%,,,,,,,86.97%,,,,,,,,,,,46.02%
2025-11-30 13:30,,,,,,,,,,,,,,,,,,,,,,,,,,,,,,,,,,,,62.32%,58.58%,,,,,92.85%,,,,,,,86.97%,,,,,,,,,,,46.05%
2025-11-30 14:30,,,,,,,,,,,,,,,,,,,,,,,,,,,,,,,,,,,,62.34%,59.08%,,,,,92.85%,,,,,,,86.97%,,,,,,,,,,,46.12%
2025-11-30 15:30,,,,,,,,,,,,,,,,,,,,,,,,,,,,,,,,,,,,62.48%,59.90%,,,,,92.86%,,,,,,,86.98%,,,,,,,,,,,46.15%
2025-11-30 16:30,,,,,,,,,,,,,,,,,,,,,,,,,,,,,,,,,,,,62.64%,60.56%,,,,,92.85%,,,,,,,86.98%,,,,,,,,,,,46.08%
2025-11-30 17:30,,,,,,,,,,,,,,,,,,,,,,,,,,,,,,,,,,,,62.59%,60.63%,,,,,92.85%,,,,,,,86.98%,,,,,,,,,,,46.14%
2025-11-30 18:30,,,,,,,,,,,,,,,,,,,,,,,,,,,,,,,,,,,,62.67%,60.62%,,,,,92.83%,,,,,,,86.97%,,,,,,,,,,,46.21%
2025-11-30 19:30,,,,,,,,,,,,,,,,,,,,,,,,,,,,,,,,,,,,62.57%,60.62%,,,,,92.83%,,,,,,,86.97%,,,,,,,,,,,46.17%
2025-11-30 20:30,,,,,,,,,,,,,,,,,,,,,,,,,,,,,,,,,,,,62.25%,60.73%,,,,,92.83%,,,,,,,86.97%,,,,,,,,,,,46.18%
2025-11-30 21:30,,,,,,,,,,,,,,,,,,,,,,,,,,,,,,,,,,,,61.69%,60.67%,,,,,92.84%,,,,,,,86.98%,,,,,,,,,,,46.23%
2025-11-30 22:30,,,,,,,,,,,,,,,,,,,,,,,,,,,,,,,,,,,,61.49%,60.72%,,,,,92.84%,,,,,,,86.98%,,,,,,,,,,,46.26%
2025-11-30 23:30,,,,,,,,,,,,,,,,,,,,,,,,,,,,,,,,,,,,61.49%,60.66%,,,,,92.84%,,,,,,,86.97%,,,,,,,,,,,46.23%
2025-12-01 00:30,,,,,,,,,,,,,,,,,,,,,,,,,,,,,,,,,,,,60.92%,60.13%,,,,,92.85%,,,,,,,86.98%,,,,,,,,,,,46.28%
2025-12-01 01:30,,,,,,,,,,,,,,,,,,,,,,,,,,,,,,,,,,,,60.47%,60.12%,,,,,92.86%,,,,,,,86.99%,,,,,,,,,,,46.32%
2025-12-01 02:30,,,,,,,,,,,,,,,,,,,,,,,,,,,,,,,,,,,,60.56%,60.21%,,,,,92.86%,,,,,,,86.99%,,,,,,,,,,,46.28%
2025-12-01 03:30,,,,,,,,,,,,,,,,,,,,,,,,,,,,,,,,,,,,61.84%,60.15%,,,,,92.85%,,,,,,,87.00%,,,,,,,,,,,46.32%
2025-12-01 04:30,,,,,,,,,,,,,,,,,,,,,,,,,,,,,,,,,,,,61.78%,60.83%,,,,,92.86%,,,,,,,87.00%,,,,,,,,,,,46.39%
2025-12-01 05:30,,,,,,,,,,,,,,,,,,,,,,,,,,,,,,,,,,,,61.77%,60.89%,,,,,92.87%,,,,,,,86.99%,,,,,,,,,,,46.36%
2025-12-01 06:30,,,,,,,,,,,,,,,,,,,,,,,,,,,,,,,,,,,,61.76%,61.05%,,,,,92.87%,,,,,,,86.99%,,,,,,,,,,,46.35%
2025-12-01 07:30,,,,,,,,,,,,,,,,,,,,,,,,,,,,,,,,,,,,61.76%,61.06%,,,,,92.87%,,,,,,,86.99%,,,,,,,,,,,46.42%
2025-12-01 08:30,,,,,,,,,,,,,,,,,,,,,,,,,,,,,,,,,,,,61.81%,60.92%,,,,,92.86%,,,,,,,87.00%,,,,,,,,,,,46.48%
2025-12-01 09:30,,,,,,,,,,,,,,,,,,,,,,,,,,,,,,,,,,,,62.35%,60.91%,,,,,92.86%,,,,,,,87.00%,,,,,,,,,,,46.39%
2025-12-01 10:30,,,,,,,,,,,,,,,,,,,,,,,,,,,,,,,,,,,,62.55%,60.75%,,,,,92.87%,,,,,,,87.00%,,,,,,,,,,,46.44%
2025-12-01 11:30,,,,,,,,,,,,,,,,,,,,,,,,,,,,,,,,,,,,62.54%,60.09%,,,,,92.88%,,,,,,,86.98%,,,,,,,,,,52.40%,46.51%
2025-12-01 12:30,,,,,,,,,,,,,,,,,,,,,,,,,,,,,,66.43%,,,,,,62.55%,59.54%,,,,,92.86%,,,,,,,86.97%,,,,,,,,,,52.27%,46.51%
2025-12-01 13:30,98.63%,,,66.36%,,,,,,,,,,,,,,,,,,,,,,,,,,69.49%,,,,,,62.68%,59.67%,,,,,92.87%,,,,,,,86.98%,,,,,,,,53.67%,,52.27%,46.48%
2025-12-01 14:30,98.20%,,,60.98%,,,,,,,,,,,,,,,,,,,,,,,,,,70.54%,,,,,,62.74%,59.69%,,,,,92.88%,,,,,,,86.99%,,,,,,,,54.54%,,52.28%,46.53%
2025-12-01 15:30,98.34%,,68.67%,60.92%,,,,,,,,,,,,,,,,,,,,,,,,,,69.40%,,,,,,62.95%,59.85%,,,,,92.89%,,,,,,,86.99%,,,,,,,,55.07%,,52.30%,46.60%
2025-12-01 16:30,98.59%,,67.42%,60.27%,,,,,,,,,,,,,,,,,,,,,,,,,,69.73%,,,,,,63.17%,60.62%,,,,,92.88%,,,,,,,86.98%,,,,,,,,55.49%,,52.30%,46.53%
2025-12-01 17:30,97.37%,,67.19%,60.38%,,,,,,,,,,,,,,,,,,,,,,,,,,69.92%,,,,,,63.02%,60.61%,,,,,92.87%,,,,,,,86.98%,,,,,,,,55.20%,,52.31%,46.58%
2025-12-01 18:30,97.23%,,51.22%,44.77%,,,,,,,,,,,,,,,,,,,,,,,,,,69.68%,,,,,,63.01%,60.76%,,,,,92.87%,,,,,,,86.98%,,,,,,,,55.52%,,52.31%,46.62%
2025-12-01 19:30,,,52.56%,44.07%,,,,,,,,,,,,,,,,,,,,,,,,,,69.83%,,,,,,63.04%,60.63%,,,,,92.88%,,,,,,,86.99%,,,,,,,,,,52.31%,46.62%
2025-12-01 20:30,,,,,,,,,,,,,,,,,,,,,,,,,,,,,,,,,,,,,60.61%,,,,,,,,,,,,86.96%,,,,,,,,,,52.31%,46.62%
2025-12-01 21:30,,,,,,,,,,,,,,,,,,,,,,,,,,,,,,,,,,,,,60.65%,,,,,,,,,,,,86.94%,,,,,,,,,,,46.68%
2025-12-01 22:30,,,,,,,,,,,,,,,,,,,,,,,,,,,,,,,,,,,,,60.60%,,,,,,,,,,,,86.95%,,,,,,,,,,,46.71%
2025-12-01 23:30,,,,,,,,,,,,,,,,,,,,,,,,,,,,,,,,,,,,,60.58%,,,,,,,,,,,,86.96%,,,,,,,,,,,46.64%
2025-12-02 00:30,,,,,,,,,,,,,,,,,,,,,,,,,,,,,,,,,,,,,59.96%,,,,,,,,,,,,86.96%,,,,,,,,,,,46.71%
2025-12-02 01:30,,,,,,,,,,,,,,,,,,,,,,,,,,,,,,,,,,,,,59.97%,,,,,,,,,,,,86.96%,,,,,,,,,,,46.78%
2025-12-02 02:30,,,,,,,,,,,,,,,,,,,,,,,,,,,,,,,,,,,,,59.93%,,,,,,,,,,,,86.95%,,,,,,,,,,,46.73%
2025-12-02 03:30,,,,,,,,,,,,,,,,,,,,,,,,,,,,,,,,,,,,,60.04%,,,,,,,,,,,,86.95%,,,,,,,,,,,46.73%
2025-12-02 04:30,,,,,,,,,,,,,,,,,,,,,,,,,,,,,,,,,,,,,60.53%,,,,,,,,,,,,86.95%,,,,,,,,,,,46.80%
2025-12-02 05:30,,,,,,,,,,,,,,,,,,,,,,,,,,,,,,,,,,,,,60.60%,,,,,,,,,,,,86.96%,,,,,,,,,,,46.86%
2025-12-02 06:30,,,,,,,,,,,,,,,,,,,,,,,,,,,,,,,,,,,,,60.93%,,,,,,,,,,,,86.96%,,,,,,,,,,,46.77%
2025-12-02 07:30,,,,,,,,,,,,,,,,,,,,,,,,,,,,,,,,,,,,,60.78%,,,,,,,,,,,,86.96%,,,,,,,,,,,46.82%
2025-12-02 08:30,,,,,,,,,,,,,,,,,,,,,,,,,,,,,,,,,,,,,60.81%,,,,,,,,,,,,86.96%,,,,,,,,,,,46.89%
2025-12-02 09:30,,,,,,,,,,,,,,,,,,,,,,,,,,,,,,,,,,,,,60.61%,,,,,,,,,,,,86.95%,,,,,,,,,,,46.88%
2025-12-02 10:30,,,,,,,,,,,,,,,,,,,,,,,,,,,,,,,,,,,,,60.79%,,,,,,,,,,,,86.96%,,,,,,,,,,,46.87%
2025-12-02 11:30,,,,,,,,,,,,,,,,,,,,,,,,,,,,,,,,,,,,,60.93%,,,,,,,,,,,,86.94%,,,,,,,,,,,46.92%
2025-12-02 12:30,,,,,,,,,,,,,,,,,,,,,,,,,,,,,,66.44%,,,,,,,60.34%,,,,,,,,,,,,86.95%,,,,,,,,,,,46.96%
2025-12-02 13:30,,,,68.63%,,,,,,,,,,,,,,,,,,,,,,,,,,67.77%,,,,,,,60.39%,,,,,,,,,,,,86.95%,,,,,,,,,,,46.91%
2025-12-02 14:30,,,,43.58%,,,,,,,,,,,,,,,,,,,,,,,,,,70.75%,,,,,,,60.42%,,,,,,,,,,,,86.96%,,,,,,,,,,,46.97%
2025-12-02 15:30,,,,41.35%,,,,,,,,,,,,,,,,,,,,,,,,,,69.25%,,,,,,,60.28%,,,,,,,,,,,,86.96%,,,,,,,,,,52.22%,47.01%
2025-12-02 16:30,,,,42.38%,,,,,,,,,,,,,,,,,,,,,,,,,,69.29%,,,,,,,60.55%,,,,,,,,,,,,86.95%,,,,,,,,,,52.19%,46.98%
2025-12-02 17:30,,,,40.86%,,,,,,,,,,,,,,,,,,,,,,,,,,69.46%,,,,,,,60.84%,,,,,,,,,,,,86.95%,,,,,,,,,,52.19%,47.01%
2025-12-02 18:30,,,,40.90%,,,,,,,,,,,,,,,,,,,,,,,,,,69.98%,,,,,,,60.90%,,,,,,,,,,,,86.96%,,,,,,,,,,52.19%,47.07%
2025-12-02 19:30,,,,42.86%,,,,,,,,,,,,,,,,,,,,,,,,,,69.30%,,,,,,,60.75%,,,,,,,,,,,,86.94%,,,,,,,,,,52.19%,47.08%
2025-12-02 20:30,,,,,,,,,,,,,,,,,,,,,,,,,,,,,,,,,,,,,60.76%,,,,,,,,,,,,86.95%,,,,,,,,,,52.19%,47.03%
2025-12-02 21:30,,,,,,,,,,,,,,,,,,,,,,,,,,,,,,,,,,,,,60.74%,,,,,,,,,,,,86.94%,,,,,,,,,,,47.10%
2025-12-02 22:30,,,,,,,,,,,,,,,,,,,,,,,,,,,,,,,,,,,,,60.99%,,,,,,,,,,,,86.95%,,,,,,,,,,,47.16%
2025-12-02 23:30,,,,,,,,,,,,,,,,,,,,,,,,,,,,,,,,,,,,,60.88%,,,,,,,,,,,,86.95%,,,,,,,,,,,47.10%
2025-12-03 00:30,,,,,,,,,,,,,,,,,,,,,,,,,,,,,,,,,,,,,60.31%,,,,,,,,,,,,86.95%,,,,,,,,,,,47.12%
2025-12-03 01:30,,,,,,,,,,,,,,,,,,,,,,,,,,,,,,,,,,,,,60.41%,,,,,,,,,,,,86.94%,,,,,,,,,,,47.19%
2025-12-03 02:30,,,,,,,,,,,,,,,,,,,,,,,,,,,,,,,,,,,,,60.47%,,,,,,,,,,,,86.94%,,,,,,,,,,,47.22%
2025-12-03 03:30,,,,,,,,,,,,,,,,,,,,,,,,,,,,,,,,,,,,,60.22%,,,,,,,,,,,,86.94%,,,,,,,,,,,47.17%
2025-12-03 04:30,,,,,,,,,,,,,,,,,,,,,,,,,,,,,,,,,,,,,60.99%,,,,,,,,,,,,86.95%,,,,,,,,,,,47.21%
2025-12-03 05:30,,,,,,,,,,,,,,,,,,,,,,,,,,,,,,,,,,,,,60.90%,,,,,,,,,,,,86.94%,,,,,,,,,,,47.28%
2025-12-03 06:30,,,,,,,,,,,,,,,,,,,,,,,,,,,,,,,,,,,,,61.21%,,,,,,,,,,,,86.93%,,,,,,,,,,,47.24%
2025-12-03 07:30,,,,,,,,,,,,,,,,,,,,,,,,,,,,,,,,,,,,,61.07%,,,,,,,,,,,,86.92%,,,,,,,,,,,47.27%
2025-12-03 08:30,,,,,,,,,,,,,,,,,,,,,,,,,,,,,,,,,,,,,61.11%,,,,,,,,,,,,86.93%,,,,,,,,,,,47.30%
2025-12-03 09:30,,,,,,,,,,,,,,,,,,,,,,,,,,,,,,,,,,,,,61.07%,,,,,,,,,,,,86.94%,,,,,,,,,,52.11%,47.33%
2025-12-03 10:30,,,,,,,,,,,,,,,,,,,,,,,,,,,,,,,,,,,,,61.07%,,,,,,,,,,,,86.95%,,,,,,,,,,52.19%,47.30%
2025-12-03 11:30,,,,,,,,,,,,,,,,,,,,,,,,,,,,,,,,,,,,,61.44%,,,,,,,,,,,,86.92%,,,,,,,,,,52.17%,47.37%
2025-12-03 12:30,,,,,,,,,,,,,,,,,,,,,,,,,,,,,,,,,,,,,62.51%,,,,,,,,,,,,86.94%,,,,,,,,,,52.17%,47.40%
2025-12-03 13:30,,,,,,,,,,,,,,,,,,,,,,,,,,,,,,,,,,,,,62.74%,,,,,,,,,,,,87.04%,,,,,,,,,,52.18%,47.35%
2025-12-03 14:30,,,,,,,,,,,,,,,,,,,,,,,,,,,,,,,,,,,,,62.44%,,,,,,,,,,,,87.08%,,,,,,,,,,52.18%,47.39%
2025-12-03 15:30,,,,,,,,,,,,,,,,,,,,,,,,,,,,,,,,,,,,,61.73%,,,,,,,,,,,,87.08%,,,,,,,,,,52.18%,47.46%
2025-12-03 16:30,,,,,,,,,,,,,,,,,,,,,,,,,,,,,,,,,,,,,61.56%,,,,,,,,,,,,87.07%,,,,,,,,,,52.18%,41.76%
2025-12-03 17:30,,,,,,,,,,,,,,,,,,,,,,,,,,,,,,,,,,,,,61.50%,,,,,,,,,,,,87.08%,,,,,,,,,,52.18%,39.28%
2025-12-03 18:30,,,,,,,,,,,,,,,,,,,,,,,,,,,,,,,,,,,,,61.65%,,,,,,,,,,,,87.08%,,,,,,,,,,52.18%,39.45%
2025-12-03 19:30,,,,,,,,,,,,,,,,,,,,,,,,,,,,,,,,,,,,,61.51%,,,,,,,,,,,,87.08%,,,,,,,,,,52.19%,39.50%
2025-12-03 20:30,,,,,,,,,,,,,,,,,,,,,,,,,,,,,,,,,,,,,61.60%,,,,,,,,,,,,87.09%,,,,,,,,,,52.19%,39.59%
2025-12-03 21:30,,,,,,,,,,,,,,,,,,,,,,,,,,,,,,,,,,,,,61.55%,,,,,,,,,,,,87.08%,,,,,,,,,,,39.68%
2025-12-03 22:30,,,,,,,,,,,,,,,,,,,,,,,,,,,,,,,,,,,,,61.57%,,,,,,,,,,,,87.07%,,,,,,,,,,52.48%,39.74%
2025-12-03 23:30,,,,,,,,,,,,,,,,,,,,,,,,,,,,,,,,,,,,,61.40%,,,,,,,,,,,,87.07%,,,,,,,,,,52.70%,39.70%
2025-12-04 00:30,,,,,,,,,,,,,,,,,,,,,,,,,,,,,,,,,,,,,61.00%,,,,,,,,,,,,87.08%,,,,,,,,,,,39.75%
2025-12-04 01:30,,,,,,,,,,,,,,,,,,,,,,,,,,,,,,,,,,,,,60.95%,,,,,,,,,,,,87.07%,,,,,,,,,,,39.82%
2025-12-04 02:30,,,,,,,,,,,,,,,,,,,,,,,,,,,,,,,,,,,,,61.08%,,,,,,,,,,,,86.96%,,,,,,,,,,,39.79%
2025-12-04 03:30,,,,,,,,,,,,,,,,,,,,,,,,,,,,,,,,,,,,,60.99%,,,,,,,,,,,,86.92%,,,,,,,,,,,39.78%
2025-12-04 04:30,,,,,,,,,,,,,,,,,,,,,,,,,,,,,,,,,,,,,61.63%,,,,,,,,,,,,86.93%,,,,,,,,,,,39.85%
2025-12-04 05:30,,,,,,,,,,,,,,,,,,,,,,,,,,,,,,,,,,,,,61.78%,,,,,,,,,,,,86.93%,,,,,,,,,,,39.90%
2025-12-04 06:30,,,,,,,,,,,,,,,,,,,,,,,,,,,,,,,,,,,,,61.91%,,,,,,,,,,,,86.93%,,,,,,,,,,,39.82%
2025-12-04 07:30,,,,,,,,,,,,,,,,,,,,,,,,,,,,,,,,,,,,,61.88%,,,,,,,,,,,,86.94%,,,,,,,,,,,41.61%
2025-12-04 08:30,,,,,,,,,,,,,,,,,,,,,,,,,,,,,,,,,,,,,61.99%,,,,,,,,,,,,86.93%,,,,,,,,,,,44.19%
2025-12-04 09:30,,,,,,,,,,,,,,,,,,,,,,,,,,,,,,,,,,,,,62.01%,,,,,,,,,,,,86.92%,,,,,,,,,,,44.15%
2025-12-04 10:30,,,,,,,,,,,,,,,,,,,,,,,,,,,,,,,,,,,,,61.48%,,,,,,,,,,,,86.95%,,,,,,,,,,52.68%,44.15%
2025-12-04 11:30,,,,,,,,,,,,,,,,,,,,,,,,,,,,,,,,,,,,,60.68%,,,,,,,,,,,,86.94%,,,,,,,,,,52.69%,44.22%
2025-12-04 12:30,,,,,,,,,,,,,,,,,,,,,,,,,,,,,,,,,,,,,59.91%,,,,,,,,,,,,86.95%,,,,,,,,,,52.70%,44.28%
2025-12-04 13:30,,,,,,,,,,,,,,,,,,,,,,,,,,,,,,,,,,,,,59.99%,,,,,,,,,,,,86.95%,,,,,,,,,,52.70%,44.17%
2025-12-04 14:30,,,,,,,,,,,,,,,,,,,,,,,,,,,,,,,,,,,,,60.09%,,,,,,,,,,,,86.95%,,,,,,,,,,52.71%,44.24%
2025-12-04 15:30,,,,,,,,,,,,,,,,,,,,,,,,,,,,,,67.53%,,,,,,,60.04%,,,,,,,,,,,,86.94%,,,,,,,,,,52.71%,44.31%
2025-12-04 16:30,,,,,,,,,,,,,,,,,,,,,,,,,,,,,,66.61%,,,,,,,61.06%,,,,,,,,,,,,86.94%,,,,,,,,,,52.71%,44.30%
2025-12-04 17:30,,,,,,,,,,,,,,,,,,,,,,,,,,,,,,67.94%,,,,,,,61.08%,,,,,,,,,,,,86.94%,,,,,,,,,,52.71%,44.27%
2025-12-04 18:30,,,,,,,,,,,,,,,,,,,,,,,,,,,,,,66.18%,,,,,,,60.60%,,,,,,,,,,,,87.17%,,,,,,,,,,52.72%,44.34%
2025-12-04 19:30,,,,,,,,,,,,,,,,,,,,,,,,,,,,,,67.19%,,,,,,,60.31%,,,,,,,,,,,,87.01%,,,,,,,,,,52.72%,44.40%
2025-12-04 20:30,,,,,,,,,,,,,,,,,,,,,,,,,,,,,,,,,,,,,60.51%,,,,,,,,,,,,87.04%,,,,,,,,,,52.72%,44.32%
2025-12-04 21:30,,,,,,,,,,,,,,,,,,,,,,,,,,,,,,,,,,,,,49.10%,,,,,,,,,,,,87.04%,,,,,,,,,,,44.37%
2025-12-04 22:30,,,,,,,,,,,,,,,,,,,,,,,,,,,,,,,,,,,,,46.62%,,,,,,,,,,,,87.05%,,,,,,,,,,,44.43%
2025-12-04 23:30,,,,,,,,,,,,,,,,,,,,,,,,,,,,,,,,,,,,,46.51%,,,,,,,,,,,,87.06%,,,,,,,,,,,44.42%
2025-12-05 00:30,,,,,,,,,,,,,,,,,,,,,,,,,,,,,,,,,,,,,46.07%,,,,,,,,,,,,87.05%,,,,,,,,,,,44.41%
2025-12-05 01:30,,,,,,,,,,,,,,,,,,,,,,,,,,,,,,,,,,,,,46.12%,,,,,,,,,,,,87.06%,,,,,,,,,,,44.46%
2025-12-05 02:30,,,,,,,,,,,,,,,,,,,,,,,,,,,,,,,,,,,,,46.11%,,,,,,,,,,,,87.06%,,,,,,,,,,,44.51%
2025-12-05 03:30,,,,,,,,,,,,,,,,,,,,,,,,,,,,,,,,,,,,,46.16%,,,,,,,,,,,,87.06%,,,,,,,,,,,44.46%
2025-12-05 04:30,,,,,,,,,,,,,,,,,,,,,,,,,,,,,,,,,,,,,46.79%,,,,,,,,,,,,87.06%,,,,,,,,,,,44.50%
2025-12-05 05:30,,,,,,,,,,,,,,,,,,,,,,,,,,,,,,,,,,,,,46.95%,,,,,,,,,,,,87.06%,,,,,,,,,,,44.56%
2025-12-05 06:30,,,,,,,,,,,,,,,,,,,,,,,,,,,,,,,,,,,,,47.57%,,,,,,,,,,,,87.06%,,,,,,,,,,,44.53%
2025-12-05 07:30,,,,,,,,,,,,,,,,,,,,,,,,,,,,,,,,,,,,,47.69%,,,,,,,,,,,,87.06%,,,,,,,,,,,44.56%
2025-12-05 08:30,,,,,,,,,,,,,,,,,,,,,,,,,,,,,,,,,,,,,47.76%,,,,,,,,,,,,87.05%,,,,,,,,,,,44.59%
2025-12-05 09:30,,,,,,,,,,,,,,,,,,,,,,,,,,,,,,,,,,,,,47.72%,,,,,,,,,,,,87.06%,,,,,,,,,,,44.62%
2025-12-05 10:30,,,,,,,,,,,,,,,,,,,,,,,,,,,,,,,,,,,,,48.22%,,,,,,,,,,,,87.08%,,,,,,,,,,,44.58%
2025-12-05 11:30,,,,,,,,,,,,,,,,,,,,,,,,,,,,,,,,,,,,,48.03%,,,,,,,,,,,,87.14%,,,,,,,,,,,44.65%
2025-12-05 12:30,,,,,,,,,,,,,,,,,,,,,,,,,,,,,,,,,,,,,47.42%,,,,,,,,,,,,87.09%,,,,,,,,,,,44.68%
2025-12-05 13:30,,,,,,,,,,,,,,,,,,,,,,,,,,,,,,,,,,,,,47.62%,,,,,,,,,,,,87.06%,,,,,,,,,,,44.64%
2025-12-05 14:30,,,,,,,,,,,,,,,,,,,,,,,,,,,,,,,,,,,,,47.85%,,,,,,,,,,,,87.11%,,,,,,,,,,,44.68%
2025-12-05 15:30,,,,,,,,,,,,,,,,,,,,,,,,,,,,58.76%,,,,,,,,,47.73%,,,,92.03%,,,,,,,,87.10%,,,,,,,,,,,44.75%
2025-12-05 16:30,,,,,,,,,,,,,,,,,,,,,,,,,,,,57.70%,,,,,,,,,48.49%,,,,92.18%,,,,,,,,87.10%,,,,,,,,,,,44.73%
2025-12-05 17:30,,,,,,,,,,,,,,,,,,,,,,,,,,,,58.20%,,,,,,,,,48.51%,,,,92.15%,,,,,,,,87.10%,,,,,,,,,,,44.70%
2025-12-05 18:30,,,,,,,,,,,,,,,,,,,,,,,,,,,,70.16%,,,,,,,,,48.68%,,,,92.45%,,,,,,,,87.11%,,,,,,,,,,,44.77%
2025-12-05 19:30,,,62.10%,,,,,,,,,,,,,,,,,,,,,,,,,,,,,,,,,,48.65%,,,,,,,,,,,,87.11%,,,,,,,,,,,44.84%
2025-12-05 20:30,,,,,,,,,,,,,,,,,,,,,,,,,,,,,,,,,,,,,48.72%,,,,,,,,,,,,87.12%,,,,,,,,,,,44.75%
2025-12-05 21:30,,,,,,,,,,,,,,,,,,,,,,,,,,,,,,,,,,,,,48.75%,,,,,,,,,,,,87.12%,,,,,,,,,,,44.80%
2025-12-05 22:30,,,,,,,,,,,,,,,,,,,,,,,,,,,,,,,,,,,,,48.71%,,,,,,,,,,,,87.12%,,,,,,,,,,,44.87%
2025-12-05 23:30,,,,,,,,,,,,,,,,,,,,,,,,,,,,,,,,,,,,,48.62%,,,,,,,,,,,,87.10%,,,,,,,,,,,44.87%
2025-12-06 00:30,,,,,,,,,,,,,,,,,,,,,,,,,,,,,,,,,,,,,48.10%,,,,,,,,,,,,87.11%,,,,,,,,,,,44.83%
2025-12-06 01:30,,,,,,,,,,,,,,,,,,,,,,,,,,,,,,,,,,,,,48.08%,,,,,,,,,,,,87.10%,,,,,,,,,,,44.90%
2025-12-06 02:30,,,,,,,,,,,,,,,,,,,,,,,,,,,,,,,,,,,,,48.07%,,,,,,,,,,,,87.10%,,,,,,,,,,,44.97%
2025-12-06 03:30,,,,,,,,,,,,,,,,,,,,,,,,,,,,,,,,,,,,,47.85%,,,,,,,,,,,,87.10%,,,,,,,,,,,44.89%
2025-12-06 04:30,,,,,,,,,,,,,,,,,,,,,,,,,,,,,,,,,,,,,48.53%,,,,,,,,,,,,87.11%,,,,,,,,,,,44.92%
2025-12-06 05:30,,,,,,,,,,,,,,,,,,,,,,,,,,,,,,,,,,,,,48.59%,,,,,,,,,,,,87.10%,,,,,,,,,,,44.99%
2025-12-06 06:30,,,,,,,,,,,,,,,,,,,,,,,,,,,,,,,,,,,,,48.60%,,,,,,,,,,,,87.10%,,,,,,,,,,,44.99%
2025-12-06 07:30,,,,,,,,,,,,,,,,,,,,,,,,,,,,,,,,,,,,,48.46%,,,,,,,,,,,,87.10%,,,,,,,,,,,44.98%
2025-12-06 08:30,,,,,,,,,,,,,,,,,,,,,,,,,,,,,,,,,,,,,48.62%,,,,,,,,,,,,87.11%,,,,,,,,,,,45.02%
2025-12-06 09:30,,,,,,,,,,,,,,,,,,,,,,,,,,,,,,,,,,,,,48.47%,,,,,,,,,,,,87.11%,,,,,,,,,,,45.08%
2025-12-06 10:30,,,,,,,,,,,,,,,,,,,,,,,,,,,,,,,,,,,,,48.71%,,,,,,,,,,,,87.10%,,,,,,,,,,,45.02%
2025-12-06 11:30,,,,,,,,,,,,,,,,,,,,,,,,,,,,,,,,,,,,,48.60%,,,,,,,,,,,,87.08%,,,,,,,,,,,45.07%
2025-12-06 12:30,,,,,,,,,,,,,,,,,,,,,,,,,,,,,,,,,,,,,47.96%,,,,,,,,,,,,87.10%,,,,,,,,,,,45.11%
2025-12-06 13:30,,,,,,,,,,,,,,,,,,,,,,,,,,,,,,,,,,,,,48.06%,,,,,,,,,,,,87.00%,,,,,,,,,,,45.10%
2025-12-06 14:30,,,,,,,,,,,,,,,,,,,,,,,,,,,,,,,,,,,,,47.91%,,,,,,,,,,,,86.96%,,,,,,,,,,,45.12%
2025-12-06 15:30,,,,,,,,,,,,,,,,,,,,,,,,,,,,,,,,,,,,,48.12%,,,,,,,,,,,,86.96%,,,,,,,,,,,45.16%
2025-12-06 16:30,,,,,,,,,,,,,,,,,,,,,,,,,,,,,,,,,,,,,48.64%,,,,,,,,,,,,86.96%,,,,,,,,,,,45.19%
2025-12-06 17:30,,,,,,,,,,,,,,,,,,,,,,,,,,,,,,,,,,,,,48.79%,,,,,,,,,,,,86.96%,,,,,,,,,,,45.14%
2025-12-06 18:30,,,,,,,,,,,,,,,,,,,,,,,,,,,,,,,,,,,,,48.86%,,,,,,,,,,,,86.97%,,,,,,,,,,,45.21%
2025-12-06 19:30,,,,,,,,,,,,,,,,,,,,,,,,,,,,,,,,,,,,,48.98%,,,,,,,,,,,,86.97%,,,,,,,,,,,45.25%
2025-12-06 20:30,,,,,,,,,,,,,,,,,,,,,,,,,,,,,,,,,,,,,48.83%,,,,,,,,,,,,86.97%,,,,,,,,,,,45.21%
2025-12-06 21:30,,,,,,,,,,,,,,,,,,,,,,,,,,,,,,,,,,,,,49.00%,,,,,,,,,,,,86.96%,,,,,,,,,,,45.24%
2025-12-06 22:30,,,,,,,,,,,,,,,,,,,,,,,,,,,,,,,,,,,,,48.89%,,,,,,,,,,,,86.98%,,,,,,,,,,,45.31%
2025-12-06 23:30,,,,,,,,,,,,,,,,,,,,,,,,,,,,,,,,,,,,,48.95%,,,,,,,,,,,,86.98%,,,,,,,,,,,45.31%
2025-12-07 00:30,,,,,,,,,,,,,,,,,,,,,,,,,,,,,,,,,,,,,48.35%,,,,,,,,,,,,86.99%,,,,,,,,,,,45.26%
2025-12-07 01:30,,,,,,,,,,,,,,,,,,,,,,,,,,,,,,,,,,,,,48.45%,,,,,,,,,,,,87.23%,,,,,,,,,,,45.33%
2025-12-07 02:30,,,,,,,,,,,,,,,,,,,,,,,,,,,,,,,,,,,,,48.27%,,,,,,,,,,,,87.31%,,,,,,,,,,,45.40%
2025-12-07 03:30,,,,,,,,,,,,,,,,,,,,,,,,,,,,,,,,,,,,,47.95%,,,,,,,,,,,,87.31%,,,,,,,,,,,45.32%
2025-12-07 04:30,,,,,,,,,,,,,,,,,,,,,,,,,,,,,,,,,,,,,48.70%,,,,,,,,,,,,87.31%,,,,,,,,,,,45.36%
2025-12-07 05:30,,,,,,,,,,,,,,,,,,,,,,,,,,,,,,,,,,,,,48.59%,,,,,,,,,,,,87.31%,,,,,,,,,,,45.43%
2025-12-07 06:30,,,,,,,,,,,,,,,,,,,,,,,,,,,,,,,,,,,,,48.77%,,,,,,,,,,,,87.32%,,,,,,,,,,,45.46%
2025-12-07 07:30,,,,,,,,,,,,,,,,,,,,,,,,,,,,,,,,,,,,,48.73%,,,,,,,,,,,,87.31%,,,,,,,,,,,45.38%
2025-12-07 08:30,,,,,,,,,,,,,,,,,,,,,,,,,,,,,,,,,,,,,48.77%,,,,,,,,,,,,87.31%,,,,,,,,,,,45.45%
2025-12-07 09:30,,,,,,,,,,,,,,,,,,,,,,,,,,,,,,,,,,,,,48.78%,,,,,,,,,,,,87.33%,,,,,,,,,,,45.52%
2025-12-07 10:30,,,,,,,,,,,,,,,,,,,,,,,,,,,,,,,,,,,,,48.83%,,,,,,,,,,,,87.33%,,,,,,,,,,,45.47%
2025-12-07 11:30,,,,,,,,,,,,,,,,,,,,,,,,,,,,,,,,,,,,,48.89%,,,,,,,,,,,,87.32%,,,,,,,,,,,45.48%
2025-12-07 12:30,,,,,,,,,,,,,,,,,,,,,,,,,,,,,,,,,,,,,48.21%,,,,,,,,,,,,87.32%,,,,,,,,,,,45.55%
2025-12-07 13:30,,,,,,,,,,,,,,,,,,,,,,,,,,,,,,,,,,,,,48.18%,,,,,,,,,,,,87.32%,,,,,,,,,,,45.56%
2025-12-07 14:30,,,,,,,,,,,,,,,,,,,,,,,,,,,,,,,,,,,,,48.08%,,,,,,,,,,,,87.32%,,,,,,,,,,,45.54%
2025-12-07 15:30,,,,,,,,,,,,,,,,,,,,,,,,,,,,,,,,,,,,,48.46%,,,,,,,,,,,,87.31%,,,,,,,,,,,45.57%
2025-12-07 16:30,,,,,,,,,,,,,,,,,,,,,,,,,,,,,,,,,,,,,49.26%,,,,,,,,,,,,87.32%,,,,,,,,,,,45.64%
2025-12-07 17:30,,,,,,,,,,,,,,,,,,,,,,,,,,,,,,,,,,,,,49.19%,,,,,,,,,,,,87.32%,,,,,,,,,,,45.58%
2025-12-07 18:30,,,,,,,,,,,,,,,,,,,,,,,,,,,,,,,,,,,,,49.34%,,,,,,,,,,,,87.33%,,,,,,,,,,,45.63%
2025-12-07 19:30,,,,,,,,,,,,,,,,,,,,,,,,,,,,,,,,,,,,,49.24%,,,,,,,,,,,,87.32%,,,,,,,,,,,45.67%
2025-12-07 20:30,,,,,,,,,,,,,,,,,,,,,,,,,,,,,,,,,,,,,49.22%,,,,,,,,,,,,87.28%,,,,,,,,,,,45.67%
2025-12-07 21:30,,,,,,,,,,,,,,,,,,,,,,,,,,,,,,,,,,,,,49.16%,,,,,,,,,,,,87.27%,,,,,,,,,,,45.67%
2025-12-07 22:30,,,,,,,,,,,,,,,,,,,,,,,,,,,,,,,,,,,,,49.27%,,,,,,,,,,,,87.28%,,,,,,,,,,,45.72%
2025-12-07 23:30,,,,,,,,,,,,,,,,,,,,,,,,,,,,,,,,,,,,,49.24%,,,,,,,,,,,,87.27%,,,,,,,,,,,45.76%
2025-12-08 00:30,,,,,,,,,,,,,,,,,,,,,,,,,,,,,,,,,,,,,48.57%,,,,,,,,,,,,87.27%,,,,,,,,,,,45.70%
2025-12-08 01:30,,,,,,,,,,,,,,,,,,,,,,,,,,,,,,,,,,,,,48.54%,,,,,,,,,,,,87.25%,,,,,,,,,,,45.77%
2025-12-08 02:30,,,,,,,,,,,,,,,,,,,,,,,,,,,,,,,,,,,,,48.62%,,,,,,,,,,,,87.26%,,,,,,,,,,,45.81%
2025-12-08 03:30,,,,,,,,,,,,,,,,,,,,,,,,,,,,,,,,,,,,,48.63%,,,,,,,,,,,,87.26%,,,,,,,,,,,45.78%
2025-12-08 04:30,,,,,,,,,,,,,,,,,,,,,,,,,,,,,,,,,,,,,49.18%,,,,,,,,,,,,87.27%,,,,,,,,,,,45.79%
2025-12-08 05:30,,,,,,,,,,,,,,,,,,,,,,,,,,,,,,,,,,,,,49.32%,,,,,,,,,,,,87.29%,,,,,,,,,,,45.86%
2025-12-08 06:30,,,,,,,,,,,,,,,,,,,,,,,,,,,,,,,,,,,,,49.64%,,,,,,,,,,,,87.27%,,,,,,,,,,,45.89%
2025-12-08 07:30,,,,,,,,,,,,,,,,,,,,,,,,,,,,,,,,,,,,,49.55%,,,,,,,,,,,,87.27%,,,,,,,,,,,45.82%
2025-12-08 08:30,,,,,,,,,,,,,,,,,,,,,,,,,,,,,,,,,,,,,49.79%,,,,,,,,,,,,87.28%,,,,,,,,,,,45.89%
2025-12-08 09:30,,,,,,,,,,,,,,,,,,,,,,,,,,,,,,,,,,,,,49.87%,,,,,,,,,,,,87.27%,,,,,,,,,,,45.96%
2025-12-08 10:30,,,,,,,,,,,,,,,,,,,,,,,,,,,,,,,,,,,,,49.89%,,,,,,,,,,,,87.27%,,,,,,,,,,,45.91%
2025-12-08 11:30,,,,,,,,,,,,,,,,,,,,,,,,,,,,,,,,,,,,,49.88%,,,,,,,,,,,,87.28%,,,,,,,,,,,45.91%
2025-12-08 12:30,,,,,,,,,,,,,,,,,,,,,,,,,,,,,,,,,,,,,49.93%,,,,,,,,,,,,87.26%,,,,,,,,,,,45.98%
2025-12-08 13:30,,,,,,,,,,,,,,,,,,,,,,,,,,,,,,,,,,,,,49.96%,,,,,,,,,,,,87.27%,,,,,,,,,,,46.02%
2025-12-08 14:30,,,,,,,,,,,,,,,,,,,,,,,,,,,,,,,,,,,,,49.85%,,,,,,,,,,,,87.24%,,,,,,,,,,,45.95%
2025-12-08 15:30,,,,,,,,,,,,,,,,,,,,,,,,,,,,,,,,,,,,,49.94%,,,,,,,,,,,,87.22%,,,,,,,,,,,46.01%
2025-12-08 16:30,,,,,,,,,,,,,,,,,,,,,,,,,,,,,,,,,,,,,50.11%,,,,,,,,,,,,87.22%,,,,,,,,,,,46.08%
2025-12-08 17:30,,,,,,,,,,,,,,,,,,,,,,,,,,,,,,,,,,,,,50.13%,,,,,,,,,,,,87.21%,,,,,,,,,,,46.05%
2025-12-08 18:30,,,,,,,,,,,,,,,,,,,,,,,,,,,,,,,,,,,,,50.14%,,,,,,,,,,,,87.22%,,,,,,,,,,,46.04%
2025-12-08 19:30,,,,,,,,,,,,,,,,,,,,,,,,,,,,,,,,,,,,,50.05%,,,,,,,,,,,,87.22%,,,,,,,,,,,46.10%
2025-12-08 20:30,,,,,,,,,,,,,,,,,,,,,,,,,,,,,,,,,,,,,50.04%,,,,,,,,,,,,87.22%,,,,,,,,,,,46.13%
2025-12-08 21:30,,,,,,,,,,,,,,,,,,,,,,,,,,,,,,,,,,,,,50.07%,,,,,,,,,,,,87.23%,,,,,,,,,,,46.11%
2025-12-08 22:30,,,,,,,,,,,,,,,,,,,,,,,,,,,,,,,,,,,,,50.00%,,,,,,,,,,,,87.22%,,,,,,,,,,,46.13%
2025-12-08 23:30,,,,,,,,,,,,,,,,,,,,,,,,,,,,,,,,,,,,,50.02%,,,,,,,,,,,,87.23%,,,,,,,,,,,46.20%
2025-12-09 00:30,,,,,,,,,,,,,,,,,,,,,,,,,,,,,,,,,,,,,50.03%,,,,,,,,,,,,87.24%,,,,,,,,,,,46.16%
2025-12-09 01:30,,,,,,,,,,,,,,,,,,,,,,,,,,,,,,,,,,,,,50.03%,,,,,,,,,,,,87.23%,,,,,,,,,,,46.20%
2025-12-09 02:30,,,,,,,,,,,,,,,,,,,,,,,,,,,,,,,,,,,,,50.03%,,,,,,,,,,,,87.23%,,,,,,,,,,,46.22%
2025-12-09 03:30,,,,,,,,,,,,,,,,,,,,,,,,,,,,,,,,,,,,,50.08%,,,,,,,,,,,,87.24%,,,,,,,,,,,46.24%
2025-12-09 04:30,,,,,,,,,,,,,,,,,,,,,,,,,,,,,,,,,,,,,50.12%,,,,,,,,,,,,87.23%,,,,,,,,,,,46.23%
2025-12-09 05:30,,,,,,,,,,,,,,,,,,,,,,,,,,,,,,,,,,,,,50.04%,,,,,,,,,,,,87.23%,,,,,,,,,,,46.29%
2025-12-09 06:30,,,,,,,,,,,,,,,,,,,,,,,,,,,,,,,,,,,,,50.38%,,,,,,,,,,,,87.23%,,,,,,,,,,,46.32%
2025-12-09 07:30,,,,,,,,,,,,,,,,,,,,,,,,,,,,,,,,,,,,,50.24%,,,,,,,,,,,,87.23%,,,,,,,,,,,46.28%
2025-12-09 08:30,,,,,,,,,,,,,,,,,,,,,,,,,,,,,,,,,,,,,50.30%,,,,,,,,,,,,87.24%,,,,,,,,,,,46.35%
2025-12-09 09:30,,,,,,,,,,,,,,,,,,,,,,,,,,,,,,,,,,,,,50.31%,,,,,,,,,,,,87.23%,,,,,,,,,,,46.42%
2025-12-09 10:30,,,,,,,,,,,,,,,,,,,,,,,,,,,,,,,,,,,,,50.14%,,,,,,,,,,,,87.23%,,,,,,,,,,,46.38%
2025-12-09 11:30,,,,,,,,,,,,,,,,,,,,,,,,,,,,,,,,,,,,,50.04%,,,,,,,,,,,,87.23%,,,,,,,,,,,46.38%
2025-12-09 12:30,,,,,,,,,,,,,,,,,,,,,,,,,,,,,,,,,,,,,49.89%,,,,,,,,,,,,87.22%,,,,,,,,,,,46.45%
2025-12-09 13:30,,,,,,,,,,,,,,,,,,,,,,,,,,,,54.19%,,,,,,,,,49.99%,,,,80.69%,,,,,,,,87.24%,,,,,,,,,,,46.51%
2025-12-09 14:30,,,,,,,,,,,,,,8.34%,,,,,,,,,90.27%,,,,,57.82%,66.61%,,,,,,,,49.91%,,,,79.81%,,,,,,,,87.24%,,,,,,,,,,,46.41%
2025-12-09 15:30,,,,,,,,,,,,,,17.47%,,,,,,,,,90.54%,,,,,63.44%,66.15%,,,,,,,,50.04%,,,,80.15%,,,,,,,,87.24%,,,,,,,,,,,46.47%
2025-12-09 16:30,,,,,,,,,,,,,,19.28%,,,,,,,,,89.28%,,,,,66.56%,65.64%,,,,,,,,50.12%,,,,80.08%,,,,,,,,87.24%,,,,,,,,,,,46.54%
2025-12-09 17:30,,,,,,,,,,,,,,17.20%,,,,,,,,,87.70%,,,,,67.61%,65.92%,,,,,,,,50.20%,,,,79.35%,,,,,,,,87.23%,,,,,,,,,,,46.52%
2025-12-09 18:30,,,,,,,,,,,,,,18.00%,,,,,,,,,87.82%,,,,,76.49%,65.74%,,,,,,,,50.37%,,,,80.55%,,,,,,,,87.28%,,,,,,,,,,,46.50%
2025-12-09 19:30,,,,,,,,,,,,,,21.93%,,,,,,,,,88.09%,,,,,63.25%,66.77%,,,,,,,,50.13%,,,,80.95%,,,,,,,,87.28%,,,,,,,,,,,46.57%
2025-12-09 20:30,,,,,,,,,,,,,,37.85%,,,,,,,,,88.00%,,,,,,71.18%,,,,,,,,50.30%,,,,,,,,,,,,87.28%,,,,,,,,,,,46.63%
2025-12-09 21:30,,,,,,,,,,,,,,39.96%,,,,,,,,,88.38%,,,,,,71.91%,,,,,,,,50.19%,,,,,,,,,,,,87.32%,,,,,,,,,,,46.55%
2025-12-09 22:30,,,,,,,,,,,,,,39.89%,,,,,,,,,88.29%,,,,,,72.12%,,,,,,,,49.91%,,,,,,,,,,,,88.09%,,,,,,,,,,,46.59%
2025-12-09 23:30,,,,,,,,,,,,,,39.83%,,,,,,,,,88.61%,,,,,,72.23%,,,,,,,,49.92%,,,,,,,,,,,,88.09%,,,,,,,,,,,46.66%
2025-12-10 00:30,,,,,,,,,,,,,,38.70%,,,,,,,,,88.52%,,,,,,72.30%,,,,,,,,49.99%,,,,,,,,,,,,88.09%,,,,,,,,,,,46.65%
2025-12-10 01:30,,,,,,,,,,,,,,42.91%,,,,,,,,,88.60%,,,,,,72.92%,,,,,,,,49.93%,,,,,,,,,,,,88.06%,,,,,,,,,,,46.64%
2025-12-10 02:30,,,,,,,,,,,,,,42.81%,,,,,,,,,88.90%,,,,,,72.54%,,,,,,,,50.06%,,,,,,,,,,,,88.05%,,,,,,,,,,,46.69%
2025-12-10 03:30,,,,,,,,,,,,,,40.45%,,,,,,,,,88.72%,,,,,,72.29%,,,,,,,,50.01%,,,,,,,,,,,,88.05%,,,,,,,,,,,46.74%
2025-12-10 04:30,,,,,,,,,,,,,,39.85%,,,,,,,,,88.85%,,,,,,72.32%,,,,,,,,50.11%,,,,,,,,,,,,88.05%,,,,,,,,,,,46.69%
2025-12-10 05:30,,,,,,,,,,,,,,39.28%,,,,,,,,,89.03%,,,,,,72.32%,,,,,,,,50.02%,,,,,,,,,,,,88.05%,,,,,,,,,,,46.74%
2025-12-10 06:30,,,,,,,,,,,,,,39.60%,,,,,,,,,88.99%,,,,,,72.40%,,,,,,,,50.24%,,,,,,,,,,,,88.06%,,,,,,,,,,,46.78%
2025-12-10 07:30,,,,,,,,,,,,,,31.43%,,,,,,,,,89.08%,,,,,,71.18%,,,,,,,,50.18%,,,,,,,,,,,,88.06%,,,,,,,,,,,46.76%
2025-12-10 08:30,,,,,,,,,,,,,,26.08%,,,,,,,,,88.90%,,,,,,69.04%,,,,,,,,50.23%,,,,,,,,,,,,88.06%,,,,,,,,,,,46.79%
2025-12-10 09:30,,,,,,,,,,,,,,19.58%,,,,,,,,,89.08%,,,,,,69.13%,,,,,,,,50.03%,,,,,,,,,,,,88.05%,,,,,,,,,,,46.83%
2025-12-10 10:30,,,,,,,,,,,,,,18.78%,,,,,,,,,88.94%,,,,,,69.23%,,,,,,,,50.57%,,,,,,,,,,,,88.05%,,,,,,,,,,,46.85%
2025-12-10 11:30,,,,,,,,,,,,,,18.53%,,,,,,,,,89.02%,,,,,,69.11%,,,,,,,,50.22%,,,,,,,,,,,,88.03%,,,,,,,,,,,46.81%
2025-12-10 12:30,,,,,,,,,,,,,,18.31%,,,,,,,,,88.85%,,,,,,69.08%,,,,,,,,50.96%,,,,,,,,,,,,88.02%,,,,,,,,,,,46.88%
2025-12-10 13:30,,,,,,,,,,,,,,17.88%,,,,,,,,,88.95%,,,,,,69.12%,,,,,,,,52.39%,,,,,,,,,,,,88.03%,,,,,,,,,,,46.92%
2025-12-10 14:30,,,,,,,,,,,,,,17.54%,,,,,,,,,88.63%,,,,,53.28%,69.20%,,,,,,,,52.48%,,,,79.82%,,,,,,,,88.02%,,,,,,,,,,,46.87%
2025-12-10 15:30,,,,,,,,,,,,,,17.61%,,,,,,,,,88.76%,,,,,53.60%,69.21%,,,,,,,,51.22%,,,,79.84%,,,,,,,,88.02%,,,,,,,,,,,46.91%
2025-12-10 16:30,,,,,,,,,,,,,,18.37%,,,,,,,,,88.75%,,,,,51.66%,69.42%,,,,,,,,50.29%,,,,79.89%,,,,,,,,88.02%,,,,,,,57.73%,,,,46.98%
2025-12-10 17:30,,,,,,,,,,,,,,18.05%,,,,,,,,,88.90%,,,,,56.13%,69.45%,,,,,,,,50.28%,,,,80.32%,,,,,,,,88.02%,,,,,,,58.09%,,,,46.97%
2025-12-10 18:30,,,,,,,,,,,,,,17.77%,,,,,,,,,88.80%,,,,,59.91%,69.46%,64.07%,,,,,,,50.37%,,,,81.55%,,,,,,,,88.02%,,,,,,,57.83%,,,,46.94%
2025-12-10 19:30,,,,,,,,,,,,,,18.92%,,,,,,,,,88.98%,,,,,59.49%,69.71%,65.50%,,,,,,,50.18%,,,,82.16%,,,,,,,,88.01%,,,,,,,57.82%,,,,47.00%
2025-12-10 20:30,,,,,,,,,,,,,,37.06%,,,,,,,,,88.90%,,,,,,72.95%,,,,,,,,50.32%,,,,,,,,,,,,88.07%,,,,,,,,,,,47.07%
2025-12-10 21:30,,,,,,,,,,,,,,39.44%,,,,,,,,,89.18%,,,,,,73.31%,,,,,,,,50.32%,,,,,,,,,,,,88.11%,,,,,,,,,,,46.99%
2025-12-10 22:30,,,,,,,,,,,,,,37.94%,,,,,,,,,89.06%,,,,,,69.15%,,,,,,,,50.25%,,,,,,,,,,,,88.11%,,,,,,,,,,,47.03%
2025-12-10 23:30,,,,,,,,,,,,,,39.90%,,,,,,,,,89.39%,,,,,,70.08%,,,,,,,,50.19%,,,,,,,,,,,,88.12%,,,,,,,,,,,47.10%
2025-12-11 00:30,,,,,,,,,,,,,,40.88%,,,,,,,,,89.45%,,,,,,70.54%,,,,,,,,50.23%,,,,,,,,,,,,88.10%,,,,,,,,,,,47.11%
2025-12-11 01:30,,,,,,,,,,,,,,41.19%,,,,,,,,,89.47%,,,,,,70.87%,,,,,,,,50.31%,,,,,,,,,,,,88.10%,,,,,,,,,,,47.06%
2025-12-11 02:30,,,,,,,,,,,,,,44.26%,,,,,,,,,89.83%,,,,,,70.77%,,,,,,,,50.21%,,,,,,,,,,,,88.10%,,,,,,,,,,,47.12%
2025-12-11 03:30,,,,,,,,,,,,,,39.75%,,,,,,,,,89.11%,,,,,,70.35%,,,,,,,,50.41%,,,,,,,,,,,,88.09%,,,,,,,,,,,47.19%
2025-12-11 04:30,,,,,,,,,,,,,,40.44%,,,,,,,,,89.03%,,,,,,71.40%,,,,,,,,50.25%,,,,,,,,,,,,88.25%,,,,,,,,,,,47.13%
2025-12-11 05:30,,,,,,,,,,,,,,38.83%,,,,,,,,,88.00%,,,,,,71.94%,,,,,,,,49.99%,,,,,,,,,,,,88.14%,,,,,,,,,,,47.15%
2025-12-11 06:30,,,,,,,,,,,,,,39.61%,,,,,,,,,87.97%,,,,,,71.29%,,,,,,,,50.70%,,,,,,,,,,,,88.13%,,,,,,,,,,,47.22%
2025-12-11 07:30,,,,,,,,,,,,,,40.46%,,,,,,,,,88.21%,,,,,,71.08%,,,,,,,,51.02%,,,,,,,,,,,,88.14%,,,,,,,,,,,47.22%
2025-12-11 08:30,,,,,,,,,,,,,,39.31%,,,,,,,,,88.20%,,,,,,71.25%,,,,,,,,51.08%,,,,,,,,,,,,88.15%,,,,,,,,,,,47.22%
2025-12-11 09:30,,,,,,,,,,,,,,39.89%,,,,,,,,,88.36%,,,,,,71.52%,,,,,,,,51.14%,,,,,,,,,,,,88.14%,,,,,,,,,,,47.25%
2025-12-11 10:30,,,,,,,,,,,,,,38.37%,,,,,,,,,88.12%,,,,,,71.52%,,,,,,,,51.34%,,,,,,,,,,,,88.15%,,,,,,,,,,,47.31%
2025-12-11 11:30,,,,,,,,,,,,,,37.90%,,,,,,,,,88.23%,,,,,,71.51%,,,,,,,,51.21%,,,,,,,,,,,,88.14%,,,,,,,,,,,47.25%
2025-12-11 12:30,,,,,,,,,,,,,,38.22%,,,,,,,,,88.27%,,,,,59.26%,72.00%,66.56%,,,,,,,51.14%,,,,82.49%,,,,,,,,88.13%,,,,,,,,,,,47.31%
2025-12-11 13:30,,,,,,,,,,,,,,33.49%,,,,,,,,,88.62%,,,,,62.02%,71.31%,66.32%,,,,,,,51.11%,,,,82.53%,,,,,,,,88.13%,,,,,,,,,,,47.34%
2025-12-11 14:30,,,,,,,,,,,,,,21.12%,,,,,,,,,88.65%,,,,,56.19%,69.43%,66.57%,,,,,,,51.23%,,,,82.69%,,,,,,,,88.12%,,,,,,,,,,53.22%,47.33%
2025-12-11 15:30,,,,,,,,,,,,,,22.69%,,,,,,,,,88.77%,,,,,54.42%,69.74%,68.36%,,,,,,,51.46%,,,,82.71%,,,,,,,,88.13%,,,,,,,,,,53.19%,47.34%
2025-12-11 16:30,,,,,,,,,,,,,,22.68%,,,,,,,,,88.61%,,,,,73.44%,69.82%,68.74%,,,,,,,51.54%,,,,82.76%,,,,,,,,88.13%,,,,,,,,,,53.19%,47.40%
2025-12-11 17:30,,,,,,,,,,,,,,22.83%,,,,,,,,,88.39%,,,,,76.63%,69.94%,69.09%,,,,,,,51.66%,,,,83.47%,,,,,,,,88.13%,,,,,,,,,,53.20%,47.42%
2025-12-11 18:30,,,,,,,,,,,,,,22.73%,,,,,,,,,87.76%,,,,,87.22%,70.00%,69.39%,,,,,,,51.78%,,,,87.55%,,,,,,,,88.13%,,,,,,,,,,53.20%,47.37%
2025-12-11 19:30,,,,,,,,,,,,,,23.04%,,,,,,,,,87.88%,,,,,92.60%,70.02%,69.21%,,,,,,,51.63%,,,,90.36%,,,,,,,,88.12%,,,,,,,,,,53.20%,47.44%
2025-12-11 20:30,,,,,,,,,,,,,,38.31%,,,,,,,,,87.78%,,,,,93.98%,72.67%,,,,,,,,51.69%,,,,90.85%,,,,,,,,88.12%,,,,,,,,,,53.20%,47.49%
2025-12-11 21:30,,,,,,,,,,,,,,44.61%,,,,,,,,,87.89%,,,,,92.61%,72.77%,,,,,,,,51.62%,,,,89.56%,,,,,,,,88.12%,,,,,,,,,,,47.44%
2025-12-11 22:30,,,,,,,,,,,,,,43.10%,,,,,,,,,87.71%,,,,,92.87%,73.02%,,,,,,,,51.64%,,,,90.47%,,,,,,,,88.12%,,,,,,,,,,,47.46%
2025-12-11 23:30,,,,,,,,,,,,,,40.38%,,,,,,,,,88.65%,,,,,90.58%,73.22%,,,,,,,,51.70%,,,,90.42%,,,,,,,,88.13%,,,,,,,,,,,47.53%
2025-12-12 00:30,,,,,,,,,,,,,,39.69%,,,,,,,,,89.04%,,,,,,73.05%,,,,,,,,51.72%,,,,,,,,,,,,88.11%,,,,,,,,,,,47.56%
2025-12-12 01:30,,,,,,,,,,,,,,49.40%,,,,,,,,,89.00%,,,,,,70.10%,,,,,,,,51.73%,,,,,,,,,,,,88.12%,,,,,,,,,,,47.49%
2025-12-12 02:30,,,,,,,,,,,,,,47.10%,,,,,,,,,89.00%,,,,,,70.98%,,,,,,,,51.79%,,,,,,,,,,,,88.12%,,,,,,,,,,,47.56%
2025-12-12 03:30,,,,,,,,,,,,,,40.29%,,,,,,,,,89.05%,,,,,,70.92%,,,,,,,,51.72%,,,,,,,,,,,,88.13%,,,,,,,,,,,47.63%
2025-12-12 04:30,,,,,,,,,,,,,,38.75%,,,,,,,,,89.13%,,,,,,70.94%,,,,,,,,51.79%,,,,,,,,,,,,88.12%,,,,,,,,,,,47.57%
2025-12-12 05:30,,,,,,,,,,,,,,40.19%,,,,,,,,,89.25%,,,,,,71.21%,,,,,,,,51.76%,,,,,,,,,,,,88.12%,,,,,,,,,,,47.58%
2025-12-12 06:30,,,,,,,,,,,,,,39.88%,,,,,,,,,88.98%,,,,,,71.24%,,,,,,,,51.91%,,,,,,,,,,,,88.12%,,,,,,,,,,,47.65%
2025-12-12 07:30,,,,,,,,,,,,,,39.99%,,,,,,,,,89.19%,,,,,,71.61%,,,,,,,,51.92%,,,,,,,,,,,,88.13%,,,,,,,,,,,47.68%
2025-12-12 08:30,,,,,,,,,,,,,,40.02%,,,,,,,,,89.13%,,,,,,71.62%,,,,,,,,52.05%,,,,,,,,,,,,88.12%,,,,,,,,,,,47.63%
2025-12-12 09:30,,,,,,,,,,,,,,39.63%,,,,,,,,,89.17%,,,,,,71.47%,,,,,,,,51.83%,,,,,,,,,,,,88.12%,,,,,,,,,,,47.68%
2025-12-12 10:30,,,,,,,,,,,,,,39.72%,,,,,,,,,89.04%,,,,,,71.55%,,,,,,,,52.07%,,,,,,,,,,,,88.15%,,,,,,,,,,,47.75%
2025-12-12 11:30,,,,,,,,,,,,,,39.00%,,,,,,,,,89.10%,,,,,,71.40%,,,,,,,,51.72%,,,,,,,,,,,,88.15%,,,,,,,,,,,47.70%
2025-12-12 12:30,,,,,,,,,,,,,,25.80%,,,,,,,,,89.12%,,,,,53.97%,69.23%,65.91%,,,,,,,51.54%,,,,87.10%,,,,,,,,88.12%,,,58.11%,,,,,,,,47.72%
2025-12-12 13:30,,,,,,,,,,,,,,21.92%,,,,,,,,,89.28%,,,,,54.75%,68.81%,67.37%,,,,,,,51.56%,,,,87.11%,,,,,,,,88.12%,,,59.06%,,,,,,,,47.77%
2025-12-12 14:30,,,,,,,,,,,,,,23.21%,,,,,,,,,89.17%,,,,,54.02%,69.22%,67.52%,,,,,,,51.51%,,,,87.19%,,,,,,,,88.12%,,,58.79%,,,,,,,,47.79%
2025-12-12 15:30,,,,,,,,,,,,,,23.33%,,,,,,,,,89.27%,,,,,54.07%,69.39%,67.60%,,,,,,,51.69%,,,,87.20%,,,,,,,,88.13%,,,58.78%,,,,,,,,47.78%
2025-12-12 16:30,,,,,,,,,,,,,,22.60%,,,,,,,,,89.06%,,,,,53.74%,69.32%,68.95%,,,,,,,51.75%,,,,87.22%,,,,,,,,88.13%,,,58.83%,,,,,,,,47.82%
2025-12-12 17:30,,,,,,,,,,,,,,23.19%,,,,,,,,,89.13%,,,,,53.19%,69.30%,69.42%,,,,,,,51.76%,,,,87.18%,,,,,,,,88.13%,,,58.86%,,,,,,,,47.87%
2025-12-12 18:30,,,,,,,,,,,,,,22.95%,,,,,,,,,88.85%,,,,,53.41%,69.35%,69.92%,,,,,,,51.77%,,,,87.15%,,,,,,,,88.10%,,,58.86%,,,,,,,,47.82%
2025-12-12 19:30,,,,,,,,,,,,,,18.68%,,,,,,,,,88.94%,,,,,53.80%,68.70%,69.48%,,,,,,,51.87%,,,,87.31%,,,,,,,,88.09%,,,58.85%,,,,,,,,47.88%
2025-12-12 20:30,,,,,,,,,,,,,,38.28%,,,,,,,,,88.91%,,,,,53.41%,71.98%,,,,,,,,51.81%,,,,87.44%,,,,,,,,88.14%,,,,,,,,,,,47.91%
2025-12-12 21:30,,,,,,,,,,,,,,39.84%,,,,,,,,,89.31%,,,,,53.75%,72.40%,,,,,,,,51.85%,,,,87.44%,,,,,,,,88.16%,,,,,,,,,,,47.90%
2025-12-12 22:30,,,,,,,,,,,,,,39.58%,,,,,,,,,89.12%,,,,,54.27%,72.53%,,,,,,,,51.80%,,,,87.45%,,,,,,,,88.17%,,,,,,,,,,,47.90%
2025-12-12 23:30,,,,,,,,,,,,,,39.96%,,,,,,,,,89.34%,,,,,54.60%,72.58%,,,,,,,,51.87%,,,,87.45%,,,,,,,,88.15%,,,,,,,,,,,47.97%
2025-12-13 00:30,,,,,,,,,,,,,,39.69%,,,,,,,,,89.28%,,,,,55.83%,72.61%,,,,,,,,51.86%,,,,87.42%,,,,,,,,88.15%,,,,,,,,,,,48.00%
2025-12-13 01:30,,,,,,,,,,,,,,49.80%,,,,,,,,,89.39%,,,,,61.09%,72.57%,,,,,,,,51.92%,,,,87.46%,,,,,,,,88.16%,,,,,,,,,,,47.93%
2025-12-13 02:30,,,,,,,,,,,,,,40.85%,,,,,,,,,89.29%,,,,,63.54%,72.99%,,,,,,,,51.88%,,,,87.47%,,,,,,,,88.16%,,,,,,,,,,,48.00%
2025-12-13 03:30,,,,,,,,,,,,,,42.39%,,,,,,,,,88.87%,,,,,,73.18%,,,,,,,,51.97%,,,,,,,,,,,,88.17%,,,,,,,,,,,48.07%
2025-12-13 04:30,,,,,,,,,,,,,,43.66%,,,,,,,,,88.90%,,,,,,73.14%,,,,,,,,51.88%,,,,,,,,,,,,88.16%,,,,,,,,,,,48.02%
2025-12-13 05:30,,,,,,,,,,,,,,45.25%,,,,,,,,,89.17%,,,,,,72.56%,,,,,,,,52.00%,,,,,,,,,,,,88.16%,,,,,,,,,,,48.02%
2025-12-13 06:30,,,,,,,,,,,,,,40.39%,,,,,,,,,89.05%,,,,,,73.05%,,,,,,,,52.49%,,,,,,,,,,,,88.24%,,,,,,,,,,,48.09%
2025-12-13 07:30,,,,,,,,,,,,,,40.32%,,,,,,,,,89.27%,,,,,,73.27%,,,,,,,,52.99%,,,,,,,,,,,,88.52%,,,,,,,,,,,48.15%
2025-12-13 08:30,,,,,,,,,,,,,,49.84%,,,,,,,,,89.07%,,,,,,73.33%,,,,,,,,53.09%,,,,,,,,,,,,88.52%,,,,,,,,,,,48.05%
2025-12-13 09:30,,,,,,,,,,,,,,38.64%,,,,,,,,,89.18%,,,,,,73.10%,,,,,,,,53.00%,,,,,,,,,,,,88.52%,,,,,,,,,,,48.12%
2025-12-13 10:30,,,,,,,,,,,,,,39.93%,,,,,,,,,89.09%,,,,,,73.18%,,,,,,,,53.11%,,,,,,,,,,,,88.52%,,,,,,,,,,,48.19%
2025-12-13 11:30,,,,,,,,,,,,,,38.05%,,,,,,,,,89.09%,,,,,,73.19%,,,,,,,,52.85%,,,,,,,,,,,,88.47%,,,,,,,,,,,48.17%
2025-12-13 12:30,,,,,,,,,,,,,,39.63%,,,,,,,,,89.05%,,,,,,73.47%,,,,,,,,52.88%,,,,,,,,,,,,88.46%,,,,,,,,,,,48.14%
2025-12-13 13:30,,,,,,,,,,,,,,39.64%,,,,,,,,,89.11%,,,,,,73.44%,,,,,,,,52.62%,,,,,,,,,,,,88.46%,,,,,,,,,,,48.21%
2025-12-13 14:30,,,,,,,,,,,,,,39.77%,,,,,,,,,89.07%,,,,,,73.36%,,,,,,,,52.84%,,,,,,,,,,,,88.47%,,,,,,,,,,,48.26%
2025-12-13 15:30,,,,,,,,,,,,,,40.63%,,,,,,,,,89.23%,,,,,,73.72%,,,,,,,,52.91%,,,,,,,,,,,,88.47%,,,,,,,,,,,48.21%
2025-12-13 16:30,,,,,,,,,,,,,,38.97%,,,,,,,,,89.12%,,,,,,73.46%,,,,,,,,53.12%,,,,,,,,,,,,88.46%,,,,,,,,,,,48.24%
2025-12-13 17:30,,,,,,,,,,,,,,39.38%,,,,,,,,,89.26%,,,,,,73.66%,,,,,,,,52.90%,,,,,,,,,,,,87.21%,,,,,,,,,,,48.31%
2025-12-13 18:30,,,,,,,,,,,,,,39.58%,,,,,,,,,88.84%,,,,,,73.88%,,,,,,,,52.79%,,,,,,,,,,,,86.68%,,,,,,,,,,,48.28%
2025-12-13 19:30,,,,,,,,,,,,,,39.22%,,,,,,,,,88.89%,,,,,,73.95%,,,,,,,,52.69%,,,,,,,,,,,,86.68%,,,,,,,,,,,48.30%
2025-12-13 20:30,,,,,,,,,,,,,,40.60%,,,,,,,,,88.82%,,,,,,73.72%,,,,,,,,52.86%,,,,,,,,,,,,86.62%,,,,,,,,,,,48.33%
2025-12-13 21:30,,,,,,,,,,,,,,39.92%,,,,,,,,,89.27%,,,,,,73.86%,,,,,,,,52.81%,,,,,,,,,,,,86.60%,,,,,,,,,,,48.36%
2025-12-13 22:30,,,,,,,,,,,,,,41.01%,,,,,,,,,89.02%,,,,,,74.01%,,,,,,,,52.66%,,,,,,,,,,,,86.59%,,,,,,,,,,,48.33%
2025-12-13 23:30,,,,,,,,,,,,,,41.07%,,,,,,,,,89.27%,,,,,,74.11%,,,,,,,,52.87%,,,,,,,,,,,,86.59%,,,,,,,,,,,48.39%
2025-12-14 00:30,,,,,,,,,,,,,,38.95%,,,,,,,,,89.34%,,,,,,73.75%,,,,,,,,52.74%,,,,,,,,,,,,86.60%,,,,,,,,,,,48.43%
2025-12-14 01:30,,,,,,,,,,,,,,39.52%,,,,,,,,,89.36%,,,,,,73.81%,,,,,,,,55.76%,,,,,,,,,,,,87.50%,,,,,,,,,,,48.39%
2025-12-14 02:30,,,,,,,,,,,,,,42.84%,,,,,,,,,89.25%,,,,,,74.13%,,,,,,,,41.70%,,,,,,,,,,,,86.04%,,,,,,,,,,,48.43%
2025-12-14 03:30,,,,,,,,,,,,,,39.30%,,,,,,,,,89.03%,,,,,,74.14%,,,,,,,,22.73%,,,,,,,,,,,,80.69%,,,,,,,,,,,48.48%
2025-12-14 04:30,,,,,,,,,,,,,,39.76%,,,,,,,,,89.12%,,,,,,74.13%,,,,,,,,21.95%,,,,,,,,,,,,80.65%,,,,,,,,,,,48.47%
2025-12-14 05:30,,,,,,,,,,,,,,40.43%,,,,,,,,,89.23%,,,,,,74.37%,,,,,,,,22.33%,,,,,,,,,,,,80.65%,,,,,,,,,,,48.45%
2025-12-14 06:30,,,,,,,,,,,,,,37.43%,,,,,,,,,89.22%,,,,,,73.72%,,,,,,,,22.75%,,,,,,,,,,,,80.65%,,,,,,,,,,,48.52%
2025-12-14 07:30,,,,,,,,,,,,,,40.04%,,,,,,,,,89.31%,,,,,,74.02%,,,,,,,,22.72%,,,,,,,,,,,,80.66%,,,,,,,,,,,48.58%
2025-12-14 08:30,,,,,,,,,,,,,,38.22%,,,,,,,,,89.26%,,,,,,73.51%,,,,,,,,22.73%,,,,,,,,,,,,80.66%,,,,,,,,,,,48.49%
2025-12-14 09:30,,,,,,,,,,,,,,39.92%,,,,,,,,,89.38%,,,,,,73.94%,,,,,,,,22.82%,,,,,,,,,,,,80.64%,,,,,,,,,,,48.55%
2025-12-14 10:30,,,,,,,,,,,,,,39.76%,,,,,,,,,89.22%,,,,,,74.04%,,,,,,,,23.07%,,,,,,,,,,,,80.66%,,,,,,,,,,,48.62%
2025-12-14 11:30,,,,,,,,,,,,,,39.25%,,,,,,,,,89.29%,,,,,,73.91%,,,,,,,,23.29%,,,,,,,,,,,,80.66%,,,,,,,,,,,48.61%
2025-12-14 12:30,,,,,,,,,,,,,,39.76%,,,,,,,,,89.21%,,,,,,73.79%,,,,,,,,23.23%,,,,,,,,,,,,80.66%,,,,,,,,,,,48.58%
2025-12-14 13:30,,,,,,,,,,,,,,37.52%,,,,,,,,,89.29%,,,,,,73.44%,,,,,,,,23.26%,,,,,,,,,,,,80.64%,,,,,,,,,,,48.64%
2025-12-14 14:30,,,,,,,,,,,,,,40.64%,,,,,,,,,89.19%,,,,,,73.71%,,,,,,,,23.31%,,,,,,,,,,,,80.64%,,,,,,,,,,,48.71%
2025-12-14 15:30,,,,,,,,,,,,,,38.31%,,,,,,,,,89.28%,,,,,,73.41%,,,,,,,,23.40%,,,,,,,,,,,,80.64%,,,,,,,,,,,48.63%
2025-12-14 16:30,,,,,,,,,,,,,,39.92%,,,,,,,,,88.94%,,,,,,73.60%,,,,,,,,24.32%,,,,,,,,,,,,80.65%,,,,,,,,,,,48.67%
2025-12-14 17:30,,,,,,,,,,,,,,40.71%,,,,,,,,,89.00%,,,,,,73.96%,,,,,,,,24.40%,,,,,,,,,,,,80.65%,,,,,,,,,,,48.74%
2025-12-14 18:30,,,,,,,,,,,,,,40.51%,,,,,,,,,89.05%,,,,,,74.00%,,,,,,,,24.43%,,,,,,,,,,,,80.65%,,,,,,,,,,,48.74%
2025-12-14 19:30,,,,,,,,,,,,,,39.26%,,,,,,,,,89.22%,,,,,,74.13%,,,,,,,,24.54%,,,,,,,,,,,,80.66%,,,,,,,,,,,48.72%
2025-12-14 20:30,,,,,,,,,,,,,,39.14%,,,,,,,,,89.19%,,,,,,73.81%,,,,,,,,24.46%,,,,,,,,,,,,80.66%,,,,,,,,,,,48.77%
2025-12-14 21:30,,,,,,,,,,,,,,40.20%,,,,,,,,,89.49%,,,,,,74.13%,,,,,,,,24.58%,,,,,,,,,,,,80.57%,,,,,,,,,,,48.83%
2025-12-14 22:30,,,,,,,,,,,,,,40.23%,,,,,,,,,89.31%,,,,,,74.25%,,,,,,,,24.55%,,,,,,,,,,,,80.54%,,,,,,,,,,,48.77%
2025-12-14 23:30,,,,,,,,,,,,,,40.04%,,,,,,,,,89.36%,,,,,,74.37%,,,,,,,,24.62%,,,,,,,,,,,,80.54%,,,,,,,,,,,48.81%
2025-12-15 00:30,,,,,,,,,,,,,,45.44%,,,,,,,,,89.28%,,,,,,74.05%,,,,,,,,24.58%,,,,,,,,,,,,80.54%,,,,,,,,,,,48.86%
2025-12-15 01:30,,,,,,,,,,,,,,47.53%,,,,,,,,,89.30%,,,,,,74.31%,,,,,,,,24.65%,,,,,,,,,,,,80.54%,,,,,,,,,,,48.85%
2025-12-15 02:30,,,,,,,,,,,,,,40.89%,,,,,,,,,89.40%,,,,,,74.18%,,,,,,,,24.62%,,,,,,,,,,,,80.54%,,,,,,,,,,,48.86%
2025-12-15 03:30,,,,,,,,,,,,,,40.42%,,,,,,,,,89.07%,,,,,,74.38%,,,,,,,,24.66%,,,,,,,,,,,,80.54%,,,,,,,,,,,48.90%
2025-12-15 04:30,,,,,,,,,,,,,,40.08%,,,,,,,,,89.12%,,,,,,74.60%,,,,,,,,24.71%,,,,,,,,,,,,80.54%,,,,,,,,,,,48.93%
2025-12-15 05:30,,,,,,,,,,,,,,40.45%,,,,,,,,,89.17%,,,,,,74.70%,,,,,,,,24.73%,,,,,,,,,,,,80.56%,,,,,,,,,,,48.89%
2025-12-15 06:30,,,,,,,,,,,,,,40.67%,,,,,,,,,89.10%,,,,,,74.61%,,,,,,,,24.84%,,,,,,,,,,,,80.58%,,,,,,,,,,,48.96%
2025-12-15 07:30,,,,,,,,,,,,,,44.83%,,,,,,,,,89.23%,,,,,,74.68%,,,,,,,,24.75%,,,,,,,,,,,,80.57%,,,,,,,,,,,48.99%
2025-12-15 08:30,,,,,,,,,,,,,,45.80%,,,,,,,,,89.19%,,,,,,74.80%,,,,,,,,24.80%,,,,,,,,,,,,80.56%,,,,,,,,,,,48.96%
2025-12-15 09:30,,,,,,,,,,,,,,40.30%,,,,,,,,,89.12%,,,,,,74.90%,,,,,,,,24.83%,,,,,,,,,,,,80.56%,,,,,,,,,,,48.98%
2025-12-15 10:30,,,,,,,,,,,,,,40.47%,,,,,,,,,89.11%,,,,,,74.83%,,,,,,,,24.77%,,,,,,,,,,,,80.56%,,,,,,,,,,,49.05%
2025-12-15 11:30,,,,,,,,,,,,,,49.69%,,,,,,,,,89.24%,,,,,,74.82%,,,,,,,,24.62%,,,,,,,,,,,,80.57%,,,,,,,,,,,49.05%
2025-12-15 12:30,,,,,,,,,,,,,,40.02%,,,,,,,,,89.17%,,,,,,74.83%,,,,,,,,24.58%,,,,,,,,,,,,80.56%,,,,,,,,,,,49.01%
2025-12-15 13:30,,,,,,,,,,,,,,40.62%,,,,,,,,,89.20%,,,,,,75.01%,66.32%,,,,,,,24.61%,,,,,,,,,,,,80.55%,,,,,,,,,,,49.08%
2025-12-15 14:30,,,,,,,,,,,,,,40.01%,,,,,,,,,88.92%,,,,,,75.02%,67.48%,,,,,,,24.69%,,,,,,,,,,,,80.49%,,,,,,,,,,,49.15%
2025-12-15 15:30,,,,,,,,,,,,,,39.33%,,,,,,,,,89.10%,,,,,73.52%,74.71%,68.16%,,,,,,,25.06%,,,,86.72%,,,,,,,,80.33%,,,,,,,,,,,49.07%
2025-12-15 16:30,,,,,,,,,,,,,,40.64%,,,,,,,,,88.40%,,,,,61.44%,74.89%,68.56%,,,,,,,25.15%,,,,86.79%,,,,,,,,80.33%,,,,,,,,,,,49.10%
2025-12-15 17:30,,,,,,,,,,,,,,40.30%,,,,,,,,,88.42%,,,,,59.67%,75.14%,68.37%,,,,,,,25.10%,,,,86.87%,,,,,,,,80.33%,,,,,,,,,,,49.18%
2025-12-15 18:30,97.65%,,,,,,,,,,,,,40.34%,,,,,,,,,88.39%,,,,,71.90%,75.08%,68.75%,,,,,,,25.25%,,,,87.64%,,,,,,,,80.33%,,,,,,,,51.99%,,,49.20%
2025-12-15 19:30,99.28%,,,,,,,,,,,,,40.23%,,,,,,,,,88.56%,,,,,90.13%,74.97%,69.02%,,,,,,,25.21%,,,,89.78%,,,,,,,,80.33%,,,,,,,,54.52%,,,49.13%
2025-12-15 20:30,,,,,,,,,,,,,,40.41%,,,,,,,,,88.52%,,,,,86.92%,75.14%,,,,,,,,25.24%,,,,90.15%,,,,,,,,80.31%,,,,,,,,,,,49.20%
2025-12-15 21:30,,,,,,,,,,,,,,49.35%,,,,,,,,,89.09%,,,,,88.37%,75.01%,,,,,,,,,,,,90.16%,,,,,,,,,,,,,,,,,,,49.27%
2025-12-15 22:30,,,,,,,,,,,,,,39.48%,,,,,,,,,89.01%,,,,,88.29%,75.09%,,,,,,,,,,,,90.17%,,,,,,,,,,,,,,,,,,,49.22%
2025-12-15 23:30,,,,,,,,,,,,,,39.75%,,,,,,,,,89.28%,,,,,88.27%,75.02%,,,,,,,,,,,,90.18%,,,,,,,,,,,,,,,,,,,49.23%
2025-12-16 00:30,,,,,,,,,,,,,,39.92%,,,,,,,,,89.22%,,,,,85.68%,75.12%,,,,,,,,,,,,90.20%,,,,,,,,,,,,,,,,,,,49.30%
2025-12-16 01:30,,,,,,,,,,,,,,41.03%,,,,,,,,,89.12%,,,,,85.92%,75.58%,,,,,,,,,,,,90.21%,,,,,,,,,,,,,,,,,,,49.31%
2025-12-16 02:30,,,,,,,,,,,,,,42.36%,,,,,,,,,89.22%,,,,,86.18%,75.39%,,,,,,,,,,,,90.22%,,,,,,,,,,,,,,,,,,,49.29%
2025-12-16 03:30,,,,,,,,,,,,,,40.34%,,,,,,,,,89.22%,,,,,86.53%,75.59%,,,,,,,,,,,,90.32%,,,,,,,,,,,,,,,,,,,49.32%
2025-12-16 04:30,,,,,,,,,,,,,,39.22%,,,,,,,,,89.32%,,,,,86.93%,75.67%,,,,,,,,,,,,90.66%,,,,,,,,,,,,,,,,,,,49.39%
2025-12-16 05:30,,,,,,,,,,,,,,40.51%,,,,,,,,,89.42%,,,,,85.97%,76.07%,,,,,,,,,,,,90.68%,,,,,,,,,,,,,,,,,,,49.33%
2025-12-16 06:30,,,,,,,,,,,,,,40.06%,,,,,,,,,89.25%,,,,,86.25%,75.93%,,,,,,,,,,,,90.69%,,,,,,,,,,,,,,,,,,,49.39%
2025-12-16 07:30,,,,,,,,,,,,,,42.94%,,,,,,,,,89.40%,,,,,86.41%,75.97%,,,,,,,,,,,,90.78%,,,,,,,,,,,,,,,,,,,49.42%
2025-12-16 08:30,,,,,,,,,,,,,,46.61%,,,,,,,,,89.25%,,,,,86.55%,75.84%,,,,,,,,,,,,90.79%,,,,,,,,,,,,,,,,,,,49.42%
2025-12-16 09:30,,,,,,,,,,,,,,40.29%,,,,,,,,,89.46%,,,,,86.55%,75.95%,,,,,,,,,,,,90.81%,,,,,,,,,,,,,,,,,,,49.42%
2025-12-16 10:30,,,,,,,,,,,,,,40.46%,,,,,,,,,89.18%,,,,,87.20%,76.06%,,,,,,,,,,,,90.82%,,,,,,,,,,,,,,,,,,,49.48%
2025-12-16 11:30,,,,,,,,,,,,,,40.47%,,,,,,,,,89.26%,,,,,86.69%,76.41%,,,,,,,,,,,,90.83%,,,,,,,,,,,,,,,,,,,49.51%
2025-12-16 12:30,,,,,,,,,,,,,,40.27%,,,,,,,,,89.05%,,,,,89.46%,76.53%,,,,,,,,,,,,91.07%,,,,,,,,,,,,,,,,,,,49.45%
2025-12-16 13:30,,,,,,,,,,,,,,40.27%,,,,,,,,,89.27%,,,,,88.41%,76.38%,,,,,,,,,,,,90.92%,,,,,,,,,,,,,,,,,,,49.52%
2025-12-16 14:30,,,,,,,,,,,,,,40.47%,,,,,,,,,89.11%,,,,,89.22%,76.45%,,,,,,,,,,,,90.43%,,,,,,,,,,,,,,,,,,,49.57%
2025-12-16 15:30,,,,,,,,,,,,,,40.30%,,,,,,,,,89.19%,,,,,89.18%,76.59%,,,,,,,,,,,,86.86%,,,,,,,,,,,,,,,,,,,49.53%
2025-12-16 16:30,,,,,,,,,,,,,,40.58%,,,,,,,,,89.07%,,,,,60.38%,76.27%,,,,,,,,,,,,82.46%,,,,,,,,,,,,,,,,,,,49.54%
2025-12-16 17:30,,,,,,,,,,,,,,40.58%,,,,,,,,,89.27%,,,,,39.38%,76.31%,,,,,,,,,,,,81.11%,,,,,,,,,,,,,,,,,,,49.61%
2025-12-16 18:30,,,,,,,,,,,,,,39.06%,,,,,,,,,89.21%,,,,,40.59%,76.34%,,,,,,,,,,,,81.12%,,,,,,,,,,,,,,,,,,,49.65%
2025-12-16 19:30,,,,,,,,,,,,,,39.64%,,,,,,,,,89.34%,,,,,41.78%,76.31%,,,,,,,,,,,,81.06%,,,,,,,,,,,,,,,,,,,49.57%
2025-12-16 20:30,,,,,,,,,,,,,,40.51%,,,,,,,,,89.26%,,,,,41.79%,76.51%,,,,,,,,,,,,81.06%,,,,,,,,,,,,,,,,,,,49.64%
2025-12-16 21:30,,,,,,,,,,,,,,49.20%,,,,,,,,,89.48%,,,,,41.91%,76.45%,,,,,,,,,,,,81.15%,,,,,,,,,,,,,,,,,,,49.70%
2025-12-16 22:30,,,,,,,,,,,,,,39.92%,,,,,,,,,89.31%,,,,,41.92%,76.77%,,,,,,,,,,,,81.16%,,,,,,,,,,,,,,,,,,,49.66%
2025-12-16 23:30,,,,,,,,,,,,,,40.04%,,,,,,,,,89.49%,,,,,42.05%,76.77%,,,,,,,,,,,,81.17%,,,,,,,,,,,,,,,,,,,49.66%
2025-12-17 00:30,,,,,,,,,,,,,,44.65%,,,,,,,,,89.39%,,,,,42.17%,76.68%,,,,,,,,,,,,81.18%,,,,,,,,,,,,,,,,,,,49.73%
2025-12-17 01:30,,,,,,,,,,,,,,46.15%,,,,,,,,,89.39%,,,,,42.18%,76.76%,,,,,,,,,,,,81.19%,,,,,,,,,,,,,,,,,,,49.77%
2025-12-17 02:30,,,,,,,,,,,,,,41.40%,,,,,,,,,89.51%,,,,,42.21%,76.63%,,,,,,,,,,,,81.20%,,,,,,,,,,,,,,,,,,,49.71%
2025-12-17 03:30,,,,,,,,,,,,,,40.38%,,,,,,,,,89.16%,,,,,42.58%,76.70%,,,,,,,,,,,,81.21%,,,,,,,,,,,,,,,,,,,49.76%
2025-12-17 04:30,,,,,,,,,,,,,,40.44%,,,,,,,,,89.20%,,,,,42.87%,76.88%,,,,,,,,,,,,81.22%,,,,,,,,,,,,,,,,,,,49.83%
2025-12-17 05:30,,,,,,,,,,,,,,40.68%,,,,,,,,,89.31%,,,,,43.01%,77.07%,,,,,,,,,,,,81.23%,,,,,,,,,,,,,,,,,,,49.79%
2025-12-17 06:30,,,,,,,,,,,,,,40.37%,,,,,,,,,89.22%,,,,,42.97%,76.73%,,,,,,,,,,,,81.22%,,,,,,,,,,,,,,,,,,,49.80%
2025-12-17 07:30,,,,,,,,,,,,,,40.73%,,,,,,,,,89.42%,,,,,42.90%,76.78%,,,,,,,,,,,,81.24%,,,,,,,,,,,,,,,,,,,49.85%
2025-12-17 08:30,,,,,,,,,,,,,,40.17%,,,,,,,,,89.28%,,,,,42.47%,76.78%,,,,,,,,,,,,81.24%,,,,,,,,,,,,,,,,,,,49.88%
2025-12-17 09:30,,,,,,,,,,,,,,39.64%,,,,,,,,,89.48%,,,,,56.84%,76.98%,,,,,,,,,,,,81.33%,,,,,,,,,,,,,,,,,,,49.85%
2025-12-17 10:30,,,,,,,,,,,,,,40.05%,,,,,,,,,89.29%,,,,,92.90%,76.74%,,,,,,,55.64%,,,,,83.06%,96.40%,,,,,,,,,,,,,,,,,,49.89%
2025-12-17 11:30,,,,,,,,,,,,,,46.40%,,,,,,,,,89.44%,,,,,93.90%,75.98%,,,,,,,51.28%,,,,,84.35%,96.48%,,,,,,,,,,,,,,,,,,49.95%
2025-12-17 12:30,,,,,,,,,,,,,,38.23%,,,,,,,,,89.32%,,,,,92.93%,76.45%,,,,,,,50.37%,,,,,84.15%,96.05%,,,,,,,,,,,,,,,,,,49.90%
2025-12-17 13:30,,,,,,,,,,,,,,38.70%,,,,,,,,,89.37%,,,,,94.56%,76.59%,,,,,,,51.05%,,,,,83.03%,95.74%,,,,,,,,,,,,,,,,,,49.95%
2025-12-17 14:30,,,,,,,,,,,,,,40.24%,,,,,,,,,89.29%,,,,,93.57%,76.90%,,,,,,,51.29%,,,,,83.96%,95.75%,,,,,,,,,,,,,,,,,,49.98%
2025-12-17 15:30,,,,,,,,,,,,,,40.56%,,,,,,,,,89.41%,,,,,91.48%,77.18%,,,,,,,62.87%,,,,,84.64%,95.76%,,,,,,,,,,,,,,,,,,49.99%
2025-12-17 16:30,,,,,,,,,,,,,,39.81%,,,,,,,,,89.30%,,,,,93.64%,77.21%,,,,,,,63.42%,,,,,84.84%,95.77%,,,,,,,,,,,,,,,,,,49.97%
2025-12-17 17:30,,,,,,,,,,,,,,38.67%,,,,,,,,,89.46%,,,,,91.25%,77.02%,,,,,,,63.51%,,,,,85.08%,95.79%,,,,,,,,,,,,,,,,,,50.04%
2025-12-17 18:30,,,,,,,,,,,,,,40.08%,,,,,,,,,89.17%,,,,,95.44%,77.09%,,,,,,,63.59%,,,,,85.15%,95.82%,,,,,,,,,,,,,,,,,,50.08%
2025-12-17 19:30,,,,,,,,,,,,,,39.46%,,,,,,,,,89.16%,,,,,93.96%,77.26%,,,,,,,63.60%,,,,,85.12%,95.82%,,,,,,,,,,,,,,,,,,50.01%
2025-12-17 20:30,,,,,,,,,,,,,,39.44%,,,,,,,,,88.98%,,,,,94.22%,77.17%,,,,,,,,,,,,85.36%,,,,,,,,,,,,,,,,,,,50.07%
2025-12-17 21:30,,,,,,,,,,,,,,49.61%,,,,,,,,,89.24%,,,,,93.60%,77.20%,,,,,,,,,,,,85.50%,,,,,,,,,,,,,,,,,,,50.14%
2025-12-17 22:30,,,,,,,,,,,,,,38.97%,,,,,,,,,89.06%,,,,,95.34%,77.15%,,,,,,,,,,,,85.51%,,,,,,,,,,,,,,,,,,,50.11%
2025-12-17 23:30,,,,,,,,,,,,,,37.78%,,,,,,,,,89.38%,,,,,96.13%,76.83%,,,,,,,,,,,,85.52%,,,,,,,,,,,,,,,,,,,50.09%
2025-12-18 00:30,,,,,,,,,,,,,,43.69%,,,,,,,,,89.37%,,,,,95.93%,77.18%,,,,,,,,,,,,85.51%,,,,,,,,,,,,,,,,,,,50.16%
2025-12-18 01:30,,,,,,,,,,,,,,45.36%,,,,,,,,,89.37%,,,,,94.23%,77.39%,,,,,,,,,,,,85.51%,,,,,,,,,,,,,,,,,,,50.23%
2025-12-18 02:30,,,,,,,,,,,,,,39.92%,,,,,,,,,89.36%,,,,,93.95%,77.47%,,,,,,,,,,,,85.57%,,,,,,,,,,,,,,,,,,,50.12%
2025-12-18 03:30,,,,,,,,,,,,,,42.23%,,,,,,,,,88.96%,,,,,92.29%,77.73%,,,,,,,,,,,,85.69%,,,,,,,,,,,,,,,,,,,50.19%
2025-12-18 04:30,,,,,,,,,,,,,,40.07%,,,,,,,,,89.01%,,,,,93.23%,77.64%,,,,,,,,,,,,85.46%,,,,,,,,,,,,,,,,,,,50.26%
2025-12-18 05:30,,,,,,,,,,,,,,39.69%,,,,,,,,,89.22%,,,,,94.25%,77.73%,,,,,,,,,,,,85.46%,,,,,,,,,,,,,,,,,,,50.25%
2025-12-18 06:30,,,,,,,,,,,,,,39.34%,,,,,,,,,89.21%,,,,,93.92%,77.26%,,,,,,,,,,,,85.50%,,,,,,,,,,,,,,,,,,,50.22%
2025-12-18 07:30,,,,,,,,,,,,,,39.88%,,,,,,,,,89.33%,,,,,94.70%,77.35%,,,,,,,,,,,,85.49%,,,,,,,,,,,,,,,,,,,50.28%
2025-12-18 08:30,,,,,,,,,,,,,,39.13%,,,,,,,,,89.19%,,,,,95.60%,77.43%,,,,,,,,,,,,85.49%,,,,,,,,,,,,,,,,,,,50.34%
2025-12-18 09:30,,,,,,,,,,,,,,40.05%,,,,,,,,,89.40%,,,,,95.88%,77.49%,,,,,,,62.16%,,,,,85.49%,95.80%,,,,,,,,,,,,,,,,,,50.28%
2025-12-18 10:30,,,,,,,,,,,,,,40.20%,,,,,,,,,89.24%,,,,,94.58%,77.12%,,,,,,,51.31%,,,,,85.47%,97.53%,,,,,,,,,,,,,,,,,,50.31%
2025-12-18 11:30,,,,,,,,,,,,,,37.38%,,,,,,,,,89.39%,,,,,95.16%,76.73%,,,,,,,45.18%,,,,,85.45%,98.96%,,,,,,,,,,,,,,,,,,50.38%
2025-12-18 12:30,,,,,,,,,,,,,,38.97%,,,,,,,,,89.41%,,,,,95.79%,77.05%,,,,,,,44.78%,,,,,85.45%,98.97%,,,,,,,,,,,,,,,,,,50.36%
2025-12-18 13:30,,,,,,,,,,,,,,38.89%,,,,,,,,,89.15%,,,,,96.29%,77.08%,,,,,,,46.35%,,,,,85.44%,98.90%,,,,,,,,,,,,,,,,,,50.38%
2025-12-18 14:30,,,,,,,,,,,,,,39.44%,,,,,,,,,88.87%,,,,,95.84%,77.25%,,,,,,,51.00%,,,,,85.44%,98.38%,,,,,,,,,,,,,,,,,,50.40%
2025-12-18 15:30,,,,,,,,,,,,,,39.47%,,,,,,,,,89.09%,,,,,93.22%,77.23%,,,,,,,57.06%,,,,,85.44%,98.45%,,,,,,,,,,,,,,,,,,50.45%
2025-12-18 16:30,,,,,,,,,,,,,,38.89%,,,,,,,,,89.12%,,,,,94.09%,77.12%,,,,,,,49.00%,,,,,85.43%,98.50%,,,,,,,,,,,,,,,,,,50.41%
2025-12-18 17:30,,,,,,,,,,,,,,40.45%,,,,,,,,,89.25%,,,,,95.40%,77.52%,65.16%,,,,,,50.39%,,,,,85.42%,98.53%,,,,,,,,,,,,,,,,,,50.47%
2025-12-18 18:30,,,,,,,,,,,,,,39.06%,,,,,,,,,88.39%,,,,,96.26%,77.45%,67.07%,,,,,,53.07%,,,,,85.42%,98.56%,,,,,,,,,,,,,,,,,,50.50%
2025-12-18 19:30,,,,,,,,,,,,,,40.17%,,,,,,,,,89.02%,,,,,95.74%,77.71%,67.52%,,,,,,53.23%,,,,,85.38%,98.56%,,,,,,,,,,,,,,,,,,50.47%
2025-12-18 20:30,,,,,,,,,,,,,,40.11%,,,,,,,,,89.02%,,,,,94.83%,77.58%,,,,,,,,,,,,85.36%,,,,,,,,,,,,,,,,,,,50.50%
2025-12-18 21:30,,,,,,,,,,,,,,39.34%,,,,,,,,,89.37%,,,,,94.41%,77.59%,,,,,,,,,,,,85.35%,,,,,,,,,,,,,,,,,,,50.56%
2025-12-18 22:30,,,,,,,,,,,,,,40.13%,,,,,,,,,89.27%,,,,,95.97%,77.78%,,,,,,,,,,,,85.35%,,,,,,,,,,,,,,,,,,,50.56%
2025-12-18 23:30,,,,,,,,,,,,,,40.38%,,,,,,,,,89.47%,,,,,95.89%,77.84%,,,,,,,,,,,,85.35%,,,,,,,,,,,,,,,,,,,50.53%
2025-12-19 00:30,,,,,,,,,,,,,,40.15%,,,,,,,,,89.09%,,,,,96.19%,77.54%,,,,,,,,,,,,85.35%,,,,,,,,,,,,,,,,,,,50.60%
2025-12-19 01:30,,,,,,,,,,,,,,39.29%,,,,,,,,,89.26%,,,,,96.13%,77.55%,,,,,,,,,,,,85.37%,,,,,,,,,,,,,,,,,,,50.65%
2025-12-19 02:30,,,,,,,,,,,,,,42.84%,,,,,,,,,89.37%,,,,,94.66%,77.70%,,,,,,,,,,,,85.38%,,,,,,,,,,,,,,,,,,,50.58%
2025-12-19 03:30,,,,,,,,,,,,,,39.48%,,,,,,,,,88.91%,,,,,93.99%,77.71%,,,,,,,,,,,,85.39%,,,,,,,,,,,,,,,,,,,50.62%
2025-12-19 04:30,,,,,,,,,,,,,,37.86%,,,,,,,,,88.99%,,,,,95.28%,77.52%,,,,,,,,,,,,85.40%,,,,,,,,,,,,,,,,,,,50.69%
2025-12-19 05:30,,,,,,,,,,,,,,39.99%,,,,,,,,,89.09%,,,,,91.83%,77.67%,,,,,,,,,,,,85.50%,,,,,,,,,,,,,,,,,,,50.70%
2025-12-19 06:30,,,,,,,,,,,,,,40.36%,,,,,,,,,88.97%,,,,,91.87%,77.90%,,,,,,,,,,,,85.59%,,,,,,,,,,,,,,,,,,,50.65%
2025-12-19 07:30,,,,,,,,,,,,,,40.33%,,,,,,,,,89.10%,,,,,93.22%,77.80%,,,,,,,,,,,,85.60%,,,,,,,,,,,,,,,,,,,50.72%
2025-12-19 08:30,,,,,,,,,,,,,,40.04%,,,,,,,,,89.05%,,,,,93.72%,77.52%,,,,,,,,,,,,85.62%,,,,,,,,,,,,,,,,,,,50.79%
2025-12-19 09:30,,,,,,,,,,,,,,40.55%,,,,,,,,,89.14%,,,,,94.20%,77.55%,,,,,,,,,,,,85.62%,,,,,,,,,,,,,,,,,,,50.72%
2025-12-19 10:30,,,,,,,,,,,,,,39.41%,,,,,,,,,88.71%,,,,,94.83%,77.44%,,,,,,,,,,,,85.63%,,,,,,,,,,,,,,,,,,,50.74%
2025-12-19 11:30,,,,,,,,,,,,,,49.03%,,,,,,,,,88.86%,,,,,93.38%,77.59%,,,,,,,,,,,,85.64%,,,,,,,,,,,,,,,,,,,50.81%
2025-12-19 12:30,,,,,,,,,,,,,,25.94%,,,,,,,,,88.74%,,,,,94.73%,75.50%,,,,,,,,,,,,85.66%,,,,,,,,,,,,,,,,,,,50.82%
2025-12-19 13:30,,,,,,,,,,,,,,23.06%,,,,,,,,,88.81%,,,,,95.29%,74.93%,,,,,,,,,,,,85.66%,,,,,,,,,,,58.24%,,,,,,,,50.79%
2025-12-19 14:30,,,,,,,,,,,,,,23.41%,,,,,,,,,88.73%,,,,,94.99%,74.95%,,,,,,,,,,,,85.67%,,,,,,,,,,,58.07%,,,,,,,,50.84%
2025-12-19 15:30,,,,,,,,,,,,,,23.75%,,,,,,,,,88.97%,,,,,92.24%,75.07%,,,,,,,,,,,,85.68%,,,,,,,,,,,58.24%,,,,,,,,50.91%
2025-12-19 16:30,,,,,,,,,,,,,,25.75%,,,,,,,,,88.88%,,,,,93.20%,74.26%,,,,,,,,,,,,85.77%,,,,,,,,,,,58.90%,,,,,,,,50.84%
2025-12-19 17:30,,,,,,,,,,,,,,28.02%,,,,,,,,,87.28%,,,,,93.24%,69.82%,,,,,,,,,,,,85.78%,,,,,,,,,,,59.46%,,,,,,,,50.88%
2025-12-19 18:30,,,,,,,,,,,,,,28.08%,,,,,,,,,87.33%,,,,,94.33%,69.25%,,,,,,,,,,,,85.79%,,,,,,,,,,,59.35%,,,,,,,,50.93%
2025-12-19 19:30,,,,,,,,,,,,,,27.32%,,,,,,,,,87.64%,,,,,94.97%,69.42%,,,,,,,,,,,,85.78%,,,,,,,,,,,59.37%,,,,,,,,50.94%
2025-12-19 20:30,,,,,,,,,,,,,,27.91%,,,,,,,,,87.63%,,,,,95.26%,69.80%,,,,,,,,,,,,85.78%,,,,,,,,,,,,,,,,,,,50.94%
2025-12-19 21:30,,,,,,,,,,,,,,27.93%,,,,,,,,,87.98%,,,,,94.76%,69.94%,,,,,,,,,,,,85.79%,,,,,,,,,,,,,,,,,,,50.98%
2025-12-19 22:30,,,,,,,,,,,,,,27.85%,,,,,,,,,87.76%,,,,,95.59%,69.78%,,,,,,,,,,,,85.80%,,,,,,,,,,,,,,,,,,,51.03%
2025-12-19 23:30,,,,,,,,,,,,,,27.82%,,,,,,,,,88.03%,,,,,95.22%,69.94%,,,,,,,,,,,,85.81%,,,,,,,,,,,,,,,,,,,50.97%
2025-12-20 00:30,,,,,,,,,,,,,,28.60%,,,,,,,,,88.18%,,,,,95.56%,70.29%,,,,,,,,,,,,85.83%,,,,,,,,,,,,,,,,,,,51.04%
2025-12-20 01:30,,,,,,,,,,,,,,28.77%,,,,,,,,,88.14%,,,,,95.62%,70.24%,,,,,,,,,,,,85.85%,,,,,,,,,,,,,,,,,,,51.07%
2025-12-20 02:30,,,,,,,,,,,,,,32.59%,,,,,,,,,88.20%,,,,,95.40%,69.60%,,,,,,,,,,,,85.87%,,,,,,,,,,,,,,,,,,,51.05%
2025-12-20 03:30,,,,,,,,,,,,,,28.34%,,,,,,,,,88.40%,,,,,,69.77%,,,,,,,,,,,,,,,,,,,,,,,,,,,,,,,51.06%
2025-12-20 04:30,,,,,,,,,,,,,,27.51%,,,,,,,,,88.28%,,,,,,69.67%,,,,,,,,,,,,,,,,,,,,,,,,,,,,,,,51.13%
2025-12-20 05:30,,,,,,,,,,,,,,27.82%,,,,,,,,,88.36%,,,,,,69.39%,,,,,,,,,,,,,,,,,,,,,,,,,,,,,,,51.15%
2025-12-20 06:30,,,,,,,,,,,,,,27.66%,,,,,,,,,88.19%,,,,,,69.42%,,,,,,,,,,,,,,,,,,,,,,,,,,,,,,,51.09%
2025-12-20 07:30,,,,,,,,,,,,,,28.31%,,,,,,,,,88.32%,,,,,,69.63%,,,,,,,,,,,,,,,,,,,,,,,,,,,,,,,51.16%
2025-12-20 08:30,,,,,,,,,,,,,,27.86%,,,,,,,,,88.25%,,,,,,69.62%,,,,,,,,,,,,,,,,,,,,,,,,,,,,,,,51.22%
2025-12-20 09:30,,,,,,,,,,,,,,28.46%,,,,,,,,,88.42%,,,,,,69.64%,,,,,,,,,,,,,,,,,,,,,,,,,,,,,,,51.16%
2025-12-20 10:30,,,,,,,,,,,,,,27.94%,,,,,,,,,88.32%,,,,,,69.67%,,,,,,,,,,,,,,,,,,,,,,,,,,,,,,,51.18%
2025-12-20 11:30,,,,,,,,,,,,,,27.72%,,,,,,,,,88.34%,,,,,,69.78%,,,,,,,,,,,,,,,,,,,,,,,,,,,,,,,51.25%
2025-12-20 12:30,,,,,,,,,,,,,,28.00%,,,,,,,,,88.28%,,,,,,69.83%,,,,,,,,,,,,,,,,,,,,,,,,,,,,,,,51.29%
2025-12-20 13:30,,,,,,,,,,,,,,28.56%,,,,,,,,,88.42%,,,,,,70.11%,,,,,,,,,,,,,,,,,,,,,,,,,,,,,,,51.21%
2025-12-20 14:30,,,,,,,,,,,,,,28.14%,,,,,,,,,88.30%,,,,,,69.98%,,,,,,,,,,,,,,,,,,,,,,,,,,,,,,,51.28%
2025-12-20 15:30,,,,,,,,,,,,,,28.76%,,,,,,,,,88.17%,,,,,,70.07%,,,,,,,,,,,,,,,,,,,,,,,,,,,,,,,51.35%
2025-12-20 16:30,,,,,,,,,,,,,,29.72%,,,,,,,,,87.98%,,,,,,70.09%,,,,,,,,,,,,,,,,,,,,,,,,,,,,,,,51.31%
2025-12-20 17:30,,,,,,,,,,,,,,29.99%,,,,,,,,,88.19%,,,,,,70.17%,,,,,,,,,,,,,,,,,,,,,,,,,,,,,,,51.30%
2025-12-20 18:30,,,,,,,,,,,,,,31.33%,,,,,,,,,88.21%,,,,,,70.35%,,,,,,,,,,,,,,,,,,,,,,,,,,,,,,,51.37%
2025-12-20 19:30,,,,,,,,,,,,,,30.89%,,,,,,,,,88.40%,,,,,,70.25%,,,,,,,,,,,,,,,,,,,,,,,,,,,,,,,51.40%
2025-12-20 20:30,,,,,,,,,,,,,,31.52%,,,,,,,,,88.38%,,,,,,70.41%,,,,,,,,,,,,,,,,,,,,,,,,,,,,,,,51.37%
2025-12-20 21:30,,,,,,,,,,,,,,33.13%,,,,,,,,,88.76%,,,,,,70.71%,,,,,,,,,,,,,,,,,,,,,,,,,,,,,,,51.40%
2025-12-20 22:30,,,,,,,,,,,,,,32.09%,,,,,,,,,88.48%,,,,,,70.63%,,,,,,,,,,,,,,,,,,,,,,,,,,,,,,,51.47%
2025-12-20 23:30,,,,,,,,,,,,,,33.62%,,,,,,,,,88.79%,,,,,,70.74%,,,,,,,,,,,,,,,,,,,,,,,,,,,,,,,51.42%
2025-12-21 00:30,,,,,,,,,,,,,,34.39%,,,,,,,,,88.82%,,,,,,70.77%,,,,,,,,,,,,,,,,,,,,,,,,,,,,,,,51.47%
2025-12-21 01:30,,,,,,,,,,,,,,32.55%,,,,,,,,,88.75%,,,,,,70.87%,,,,,,,,,,,,,,,,,,,,,,,,,,,,,,,51.49%
2025-12-21 02:30,,,,,,,,,,,,,,31.65%,,,,,,,,,88.58%,,,,,,70.98%,,,,,,,,,,,,,,,,,,,,,,,,,,,,,,,51.51%
2025-12-21 03:30,,,,,,,,,,,,,,27.92%,,,,,,,,,87.97%,,,,,,70.87%,,,,,,,,,,,,,,,,,,,,,,,,,,,,,,,51.49%
2025-12-21 04:30,,,,,,,,,,,,,,28.23%,,,,,,,,,88.00%,,,,,,71.00%,,,,,,,,,,,,,,,,,,,,,,,,,,,,,,,51.56%
2025-12-21 05:30,,,,,,,,,,,,,,27.98%,,,,,,,,,88.21%,,,,,,70.96%,,,,,,,,,,,,,,,,,,,,,,,,,,,,,,,51.59%
2025-12-21 06:30,,,,,,,,,,,,,,28.31%,,,,,,,,,88.12%,,,,,,71.08%,,,,,,,,,,,,,,,,,,,,,,,,,,,,,,,51.53%
2025-12-21 07:30,,,,,,,,,,,,,,28.35%,,,,,,,,,88.28%,,,,,,71.32%,,,,,,,,,,,,,,,,,,,,,,,,,,,,,,,51.59%
2025-12-21 08:30,,,,,,,,,,,,,,28.65%,,,,,,,,,88.16%,,,,,,71.37%,,,,,,,,,,,,,,,,,,,,,,,,,,,,,,,51.65%
2025-12-21 09:30,,,,,,,,,,,,,,28.27%,,,,,,,,,88.28%,,,,,,71.27%,,,,,,,,,,,,,,,,,,,,,,,,,,,,,,,51.61%
2025-12-21 10:30,,,,,,,,,,,,,,28.29%,,,,,,,,,88.14%,,,,,,71.48%,,,,,,,,,,,,,,,,,,,,,,,,,,,,,,,51.61%
2025-12-21 11:30,,,,,,,,,,,,,,28.38%,,,,,,,,,88.33%,,,,,,71.52%,,,,,,,,,,,,,,,,,,,,,,,,,,,,,,,51.68%
2025-12-21 12:30,,,,,,,,,,,,,,27.70%,,,,,,,,,88.39%,,,,,,71.28%,,,,,,,,,,,,,,,,,,,,,,,,,,,,,,52.80%,51.74%
2025-12-21 13:30,,,,,,,,,,,,,,27.91%,,,,,,,,,88.45%,,,,,,71.38%,,,,,,,,,,,,,,,,,,,,,,,,,,,,,,52.71%,51.64%
2025-12-21 14:30,,,,,,,,,,,,,,18.57%,,,,,,,,,88.26%,,,,,,70.22%,,,,,,,,,,,,,,,,,,,,,,,,,,,,,,52.73%,51.71%
2025-12-21 15:30,,,,,,,,,,,,,,28.13%,,,,,,,,,88.49%,,,,,,69.89%,,,,,,,,,,,,,,,,,,,,,,,,,,,,,,52.74%,51.78%
2025-12-21 16:30,,,,,,,,,,,,,,28.81%,,,,,,,,,88.41%,,,,,,69.21%,,,,,,,,,,,,,,,,,,,,,,,,,,,,,,52.74%,51.76%
2025-12-21 17:30,,,,,,,,,,,,,,29.15%,,,,,,,,,88.43%,,,,,,69.12%,,,,,,,,,,,,,,,,,,,,,,,,,,,,,,52.75%,51.73%
2025-12-21 18:30,,,,,,,,,,,,,,29.57%,,,,,,,,,88.29%,,,,,,69.12%,,,,,,,,,,,,,,,,,,,,,,,,,,,,,,52.75%,51.80%
2025-12-21 19:30,,,,,,,,,,,,,,30.77%,,,,,,,,,88.30%,,,,,,69.37%,,,,,,,,,,,,,,,,,,,,,,,,,,,,,,52.75%,51.86%
2025-12-21 20:30,,,,,,,,,,,,,,31.83%,,,,,,,,,88.17%,,,,,,69.42%,,,,,,,,,,,,,,,,,,,,,,,,,,,,,,52.76%,51.79%
2025-12-21 21:30,,,,,,,,,,,,,,32.41%,,,,,,,,,88.38%,,,,,,69.60%,,,,,,,,,,,,,,,,,,,,,,,,,,,,,,,51.83%
2025-12-21 22:30,,,,,,,,,,,,,,32.96%,,,,,,,,,88.16%,,,,,,69.74%,,,,,,,,,,,,,,,,,,,,,,,,,,,,,,,51.90%
2025-12-21 23:30,,,,,,,,,,,,,,33.77%,,,,,,,,,88.39%,,,,,,69.96%,,,,,,,,,,,,,,,,,,,,,,,,,,,,,,,51.88%
2025-12-22 00:30,,,,,,,,,,,,,,33.46%,,,,,,,,,88.21%,,,,,,69.96%,,,,,,,,,,,,,,,,,,,,,,,,,,,,,,,51.88%
2025-12-22 01:30,,,,,,,,,,,,,,32.46%,,,,,,,,,88.32%,,,,,,70.02%,,,,,,,,,,,,,,,,,,,,,,,,,,,,,,,51.92%
2025-12-22 02:30,,,,,,,,,,,,,,37.80%,,,,,,,,,88.32%,,,,,,69.23%,,,,,,,,,,,,,,,,,,,,,,,,,,,,,,,51.97%
2025-12-22 03:30,,,,,,,,,,,,,,28.52%,,,,,,,,,87.92%,,,,,,69.41%,,,,,,,,,,,,,,,,,,,,,,,,,,,,,,,51.93%
2025-12-22 04:30,,,,,,,,,,,,,,28.00%,,,,,,,,,87.98%,,,,,,69.44%,,,,,,,,,,,,,,,,,,,,,,,,,,,,,,,51.97%
2025-12-22 05:30,,,,,,,,,,,,,,27.55%,,,,,,,,,88.13%,,,,,,69.34%,,,,,,,,,,,,,,,,,,,,,,,,,,,,,,,52.02%
2025-12-22 06:30,,,,,,,,,,,,,,28.47%,,,,,,,,,88.15%,,,,,,69.49%,,,,,,,,,,,,,,,,,,,,,,,,,,,,,,,51.99%
2025-12-22 07:30,,,,,,,,,,,,,,27.89%,,,,,,,,,88.27%,,,,,,69.44%,,,,,,,,,,,,,,,,,,,,,,,,,,,,,,,52.02%
2025-12-22 08:30,,,,,,,,,,,,,,27.68%,,,,,,,,,88.18%,,,,,,69.27%,,,,,,,,,,,,,,,,,,,,,,,,,,,,,,,52.07%
2025-12-22 09:30,,,,,,,,,,,,,,27.91%,,,,,,,,,88.30%,,,,,,69.28%,,,,,,,,,,,,,,,,,,,,,,,,,,,,,,,52.08%
2025-12-22 10:30,,,,,,,,,,,,,,28.38%,,,,,,,,,88.24%,,,,,,69.33%,,,,,,,,,,,,,,,,,,,,,,,,,,,,,,,52.05%
2025-12-22 11:30,,,,,,,,,,,,,,28.72%,,,,,,,,,88.33%,,,,,97.35%,70.52%,,,,,,,,,,,,86.53%,,,,,,,,,,,,,,,,,,,52.12%
2025-12-22 12:30,,,,,,,,,,,,,,28.81%,,,,,,,,,88.30%,,,,,68.55%,70.79%,,,,,,,,,,,,83.91%,,,,,,,,,,,,,,,,,,,52.16%
2025-12-22 13:30,,,,,,,,,,,,,,28.17%,,,,,,,,,88.44%,,,,,91.40%,70.77%,,,,,,,,,,,,83.02%,,,,,,,,,,,58.27%,,,,,,,,52.10%
2025-12-22 14:30,,,,,,,,,,,,,,28.71%,,,,,,,,,88.31%,,,,,91.92%,70.89%,,,,,,,,,,,,83.03%,,,,,,,,,,,58.22%,,,,,,,52.74%,52.14%
2025-12-22 15:30,,,,,,,,,,,,,,28.47%,,,,,,,,,88.39%,,,,,92.62%,70.78%,,,,,,,,,,,,83.09%,,,,,,,,,,,58.22%,,,,,,,53.38%,52.21%
2025-12-22 16:30,,,,,,,,,,,,,,28.22%,,,,,,,,,88.28%,,,,,89.46%,70.73%,,,,,,,,,,,,84.30%,,,,,,,,,,,58.40%,,,,,,,53.42%,52.20%
2025-12-22 17:30,,,,,,,,,,,,,,30.06%,,,,,,,,,88.50%,,,,,93.46%,70.96%,,,,,,,,,,,,86.24%,,,,,,,,,,,58.44%,,,,,,,53.43%,52.17%
2025-12-22 18:30,,,,,,,,,,,,,,30.16%,,,,,,,,,88.34%,,,,,92.64%,70.93%,,,,,,,,,,,,86.42%,,,,,,,,,,,59.74%,,,,,,,53.43%,52.24%
2025-12-22 19:30,,,,,,,,,,,,,,31.06%,,,,,,,,,88.39%,,,,,89.62%,71.14%,,,,,,,,,,,,86.66%,,,,,,,,,,,60.49%,,,,,,,53.44%,52.31%
2025-12-22 20:30,,,,,,,,,,,,,,31.74%,,,,,,,,,88.36%,,,,,91.86%,71.16%,,,,,,,,,,,,86.67%,,,,,,,,,,,,,,,,,,53.44%,52.22%
2025-12-22 21:30,,,,,,,,,,,,,,32.33%,,,,,,,,,88.42%,,,,,92.40%,71.15%,,,,,,,,,,,,86.71%,,,,,,,,,,,,,,,,,,,52.26%
2025-12-22 22:30,,,,,,,,,,,,,,33.51%,,,,,,,,,88.05%,,,,,93.23%,70.86%,,,,,,,,,,,,86.78%,,,,,,,,,,,,,,,,,,,52.33%
2025-12-22 23:30,,,,,,,,,,,,,,34.33%,,,,,,,,,88.37%,,,,,92.93%,71.10%,,,,,,,,,,,,86.67%,,,,,,,,,,,,,,,,,,,52.34%
2025-12-23 00:30,,,,,,,,,,,,,,35.38%,,,,,,,,,88.38%,,,,,94.64%,71.16%,,,,,,,,,,,,86.78%,,,,,,,,,,,,,,,,,,,52.30%
2025-12-23 01:30,,,,,,,,,,,,,,34.44%,,,,,,,,,88.35%,,,,,94.78%,71.19%,,,,,,,,,,,,86.80%,,,,,,,,,,,,,,,,,,,52.36%
2025-12-23 02:30,,,,,,,,,,,,,,29.75%,,,,,,,,,88.63%,,,,,95.63%,70.96%,,,,,,,,,,,,86.81%,,,,,,,,,,,,,,,,,,,52.43%
2025-12-23 03:30,,,,,,,,,,,,,,27.87%,,,,,,,,,88.78%,,,,,94.59%,71.15%,,,,,,,,,,,,86.81%,,,,,,,,,,,,,,,,,,,52.36%
2025-12-23 04:30,,,,,,,,,,,,,,28.63%,,,,,,,,,88.83%,,,,,94.69%,71.28%,,,,,,,,,,,,86.73%,,,,,,,,,,,,,,,,,,,52.39%
2025-12-23 05:30,,,,,,,,,,,,,,27.93%,,,,,,,,,88.95%,,,,,94.32%,71.23%,,,,,,,,,,,,86.63%,,,,,,,,,,,,,,,,,,,52.45%
2025-12-23 06:30,,,,,,,,,,,,,,28.49%,,,,,,,,,88.87%,,,,,94.23%,71.32%,,,,,,,,,,,,86.59%,,,,,,,,,,,,,,,,,,,52.45%
2025-12-23 07:30,,,,,,,,,,,,,,27.94%,,,,,,,,,88.90%,,,,,95.50%,71.30%,,,,,,,,,,,,86.59%,,,,,,,,,,,,,,,,,,,52.45%
2025-12-23 08:30,,,,,,,,,,,,,,29.06%,,,,,,,,,88.97%,,,,,95.92%,71.52%,,,,,,,,,,,,86.59%,,,,,,,,,,,,,,,,,,,52.48%
2025-12-23 09:30,,,,,,,,,,,,,,28.77%,,,,,,,,,89.00%,,,,,93.70%,71.45%,,,,,,,,,,,,86.60%,,,,,,,,,,,,,,,,,,,52.54%
2025-12-23 10:30,,,,,,,,,,,,,,31.84%,,,,,,,,,88.86%,,,,,93.53%,71.59%,,,,,,,,,,,,86.60%,,,,,,,,,,,,,,,,,,,52.48%
2025-12-23 11:30,,,,,,,,,,,,,,34.47%,,,,,,,,,88.99%,,,,,85.57%,71.64%,,,,,,,,,,,,85.90%,,,,,,,,,,,,,,,,,,,52.55%
2025-12-23 12:30,,,,,,,,,,,,,,39.36%,,,,,,,,,88.99%,,,,,90.32%,71.33%,,,,,,,,,,,,85.91%,,,,,,,,,,,,,,,,,,,52.57%
2025-12-23 13:30,,,,,,,,,,,,,,41.95%,,,,,,,,,88.99%,,,,,93.82%,69.46%,,,,,,,53.91%,,,,,86.92%,98.59%,,,,,,,,,,,,,,,,,,52.56%
2025-12-23 14:30,,,,,,,,,,,,,,41.65%,,,,,,,,,88.94%,,,,,93.20%,69.66%,,,,,,,59.21%,,,,,88.09%,98.61%,,,,,,,,,,,,,,,,,,52.57%
2025-12-23 15:30,,,,,,,,,,,,,,41.64%,,,,,,,,,89.08%,,,,,93.55%,70.96%,,,,,,,59.49%,,,,,89.64%,98.60%,,,,,,,,,,,,,,,,,,52.64%
2025-12-23 16:30,,,,,,,,,,,,,,41.68%,,,,,,,,,88.82%,,,,,84.82%,73.90%,,,,,,,59.09%,,,,,89.87%,98.77%,,,,,,,,,,,,,,,,,,52.60%
2025-12-23 17:30,,,,,,,,,,,,,,,,,,,,,,,,,,,,80.80%,,,,,,,,78.29%,,,,,88.83%,99.04%,,,,,,,,,,58.18%,,,,,,,,
2025-12-23 18:30,,,,,,,,,,,,,,,,,,,,,,,,,,,,82.27%,,,,,,,,73.03%,,,,,88.87%,99.12%,,,,,,,,,,57.72%,,,,,,,,
2025-12-23 19:30,,,,,,,,,,,,,,,,,,,,,,,,,,,,77.41%,,,,,,,,77.10%,,,,,88.90%,99.14%,,,,,,,,,,57.53%,,,,,,,,
2025-12-23 20:30,,,,,,,,,,,,,,,,,,,,,,,,,,,,78.48%,,,,,,,,,,,,,88.94%,,,,,,,,,,,,,,,,,,,
2025-12-23 21:30,,,,,,,,,,,,,,,,,,,,,,,,,,,,78.96%,,,,,,,,,,,,,89.00%,,,,,,,,,,,,,,,,,,,
2025-12-23 22:30,,,,,,,,,,,,,,,,,,,,,,,,,,,,79.27%,,,,,,,,,,,,,89.12%,,,,,,,,,,,,,,,,,,,
2025-12-23 23:30,,,,,,,,,,,,,,,,,,,,,,,,,,,,79.49%,,,,,,,,,,,,,89.16%,,,,,,,,,,,,,,,,,,,
2025-12-24 00:30,,,,,,,,,,,,,,,,,,,,,,,,,,,,80.13%,,,,,,,,,,,,,89.17%,,,,,,,,,,,,,,,,,,,
2025-12-24 01:30,,,,,,,,,,,,,,,,,,,,,,,,,,,,80.17%,,,,,,,,,,,,,89.19%,,,,,,,,,,,,,,,,,,,
2025-12-24 02:30,,,,,,,,,,,,,,,,,,,,,,,,,,,,80.36%,,,,,,,,,,,,,89.23%,,,,,,,,,,,,,,,,,,,
2025-12-24 03:30,,,,,,,,,,,,,,,,,,,,,,,,,,,,80.68%,,,,,,,,,,,,,89.27%,,,,,,,,,,,,,,,,,,,
2025-12-24 04:30,,,,,,,,,,,,,,,,,,,,,,,,,,,,80.83%,,,,,,,,,,,,,89.11%,,,,,,,,,,,,,,,,,,,
2025-12-24 05:30,,,,,,,,,,,,,,,,,,,,,,,,,,,,81.60%,,,,,,,,,,,,,89.08%,,,,,,,,,,,,,,,,,,,
2025-12-24 06:30,,,,,,,,,,,,,,,,,,,,,,,,,,,,81.79%,,,,,,,,,,,,,89.12%,,,,,,,,,,,,,,,,,,,
2025-12-24 07:30,,,,,,,,,,,,,,,,,,,,,,,,,,,,81.86%,,,,,,,,,,,,,89.16%,,,,,,,,,,,,,,,,,,,
2025-12-24 08:30,,,,,,,,,,,,,,,,,,,,,,,,,,,,81.90%,,,,,,,,,,,,,89.20%,,,,,,,,,,,,,,,,,,,
2025-12-24 09:30,,,,,,,,,,,,,,,,,,,,,,,,,,,,82.04%,,,,,,,,,,,,,89.34%,,,,,,,,,,,,,,,,,,,
2025-12-24 10:30,,,,,,,,,,,,,,,,,,,,,,,,,,,,82.30%,,,,,,,,,,,,,89.45%,,,,,,,,,,,,,,,,,,,
2025-12-24 11:30,,,,,,,,,,,,,,,,,,,,,,,,,,,,82.50%,,,,,,,,,,,,,89.49%,,,,,,,,,,,,,,,,,,,
2025-12-24 12:30,,,,,,,,,,,,,,,,,,,,,,,,,,,,82.19%,,,,,,,,73.05%,,,,,89.54%,99.23%,,,,,,,,,,,,,,,,,,
2025-12-24 13:30,,,,,,,,,,,,,,,,,,,,,,,,,,,,82.15%,,,,,,,,78.56%,,,,,89.37%,99.23%,,,,,,,,,,,,,,,,,,
2025-12-24 14:30,,,,,,,,,,,,,,,,,,,,,,,,,,,,82.34%,,,,,,,,77.98%,,,,,89.35%,99.22%,,,,,,,,,,,,,,,,,,
2025-12-24 15:30,,,,,,,,,,,,,,,,,,,,,,,,,,,,82.12%,,,,,,,,77.10%,,,,,89.39%,99.20%,,,,,,,,,,,,,,,,,,
2025-12-24 16:30,,,,,,,,,,,,,,,,,,,,,,,,,,,,81.79%,,,,,,,,67.34%,,,,,89.15%,99.17%,,,,,,,,,,,,,,,,,,
2025-12-24 17:30,,,,,,,,,,,,,,,,,,,,,,,,,,,,82.03%,,,,,,,,67.70%,,,,,89.19%,99.19%,,,,,,,,,,,,,,,,,,
2025-12-24 18:30,,,,,,,,,,,,,,,,,,,,,,,,,,,,82.15%,,,,,,,,67.87%,,,,,89.23%,99.19%,,,,,,,,,,,,,,,,,,
2025-12-24 19:30,,,,,,,,,,,,,,,,,,,,,,,,,,,,82.31%,,,,,,,,68.06%,,,,,89.28%,99.19%,,,,,,,,,,,,,,,,,,
2025-12-24 20:30,,,,,,,,,,,,,,,,,,,,,,,,,,,,82.08%,,,,,,,,,,,,,89.32%,,,,,,,,,,,,,,,,,,,
2025-12-24 21:30,,,,,,,,,,,,,,,,,,,,,,,,,,,,81.93%,,,,,,,,,,,,,89.36%,,,,,,,,,,,,,,,,,,,
2025-12-24 22:30,,,,,,,,,,,,,,,,,,,,,,,,,,,,82.08%,,,,,,,,,,,,,89.41%,,,,,,,,,,,,,,,,,,,
2025-12-24 23:30,,,,,,,,,,,,,,,,,,,,,,,,,,,,82.16%,,,,,,,,,,,,,89.45%,,,,,,,,,,,,,,,,,,,
2025-12-25 00:30,,,,,,,,,,,,,,,,,,,,,,,,,,,,82.08%,,,,,,,,,,,,,89.45%,,,,,,,,,,,,,,,,,,,
2025-12-25 01:30,,,,,,,,,,,,,,,,,,,,,,,,,,,,81.78%,,,,,,,,,,,,,89.48%,,,,,,,,,,,,,,,,,,,
2025-12-25 02:30,,,,,,,,,,,,,,,,,,,,,,,,,,,,81.77%,,,,,,,,,,,,,89.52%,,,,,,,,,,,,,,,,,,,
2025-12-25 03:30,,,,,,,,,,,,,,,,,,,,,,,,,,,,82.09%,,,,,,,,,,,,,89.50%,,,,,,,,,,,,,,,,,,,
2025-12-25 04:30,,,,,,,,,,,,,,,,,,,,,,,,,,,,82.68%,,,,,,,,,,,,,89.34%,,,,,,,,,,,,,,,,,,,
2025-12-25 05:30,,,,,,,,,,,,,,,,,,,,,,,,,,,,82.86%,,,,,,,,,,,,,89.38%,,,,,,,,,,,,,,,,,,,
2025-12-25 06:30,,,,,,,,,,,,,,,,,,,,,,,,,,,,83.00%,,,,,,,,,,,,,89.42%,,,,,,,,,,,,,,,,,,,
2025-12-25 07:30,,,,,,,,,,,,,,,,,,,,,,,,,,,,83.12%,,,,,,,,,,,,,89.46%,,,,,,,,,,,,,,,,,,,
2025-12-25 08:30,,,,,,,,,,,,,,,,,,,,,,,,,,,,83.24%,,,,,,,,,,,,,89.50%,,,,,,,,,,,,,,,,,,,
2025-12-25 09:30,,,,,,,,,,,,,,,,,,,,,,,,,,,,83.43%,,,,,,,,,,,,,89.54%,,,,,,,,,,,,,,,,,,,
2025-12-25 10:30,,,,,,,,,,,,,,,,,,,,,,,,,,,,83.58%,,,,,,,,,,,,,89.58%,,,,,,,,,,,,,,,,,,,
2025-12-25 11:30,,,,,,,,,,,,,,,,,,,,,,,,,,,,83.71%,,,,,,,,,,,,,89.62%,,,,,,,,,,,,,,,,,,,
2025-12-25 12:30,,,,,,,,,,,,,,,,,,,,,,,,,,,,83.69%,,,,,,,,,,,,,89.66%,,,,,,,,,,,,,,,,,,,
2025-12-25 13:30,,,,,,,,,,,,,,,,,,,,,,,,,,,,83.63%,,,,,,,,,,,,,89.70%,,,,,,,,,,,,,,,,,,,
2025-12-25 14:30,,,,,,,,,,,,,,,,,,,,,,,,,,,,83.68%,,,,,,,,,,,,,89.59%,,,,,,,,,,,,,,,,,,,
2025-12-25 15:30,,,,,,,,,,,,,,,,,,,,,,,,,,,,83.87%,,,,,,,,,,,,,89.39%,,,,,,,,,,,,,,,,,,,
2025-12-25 16:30,,,,,,,,,,,,,,,,,,,,,,,,,,,,83.82%,,,,,,,,,,,,,89.29%,,,,,,,,,,,,,,,,,,,
2025-12-25 17:30,,,,,,,,,,,,,,,,,,,,,,,,,,,,83.83%,,,,,,,,,,,,,89.33%,,,,,,,,,,,,,,,,,,,
2025-12-25 18:30,,,,,,,,,,,,,,,,,,,,,,,,,,,,83.60%,,,,,,,,,,,,,89.37%,,,,,,,,,,,,,,,,,,,
2025-12-25 19:30,,,,,,,,,,,,,,,,,,,,,,,,,,,,83.41%,,,,,,,,,,,,,89.41%,,,,,,,,,,,,,,,,,,,
2025-12-25 20:30,,,,,,,,,,,,,,,,,,,,,,,,,,,,83.50%,,,,,,,,,,,,,89.46%,,,,,,,,,,,,,,,,,,,
2025-12-25 21:30,,,,,,,,,,,,,,,,,,,,,,,,,,,,83.50%,,,,,,,,,,,,,89.50%,,,,,,,,,,,,,,,,,,,
2025-12-25 22:30,,,,,,,,,,,,,,,,,,,,,,,,,,,,83.52%,,,,,,,,,,,,,89.53%,,,,,,,,,,,,,,,,,,,
2025-12-25 23:30,,,,,,,,,,,,,,,,,,,,,,,,,,,,83.58%,,,,,,,,,,,,,89.57%,,,,,,,,,,,,,,,,,,,
2025-12-26 00:30,,,,,,,,,,,,,,,,,,,,,,,,,,,,83.73%,,,,,,,,,,,,,89.57%,,,,,,,,,,,,,,,,,,,
2025-12-26 01:30,,,,,,,,,,,,,,,,,,,,,,,,,,,,83.39%,,,,,,,,,,,,,89.60%,,,,,,,,,,,,,,,,,,,
2025-12-26 02:30,,,,,,,,,,,,,,,,,,,,,,,,,,,,83.44%,,,,,,,,,,,,,89.64%,,,,,,,,,,,,,,,,,,,
2025-12-26 03:30,,,,,,,,,,,,,,,,,,,,,,,,,,,,83.51%,,,,,,,,,,,,,89.49%,,,,,,,,,,,,,,,,,,,
2025-12-26 04:30,,,,,,,,,,,,,,,,,,,,,,,,,,,,83.76%,,,,,,,,,,,,,89.46%,,,,,,,,,,,,,,,,,,,
2025-12-26 05:30,,,,,,,,,,,,,,,,,,,,,,,,,,,,83.83%,,,,,,,,,,,,,89.50%,,,,,,,,,,,,,,,,,,,
2025-12-26 06:30,,,,,,,,,,,,,,,,,,,,,,,,,,,,83.52%,,,,,,,,,,,,,89.55%,,,,,,,,,,,,,,,,,,,
2025-12-26 07:30,,,,,,,,,,,,,,,,,,,,,,,,,,,,83.66%,,,,,,,,,,,,,89.59%,,,,,,,,,,,,,,,,,,,
2025-12-26 08:30,,,,,,,,,,,,,,,,,,,,,,,,,,,,83.62%,,,,,,,,,,,,,89.63%,,,,,,,,,,,,,,,,,,,
2025-12-26 09:30,,,,,,,,,,,,,,,,,,,,,,,,,,,,83.67%,,,,,,,,,,,,,89.67%,,,,,,,,,,,,,,,,,,,
2025-12-26 10:30,,,,,,,,,,,,,,,,,,,,,,,,,,,,83.89%,,,,,,,,,,,,,89.71%,,,,,,,,,,,,,,,,,,,
2025-12-26 11:30,,,,,,,,,,,,,,,,,,,,,,,,,,,,83.95%,,,,,,,,,,,,,89.74%,,,,,,,,,,,,,,,,,,,
2025-12-26 12:30,,,,,,,,,,,,,,,,,,,,,,,,,,,,83.90%,,,,,,,,,,,,,89.78%,,,,,,,,,,,,,,,,,,,
2025-12-26 13:30,,,,,,,,,,,,,,,,,,,,,,,,,,,,83.89%,,,,,,,,,,,,,89.82%,,,,,,,,,,,,,,,,,,,
2025-12-26 14:30,,,,,,,,,,,,,,,,,,,,,,,,,,,,83.92%,,,,,,,,,,,,,89.86%,,,,,,,,,,,,,,,,,,,
2025-12-26 15:30,,,,,,,,,,,,,,5.42%,,,,,,,,,,,,,,84.36%,72.58%,,,,,,,,,,,,89.62%,,,,,,,,,,,,,,,,,,,
2025-12-26 16:30,,,,,,,,,,,,,,12.96%,,,,,,,,,89.49%,,,,,84.20%,74.36%,,,,,,,,,,,,89.62%,,,,,,,,,,,,,,,,,,,
2025-12-26 17:30,,,,,,,,,,,,,,37.26%,,,,,,,,,89.28%,,,,,84.07%,80.95%,,,,,,,,,,,,89.67%,,,,,,,,,,,,,,,,,,,
2025-12-26 18:30,,,,,,,,,,,,,,38.36%,,,,,,,,,89.25%,,,,,83.84%,81.18%,,,,,,,,,,,,89.71%,,,,,,,,,,,,,,,,,,,
2025-12-26 19:30,,,,,,,,,,,,,,37.44%,,,,,,,,,89.39%,,,,,84.05%,80.91%,,,,,,,,,,,,89.75%,,,,,,,,,,,,,,,,,,,
2025-12-26 20:30,,,,,,,,,,,,,,37.41%,,,,,,,,,89.26%,,,,,84.08%,80.90%,,,,,,,,,,,,89.79%,,,,,,,,,,,,,,,,,,,
2025-12-26 21:30,,,,,,,,,,,,,,37.83%,,,,,,,,,89.58%,,,,,84.07%,81.05%,,,,,,,,,,,,89.83%,,,,,,,,,,,,,,,,,,,
2025-12-26 22:30,,,,,,,,,,,,,,37.53%,,,,,,,,,89.41%,,,,,84.11%,81.15%,,,,,,,,,,,,89.87%,,,,,,,,,,,,,,,,,,,
2025-12-26 23:30,,,,,,,,,,,,,,38.57%,,,,,,,,,89.77%,,,,,84.02%,81.26%,,,,,,,,,,,,89.91%,,,,,,,,,,,,,,,,,,,
2025-12-27 00:30,,,,,,,,,,,,,,37.60%,,,,,,,,,89.52%,,,,,84.17%,81.14%,,,,,,,,,,,,89.88%,,,,,,,,,,,,,,,,,,,
2025-12-27 01:30,,,,,,,,,,,,,,38.37%,,,,,,,,,89.55%,,,,,84.39%,81.17%,,,,,,,,,,,,89.86%,,,,,,,,,,,,,,,,,,,
2025-12-27 02:30,,,,,,,,,,,,,,38.34%,,,,,,,,,89.49%,,,,,84.58%,81.07%,,,,,,,,,,,,89.90%,,,,,,,,,,,,,,,,,,,
2025-12-27 03:30,,,,,,,,,,,,,,40.45%,,,,,,,,,89.29%,,,,,84.61%,80.98%,,,,,,,,,,,,89.95%,,,,,,,,,,,,,,,,,,,
2025-12-27 04:30,,,,,,,,,,,,,,37.53%,,,,,,,,,89.23%,,,,,84.84%,80.69%,,,,,,,,,,,,89.98%,,,,,,,,,,,,,,,,,,,
2025-12-27 05:30,,,,,,,,,,,,,,38.47%,,,,,,,,,89.37%,,,,,85.09%,80.90%,,,,,,,,,,,,90.03%,,,,,,,,,,,,,,,,,,,
2025-12-27 06:30,,,,,,,,,,,,,,38.47%,,,,,,,,,89.34%,,,,,82.11%,80.84%,,,,,,,,,,,,90.07%,,,,,,,,,,,,,,,,,,,
2025-12-27 07:30,,,,,,,,,,,,,,37.89%,,,,,,,,,89.43%,,,,,81.44%,80.66%,,,,,,,,,,,,90.12%,,,,,,,,,,,,,,,,,,,
2025-12-27 08:30,,,,,,,,,,,,,,37.38%,,,,,,,,,89.28%,,,,,81.51%,80.80%,,,,,,,,,,,,90.16%,,,,,,,,,,,,,,,,,,,
2025-12-27 09:30,,,,,,,,,,,,,,38.20%,,,,,,,,,89.41%,,,,,81.56%,81.10%,,,,,,,,,,,,90.20%,,,,,,,,,,,,,,,,,,,
2025-12-27 10:30,,,,,,,,,,,,,,37.81%,,,,,,,,,89.37%,,,,,81.73%,80.84%,,,,,,,,,,,,90.24%,,,,,,,,,,,,,,,,,,,
2025-12-27 11:30,,,,,,,,,,,,,,37.42%,,,,,,,,,89.47%,,,,,81.70%,80.72%,,,,,,,,,,,,90.28%,,,,,,,,,,,,,,,,,,,
2025-12-27 12:30,,,,,,,,,,,,,,37.93%,,,,,,,,,89.38%,,,,,81.90%,80.99%,,,,,,,,,,,,90.10%,,,,,,,,,,,,,,,,,,,
2025-12-27 13:30,,,,,,,,,,,,,,37.84%,,,,,,,,,89.51%,,,,,82.15%,81.11%,,,,,,,,,,,,90.07%,,,,,,,,,,,,,,,,,,,
2025-12-27 14:30,,,,,,,,,,,,,,37.20%,,,,,,,,,89.33%,,,,,82.61%,80.84%,,,,,,,,,,,,90.09%,,,,,,,,,,,,,,,,,,,
2025-12-27 15:30,,,,,,,,,,,,,,38.19%,,,,,,,,,89.52%,,,,,82.82%,81.07%,,,,,,,,,,,,90.10%,,,,,,,,,,,,,,,,,,,
2025-12-27 16:30,,,,,,,,,,,,,,38.34%,,,,,,,,,89.42%,,,,,82.64%,81.34%,,,,,,,,,,,,90.11%,,,,,,,,,,,,,,,,,,,
2025-12-27 17:30,,,,,,,,,,,,,,37.67%,,,,,,,,,89.44%,,,,,82.56%,81.47%,,,,,,,,,,,,90.14%,,,,,,,,,,,,,,,,,,,
2025-12-27 18:30,,,,,,,,,,,,,,37.19%,,,,,,,,,89.23%,,,,,82.65%,81.20%,,,,,,,,,,,,90.16%,,,,,,,,,,,,,,,,,,,
2025-12-27 19:30,,,,,,,,,,,,,,36.26%,,,,,,,,,89.42%,,,,,82.74%,81.03%,,,,,,,,,,,,90.24%,,,,,,,,,,,,,,,,,,,
2025-12-27 20:30,,,,,,,,,,,,,,38.14%,,,,,,,,,89.34%,,,,,82.72%,81.13%,,,,,,,,,,,,90.56%,,,,,,,,,,,,,,,,,,,
2025-12-27 21:30,,,,,,,,,,,,,,47.10%,,,,,,,,,89.53%,,,,,82.73%,81.22%,,,,,,,,,,,,90.57%,,,,,,,,,,,,,,,,,,,
2025-12-27 22:30,,,,,,,,,,,,,,36.63%,,,,,,,,,89.25%,,,,,82.68%,81.05%,,,,,,,,,,,,90.58%,,,,,,,,,,,,,,,,,,,
2025-12-27 23:30,,,,,,,,,,,,,,37.86%,,,,,,,,,89.38%,,,,,82.63%,81.29%,,,,,,,,,,,,90.59%,,,,,,,,,,,,,,,,,,,
2025-12-28 00:30,,,,,,,,,,,,,,41.25%,,,,,,,,,89.22%,,,,,82.64%,81.34%,,,,,,,,,,,,90.67%,,,,,,,,,,,,,,,,,,,
2025-12-28 01:30,,,,,,,,,,,,,,43.12%,,,,,,,,,89.42%,,,,,,81.29%,,,,,,,,,,,,,,,,,,,,,,,,,,,,,,,
2025-12-28 02:30,,,,,,,,,,,,,,38.19%,,,,,,,,,89.52%,,,,,,81.58%,,,,,,,,,,,,,,,,,,,,,,,,,,,,,,,
2025-12-28 03:30,,,,,,,,,,,,,,41.49%,,,,,,,,,89.41%,,,,,,81.94%,,,,,,,,,,,,,,,,,,,,,,,,,,,,,,,
2025-12-28 04:30,,,,,,,,,,,,,,47.34%,,,,,,,,,89.34%,,,,,,81.45%,,,,,,,,,,,,,,,,,,,,,,,,,,,,,,,
2025-12-28 05:30,,,,,,,,,,,,,,38.46%,,,,,,,,,89.53%,,,,,,81.48%,,,,,,,,,,,,,,,,,,,,,,,,,,,,,,,
2025-12-28 06:30,,,,,,,,,,,,,,38.27%,,,,,,,,,89.50%,,,,,,81.17%,,,,,,,,,,,,,,,,,,,,,,,,,,,,,,,
2025-12-28 07:30,,,,,,,,,,,,,,38.32%,,,,,,,,,89.59%,,,,,,81.00%,,,,,,,,,,,,,,,,,,,,,,,,,,,,,,,
2025-12-28 08:30,,,,,,,,,,,,,,37.74%,,,,,,,,,89.44%,,,,,,80.89%,,,,,,,,,,,,,,,,,,,,,,,,,,,,,,,
2025-12-28 09:30,,,,,,,,,,,,,,38.42%,,,,,,,,,89.53%,,,,,,81.20%,,,,,,,,,,,,,,,,,,,,,,,,,,,,,,,
2025-12-28 10:30,,,,,,,,,,,,,,38.01%,,,,,,,,,89.52%,,,,,,81.20%,,,,,,,,,,,,,,,,,,,,,,,,,,,,,,,
2025-12-28 11:30,,,,,,,,,,,,,,37.53%,,,,,,,,,89.55%,,,,,,80.85%,,,,,,,,,,,,,,,,,,,,,,,,,,,,,,,
2025-12-28 12:30,,,,,,,,,,,,,,38.11%,,,,,,,,,89.49%,,,,,,81.05%,,,,,,,,,,,,,,,,,,,,,,,,,,,,,,,
2025-12-28 13:30,,,,,,,,,,,,,,37.64%,,,,,,,,,89.54%,,,,,,81.01%,,,,,,,,,,,,,,,,,,,,,,,,,,,,,,,
2025-12-28 14:30,,,,,,,,,,,,,,38.06%,,,,,,,,,89.46%,,,,,,80.86%,,,,,,,,,,,,,,,,,,,,,,,,,,,,,,,
2025-12-28 15:30,,,,,,,,,,,,,,37.88%,,,,,,,,,89.55%,,,,,,80.37%,,,,,,,,,,,,,,,,,,,,,,,,,,,,,,,
2025-12-28 16:30,,,,,,,,,,,,,,37.71%,,,,,,,,,89.44%,,,,,,80.50%,,,,,,,,,,,,,,,,,,,,,,,,,,,,,,,
2025-12-28 17:30,,,,,,,,,,,,,,37.62%,,,,,,,,,89.59%,,,,,,80.70%,,,,,,,,,,,,,,,,,,,,,,,,,,,,,,,
2025-12-28 18:30,,,,,,,,,,,,,,37.63%,,,,,,,,,89.34%,,,,,,80.62%,,,,,,,,,,,,,,,,,,,,,,,,,,,,,,,
2025-12-28 19:30,,,,,,,,,,,,,,37.00%,,,,,,,,,89.34%,,,,,,80.56%,,,,,,,,,,,,,,,,,,,,,,,,,,,,,,,
2025-12-28 20:30,,,,,,,,,,,,,,37.67%,,,,,,,,,89.15%,,,,,,80.81%,,,,,,,,,,,,,,,,,,,,,,,,,,,,,,,
2025-12-28 21:30,,,,,,,,,,,,,,37.92%,,,,,,,,,89.40%,,,,,,81.07%,,,,,,,,,,,,,,,,,,,,,,,,,,,,,,,
2025-12-28 22:30,,,,,,,,,,,,,,37.38%,,,,,,,,,89.14%,,,,,,80.76%,,,,,,,,,,,,,,,,,,,,,,,,,,,,,,,
2025-12-28 23:30,,,,,,,,,,,,,,38.16%,,,,,,,,,89.41%,,,,,,80.82%,,,,,,,,,,,,,,,,,,,,,,,,,,,,,,,
2025-12-29 00:30,,,,,,,,,,,,,,37.63%,,,,,,,,,89.33%,,,,,,80.69%,,,,,,,,,,,,,,,,,,,,,,,,,,,,,,,
2025-12-29 01:30,,,,,,,,,,,,,,37.38%,,,,,,,,,89.41%,,,,,,80.85%,,,,,,,,,,,,,,,,,,,,,,,,,,,,,,,
2025-12-29 02:30,,,,,,,,,,,,,,38.38%,,,,,,,,,89.50%,,,,,,80.86%,,,,,,,,,,,,,,,,,,,,,,,,,,,,,,,
2025-12-29 03:30,,,,,,,,,,,,,,40.76%,,,,,,,,,89.39%,,,,,,80.89%,,,,,,,,,,,,,,,,,,,,,,,,,,,,,,,
2025-12-29 04:30,,,,,,,,,,,,,,37.32%,,,,,,,,,89.34%,,,,,,80.79%,,,,,,,,,,,,,,,,,,,,,,,,,,,,,,,
2025-12-29 05:30,,,,,,,,,,,,,,37.93%,,,,,,,,,89.52%,,,,,,80.72%,,,,,,,,,,,,,,,,,,,,,,,,,,,,,,,
2025-12-29 06:30,,,,,,,,,,,,,,37.71%,,,,,,,,,89.49%,,,,,,80.52%,,,,,,,,,,,,,,,,,,,,,,,,,,,,,,,
2025-12-29 07:30,,,,,,,,,,,,,,44.48%,,,,,,,,,89.63%,,,,,,80.57%,,,,,,,,,,,,,,,,,,,,,,,,,,,,,,,
2025-12-29 08:30,,,,,,,,,,,,,,41.34%,,,,,,,,,89.59%,,,,,,80.61%,,,,,,,,,,,,,,,,,,,,,,,,,,,,,,,
2025-12-29 09:30,,,,,,,,,,,,,,37.87%,,,,,,,,,89.58%,,,,,,80.69%,,,,,,,,,,,,,,,,,,,,,,,,,,,,,,,
2025-12-29 10:30,,,,,,,,,,,,,,38.20%,,,,,,,,,89.37%,,,,,,80.64%,,,,,,,,,,,,,,,,,,,,,,,,,,,,,,,
2025-12-29 11:30,,,,,,,,,,,,,,37.68%,,,,,,,,,89.41%,,,,,,80.43%,,,,,,,,,,,,,,,,,,,,,,,,,,,,,,,
2025-12-29 12:30,,,,,,,,,,,,,,37.62%,,,,,,,,,89.34%,,,,,,80.71%,,,,,,,,,,,,,,,,,,,,,,,,,,,,,,,
2025-12-29 13:30,,,,,,,,,,,,,,38.31%,,,,,,,,,89.49%,,,,,82.55%,80.88%,,,,,,,,,,,,,,,,,,,,,,,,,,,,,,,
2025-12-29 14:30,,,,,,,,,,,,,,37.98%,,,,,,,,,89.37%,,,,,78.49%,80.21%,,,,,,,,,,,,90.62%,,,,,,,,,,,,,,,,,,,
2025-12-29 15:30,,,,,,,,,,,,,,37.74%,,,,,,,,,89.50%,,,,,76.12%,80.15%,,,,,,,,,,,,90.62%,,,,,,,,,,,,,,,,,,,
2025-12-29 16:30,,,,,,,,,,,,,,38.48%,,,,,,,,,89.42%,,,,,35.85%,80.36%,,,,,,,,,,,,90.54%,,,,,,,,,,,57.62%,,,,,,,,
2025-12-29 17:30,,,,,,,,,,,,,,38.25%,,,,,,,,,89.58%,,,,,30.02%,80.36%,,,,,,,,,,,,90.30%,,,,,,,,,,,57.67%,,,,,,,,
2025-12-29 18:30,,,,,,,,,,,,,,37.86%,,,,,,,,,89.51%,,,,,30.09%,80.22%,,,,,,,,,,,,90.32%,,,,,,,,,,,57.70%,,,,,,,,
2025-12-29 19:30,,,,,,,,,,,,,,38.50%,,,,,,,,,89.57%,,,,,50.52%,80.48%,,,,,,,,,,,,90.35%,,,,,,,,,,,57.68%,,,,,,,,
2025-12-29 20:30,,,,,,,,,,,,,,35.64%,,,,,,,,,89.52%,,,,,73.01%,80.11%,,,,,,,,,,,,90.28%,,,,,,,,,,,,,,,,,,,
2025-12-29 21:30,,,,,,,,,,,,,,46.62%,,,,,,,,,89.73%,,,,,79.94%,80.27%,,,,,,,,,,,,90.26%,,,,,,,,,,,,,,,,,,,
2025-12-29 22:30,,,,,,,,,,,,,,38.24%,,,,,,,,,89.52%,,,,,85.61%,80.41%,,,,,,,,,,,,90.23%,,,,,,,,,,,,,,,,,,,
2025-12-29 23:30,,,,,,,,,,,,,,36.79%,,,,,,,,,89.83%,,,,,85.88%,80.36%,,,,,,,,,,,,90.19%,,,,,,,,,,,,,,,,,,,
2025-12-30 00:30,,,,,,,,,,,,,,41.13%,,,,,,,,,89.63%,,,,,86.22%,80.24%,,,,,,,,,,,,90.08%,,,,,,,,,,,,,,,,,,,
2025-12-30 01:30,,,,,,,,,,,,,,42.52%,,,,,,,,,89.70%,,,,,86.03%,80.38%,,,,,,,,,,,,90.04%,,,,,,,,,,,,,,,,,,,
2025-12-30 02:30,,,,,,,,,,,,,,41.04%,,,,,,,,,89.70%,,,,,86.14%,80.64%,,,,,,,,,,,,90.02%,,,,,,,,,,,,,,,,,,,
2025-12-30 03:30,,,,,,,,,,,,,,38.23%,,,,,,,,,89.26%,,,,,86.72%,80.86%,,,,,,,,,,,,90.02%,,,,,,,,,,,,,,,,,,,
2025-12-30 04:30,,,,,,,,,,,,,,46.69%,,,,,,,,,89.23%,,,,,86.54%,80.41%,,,,,,,,,,,,90.01%,,,,,,,,,,,,,,,,,,,
2025-12-30 05:30,,,,,,,,,,,,,,38.35%,,,,,,,,,89.45%,,,,,85.60%,80.49%,,,,,,,,,,,,90.00%,,,,,,,,,,,,,,,,,,,
2025-12-30 06:30,,,,,,,,,,,,,,37.02%,,,,,,,,,89.28%,,,,,85.32%,80.50%,,,,,,,,,,,,89.99%,,,,,,,,,,,,,,,,,,,
2025-12-30 07:30,,,,,,,,,,,,,,38.29%,,,,,,,,,89.40%,,,,,85.66%,80.64%,,,,,,,,,,,,89.98%,,,,,,,,,,,,,,,,,,,
2025-12-30 08:30,,,,,,,,,,,,,,38.31%,,,,,,,,,89.28%,,,,,85.55%,80.30%,,,,,,,,,,,,89.97%,,,,,,,,,,,,,,,,,,,
2025-12-30 09:30,,,,,,,,,,,,,,38.13%,,,,,,,,,89.32%,,,,,85.30%,80.25%,,,,,,,,,,,,89.96%,,,,,,,,,,,,,,,,,,,
2025-12-30 10:30,,,,,,,,,,,,,,38.09%,,,,,,,,,89.15%,,,,,85.67%,80.46%,,,,,,,,,,,,89.95%,,,,,,,,,,,,,,,,,,,
2025-12-30 11:30,,,,,,,,,,,,,,47.32%,,,,,,,,,89.26%,,,,,85.96%,80.33%,,,,,,,,,,,,89.93%,,,,,,,,,,,,,,,,,,,
2025-12-30 12:30,,,,,,,,,,,,,,38.32%,,,,,,,,,89.22%,,,,,88.14%,80.25%,,,,,,,,,,,,90.02%,,,,,,,,,,,57.54%,,,,,,,,
2025-12-30 13:30,,,,,,,,,,,,,,37.87%,,,,,,,,,89.45%,,,,,88.95%,80.33%,,,,,,,,,,,,90.30%,,,,,,,,,,,57.54%,,,,,,,,
2025-12-30 14:30,,,,,,,,,,,,,,38.41%,,,,,,,,,89.33%,,,,,86.83%,80.61%,,,,,,,,,,,,90.46%,,,,,,,,,,,57.55%,,,,,,,,
2025-12-30 15:30,,,,,,,,,,,,,,38.16%,,,,,,,,,89.51%,,,,,87.27%,80.56%,,,,,,,,,,,,90.67%,,,,,,,,,,,57.56%,,,,,,,,
2025-12-30 16:30,,,,,,,,,,,,,,37.80%,,,,,,,,,89.46%,,,,,88.70%,80.51%,,,,,,,,,,,,91.05%,,,,,,,,,,,57.56%,,,,,,,,
2025-12-30 17:30,,,,,,,,,,,,,,37.89%,,,,,,,,,89.51%,,,,,92.39%,80.16%,,,,,,,,,,,,91.53%,,,,,,,,,,,57.56%,,,,,,,,
2025-12-30 18:30,,,,,,,,,,,,,,37.99%,,,,,,,,,89.35%,,,,,92.19%,80.09%,,,,,,,,,,,,92.08%,,,,,,,,,,,57.56%,,,,,,,,
2025-12-30 19:30,,,,,,,,,,,,,,38.21%,,,,,,,,,89.47%,,,,,,80.18%,,,,,,,,,,,,,,,,,,,,,,,57.57%,,,,,,,,
2025-12-30 20:30,,,,,,,,,,,,,,38.22%,,,,,,,,,89.37%,,,,,,80.32%,,,,,,,,,,,,,,,,,,,,,,,,,,,,,,,
2025-12-30 21:30,,,,,,,,,,,,,,38.32%,,,,,,,,,89.63%,,,,,,80.38%,,,,,,,,,,,,,,,,,,,,,,,,,,,,,,,
2025-12-30 22:30,,,,,,,,,,,,,,38.55%,,,,,,,,,89.32%,,,,,,80.53%,,,,,,,,,,,,,,,,,,,,,,,,,,,,,,,
2025-12-30 23:30,,,,,,,,,,,,,,37.83%,,,,,,,,,89.41%,,,,,,80.42%,,,,,,,,,,,,,,,,,,,,,,,,,,,,,,,
2025-12-31 00:30,,,,,,,,,,,,,,38.57%,,,,,,,,,89.34%,,,,,,80.38%,,,,,,,,,,,,,,,,,,,,,,,,,,,,,,,
2025-12-31 01:30,,,,,,,,,,,,,,38.09%,,,,,,,,,89.42%,,,,,,80.38%,,,,,,,,,,,,,,,,,,,,,,,,,,,,,,,
2025-12-31 02:30,,,,,,,,,,,,,,40.76%,,,,,,,,,89.38%,,,,,,80.55%,,,,,,,,,,,,,,,,,,,,,,,,,,,,,,,
2025-12-31 03:30,,,,,,,,,,,,,,37.20%,,,,,,,,,89.25%,,,,,,80.34%,,,,,,,,,,,,,,,,,,,,,,,,,,,,,,,
2025-12-31 04:30,,,,,,,,,,,,,,46.63%,,,,,,,,,89.34%,,,,,,79.90%,,,,,,,,,,,,,,,,,,,,,,,,,,,,,,,
2025-12-31 05:30,,,,,,,,,,,,,,38.37%,,,,,,,,,89.41%,,,,,,80.14%,,,,,,,,,,,,,,,,,,,,,,,,,,,,,,,
2025-12-31 06:30,,,,,,,,,,,,,,37.94%,,,,,,,,,89.29%,,,,,,80.23%,,,,,,,,,,,,,,,,,,,,,,,,,,,,,,,
2025-12-31 07:30,,,,,,,,,,,,,,37.71%,,,,,,,,,89.54%,,,,,,80.25%,,,,,,,,,,,,,,,,,,,,,,,,,,,,,,,
2025-12-31 08:30,,,,,,,,,,,,,,36.48%,,,,,,,,,89.36%,,,,,,80.08%,,,,,,,,,,,,,,,,,,,,,,,,,,,,,,,
2025-12-31 09:30,,,,,,,,,,,,,,37.72%,,,,,,,,,89.50%,,,,,,80.20%,,,,,,,,,,,,,,,,,,,,,,,,,,,,,,,
2025-12-31 10:30,,,,,,,,,,,,,,37.82%,,,,,,,,,89.44%,,,,,,80.00%,,,,,,,,,,,,,,,,,,,,,,,,,,,,,,,
2025-12-31 11:30,,,,,,,,,,,,,,46.73%,,,,,,,,,89.54%,,,,,,80.06%,,,,,,,,,,,,,,,,,,,,,,,,,,,,,,,
2025-12-31 12:30,,,,,,,,,,,,,,37.86%,,,,,,,,,89.35%,,,,,,80.07%,,,,,,,,,,,,,,,,,,,,,,,,,,,,,,,
2025-12-31 13:30,,,,,,,,,,,,,,37.36%,,,,,,,,,89.46%,,,,,,79.93%,,,,,,,,,,,,,,,,,,,,,,,,,,,,,,,
2025-12-31 14:30,,,,,,,,,,,,,,37.72%,,,,,,,,,89.33%,,,,,,80.19%,,,,,,,,,,,,,,,,,,,,,,,,,,,,,,,
2025-12-31 15:30,,,,,,,,,,,,,,38.15%,,,,,,,,,89.47%,,,,,,80.25%,,,,,,,,,,,,,,,,,,,,,,,,,,,,,,,
2025-12-31 16:30,,,,,,,,,,,,,,37.03%,,,,,,,,,89.33%,,,,,,79.69%,,,,,,,,,,,,,,,,,,,,,,,,,,,,,,,
2025-12-31 17:30,,,,,,,,,,,,,,37.97%,,,,,,,,,89.51%,,,,,,79.92%,67.68%,,,,,,,,,,,,,,,,,,,,,,,,,,,,,,
2025-12-31 18:30,,,,,,,,,,,,,,38.16%,,,,,,,,,88.90%,,,,,,80.10%,65.80%,,,,,,,,,,,,,,,,,,,,,,,,,,,,,,
2025-12-31 19:30,,,,,,,,,,,,,,37.39%,,,,,,,,,89.20%,,,,,,80.07%,67.89%,,,,,,,,,,,,,,,,,,,,,,,,,,,,,,
2025-12-31 20:30,,,,,,,,,,,,,,38.03%,,,,,,,,,89.23%,,,,,,80.20%,,,,,,,,,,,,,,,,,,,,,,,,,,,,,,,
2025-12-31 21:30,,,,,,,,,,,,,,38.38%,,,,,,,,,89.43%,,,,,,80.39%,,,,,,,,,,,,,,,,,,,,,,,,,,,,,,,
2025-12-31 22:30,,,,,,,,,,,,,,37.69%,,,,,,,,,89.19%,,,,,,80.49%,,,,,,,,,,,,,,,,,,,,,,,,,,,,,,,
2025-12-31 23:30,,,,,,,,,,,,,,37.27%,,,,,,,,,89.49%,,,,,,80.10%,,,,,,,,,,,,,,,,,,,,,,,,,,,,,,,
2026-01-01 00:30,,,,,,,,,,,,,,38.09%,,,,,,,,,89.37%,,,,,,80.41%,,,,,,,,,,,,,,,,,,,,,,,,,,,,,,,
2026-01-01 01:30,,,,,,,,,,,,,,38.15%,,,,,,,,,89.37%,,,,,,80.51%,,,,,,,,,,,,,,,,,,,,,,,,,,,,,,,
2026-01-01 02:30,,,,,,,,,,,,,,38.35%,,,,,,,,,89.41%,,,,,,80.45%,,,,,,,,,,,,,,,,,,,,,,,,,,,,,,,
2026-01-01 03:30,,,,,,,,,,,,,,41.30%,,,,,,,,,89.32%,,,,,,80.37%,,,,,,,,,,,,,,,,,,,,,,,,,,,,,,,
2026-01-01 04:30,,,,,,,,,,,,,,47.10%,,,,,,,,,89.32%,,,,,,80.41%,,,,,,,,,,,,,,,,,,,,,,,,,,,,,,,
2026-01-01 05:30,,,,,,,,,,,,,,37.44%,,,,,,,,,89.40%,,,,,,80.27%,,,,,,,,,,,,,,,,,,,,,,,,,,,,,,,
2026-01-01 06:30,,,,,,,,,,,,,,38.18%,,,,,,,,,89.35%,,,,,,80.18%,,,,,,,,,,,,,,,,,,,,,,,,,,,,,,,
2026-01-01 07:30,,,,,,,,,,,,,,38.36%,,,,,,,,,89.48%,,,,,,80.37%,,,,,,,,,,,,,,,,,,,,,,,,,,,,,,,
2026-01-01 08:30,,,,,,,,,,,,,,37.87%,,,,,,,,,89.40%,,,,,,80.54%,,,,,,,,,,,,,,,,,,,,,,,,,,,,,,,
2026-01-01 09:30,,,,,,,,,,,,,,38.51%,,,,,,,,,89.48%,,,,,,80.45%,,,,,,,,,,,,,,,,,,,,,,,,,,,,,,,
2026-01-01 10:30,,,,,,,,,,,,,,37.83%,,,,,,,,,89.35%,,,,,,80.40%,,,,,,,,,,,,,,,,,,,,,,,,,,,,,,,
2026-01-01 11:30,,,,,,,,,,,,,,47.33%,,,,,,,,,89.42%,,,,,,80.44%,,,,,,,,,,,,,,,,,,,,,,,,,,,,,,,
2026-01-01 12:30,,,,,,,,,,,,,,37.58%,,,,,,,,,89.15%,,,,,,80.48%,,,,,,,,,,,,,,,,,,,,,,,,,,,,,,,
2026-01-01 13:30,,,,,,,,,,,,,,37.41%,,,,,,,,,89.15%,,,,,52.32%,80.22%,,,,,,,,,,,,91.84%,,,,,,,,,,,,,,,,,,,
2026-01-01 14:30,,,,,,,,,,,,,,37.77%,,,,,,,,,88.97%,,,,,51.44%,80.33%,,,,,,,,,,,,90.98%,,,,,,,,,,,,,,,,,,,
2026-01-01 15:30,,,,,,,,,,,,,,37.75%,,,,,,,,,89.18%,,,,,50.32%,80.53%,,,,,,,,,,,,91.17%,,,,,,,,,,,,,,,,,,,
2026-01-01 16:30,,,,,,,,,,,,,,38.33%,,,,,,,,,89.01%,,,,,50.57%,80.69%,,,,,,,,,,,,91.46%,,,,,,,,,,,,,,,,,,,
2026-01-01 17:30,,,,,,,,,,,,,,38.00%,,,,,,,,,89.13%,,,,,50.24%,80.42%,,,,,,,,,,,,91.74%,,,,,,,,,,,,,,,,,,,
2026-01-01 18:30,,,,,,,,,,,,,,38.11%,,,,,,,,,89.09%,,,,,49.88%,80.47%,,,,,,,,,,,,92.01%,,,,,,,,,,,,,,,,,,,
2026-01-01 19:30,,,,,,,,,,,,,,38.11%,,,,,,,,,89.23%,,,,,50.00%,80.70%,,,,,,,,,,,,92.29%,,,,,,,,,,,,,,,,,,,
2026-01-01 20:30,,,,,,,,,,,,,,37.99%,,,,,,,,,89.15%,,,,,49.74%,80.44%,,,,,,,,,,,,92.57%,,,,,,,,,,,,,,,,,,,
2026-01-01 21:30,,,,,,,,,,,,,,37.73%,,,,,,,,,89.42%,,,,,49.66%,80.45%,,,,,,,,,,,,92.84%,,,,,,,,,,,,,,,,,,,
2026-01-01 22:30,,,,,,,,,,,,,,37.46%,,,,,,,,,89.10%,,,,,49.71%,80.46%,,,,,,,,,,,,93.12%,,,,,,,,,,,,,,,,,,,
2026-01-01 23:30,,,,,,,,,,,,,,38.29%,,,,,,,,,89.48%,,,,,49.78%,80.89%,,,,,,,,,,,,93.40%,,,,,,,,,,,,,,,,,,,
2026-01-02 00:30,,,,,,,,,,,,,,45.10%,,,,,,,,,89.32%,,,,,49.84%,80.55%,,,,,,,,,,,,93.67%,,,,,,,,,,,,,,,,,,,
2026-01-02 01:30,,,,,,,,,,,,,,39.94%,,,,,,,,,89.43%,,,,,49.74%,80.42%,,,,,,,,,,,,93.95%,,,,,,,,,,,,,,,,,,,
2026-01-02 02:30,,,,,,,,,,,,,,41.43%,,,,,,,,,89.63%,,,,,49.72%,80.73%,,,,,,,,,,,,94.22%,,,,,,,,,,,,,,,,,,,
2026-01-02 03:30,,,,,,,,,,,,,,38.10%,,,,,,,,,89.26%,,,,,49.84%,80.69%,,,,,,,,,,,,94.30%,,,,,,,,,,,,,,,,,,,
2026-01-02 04:30,,,,,,,,,,,,,,37.80%,,,,,,,,,89.27%,,,,,49.79%,80.47%,,,,,,,,,,,,94.57%,,,,,,,,,,,,,,,,,,,
2026-01-02 05:30,,,,,,,,,,,,,,38.18%,,,,,,,,,89.51%,,,,,49.80%,80.74%,,,,,,,,,,,,95.09%,,,,,,,,,,,,,,,,,,,
2026-01-02 06:30,,,,,,,,,,,,,,37.55%,,,,,,,,,89.35%,,,,,49.88%,80.54%,,,,,,,,,,,,95.37%,,,,,,,,,,,,,,,,,,,
2026-01-02 07:30,,,,,,,,,,,,,,46.96%,,,,,,,,,89.48%,,,,,50.03%,80.28%,,,,,,,,,,,,95.64%,,,,,,,,,,,,,,,,,,,
2026-01-02 08:30,,,,,,,,,,,,,,37.95%,,,,,,,,,89.40%,,,,,50.36%,80.32%,,,,,,,,,,,,95.92%,,,,,,,,,,,,,,,,,,,
2026-01-02 09:30,,,,,,,,,,,,,,38.37%,,,,,,,,,89.46%,,,,,50.81%,80.67%,,,,,,,,,,,,96.20%,,,,,,,,,,,,,,,,,,,
2026-01-02 10:30,,,,,,,,,,,,,,38.62%,,,,,,,,,89.36%,,,,,50.98%,80.87%,,,,,,,,,,,,96.47%,,,,,,,,,,,,,,,,,,,
2026-01-02 11:30,,,,,,,,,,,,,,38.40%,,,,,,,,,89.48%,,,,,51.22%,80.46%,,,,,,,,,,,,96.75%,,,,,,,,,,,,,,,,,,,
2026-01-02 12:30,,,,,,,,,,,,,,38.23%,,,,,,,,,89.27%,,,,,51.44%,80.73%,,,,,,,,,,,,97.02%,,,,,,,,,,,,,,,,,,,
2026-01-02 13:30,,,,,,,,,,,,,,38.13%,,,,,,,,,89.26%,,,,,50.61%,80.71%,,,,,,,,,,,,97.27%,,,,,,,,,,,,,,,,,,,
2026-01-02 14:30,,,,,,,,,,,,,,37.88%,,,,,,,,,89.24%,,,,,48.51%,80.85%,,,,,,,,,,,,97.48%,,,,,,,,,,,,,,,,,,,
2026-01-02 15:30,,,,,,,,,,,,,,38.34%,,,,,,,,,89.38%,,,,,51.57%,80.61%,,,,,,,,,,,,97.74%,,,,,,,,,,,57.63%,,,,,,,,
2026-01-02 16:30,,,,,,,,,,,,,,38.05%,,,,,,,,,89.29%,,,,,51.27%,80.69%,,,,,,,,,,,,97.99%,,,,,,,,,,,57.69%,,,,,,,,
2026-01-02 17:30,,,,,,,,,,,,,,38.35%,,,,,,,,,89.42%,,,,,51.34%,81.03%,,,,,,,,,,,,98.24%,,,,,,,,,,,57.71%,,,,,,,,
2026-01-02 18:30,,,,,,,,,,,,,,38.04%,,,,,,,,,89.34%,,,,,51.56%,80.70%,,,,,,,,,,,,98.48%,,,,,,,,,,,57.70%,,,,,,,,
2026-01-02 19:30,,,,,,,,,,,,,,38.41%,,,,,,,,,89.47%,,,,,50.53%,80.85%,,,,,,,,,,,,98.74%,,,,,,,,,,,57.72%,,,,,,,,
2026-01-02 20:30,,,,,,,,,,,,,,38.44%,,,,,,,,,89.37%,,,,,50.48%,81.03%,,,,,,,,,,,,98.97%,,,,,,,,,,,,,,,,,,,
2026-01-02 21:30,,,,,,,,,,,,,,46.66%,,,,,,,,,89.57%,,,,,50.77%,81.01%,,,,,,,,,,,,99.18%,,,,,,,,,,,,,,,,,,,
2026-01-02 22:30,,,,,,,,,,,,,,37.13%,,,,,,,,,89.34%,,,,,51.13%,80.76%,,,,,,,,,,,,99.40%,,,,,,,,,,,,,,,,,,,
2026-01-02 23:30,,,,,,,,,,,,,,38.67%,,,,,,,,,89.74%,,,,,51.30%,80.92%,,,,,,,,,,,,99.40%,,,,,,,,,,,,,,,,,,,
2026-01-03 00:30,,,,,,,,,,,,,,37.39%,,,,,,,,,89.57%,,,,,52.83%,80.96%,,,,,,,,,,,,99.57%,,,,,,,,,,,,,,,,,,,
2026-01-03 01:30,,,,,,,,,,,,,,36.93%,,,,,,,,,89.73%,,,,,58.59%,80.84%,,,,,,,,,,,,99.85%,,,,,,,,,,,,,,,,,,,
2026-01-03 02:30,,,,,,,,,,,,,,40.51%,,,,,,,,,89.59%,,,,,61.15%,81.00%,,,,,,,,,,,,100.00%,,,,,,,,,,,,,,,,,,,
2026-01-03 03:30,,,,,,,,,,,,,,36.43%,,,,,,,,,89.20%,,,,,,80.95%,,,,,,,,,,,,,,,,,,,,,,,,,,,,,,,
2026-01-03 04:30,,,,,,,,,,,,,,46.08%,,,,,,,,,89.22%,,,,,,80.93%,,,,,,,,,,,,,,,,,,,,,,,,,,,,,,,
2026-01-03 05:30,,,,,,,,,,,,,,36.95%,,,,,,,,,89.44%,,,,,,80.93%,,,,,,,,,,,,,,,,,,,,,,,,,,,,,,,
2026-01-03 06:30,,,,,,,,,,,,,,38.12%,,,,,,,,,89.29%,,,,,,81.08%,,,,,,,,,,,,,,,,,,,,,,,,,,,,,,,
2026-01-03 07:30,,,,,,,,,,,,,,43.21%,,,,,,,,,89.39%,,,,,,80.91%,,,,,,,,,,,,,,,,,,,,,,,,,,,,,,,
2026-01-03 08:30,,,,,,,,,,,,,,42.23%,,,,,,,,,89.27%,,,,,,81.00%,,,,,,,,,,,,,,,,,,,,,,,,,,,,,,,
2026-01-03 09:30,,,,,,,,,,,,,,38.45%,,,,,,,,,89.38%,,,,,,81.13%,,,,,,,,,,,,,,,,,,,,,,,,,,,,,,,
2026-01-03 10:30,,,,,,,,,,,,,,37.91%,,,,,,,,,89.39%,,,,,,81.20%,,,,,,,,,,,,,,,,,,,,,,,,,,,,,,,
2026-01-03 11:30,,,,,,,,,,,,,,38.14%,,,,,,,,,89.47%,,,,,,81.14%,,,,,,,,,,,,,,,,,,,,,,,,,,,,,,,
2026-01-03 12:30,,,,,,,,,,,,,,38.50%,,,,,,,,,89.32%,,,,,,81.10%,,,,,,,,,,,,,,,,,,,,,,,,,,,,,,,
2026-01-03 13:30,,,,,,,,,,,,,,38.39%,,,,,,,,,89.15%,,,,,,81.04%,,,,,,,,,,,,,,,,,,,,,,,,,,,,,,,
2026-01-03 14:30,,,,,,,,,,,,,,36.93%,,,,,,,,,89.19%,,,,,,81.05%,,,,,,,,,,,,,,,,,,,,,,,,,,,,,,,
2026-01-03 15:30,,,,,,,,,,,,,,37.98%,,,,,,,,,89.30%,,,,,,81.12%,,,,,,,,,,,,,,,,,,,,,,,,,,,,,,,
2026-01-03 16:30,,,,,,,,,,,,,,38.77%,,,,,,,,,89.29%,,,,,,81.37%,,,,,,,,,,,,,,,,,,,,,,,,,,,,,,,
2026-01-03 17:30,,,,,,,,,,,,,,38.71%,,,,,,,,,89.32%,,,,,,81.39%,,,,,,,,,,,,,,,,,,,,,,,,,,,,,,,
2026-01-03 18:30,,,,,,,,,,,,,,38.12%,,,,,,,,,89.26%,,,,,,81.40%,,,,,,,,,,,,,,,,,,,,,,,,,,,,,,,
2026-01-03 19:30,,,,,,,,,,,,,,37.94%,,,,,,,,,89.38%,,,,,,81.28%,,,,,,,,,,,,,,,,,,,,,,,,,,,,,,,
2026-01-03 20:30,,,,,,,,,,,,,,36.96%,,,,,,,,,89.23%,,,,,,81.11%,,,,,,,,,,,,,,,,,,,,,,,,,,,,,,,
2026-01-03 21:30,,,,,,,,,,,,,,37.91%,,,,,,,,,89.49%,,,,,,81.22%,,,,,,,,,,,,,,,,,,,,,,,,,,,,,,,
2026-01-03 22:30,,,,,,,,,,,,,,38.84%,,,,,,,,,89.28%,,,,,,81.37%,,,,,,,,,,,,,,,,,,,,,,,,,,,,,,,
2026-01-03 23:30,,,,,,,,,,,,,,38.48%,,,,,,,,,89.68%,,,,,,81.51%,,,,,,,,,,,,,,,,,,,,,,,,,,,,,,,
2026-01-04 00:30,,,,,,,,,,,,,,37.53%,,,,,,,,,89.44%,,,,,,81.31%,,,,,,,,,,,,,,,,,,,,,,,,,,,,,,,
2026-01-04 01:30,,,,,,,,,,,,,,38.30%,,,,,,,,,89.44%,,,,,,81.33%,,,,,,,,,,,,,,,,,,,,,,,,,,,,,,,
2026-01-04 02:30,,,,,,,,,,,,,,41.16%,,,,,,,,,89.59%,,,,,,85.51%,,,,,,,,,,,,,,,,,,,,,,,,,,,,,,,
2026-01-04 03:30,,,,,,,,,,,,,,42.11%,,,,,,,,,89.46%,,,,,,88.00%,,,,,,,,,,,,,,,,,,,,,,,,,,,,,,,
2026-01-04 04:30,,,,,,,,,,,,,,39.86%,,,,,,,,,89.49%,,,,,,87.72%,,,,,,,,,,,,,,,,,,,,,,,,,,,,,,,
2026-01-04 05:30,,,,,,,,,,,,,,41.33%,,,,,,,,,89.67%,,,,,,88.02%,,,,,,,,,,,,,,,,,,,,,,,,,,,,,,,
2026-01-04 06:30,,,,,,,,,,,,,,40.46%,,,,,,,,,89.68%,,,,,,87.96%,,,,,,,,,,,,,,,,,,,,,,,,,,,,,,,
2026-01-04 07:30,,,,,,,,,,,,,,41.41%,,,,,,,,,89.43%,,,,,,88.01%,,,,,,,,,,,,,,,,,,,,,,,,,,,,,,,
2026-01-04 08:30,,,,,,,,,,,,,,39.69%,,,,,,,,,89.38%,,,,,,87.94%,,,,,,,,,,,,,,,,,,,,,,,,,,,,,,,
2026-01-04 09:30,,,,,,,,,,,,,,40.39%,,,,,,,,,89.52%,,,,,,87.92%,,,,,,,,,,,,,,,,,,,,,,,,,,,,,,,
2026-01-04 10:30,,,,,,,,,,,,,,39.23%,,,,,,,,,89.54%,,,,,,87.77%,,,,,,,,,,,,,,,,,,,,,,,,,,,,,,,
2026-01-04 11:30,,,,,,,,,,,,,,40.55%,,,,,,,,,89.53%,,,,,,87.99%,,,,,,,,,,,,,,,,,,,,,,,,,,,,,,,
2026-01-04 12:30,,,,,,,,,,,,,,41.22%,,,,,,,,,89.41%,,,,,,88.31%,,,,,,,,,,,,,,,,,,,,,,,,,,,,,,,
2026-01-04 13:30,,,,,,,,,,,,,,40.14%,,,,,,,,,89.54%,,,,,,88.14%,,,,,,,,,,,,,,,,,,,,,,,,,,,,,,,
2026-01-04 14:30,,,,,,,,,,,,,,40.73%,,,,,,,,,89.45%,,,,,,87.87%,,,,,,,,,,,,,,,,,,,,,,,,,,,,,,,
2026-01-04 15:30,,,,,,,,,,,,,,39.73%,,,,,,,,,89.51%,,,,,,87.67%,,,,,,,,,,,,,,,,,,,,,,,,,,,,,,,
2026-01-04 16:30,,,,,,,,,,,,,,40.75%,,,,,,,,,89.49%,,,,,,87.83%,,,,,,,,,,,,,,,,,,,,,,,,,,,,,,,
2026-01-04 17:30,,,,,,,,,,,,,,40.46%,,,,,,,,,89.62%,,,,,,87.73%,,,,,,,,,,,,,,,,,,,,,,,,,,,,,,,
2026-01-04 18:30,,,,,,,,,,,,,,41.14%,,,,,,,,,89.33%,,,,,,87.89%,,,,,,,,,,,,,,,,,,,,,,,,,,,,,,,
2026-01-04 19:30,,,,,,,,,,,,,,41.83%,,,,,,,,,89.51%,,,,,,88.13%,,,,,,,,,,,,,,,,,,,,,,,,,,,,,,,
2026-01-04 20:30,,,,,,,,,,,,,,42.10%,,,,,,,,,89.43%,,,,,,88.19%,,,,,,,,,,,,,,,,,,,,,,,,,,,,,,,
2026-01-04 21:30,,,,,,,,,,,,,,39.51%,,,,,,,,,89.67%,,,,,,87.67%,,,,,,,,,,,,,,,,,,,,,,,,,,,,,,,
2026-01-04 22:30,,,,,,,,,,,,,,40.88%,,,,,,,,,89.40%,,,,,,87.80%,,,,,,,,,,,,,,,,,,,,,,,,,,,,,,,
2026-01-04 23:30,,,,,,,,,,,,,,40.56%,,,,,,,,,89.67%,,,,,,87.95%,,,,,,,,,,,,,,,,,,,,,,,,,,,,,,,
2026-01-05 00:30,,,,,,,,,,,,,,41.27%,,,,,,,,,89.53%,,,,,,88.28%,,,,,,,,,,,,,,,,,,,,,,,,,,,,,,,
2026-01-05 01:30,,,,,,,,,,,,,,41.49%,,,,,,,,,89.43%,,,,,,88.32%,,,,,,,,,,,,,,,,,,,,,,,,,,,,,,,
2026-01-05 02:30,,,,,,,,,,,,,,41.39%,,,,,,,,,89.48%,,,,,,88.11%,,,,,,,,,,,,,,,,,,,,,,,,,,,,,,,
2026-01-05 03:30,,,,,,,,,,,,,,44.25%,,,,,,,,,88.99%,,,,,,88.06%,,,,,,,,,,,,,,,,,,,,,,,,,,,,,,,
2026-01-05 04:30,,,,,,,,,,,,,,39.13%,,,,,,,,,89.08%,,,,,,87.40%,,,,,,,,,,,,,,,,,,,,,,,,,,,,,,,
2026-01-05 05:30,,,,,,,,,,,,,,40.87%,,,,,,,,,89.05%,,,,,,87.64%,,,,,,,,,,,,,,,,,,,,,,,,,,,,,,,
2026-01-05 06:30,,,,,,,,,,,,,,41.51%,,,,,,,,,88.98%,,,,,,87.82%,,,,,,,,,,,,,,,,,,,,,,,,,,,,,,,
2026-01-05 07:30,,,,,,,,,,,,,,41.92%,,,,,,,,,89.19%,,,,,,87.81%,,,,,,,,,,,,,,,,,,,,,,,,,,,,,,,
2026-01-05 08:30,,,,,,,,,,,,,,42.13%,,,,,,,,,89.08%,,,,,,87.86%,,,,,,,,,,,,,,,,,,,,,,,,,,,,,,,
2026-01-05 09:30,,,,,,,,,,,,,,41.12%,,,,,,,,,89.22%,,,,,,87.84%,,,,,,,,,,,,,,,,,,,,,,,,,,,,,,,
2026-01-05 10:30,,,,,,,,,,,,,,41.16%,,,,,,,,,89.36%,,,,,,87.86%,,,,,,,,,,,,,,,,,,,,,,,,,,,,,,,
2026-01-05 11:30,,,,,,,,,,,,,,40.63%,,,,,,,,,89.37%,,,,,,87.92%,,,,,,,,,,,,,,,,,,,,,,,,,,,,,,,
2026-01-05 12:30,,,,,,,,,,,,,,41.59%,,,,,,,,,89.30%,,,,,,87.95%,,,,,,,,,,,,,,,,,,,,,,,,,,,,,,,
2026-01-05 13:30,,,,,,,,,,,,,,41.21%,,,,,,,,,89.16%,,,,,,88.06%,,,,,,,,,,,,,,,,,,,,,,,,,,,,,,,
2026-01-05 14:30,,,,,,,,,,,,,,40.36%,,,,,,,,,89.04%,,,,,,87.93%,,,,,,,,,,,,,,,,,,,,,,,,,,,,,,,
2026-01-05 15:30,,,,,,,,,,,,,,40.63%,,,,,,,,,89.25%,,,,,,88.04%,,,,,,,,,,,,,,,,,,,,,,,,,,,,,,,
2026-01-05 16:30,,,,,,,,,,,,,,40.17%,,,,,,,,,89.23%,,,,,,88.01%,,,,,,,,,,,,,,,,,,,,,,,,,,,,,,,
2026-01-05 17:30,,,,,,,,,,,,,,38.15%,,,,,,,,,89.34%,,,,,,87.57%,,,,,,,,,,,,,,,,,,,,,,,,,,,,,,,
2026-01-05 18:30,,,,,,,,,,,,,,40.98%,,,,,,,,,88.91%,,,,,,88.00%,,,,,,,,,,,,,,,,,,,,,,,,,,,,,,,
2026-01-05 19:30,,,,,,,,,,,,,,41.07%,,,,,,,,,89.11%,,,,,,88.08%,,,,,,,,,,,,,,,,,,,,,,,,,,,,,,,
2026-01-05 20:30,,,,,,,,,,,,,,40.38%,,,,,,,,,89.05%,,,,,,88.12%,,,,,,,,,,,,,,,,,,,,,,,,,,,,,,,
2026-01-05 21:30,,,,,,,,,,,,,,41.35%,,,,,,,,,89.17%,,,,,,88.15%,,,,,,,,,,,,,,,,,,,,,,,,,,,,,,,
2026-01-05 22:30,,,,,,,,,,,,,,40.02%,,,,,,,,,88.83%,,,,,,87.96%,,,,,,,,,,,,,,,,,,,,,,,,,,,,,,,
2026-01-05 23:30,,,,,,,,,,,,,,41.08%,,,,,,,,,89.24%,,,,,,88.08%,,,,,,,,,,,,,,,,,,,,,,,,,,,,,,,
2026-01-06 00:30,,,,,,,,,,,,,,39.64%,,,,,,,,,89.17%,,,,,,88.12%,,,,,,,,,,,,,,,,,,,,,,,,,,,,,,,
2026-01-06 01:30,,,,,,,,,,,,,,41.01%,,,,,,,,,89.21%,,,,,,88.31%,,,,,,,,,,,,,,,,,,,,,,,,,,,,,,,
2026-01-06 02:30,,,,,,,,,,,,,,42.79%,,,,,,,,,89.41%,,,,,,88.46%,,,,,,,,,,,,,,,,,,,,,,,,,,,,,,,
2026-01-06 03:30,,,,,,,,,,,,,,41.22%,,,,,,,,,89.52%,,,,,,88.71%,,,,,,,,,,,,,,,,,,,,,,,,,,,,,,,
2026-01-06 04:30,,,,,,,,,,,,,,39.66%,,,,,,,,,89.52%,,,,,,88.23%,,,,,,,,,,,,,,,,,,,,,,,,,,,,,,,
2026-01-06 05:30,,,,,,,,,,,,,,40.13%,,,,,,,,,89.77%,,,,,,88.33%,,,,,,,,,,,,,,,,,,,,,,,,,,,,,,,
2026-01-06 06:30,,,,,,,,,,,,,,41.11%,,,,,,,,,89.64%,,,,,,88.58%,,,,,,,,,,,,,,,,,,,,,,,,,,,,,,,
2026-01-06 07:30,,,,,,,,,,,,,,40.55%,,,,,,,,,89.62%,,,,,,88.66%,,,,,,,,,,,,,,,,,,,,,,,,,,,,,,,
2026-01-06 08:30,,,,,,,,,,,,,,40.34%,,,,,,,,,89.56%,,,,,,88.46%,,,,,,,,,,,,,,,,,,,,,,,,,,,,,,,
2026-01-06 09:30,,,,,,,,,,,,,,40.74%,,,,,,,,,89.75%,,,,,,88.58%,,,,,,,,,,,,,,,,,,,,,,,,,,,,,,,
2026-01-06 10:30,,,,,,,,,,,,,,40.46%,,,,,,,,,89.41%,,,,,,88.60%,,,,,,,,,,,,,,,,,,,,,,,,,,,,,,,
2026-01-06 11:30,,,,,,,,,,,,,,40.71%,,,,,,,,,89.47%,,,,,,88.59%,,,,,,,,,,,,,,,,,,,,,,,,,,,,,,,
2026-01-06 12:30,,,,,,,,,,,,,,41.40%,,,,,,,,,89.38%,,,,,,88.58%,,,,,,,,,,,,,,,,,,,,,,,,,,,,,,,
2026-01-06 13:30,,,,,,,,,,,,,,40.99%,,,,,,,,,89.62%,,,,,,88.74%,,,,,,,,,,,,,,,,,,,,,,,,,,,,,,,
2026-01-06 14:30,,,,,,,,,,,,,,41.32%,,,,,,,,,89.61%,,,,,,88.81%,,,,,,,,,,,,,,,,,,,,,,,,,,,,,,,
2026-01-06 15:30,,,,,,,,,,,,,,41.10%,,,,,,,,,89.74%,,,,,,88.61%,,,,,,,,,,,,,,,,,,,,,,,,,,,,,,,
2026-01-06 16:30,,,,,,,,,,,,,,41.13%,,,,,,,,,89.61%,,,,,,88.62%,,,,,,,,,,,,,,,,,,,,,,,,,,,,,,,
2026-01-06 17:30,,,,,,,,,,,,,,41.28%,,,,,,,,,89.77%,,,,,,88.73%,,,,,,,,,,,,,,,,,,,,,,,,,,,,,,,
2026-01-06 18:30,,,,,,,,,,,,,,41.21%,,,,,,,,,89.64%,,,,,,88.86%,,,,,,,,,,,,,,,,,,,,,,,,,,,,,,,
2026-01-06 19:30,,,,,,,,,,,,,,40.18%,,,,,,,,,89.76%,,,,,,88.58%,,,,,,,,,,,,,,,,,,,,,,,,,,,,,,,
2026-01-06 20:30,,,,,,,,,,,,,,39.83%,,,,,,,,,89.61%,,,,,,88.61%,,,,,,,,,,,,,,,,,,,,,,,,,,,,,,,
2026-01-06 21:30,,,,,,,,,,,,,,40.66%,,,,,,,,,89.92%,,,,,,88.79%,,,,,,,,,,,,,,,,,,,,,,,,,,,,,,,
2026-01-06 22:30,,,,,,,,,,,,,,40.72%,,,,,,,,,89.73%,,,,,,88.92%,,,,,,,,,,,,,,,,,,,,,,,,,,,,,,,
2026-01-06 23:30,,,,,,,,,,,,,,40.70%,,,,,,,,,89.83%,,,,,,88.86%,,,,,,,,,,,,,,,,,,,,,,,,,,,,,,,
2026-01-07 00:30,,,,,,,,,,,,,,39.55%,,,,,,,,,89.77%,,,,,,88.57%,,,,,,,,,,,,,,,,,,,,,,,,,,,,,,,
2026-01-07 01:30,,,,,,,,,,,,,,40.11%,,,,,,,,,89.75%,,,,,,88.25%,,,,,,,53.28%,,,,,,99.02%,,,,,,,,,,,,,,,,,,
2026-01-07 02:30,,,,,,,,,,,,,,42.75%,,,,,,,,,89.78%,,,,,,88.33%,,,,,,,,,,,,,,,,,,,,,,,,,,,,,,,
2026-01-07 03:30,,,,,,,,,,,,,,39.49%,,,,,,,,,89.41%,,,,,,88.09%,,,,,,,,,,,,,,,,,,,,,,,,,,,,,,,
2026-01-07 04:30,,,,,,,,,,,,,,40.21%,,,,,,,,,89.36%,,,,,,88.44%,,,,,,,,,,,,,,,,,,,,,,,,,,,,,,,
2026-01-07 05:30,,,,,,,,,,,,,,39.70%,,,,,,,,,89.47%,,,,,,88.37%,,,,,,,,,,,,,,,,,,,,,,,,,,,,,,,
2026-01-07 06:30,,,,,,,,,,,,,,40.02%,,,,,,,,,89.38%,,,,,,88.32%,,,,,,,,,,,,,,,,,,,,,,,,,,,,,,,
2026-01-07 07:30,,,,,,,,,,,,,,38.97%,,,,,,,,,89.41%,,,,,,88.21%,,,,,,,,,,,,,,,,,,,,,,,,,,,,,,,
2026-01-07 08:30,,,,,,,,,,,,,,40.08%,,,,,,,,,89.36%,,,,,,88.54%,,,,,,,,,,,,,,,,,,,,,,,,,,,,,,,
2026-01-07 09:30,,,,,,,,,,,,,,38.73%,,,,,,,,,89.59%,,,,,,88.39%,,,,,,,,,,,,,,,,,,,,,,,,,,,,,,,
2026-01-07 10:30,,,,,,,,,,,,,,39.40%,,,,,,,,,89.12%,,,,,,88.45%,,,,,,,,,,,,,,,,,,,,,,,,,,,,,,,
2026-01-07 11:30,,,,,,,,,,,,,,49.66%,,,,,,,,,89.38%,,,,,,88.36%,,,,,,,,,,,,,,,,,,,,,,,,,,,,,,,
2026-01-07 12:30,,,,,,,,,,,,,,40.34%,,,,,,,,,89.31%,,,,,,88.33%,,,,,,,,,,,,,,,,,,,,,,,,,,,,,,,
2026-01-07 13:30,,,,,,,,,,,,,,39.63%,,,,,,,,,89.49%,,,,,,88.24%,,,,,,,,,,,,,,,,,,,,,,,,,,,,,,,
2026-01-07 14:30,,,,,,,,,,,,,,37.36%,,,,,,,,,89.32%,,,,,,87.85%,,,,,,,,,,,,,,,,,,,,,,,,,,,,,,,
2026-01-07 15:30,,,,,,,,,,,,,,16.72%,,,,,,,,,89.48%,,,,,,85.44%,,,,,,,,,,,,,,,,,,,,,,,,,,,,,,,
2026-01-07 16:30,,,,,,,,,,,,,,17.25%,,,,,,,,,89.40%,,,,,,84.31%,,,,,,,,,,,,,,,,,,,,,,,,,,,,,,,
2026-01-07 17:30,,,,,,,,,,,,,,16.77%,,,,,,,,,89.52%,,,,,,83.49%,,,,,,,,,,,,,,,,,,,,,,,,,,,,,,,
2026-01-07 18:30,,,,,,,,,,,,,,17.08%,,,,,,,,,89.49%,,,,,,83.37%,,,,,,,,,,,,,,,,,,,,,,,,,,,,,,,
2026-01-07 19:30,,,,,,,,,,,,,,16.12%,,,,,,,,,89.52%,,,,,,83.27%,,,,,,,,,,,,,,,,,,,,,,,,,,,,,,,
2026-01-07 20:30,,,,,,,,,,,,,,36.80%,,,,,,,,,89.45%,,,,,,86.51%,,,,,,,,,,,,,,,,,,,,,,,,,,,,,,,
2026-01-07 21:30,,,,,,,,,,,,,,39.95%,,,,,,,,,89.77%,,,,,,86.71%,,,,,,,,,,,,,,,,,,,,,,,,,,,,,,,
2026-01-07 22:30,,,,,,,,,,,,,,39.32%,,,,,,,,,89.49%,,,,,,86.48%,,,,,,,,,,,,,,,,,,,,,,,,,,,,,,,
2026-01-07 23:30,,,,,,,,,,,,,,40.17%,,,,,,,,,89.84%,,,,,,86.18%,,,,,,,,,,,,,,,,,,,,,,,,,,,,,,,
2026-01-08 00:30,,,,,,,,,,,,,,39.18%,,,,,,,,,89.61%,,,,,,86.16%,,,,,,,,,,,,,,,,,,,,,,,,,,,,,,,
2026-01-08 01:30,,,,,,,,,,,,,,39.18%,,,,,,,,,89.62%,,,,,,86.11%,,,,,,,,,,,,,,,,,,,,,,,,,,,,,,,
2026-01-08 02:30,,,,,,,,,,,,,,41.77%,,,,,,,,,89.67%,,,,,,85.96%,,,,,,,,,,,,,,,,,,,,,,,,,,,,,,,
2026-01-08 03:30,,,,,,,,,,,,,,39.04%,,,,,,,,,89.18%,,,,,,86.08%,,,,,,,,,,,,,,,,,,,,,,,,,,,,,,,
2026-01-08 04:30,,,,,,,,,,,,,,38.81%,,,,,,,,,89.23%,,,,,,85.85%,,,,,,,,,,,,,,,,,,,,,,,,,,,,,,,
2026-01-08 05:30,,,,,,,,,,,,,,40.01%,,,,,,,,,89.40%,,,,,,85.61%,,,,,,,,,,,,,,,,,,,,,,,,,,,,,,,
2026-01-08 06:30,,,,,,,,,,,,,,39.23%,,,,,,,,,89.32%,,,,,,85.64%,,,,,,,,,,,,,,,,,,,,,,,,,,,,,,,
2026-01-08 07:30,,,,,,,,,,,,,,40.10%,,,,,,,,,89.46%,,,,,,85.94%,,,,,,,,,,,,,,,,,,,,,,,,,,,,,,,
2026-01-08 08:30,,,,,,,,,,,,,,46.07%,,,,,,,,,89.39%,,,,,,85.93%,,,,,,,,,,,,,,,,,,,,,,,,,,,,,,,
2026-01-08 09:30,,,,,,,,,,,,,,36.77%,,,,,,,,,89.39%,,,,,,85.08%,,,,,,,,,,,,,,,,,,,,,,,,,,,,,,,
2026-01-08 10:30,,,,,,,,,,,,,,15.99%,,,,,,,,,89.32%,,,,,,82.20%,,,,,,,,,,,,,,,,,,,,,,,,,,,,,,,
2026-01-08 11:30,,,,,,,,,,,,,,17.07%,,,,,,,,,89.46%,,,,,,82.30%,,,,,,,,,,,,,,,,,,,,,,,,,,,,,,,
2026-01-08 12:30,,,,,,,,,,,,,,16.89%,,,,,,,,,89.28%,,,,,,82.21%,,,,,,,,,,,,,,,,,,,,,,,,,,,,,,,
2026-01-08 13:30,,,,,,,,,,,,,,15.91%,,,,,,,,,89.43%,,,,,,82.08%,67.55%,,,,,,,,,,,,,,,,,,,,,,,,,,,,,,
2026-01-08 14:30,,,,,,,,,,,,,,15.90%,,,,,,,,,89.31%,,,,,,82.13%,69.38%,,,,,,,,,,,,,,,,,,,,,,,,,,,,,,
2026-01-08 15:30,,,,,,,,,,,,,,16.37%,,,,,,,,,89.39%,,,,,,82.19%,70.71%,,,,,,,,,,,,,,,,,,,,,,,,,,,,,,
2026-01-08 16:30,,,,,,,,,,,,,,16.84%,,,,,,,,,89.35%,,,,,,82.39%,71.91%,,,,,,,,,,,,,,,,,,,,,,,,,,,,,,
2026-01-08 17:30,,,,,,,,,,,,,,16.33%,,,,,,,,,89.45%,,,,,,82.22%,71.72%,,,,,,,,,,,,,,,,,,,,,,,,,,,,,,
2026-01-08 18:30,,,,,,,,,,,,,,16.52%,,,,,,,,,89.23%,,,,,,82.14%,72.30%,,,,,,,,,,,,,,,,,,,,,,,,,,,,,,
2026-01-08 19:30,,,,,,,,,,,,,,15.82%,,,,,,,,,89.39%,,,,,,82.13%,71.52%,,,,,,,,,,,,,,,,,,,,,,,,,,,,,,
2026-01-08 20:30,,,,,,,,,,,,,,37.16%,,,,,,,,,89.22%,,,,,,85.56%,,,,,,,,,,,,,,,,,,,,,,,,,,,,,,,
2026-01-08 21:30,,,,,,,,,,,,,,42.71%,,,,,,,,,89.36%,,,,,,86.27%,,,,,,,,,,,,,,,,,,,,,,,,,,,,,,,
2026-01-08 22:30,,,,,,,,,,,,,,45.76%,,,,,,,,,89.11%,,,,,,85.94%,,,,,,,,,,,,,,,,,,,,,,,,,,,,,,,
2026-01-08 23:30,,,,,,,,,,,,,,40.29%,,,,,,,,,89.40%,,,,,,86.40%,,,,,,,,,,,,,,,,,,,,,,,,,,,,,,,
2026-01-09 00:30,,,,,,,,,,,,,,40.11%,,,,,,,,,89.43%,,,,,,86.43%,,,,,,,,,,,,,,,,,,,,,,,,,,,,,,,
2026-01-09 01:30,,,,,,,,,,,,,,40.11%,,,,,,,,,89.41%,,,,,,86.60%,,,,,,,,,,,,,,,,,,,,,,,,,,,,,,,
2026-01-09 02:30,,,,,,,,,,,,,,40.58%,,,,,,,,,89.49%,,,,,,86.48%,,,,,,,,,,,,,,,,,,,,,,,,,,,,,,,
2026-01-09 03:30,,,,,,,,,,,,,,43.13%,,,,,,,,,89.56%,,,,,,86.42%,,,,,,,,,,,,,,,,,,,,,,,,,,,,,,,
2026-01-09 04:30,,,,,,,,,,,,,,42.01%,,,,,,,,,89.51%,,,,,,86.20%,,,,,,,,,,,,,,,,,,,,,,,,,,,,,,,
2026-01-09 05:30,,,,,,,,,,,,,,47.57%,,,,,,,,,89.58%,,,,,,86.13%,,,,,,,,,,,,,,,,,,,,,,,,,,,,,,,
2026-01-09 06:30,,,,,,,,,,,,,,39.68%,,,,,,,,,89.60%,,,,,,85.68%,,,,,,,,,,,,,,,,,,,,,,,,,,,,,,,
2026-01-09 07:30,,,,,,,,,,,,,,38.44%,,,,,,,,,89.69%,,,,,,85.61%,,,,,,,,,,,,,,,,,,,,,,,,,,,,,,,
2026-01-09 08:30,,,,,,,,,,,,,,38.53%,,,,,,,,,89.61%,,,,,,85.71%,,,,,,,,,,,,,,,,,,,,,,,,,,,,,,,
2026-01-09 09:30,,,,,,,,,,,,,,40.24%,,,,,,,,,89.68%,,,,,,86.10%,,,,,,,,,,,,,,,,,,,,,,,,,,,,,,,
2026-01-09 10:30,,,,,,,,,,,,,,40.75%,,,,,,,,,89.36%,,,,,,86.37%,,,,,,,,,,,,,,,,,,,,,,,,,,,,,,,
2026-01-09 11:30,,,,,,,,,,,,,,40.28%,,,,,,,,,89.62%,,,,,,86.35%,,,,,,,,,,,,,,,,,,,,,,,,,,,,,,,
2026-01-09 12:30,,,,,,,,,,,,,,47.32%,,,,,,,,,89.37%,,,,,,85.97%,55.73%,,,,,,,,,,,,,,,,,,,,,,,,,,,,,,
2026-01-09 13:30,,,,,,,,,,,,,,19.46%,,,,,,,,,89.56%,,,,,,83.10%,68.88%,,,,,,,,,,,,,,,,,,,,,,,,,,,,,,
2026-01-09 14:30,,,,,,,,,,,,,,16.75%,,,,,,,,,89.48%,,,,,,82.66%,67.10%,,,,,,,,,,,,,,,,,,,,,,,,,,,,,,
2026-01-09 15:30,,,,,,,,,,,,,,17.01%,,,,,,,,,89.62%,,,,,,82.64%,67.90%,,,,,,,,,,,,,,,,,,,,,,,,,,,,,53.08%,
2026-01-09 16:30,,,,,,,,,,,,,,15.60%,,,,,,,,,89.56%,,,,,,82.46%,68.38%,,,,,,,,,,,,,,,,,,,,,,,,,,,,,52.78%,
2026-01-09 17:30,,,,,,,,,,,,,,15.94%,,,,,,,,,89.65%,,,,,,82.47%,68.40%,,,,,,,,,,,,,,,,,,,,,,,,,,,,,,
2026-01-09 18:30,,,,,,,,,,,,,,16.71%,,,,,,,,,89.63%,,,,,,82.57%,69.11%,,,,,,,,,,,,,,,,,,,,,,,,,,,,,,
2026-01-09 19:30,,,,,,,,,,,,,,16.09%,,,,,,,,,89.70%,,,,,,82.49%,68.48%,,,,,,,,,,,,,,,,,,,,,,,,,,,,,,
2026-01-09 20:30,,,,,,,,,,,,,,37.07%,,,,,,,,,89.59%,,,,,,85.79%,,,,,,,,,,,,,,,,,,,,,,,,,,,,,,,
2026-01-09 21:30,,,,,,,,,,,,,,39.12%,,,,,,,,,89.71%,,,,,,86.08%,,,,,,,,,,,,,,,,,,,,,,,,,,,,,,,
2026-01-09 22:30,,,,,,,,,,,,,,39.53%,,,,,,,,,89.46%,,,,,,86.35%,,,,,,,,,,,,,,,,,,,,,,,,,,,,,,,
2026-01-09 23:30,,,,,,,,,,,,,,40.13%,,,,,,,,,89.71%,,,,,,86.37%,,,,,,,,,,,,,,,,,,,,,,,,,,,,,,,
2026-01-10 00:30,,,,,,,,,,,,,,39.54%,,,,,,,,,89.57%,,,,,,86.60%,,,,,,,,,,,,,,,,,,,,,,,,,,,,,,,
2026-01-10 01:30,,,,,,,,,,,,,,49.05%,,,,,,,,,89.70%,,,,,,86.68%,,,,,,,,,,,,,,,,,,,,,,,,,,,,,,,
2026-01-10 02:30,,,,,,,,,,,,,,42.90%,,,,,,,,,89.65%,,,,,,86.55%,,,,,,,,,,,,,,,,,,,,,,,,,,,,,,,
2026-01-10 03:30,,,,,,,,,,,,,,40.20%,,,,,,,,,89.75%,,,,,,86.43%,,,,,,,,,,,,,,,,,,,,,,,,,,,,,,,
2026-01-10 04:30,,,,,,,,,,,,,,40.08%,,,,,,,,,89.76%,,,,,,86.33%,,,,,,,,,,,,,,,,,,,,,,,,,,,,,,,
2026-01-10 05:30,,,,,,,,,,,,,,48.68%,,,,,,,,,89.92%,,,,,,86.51%,,,,,,,,,,,,,,,,,,,,,,,,,,,,,,,
2026-01-10 06:30,,,,,,,,,,,,,,40.34%,,,,,,,,,89.73%,,,,,,86.48%,,,,,,,,,,,,,,,,,,,,,,,,,,,,,,,
2026-01-10 07:30,,,,,,,,,,,,,,39.78%,,,,,,,,,89.89%,,,,,,86.51%,,,,,,,,,,,,,,,,,,,,,,,,,,,,,,,
2026-01-10 08:30,,,,,,,,,,,,,,48.93%,,,,,,,,,89.89%,,,,,,86.43%,,,,,,,,,,,,,,,,,,,,,,,,,,,,,,,
2026-01-10 09:30,,,,,,,,,,,,,,39.65%,,,,,,,,,89.94%,,,,,,86.49%,,,,,,,,,,,,,,,,,,,,,,,,,,,,,,,
2026-01-10 10:30,,,,,,,,,,,,,,40.24%,,,,,,,,,89.63%,,,,,,86.39%,,,,,,,,,,,,,,,,,,,,,,,,,,,,,,,
2026-01-10 11:30,,,,,,,,,,,,,,40.36%,,,,,,,,,89.72%,,,,,,86.40%,,,,,,,,,,,,,,,,,,,,,,,,,,,,,,,
2026-01-10 12:30,,,,,,,,,,,,,,47.67%,,,,,,,,,89.56%,,,,,,86.39%,,,,,,,,,,,,,,,,,,,,,,,,,,,,,,,
2026-01-10 13:30,,,,,,,,,,,,,,40.18%,,,,,,,,,89.73%,,,,,,86.72%,,,,,,,,,,,,,,,,,,,,,,,,,,,,,,,
2026-01-10 14:30,,,,,,,,,,,,,,40.28%,,,,,,,,,89.69%,,,,,,86.74%,,,,,,,,,,,,,,,,,,,,,,,,,,,,,,,
2026-01-10 15:30,,,,,,,,,,,,,,40.30%,,,,,,,,,89.69%,,,,,,86.67%,,,,,,,,,,,,,,,,,,,,,,,,,,,,,,,
2026-01-10 16:30,,,,,,,,,,,,,,38.47%,,,,,,,,,89.61%,,,,,,86.49%,,,,,,,,,,,,,,,,,,,,,,,,,,,,,,,
2026-01-10 17:30,,,,,,,,,,,,,,40.54%,,,,,,,,,89.66%,,,,,,86.52%,,,,,,,,,,,,,,,,,,,,,,,,,,,,,,,
2026-01-10 18:30,,,,,,,,,,,,,,41.05%,,,,,,,,,89.56%,,,,,,86.73%,,,,,,,,,,,,,,,,,,,,,,,,,,,,,,,
2026-01-10 19:30,,,,,,,,,,,,,,40.33%,,,,,,,,,89.73%,,,,,,86.63%,,,,,,,,,,,,,,,,,,,,,,,,,,,,,,,
2026-01-10 20:30,,,,,,,,,,,,,,39.84%,,,,,,,,,89.58%,,,,,,86.58%,,,,,,,,,,,,,,,,,,,,,,,,,,,,,,,
2026-01-10 21:30,,,,,,,,,,,,,,47.95%,,,,,,,,,89.91%,,,,,,86.64%,,,,,,,,,,,,,,,,,,,,,,,,,,,,,,,
2026-01-10 22:30,,,,,,,,,,,,,,40.14%,,,,,,,,,89.63%,,,,,,86.85%,,,,,,,,,,,,,,,,,,,,,,,,,,,,,,,
2026-01-10 23:30,,,,,,,,,,,,,,40.62%,,,,,,,,,89.83%,,,,,,86.90%,,,,,,,,,,,,,,,,,,,,,,,,,,,,,,,
2026-01-11 00:30,,,,,,,,,,,,,,39.68%,,,,,,,,,89.73%,,,,,,86.80%,,,,,,,,,,,,,,,,,,,,,,,,,,,,,,,
2026-01-11 01:30,,,,,,,,,,,,,,40.05%,,,,,,,,,89.77%,,,,,,86.83%,,,,,,,,,,,,,,,,,,,,,,,,,,,,,,,
2026-01-11 02:30,,,,,,,,,,,,,,43.45%,,,,,,,,,89.85%,,,,,,87.22%,,,,,,,,,,,,,,,,,,,,,,,,,,,,,,,
2026-01-11 03:30,,,,,,,,,,,,,,40.00%,,,,,,,,,89.06%,,,,,,87.14%,,,,,,,,,,,,,,,,,,,,,,,,,,,,,,,
2026-01-11 04:30,,,,,,,,,,,,,,41.02%,,,,,,,,,89.06%,,,,,,87.35%,,,,,,,,,,,,,,,,,,,,,,,,,,,,,,,
2026-01-11 05:30,,,,,,,,,,,,,,40.99%,,,,,,,,,89.38%,,,,,,87.43%,,,,,,,,,,,,,,,,,,,,,,,,,,,,,,,
2026-01-11 06:30,,,,,,,,,,,,,,41.01%,,,,,,,,,89.28%,,,,,,87.45%,,,,,,,,,,,,,,,,,,,,,,,,,,,,,,,
2026-01-11 07:30,,,,,,,,,,,,,,41.18%,,,,,,,,,89.34%,,,,,,87.37%,,,,,,,,,,,,,,,,,,,,,,,,,,,,,,,
2026-01-11 08:30,,,,,,,,,,,,,,41.43%,,,,,,,,,89.15%,,,,,,87.65%,,,,,,,,,,,,,,,,,,,,,,,,,,,,,,,
2026-01-11 09:30,,,,,,,,,,,,,,25.27%,,,,,,,,,89.23%,,,,,,85.53%,,,,,,,,,,,,,,,,,,,,,,,,,,,,,,,
2026-01-11 10:30,,,,,,,,,,,,,,17.12%,,,,,,,,,89.16%,,,,,,84.34%,,,,,,,,,,,,,,,,,,,,,,,,,,,,,,,
2026-01-11 11:30,,,,,,,,,,,,,,19.76%,,,,,,,,,89.33%,,,,,,84.18%,,,,,,,,,,,,,,,,,,,,,,,,,,,,,,,
2026-01-11 12:30,,,,,,,,,,,,,,27.56%,,,,,,,,,89.18%,,,,,,84.80%,,,,,,,,,,,,,,,,,,,,,,,,,,,,,,,
2026-01-11 13:30,,,,,,,,,,,,,,22.06%,,,,,,,,,89.34%,,,,,,85.10%,,,,,,,,,,,,,,,,,,,,,,,,,,,,,,,
2026-01-11 14:30,,,,,,,,,,,,,,23.31%,,,,,,,,,89.15%,,,,,,85.28%,,,,,,,,,,,,,,,,,,,,,,,,,,,,,,,
2026-01-11 15:30,,,,,,,,,,,,,,22.42%,,,,,,,,,89.29%,,,,,,85.11%,,,,,,,,,,,,,,,,,,,,,,,,,,,,,,,
2026-01-11 16:30,,,,,,,,,,,,,,22.27%,,,,,,,,,89.25%,,,,,,85.26%,,,,,,,,,,,,,,,,,,,,,,,,,,,,,,,
2026-01-11 17:30,,,,,,,,,,,,,,22.25%,,,,,,,,,89.27%,,,,,,85.21%,,,,,,,,,,,,,,,,,,,,,,,,,,,,,,,
2026-01-11 18:30,,,,,,,,,,,,,,23.00%,,,,,,,,,89.04%,,,,,,85.09%,,,,,,,,,,,,,,,,,,,,,,,,,,,,,,,
2026-01-11 19:30,,,,,,,,,,,,,,21.16%,,,,,,,,,89.24%,,,,,,84.82%,,,,,,,,,,,,,,,,,,,,,,,,,,,,,,,
2026-01-11 20:30,,,,,,,,,,,,,,16.54%,,,,,,,,,89.14%,,,,,,84.22%,,,,,,,,,,,,,,,,,,,,,,,,,,,,,,,
2026-01-11 21:30,,,,,,,,,,,,,,17.03%,,,,,,,,,89.53%,,,,,,84.14%,,,,,,,,,,,,,,,,,,,,,,,,,,,,,,,
2026-01-11 22:30,,,,,,,,,,,,,,16.79%,,,,,,,,,89.40%,,,,,,84.14%,,,,,,,,,,,,,,,,,,,,,,,,,,,,,,,
2026-01-11 23:30,,,,,,,,,,,,,,17.01%,,,,,,,,,89.57%,,,,,,84.11%,,,,,,,,,,,,,,,,,,,,,,,,,,,,,,,
2026-01-12 00:30,,,,,,,,,,,,,,17.27%,,,,,,,,,89.49%,,,,,,84.19%,,,,,,,,,,,,,,,,,,,,,,,,,,,,,,,
2026-01-12 01:30,,,,,,,,,,,,,,16.69%,,,,,,,,,89.52%,,,,,,84.10%,,,,,,,,,,,,,,,,,,,,,,,,,,,,,,,
2026-01-12 02:30,,,,,,,,,,,,,,20.06%,,,,,,,,,89.76%,,,,,,84.06%,,,,,,,,,,,,,,,,,,,,,,,,,,,,,,,
2026-01-12 03:30,,,,,,,,,,,,,,16.66%,,,,,,,,,89.73%,,,,,,84.14%,,,,,,,,,,,,,,,,,,,,,,,,,,,,,,,
2026-01-12 04:30,,,,,,,,,,,,,,15.94%,,,,,,,,,89.86%,,,,,,84.06%,,,,,,,,,,,,,,,,,,,,,,,,,,,,,,,
2026-01-12 05:30,,,,,,,,,,,,,,17.19%,,,,,,,,,89.94%,,,,,,84.27%,,,,,,,,,,,,,,,,,,,,,,,,,,,,,,,
2026-01-12 06:30,,,,,,,,,,,,,,16.90%,,,,,,,,,89.87%,,,,,,84.29%,,,,,,,,,,,,,,,,,,,,,,,,,,,,,,,
2026-01-12 07:30,,,,,,,,,,,,,,17.28%,,,,,,,,,89.96%,,,,,,84.34%,,,,,,,,,,,,,,,,,,,,,,,,,,,,,,,
2026-01-12 08:30,,,,,,,,,,,,,,16.36%,,,,,,,,,89.86%,,,,,,84.36%,,,,,,,,,,,,,,,,,,,,,,,,,,,,,,,
2026-01-12 09:30,,,,,,,,,,,,,,16.79%,,,,,,,,,90.02%,,,,,,84.34%,,,,,,,,,,,,,,,,,,,,,,,,,,,,,,,
2026-01-12 10:30,,,,,,,,,,,,,,17.78%,,,,,,,,,89.83%,,,,,,84.63%,,,,,,,,,,,,,,,,,,,,,,,,,,,,,,,
2026-01-12 11:30,,,,,,,,,,,,,,17.43%,,,,,,,,,90.01%,,,,,,84.55%,,,,,,,,,,,,,,,,,,,,,,,,,,,,,,,
2026-01-12 12:30,,,,,,,,,,,,,,16.13%,,,,,,,,,89.91%,,,,,,84.43%,,,,,,,,,,,,,,,,,,,,,,,57.78%,,,,,,,,
2026-01-12 13:30,,,,,,,,,,,,,,17.81%,,,,,,,,,89.96%,,,,,,84.78%,65.97%,,,,,,,,,,,,,,,,,,,,,,57.54%,,,,,,,,
2026-01-12 14:30,,,,,,,,,,,,,,17.08%,,,,,,,,,89.84%,,,,,,84.46%,67.03%,,,,,,,,,,,,,,,,,,,,,,57.54%,,,,,,,,
2026-01-12 15:30,,,,,,,,,,,,,,16.32%,,,,,,,,,89.91%,,,,,,84.30%,68.32%,,,,,,,,,,,,,,,,,,,,,,57.53%,,,,,,,,
2026-01-12 16:30,,,,,,,,,,,,,,16.69%,,,,,,,,,89.78%,,,,,,84.40%,68.31%,,,,,,,,,,,,,,,,,,,,,,57.53%,,,,,,,,
2026-01-12 17:30,,,,,,,,,,,,,,17.37%,,,,,,,,,90.01%,,,,,,84.56%,69.29%,,,,,,35.06%,,,,,,99.13%,,,,,,,,,,57.53%,,,,,,,,
2026-01-12 18:30,,,,,,,,,,,,,,17.07%,,,,,,,,,89.72%,,,,,,84.53%,69.41%,,,,,,34.45%,,,,,,99.13%,,,,,,,,,,57.51%,,,,,,,,
2026-01-12 19:30,,,,,,,,,,,,,,17.05%,,,,,,,,,89.83%,,,,,,84.52%,69.08%,,,,,,34.65%,,,,,,99.14%,,,,,,,,,,57.52%,,,,,,,,
2026-01-12 20:30,,,,,,,,,,,,,,38.43%,,,,,,,,,89.69%,,,,,,87.78%,,,,,,,,,,,,,,,,,,,,,,,,,,,,,,,
2026-01-12 21:30,,,,,,,,,,,,,,39.94%,,,,,,,,,89.90%,,,,,,88.04%,,,,,,,,,,,,,,,,,,,,,,,,,,,,,,,
2026-01-12 22:30,,,,,,,,,,,,,,39.41%,,,,,,,,,89.55%,,,,,,88.02%,,,,,,,,,,,,,,,,,,,,,,,,,,,,,,,
2026-01-12 23:30,,,,,,,,,,,,,,40.91%,,,,,,,,,89.70%,,,,,,88.14%,,,,,,,,,,,,,,,,,,,,,,,,,,,,,,,
2026-01-13 00:30,,,,,,,,,,,,,,41.07%,,,,,,,,,89.82%,,,,,,88.28%,,,,,,,,,,,,,,,,,,,,,,,,,,,,,,,
2026-01-13 01:30,,,,,,,,,,,,,,49.59%,,,,,,,,,89.67%,,,,,,88.31%,,,,,,,,,,,,,,,,,,,,,,,,,,,,,,,
2026-01-13 02:30,,,,,,,,,,,,,,44.17%,,,,,,,,,89.81%,,,,,,88.47%,,,,,,,,,,,,,,,,,,,,,,,,,,,,,,,
2026-01-13 03:30,,,,,,,,,,,,,,40.93%,,,,,,,,,89.57%,,,,,,88.53%,,,,,,,,,,,,,,,,,,,,,,,,,,,,,,,
2026-01-13 04:30,,,,,,,,,,,,,,40.85%,,,,,,,,,89.67%,,,,,,88.48%,,,,,,,,,,,,,,,,,,,,,,,,,,,,,,,
2026-01-13 05:30,,,,,,,,,,,,,,41.10%,,,,,,,,,89.84%,,,,,,88.36%,,,,,,,,,,,,,,,,,,,,,,,,,,,,,,,
2026-01-13 06:30,,,,,,,,,,,,,,39.43%,,,,,,,,,89.76%,,,,,,87.97%,,,,,,,,,,,,,,,,,,,,,,,,,,,,,,,
2026-01-13 07:30,,,,,,,,,,,,,,41.35%,,,,,,,,,89.91%,,,,,,88.35%,,,,,,,,,,,,,,,,,,,,,,,,,,,,,,,
2026-01-13 08:30,,,,,,,,,,,,,,41.25%,,,,,,,,,89.70%,,,,,,88.48%,,,,,,,,,,,,,,,,,,,,,,,,,,,,,,,
2026-01-13 09:30,,,,,,,,,,,,,,40.95%,,,,,,,,,89.86%,,,,,,88.59%,,,,,,,,,,,,,,,,,,,,,,,,,,,,,,,
2026-01-13 10:30,,,,,,,,,,,,,,40.90%,,,,,,,,,89.67%,,,,,,88.26%,,,,,,,,,,,,,,,,,,,,,,,,,,,,,,,
2026-01-13 11:30,,,,,,,,,,,,,,40.47%,,,,,,,,,89.54%,,,,,,88.30%,,,,,,,,,,,,,,,,,,,,,,,,,,,,,,,
2026-01-13 12:30,,,,,,,,,,,,,,41.08%,,,,,,,,,89.48%,,,,,,88.61%,,,,,,,,,,,,,,,,,,,,,,,,,,,,,,,
2026-01-13 13:30,,,,,,,,,,,,,,40.94%,,,,,,,,,89.55%,,,,,,88.54%,,,,,,,,,,,,,,,,,,,,,,,,,,,,,,,
2026-01-13 14:30,,,,,,,,,,,,,,40.64%,,,,,,,,,89.48%,,,,,,88.27%,,,,,,,31.20%,,,,,,98.77%,,,,,,,,,,,,,,,,,,
2026-01-13 15:30,,,,,,,,,,,,,,39.90%,,,,,,,,,89.77%,,,,,,88.29%,,,,,,,49.49%,,,,,,98.64%,,,,,,,,,,,,,,,,,,
2026-01-13 16:30,,,,,,,,,,,,,,40.26%,,,,,,,,,89.58%,,,,,,88.25%,,,,,,,63.01%,,,,,,98.74%,,,,,,,,,,,,,,,,,,
2026-01-13 17:30,,,,,,,,,,,,,,41.29%,,,,,,,,,89.62%,,,,,,88.34%,,,,,,,82.95%,,,,,,98.96%,,,,,,,,,,,,,,,,,,
2026-01-13 18:30,,,,,,,,,,,,,,40.15%,,,,,,,,,89.55%,,,,,,88.38%,,,,,,,83.70%,,,,,,98.98%,,,,,,,,,,,,,,,,,,
2026-01-13 19:30,,,,,,,,,,,,,,40.54%,,,,,,,,,89.71%,,,,,,88.08%,,,,,,,83.62%,,,,,,98.99%,,,,,,,,,,,,,,,,,,
2026-01-13 20:30,,,,,,,,,,,,,,40.89%,,,,,,,,,89.69%,,,,,,88.29%,,,,,,,,,,,,,,,,,,,,,,,,,,,,,,,
2026-01-13 21:30,,,,,,,,,,,,,,50.58%,,,,,,,,,89.88%,,,,,,88.26%,,,,,,,,,,,,,,,,,,,,,,,,,,,,,,,
2026-01-13 22:30,,,,,,,,,,,,,,41.35%,,,,,,,,,89.57%,,,,,,88.34%,,,,,,,,,,,,,,,,,,,,,,,,,,,,,,,
2026-01-13 23:30,,,,,,,,,,,,,,41.40%,,,,,,,,,89.75%,,,,,,88.23%,,,,,,,,,,,,,,,,,,,,,,,,,,,,,,,
2026-01-14 00:30,,,,,,,,,,,,,,41.07%,,,,,,,,,89.71%,,,,,,88.40%,,,,,,,,,,,,,,,,,,,,,,,,,,,,,,,
2026-01-14 01:30,,,,,,,,,,,,,,41.61%,,,,,,,,,89.72%,,,,,,88.68%,,,,,,,,,,,,,,,,,,,,,,,,,,,,,,,
2026-01-14 02:30,,,,,,,,,,,,,,41.88%,,,,,,,,,89.72%,,,,,,88.52%,,,,,,,,,,,,,,,,,,,,,,,,,,,,,,,
2026-01-14 03:30,,,,,,,,,,,,,,44.14%,,,,,,,,,89.19%,,,,,,88.59%,,,,,,,,,,,,,,,,,,,,,,,,,,,,,,,
2026-01-14 04:30,,,,,,,,,,,,,,41.12%,,,,,,,,,89.06%,,,,,,88.56%,,,,,,,,,,,,,,,,,,,,,,,,,,,,,,,
2026-01-14 05:30,,,,,,,,,,,,,,41.21%,,,,,,,,,89.24%,,,,,,88.60%,,,,,,,,,,,,,,,,,,,,,,,,,,,,,,,
2026-01-14 06:30,,,,,,,,,,,,,,41.33%,,,,,,,,,89.18%,,,,,,88.54%,,,,,,,,,,,,,,,,,,,,,,,,,,,,,,,
2026-01-14 07:30,,,,,,,,,,,,,,41.04%,,,,,,,,,89.29%,,,,,,88.43%,,,,,,,,,,,,,,,,,,,,,,,,,,,,,,,
2026-01-14 08:30,,,,,,,,,,,,,,40.81%,,,,,,,,,89.20%,,,,,,88.62%,,,,,,,,,,,,,,,,,,,,,,,,,,,,,,,
2026-01-14 09:30,,,,,,,,,,,,,,40.64%,,,,,,,,,89.40%,,,,,,88.50%,,,,,,,,,,,,,,,,,,,,,,,,,,,,,,,
2026-01-14 10:30,,,,,,,,,,,,,,41.39%,,,,,,,,,89.32%,,,,,,88.41%,,,,,,,,,,,,,,,,,,,,,,,,,,,,,,,
2026-01-14 11:30,,,,,,,,,,,,,,50.20%,,,,,,,,,89.51%,,,,,,88.31%,,,,,,,,,,,,,,,,,,,,,,,,,,,,,,,
2026-01-14 12:30,,,,,,,,,,,,,,40.40%,,,,,,,,,89.29%,,,,,,87.90%,,,,,,,,,,,,,,,,,,,,,,,,,,,,,,,
2026-01-14 13:30,,,,,,,,,,,,,,40.72%,,,,,,,,,89.47%,,,,,,87.39%,,,,,,,,,,,,,,,,,,,,,,,,,,,,,,,
2026-01-14 14:30,,,,,,,,,,,,,,40.52%,,,,,,,,,89.26%,,,,,,87.06%,,,,,,,,,,,,,,,,,,,,,,,,,,,,,,,
2026-01-14 15:30,98.19%,,,,,,,,,,,,,29.47%,,,,,,,,,89.24%,,,,,,85.35%,63.83%,,,,,,,,,,,,,,,,,,,,,,57.49%,,,,,53.52%,,,
2026-01-14 16:30,99.17%,,,,,,,,,,,,,16.51%,,,,,,,,,89.20%,,,,,,83.17%,65.41%,,,,,,,,,,,,,,,,,,,,,,57.49%,,,,,54.82%,,,
2026-01-14 17:30,99.71%,,,,,,,,,,,,,17.12%,,,,,,,,,89.29%,,,,,,83.29%,66.74%,,,,,,,,,,,,,,,,,,,,,,57.49%,,,,,54.89%,,,
2026-01-14 18:30,99.38%,,,,,,,,,,,,,16.79%,,,,,,,,,89.42%,,,,,,83.23%,67.57%,,,,,,,,,,,,,,,,,,,,,,57.50%,,,,,55.38%,,,
2026-01-14 19:30,99.76%,,,,,,,,,,,,,16.79%,,,,,,,,,89.26%,,,,,,83.19%,67.95%,,,,,,,,,,,,,,,,,,,,,,57.52%,,,,,55.63%,,,
2026-01-14 20:30,,,,,,,,,,,,,,38.10%,,,,,,,,,89.06%,,,,,,86.43%,,,,,,,,,,,,,,,,,,,,,,,,,,,,,,,
2026-01-14 21:30,,,,,,,,,,,,,,40.82%,,,,,,,,,89.34%,,,,,,86.79%,,,,,,,,,,,,,,,,,,,,,,,,,,,,,,,
2026-01-14 22:30,,,,,,,,,,,,,,40.75%,,,,,,,,,89.14%,,,,,,86.69%,,,,,,,,,,,,,,,,,,,,,,,,,,,,,,,
2026-01-14 23:30,,,,,,,,,,,,,,40.41%,,,,,,,,,89.33%,,,,,,86.60%,,,,,,,,,,,,,,,,,,,,,,,,,,,,,,,
2026-01-15 00:30,,,,,,,,,,,,,,42.59%,,,,,,,,,89.30%,,,,,,86.54%,,,,,,,,,,,,,,,,,,,,,,,,,,,,,,,
2026-01-15 01:30,,,,,,,,,,,,,,48.86%,,,,,,,,,89.26%,,,,,,85.78%,,,,,,,,,,,,,,,,,,,,,,,,,,,,,,,
2026-01-15 02:30,,,,,,,,,,,,,,40.40%,,,,,,,,,89.26%,,,,,,84.02%,,,,,,,,,,,,,,,,,,,,,,,,,,,,,,,
2026-01-15 03:30,,,,,,,,,,,,,,40.03%,,,,,,,,,89.35%,,,,,,84.33%,,,,,,,,,,,,,,,,,,,,,,,,,,,,,,,
2026-01-15 04:30,,,,,,,,,,,,,,37.68%,,,,,,,,,89.30%,,,,,,83.51%,,,,,,,,,,,,,,,,,,,,,,,,,,,,,,,
2026-01-15 05:30,,,,,,,,,,,,,,37.80%,,,,,,,,,89.38%,,,,,,83.23%,,,,,,,,,,,,,,,,,,,,,,,,,,,,,,,
2026-01-15 06:30,,,,,,,,,,,,,,39.13%,,,,,,,,,89.35%,,,,,,85.67%,,,,,,,,,,,,,,,,,,,,,,,,,,,,,,,
2026-01-15 07:30,,,,,,,,,,,,,,40.29%,,,,,,,,,89.50%,,,,,,85.64%,,,,,,,,,,,,,,,,,,,,,,,,,,,,,,,
2026-01-15 08:30,,,,,,,,,,,,,,42.30%,,,,,,,,,89.39%,,,,,,84.06%,,,,,,,,,,,,,,,,,,,,,,,,,,,,,,,
2026-01-15 09:30,,,,,,,,,,,,,,40.52%,,,,,,,,,89.46%,,,,,,85.19%,,,,,,,,,,,,,,,,,,,,,,,,,,,,,,,
2026-01-15 10:30,,,,,,,,,,,,,,39.41%,,,,,,,,,89.09%,,,,,,85.28%,,,,,,,,,,,,,,,,,,,,,,,,,,,,,,,
2026-01-15 11:30,,,,,,,,,,,,,,39.64%,,,,,,,,,89.25%,,,,,,85.72%,,,,,,,,,,,,,,,,,,,,,,,,,,,,,,,
2026-01-15 12:30,,,,,,,,,,,,,,40.70%,,,,,,,,,89.14%,,,,,,85.36%,,,,,,,,,,,,,,,,,,,,,,,,,,,,,,,
2026-01-15 13:30,,,,,,,,,,,,,,39.55%,,,,,,,,,89.38%,,,,,,86.32%,66.16%,,,,,,,,,,,,,,,,,,,,,,,,,,,,,,
2026-01-15 14:30,,,,,,,,,,,,,,,,,,,,,,,,,,,,,,68.66%,,,,,,,,,,,,,,,,,,,,,,,,,,,,,,
2026-01-15 15:30,,,,,,,,,,,,,,,,,,,,,,,,,,,,,,68.45%,,,,,,,,,,,,,,,,,,,,,,,,,,,,,,
2026-01-15 16:30,,,,,,,,,,,,,,,,,,,,,,,,,,,,,,69.07%,,,,,,,,,,,,,,,,,,,,,,,,,,,,,,
2026-01-15 17:30,,,,,,,,,,,,,,,,,,,,,,,,,,,,,,68.91%,,,,,,,,,,,,,,,,,,,,,,,,,,,,,,
2026-01-15 18:30,,,,,,,,,,,,,,,,,,,,,,,,,,,,,,69.83%,,,,,,,,,,,,,,,,,,,,,,,,,,,,,,
2026-01-15 19:30,98.80%,,,,,,,,,,,,,,,,,,,,,,,,,,,,,69.51%,,,,,,,,,,,,,,,,,,,,,,,,,,,53.31%,,,
2026-01-15 20:30,,,,,,,,,,,,,,,,,,,,,,,,,,,,,,,,,,,,,,,,,,,,,,,,,,,,,,,,,,,,
2026-01-15 21:30,,,,,,,,,,,,,,,,,,,,,,,,,,,,,,,,,,,,,,,,,,,,,,,,,,,,,,,,,,,,
2026-01-15 22:30,,,,,,,,,,,,,,,,,,,,,,,,,,,,,,,,,,,,,,,,,,,,,,,,,,,,,,,,,,,,
2026-01-15 23:30,,,,,,,,,,,,,,,,,,,,,,,,,,,,,,,,,,,,,,,,,,,,,,,,,,,,,,,,,,,,
2026-01-16 00:30,,,,,,,,,,,,,,,,,,,,,,,,,,,,,,,,,,,,,,,,,,,,,,,,,,,,,,,,,,,,
2026-01-16 01:30,,,,,,,,,,,,,,,,,,,,,,,,,,,,,,,,,,,,,,,,,,,,,,,,,,,,,,,,,,,,
2026-01-16 02:30,,,,,,,,,,,,,,,,,,,,,,,,,,,,,,,,,,,,,,,,,,,,,,,,,,,,,,,,,,,,
2026-01-16 03:30,,,,,,,,,,,,,,,,,,,,,,,,,,,,,,,,,,,,,,,,,,,,,,,,,,,,,,,,,,,,
2026-01-16 04:30,,,,,,,,,,,,,,,,,,,,,,,,,,,,,,,,,,,,,,,,,,,,,,,,,,,,,,,,,,,,
2026-01-16 05:30,,,,,,,,,,,,,,,,,,,,,,,,,,,,,,,,,,,,,,,,,,,,,,,,,,,,,,,,,,,,
2026-01-16 06:30,,,,,,,,,,,,,,,,,,,,,,,,,,,,,,,,,,,,,,,,,,,,,,,,,,,,,,,,,,,,
2026-01-16 07:30,,,,,,,,,,,,,,,,,,,,,,,,,,,,,,,,,,,,,,,,,,,,,,,,,,,,,,,,,,,,
2026-01-16 08:30,,,,,,,,,,,,,,,,,,,,,,,,,,,,,,,,,,,,,,,,,,,,,,,,,,,,,,,,,,,,
2026-01-16 09:30,,,,,,,,,,,,,,,,,,,,,,,,,,,,,,,,,,,,,,,,,,,,,,,,,,,,,,,,,,,,
2026-01-16 10:30,,,,,,,,,,,,,,,,,,,,,,,,,,,,,,,,,,,,,,,,,,,,,,,,,,,,,,,,,,,,
2026-01-16 11:30,,,,,,,,,,,,,,,,,,,,,,,,,,,,,,,,,,,,,,,,,,,,,,,,,,,,,,,,,,,,
2026-01-16 12:30,,,,,,,,,,,,,,,,,,,,,,,,,,,,,,,,,,,,,,,,,,,,,,,,,,,,,,,,,,,,
2026-01-16 13:30,,,,,,,,,,,,,,,,,,,,,,,,,,,,,,,,,,,,,,,,,,,,,,,,,,,,,,,,,,,,
2026-01-16 14:30,,,,,,,,,,,,,,,,,,,,,,,,,,,,,,,,,,,,,,,,,,,,,,,,,,,,,,,,,,,,
2026-01-16 15:30,,,,,,,,,,,,,,,,,,,,,,,,,,,,,,,,,,,,,,,,,,,,,,,,,,,,,,,,,,,,
2026-01-16 16:30,,,,,,,,,,,,,,,,,,,,,,,,,,,,,,,,,,,,,,,,,,,,,,,,,,,,,,,,,,,,
2026-01-16 17:30,,,,,,,,,,,,,,,,,,,,,,,,,,,,,,,,,,,,,,,,,,,,,,,,,,,,,,,,,,,,
2026-01-16 18:30,,,,,,,,,,,,,,,,,,,,,,,,,,,,,,,,,,,,,,,,,,,,,,,,,,,,,,,,,,,,
2026-01-16 19:30,,,,,,,,,,,,,,,,,,,,,,,,,,,,,,,,,,,,,,,,,,,,,,,,,,,,,,,,,,,,
2026-01-16 20:30,,,,,,,,,,,,,,,,,,,,,,,,,,,,,,,,,,,,,,,,,,,,,,,,,,,,,,,,,,,,
2026-01-16 21:30,,,,,,,,,,,,,,,,,,,,,,,,,,,,,,,,,,,,,,,,,,,,,,,,,,,,,,,,,,,,
2026-01-16 22:30,,,,,,,,,,,,,,,,,,,,,,,,,,,,,,,,,,,,,,,,,,,,,,,,,,,,,,,,,,,,
2026-01-16 23:30,,,,,,,,,,,,,,,,,,,,,,,,,,,,,,,,,,,,,,,,,,,,,,,,,,,,,,,,,,,,
2026-01-17 00:30,,,,,,,,,,,,,,,,,,,,,,,,,,,,,,,,,,,,,,,,,,,,,,,,,,,,,,,,,,,,
2026-01-17 01:30,,,,,,,,,,,,,,,,,,,,,,,,,,,,,,,,,,,,,,,,,,,,,,,,,,,,,,,,,,,,
2026-01-17 02:30,,,,,,,,,,,,,,,,,,,,,,,,,,,,,,,,,,,,,,,,,,,,,,,,,,,,,,,,,,,,
2026-01-17 03:30,,,,,,,,,,,,,,,,,,,,,,,,,,,,,,,,,,,,,,,,,,,,,,,,,,,,,,,,,,,,
2026-01-17 04:30,,,,,,,,,,,,,,,,,,,,,,,,,,,,,,,,,,,,,,,,,,,,,,,,,,,,,,,,,,,,
2026-01-17 05:30,,,,,,,,,,,,,,,,,,,,,,,,,,,,,,,,,,,,,,,,,,,,,,,,,,,,,,,,,,,,
2026-01-17 06:30,,,,,,,,,,,,,,,,,,,,,,,,,,,,,,,,,,,,,,,,,,,,,,,,,,,,,,,,,,,,
2026-01-17 07:30,,,,,,,,,,,,,,,,,,,,,,,,,,,,,,,,,,,,,,,,,,,,,,,,,,,,,,,,,,,,
2026-01-17 08:30,,,,,,,,,,,,,,,,,,,,,,,,,,,,,,,,,,,,,,,,,,,,,,,,,,,,,,,,,,,,
2026-01-17 09:30,,,,,,,,,,,,,,,,,,,,,,,,,,,,,,,,,,,,,,,,,,,,,,,,,,,,,,,,,,,,
2026-01-17 10:30,,,,,,,,,,,,,,,,,,,,,,,,,,,,,,,,,,,,,,,,,,,,,,,,,,,,,,,,,,,,
2026-01-17 11:30,,,,,,,,,,,,,,,,,,,,,,,,,,,,,,,,,,,,,,,,,,,,,,,,,,,,,,,,,,,,
2026-01-17 12:30,,,,,,,,,,,,,,,,,,,,,,,,,,,,,,,,,,,,,,,,,,,,,,,,,,,,,,,,,,,,
2026-01-17 13:30,,,,,,,,,,,,,,,,,,,,,,,,,,,,,,,,,,,,,,,,,,,,,,,,,,,,,,,,,,,,
2026-01-17 14:30,,,,,,,,,,,,,,,,,,,,,,,,,,,,,,,,,,,,,,,,,,,,,,,,,,,,,,,,,,,,
2026-01-17 15:30,,,,,,,,,,,,,,,,,,,,,,,,,,,,,,,,,,,,,,,,,,,,,,,,,,,,,,,,,,,,
2026-01-17 16:30,,,,,,,,,,,,,,,,,,,,,,,,,,,,,,,,,,,,,,,,,,,,,,,,,,,,,,,,,,,,
2026-01-17 17:30,,,,,,,,,,,,,,,,,,,,,,,,,,,,,,,,,,,,,,,,,,,,,,,,,,,,,,,,,,,,
2026-01-17 18:30,,,,,,,,,,,,,,,,,,,,,,,,,,,,,,,,,,,,,,,,,,,,,,,,,,,,,,,,,,,,
2026-01-17 19:30,,,,,,,,,,,,,,,,,,,,,,,,,,,,,,,,,,,,,,,,,,,,,,,,,,,,,,,,,,,,
2026-01-17 20:30,,,,,,,,,,,,,,,,,,,,,,,,,,,,,,,,,,,,,,,,,,,,,,,,,,,,,,,,,,,,
2026-01-17 21:30,,,,,,,,,,,,,,,,,,,,,,,,,,,,,,,,,,,,,,,,,,,,,,,,,,,,,,,,,,,,
2026-01-17 22:30,,,,,,,,,,,,,,,,,,,,,,,,,,,,,,,,,,,,,,,,,,,,,,,,,,,,,,,,,,,,
2026-01-17 23:30,,,,,,,,,,,,,,,,,,,,,,,,,,,,,,,,,,,,,,,,,,,,,,,,,,,,,,,,,,,,
2026-01-18 00:30,,,,,,,,,,,,,,,,,,,,,,,,,,,,,,,,,,,,,,,,,,,,,,,,,,,,,,,,,,,,
2026-01-18 01:30,,,,,,,,,,,,,,,,,,,,,,,,,,,,,,,,,,,,,,,,,,,,,,,,,,,,,,,,,,,,
2026-01-18 02:30,,,,,,,,,,,,,,,,,,,,,,,,,,,,,,,,,,,,,,,,,,,,,,,,,,,,,,,,,,,,
2026-01-18 03:30,,,,,,,,,,,,,,,,,,,,,,,,,,,,,,,,,,,,,,,,,,,,,,,,,,,,,,,,,,,,
2026-01-18 04:30,,,,,,,,,,,,,,,,,,,,,,,,,,,,,,,,,,,,,,,,,,,,,,,,,,,,,,,,,,,,
2026-01-18 05:30,,,,,,,,,,,,,,,,,,,,,,,,,,,,,,,,,,,,,,,,,,,,,,,,,,,,,,,,,,,,
2026-01-18 06:30,,,,,,,,,,,,,,,,,,,,,,,,,,,,,,,,,,,,,,,,,,,,,,,,,,,,,,,,,,,,
2026-01-18 07:30,,,,,,,,,,,,,,,,,,,,,,,,,,,,,,,,,,,,,,,,,,,,,,,,,,,,,,,,,,,,
2026-01-18 08:30,,,,,,,,,,,,,,,,,,,,,,,,,,,,,,,,,,,,,,,,,,,,,,,,,,,,,,,,,,,,
2026-01-18 09:30,,,,,,,,,,,,,,,,,,,,,,,,,,,,,,,,,,,,,,,,,,,,,,,,,,,,,,,,,,,,
2026-01-18 10:30,,,,,,,,,,,,,,,,,,,,,,,,,,,,,,,,,,,,,,,,,,,,,,,,,,,,,,,,,,,,
2026-01-18 11:30,,,,,,,,,,,,,,,,,,,,,,,,,,,,,,,,,,,,,,,,,,,,,,,,,,,,,,,,,,,,
2026-01-18 12:30,,,,,,,,,,,,,,,,,,,,,,,,,,,,,,,,,,,,,,,,,,,,,,,,,,,,,,,,,,,,
2026-01-18 13:30,,,,,,,,,,,,,,,,,,,,,,,,,,,,,,,,,,,,,,,,,,,,,,,,,,,,,,,,,,,,
2026-01-18 14:30,,,,,,,,,,,,,,,,,,,,,,,,,,,,,,,,,,,,,,,,,,,,,,,,,,,,,,,,,,,,
2026-01-18 15:30,,,,,,,,,,,,,,,,,,,,,,,,,,,,,,,,,,,,,,,,,,,,,,,,,,,,,,,,,,,,
2026-01-18 16:30,,,,,,,,,,,,,,,,,,,,,,,,,,,,,,,,,,,,,,,,,,,,,,,,,,,,,,,,,,,,
2026-01-18 17:30,,,,,,,,,,,,,,,,,,,,,,,,,,,,,,,,,,,,,,,,,,,,,,,,,,,,,,,,,,,,
2026-01-18 18:30,,,,,,,,,,,,,,,,,,,,,,,,,,,,,,,,,,,,,,,,,,,,,,,,,,,,,,,,,,,,
2026-01-18 19:30,,,,,,,,,,,,,,,,,,,,,,,,,,,,,,,,,,,,,,,,,,,,,,,,,,,,,,,,,,,,
2026-01-18 20:30,,,,,,,,,,,,,,,,,,,,,,,,,,,,,,,,,,,,,,,,,,,,,,,,,,,,,,,,,,,,
2026-01-18 21:30,,,,,,,,,,,,,,,,,,,,,,,,,,,,,,,,,,,,,,,,,,,,,,,,,,,,,,,,,,,,
2026-01-18 22:30,,,,,,,,,,,,,,,,,,,,,,,,,,,,,,,,,,,,,,,,,,,,,,,,,,,,,,,,,,,,
2026-01-18 23:30,,,,,,,,,,,,,,,,,,,,,,,,,,,,,,,,,,,,,,,,,,,,,,,,,,,,,,,,,,,,
2026-01-19 00:30,,,,,,,,,,,,,,,,,,,,,,,,,,,,,,,,,,,,,,,,,,,,,,,,,,,,,,,,,,,,
2026-01-19 01:30,,,,,,,,,,,,,,,,,,,,,,,,,,,,,,,,,,,,,,,,,,,,,,,,,,,,,,,,,,,,
2026-01-19 02:30,,,,,,,,,,,,,,,,,,,,,,,,,,,,,,,,,,,,,,,,,,,,,,,,,,,,,,,,,,,,
2026-01-19 03:30,,,,,,,,,,,,,,,,,,,,,,,,,,,,,,,,,,,,,,,,,,,,,,,,,,,,,,,,,,,,
2026-01-19 04:30,,,,,,,,,,,,,,,,,,,,,,,,,,,,,,,,,,,,,,,,,,,,,,,,,,,,,,,,,,,,
2026-01-19 05:30,,,,,,,,,,,,,,,,,,,,,,,,,,,,,,,,,,,,,,,,,,,,,,,,,,,,,,,,,,,,
2026-01-19 06:30,,,,,,,,,,,,,,,,,,,,,,,,,,,,,,,,,,,,,,,,,,,,,,,,,,,,,,,,,,,,
2026-01-19 07:30,,,,,,,,,,,,,,,,,,,,,,,,,,,,,,,,,,,,,,,,,,,,,,,,,,,,,,,,,,,,
2026-01-19 08:30,,,,,,,,,,,,,,,,,,,,,,,,,,,,,,,,,,,,,,,,,,,,,,,,,,,,,,,,,,,,
2026-01-19 09:30,,,,,,,,,,,,,,,,,,,,,,,,,,,,,,,,,,,,,,,,,,,,,,,,,,,,,,,,,,,,
2026-01-19 10:30,,,,,,,,,,,,,,,,,,,,,,,,,,,,,,,,,,,,,,,,,,,,,,,,,,,,,,,,,,,,
2026-01-19 11:30,,,,,,,,,,,,,,,,,,,,,,,,,,,,,,,,,,,,,,,,,,,,,,,,,,,,,,,,,,,,
2026-01-19 12:30,,,,,,,,,,,,,,,,,,,,,,,,,,,,,,,,,,,,,,,,,,,,,,,,,,,,,,,,,,,,
2026-01-19 13:30,,,,,,,,,,,,,,,,,,,,,,,,,,,,,,,,,,,,,,,,,,,,,,,,,,,,,,,,,,,,
2026-01-19 14:30,,,,,,,,,,,,,,,,,,,,,,,,,,,,,,,,,,,,,,,,,,,,,,,,,,,,,,,,,,,,
2026-01-19 15:30,,,,,,,,,,,,,,,,,,,,,,,,,,,,,,,,,,,,,,,,,,,,,,,,,,,,,,,,,,,,
2026-01-19 16:30,,,,,,,,,,,,,,,,,,,,,,,,,,,,,,,,,,,,,,,,,,,,,,,,,,,,,,,,,,,,
2026-01-19 17:30,,,,,,,,,,,,,,,,,,,,,,,,,,,,,,,,,,,,,,,,,,,,,,,,,,,,,,,,,,,,
2026-01-19 18:30,,,,,,,,,,,,,,,,,,,,,,,,,,,,,,,,,,,,,,,,,,,,,,,,,,,,,,,,,,,,
2026-01-19 19:30,,,,,,,,,,,,,,,,,,,,,,,,,,,,,,,,,,,,,,,,,,,,,,,,,,,,,,,,,,,,
2026-01-19 20:30,,,,,,,,,,,,,,,,,,,,,,,,,,,,,,,,,,,,,,,,,,,,,,,,,,,,,,,,,,,,
2026-01-19 21:30,,,,,,,,,,,,,,,,,,,,,,,,,,,,,,,,,,,,,,,,,,,,,,,,,,,,,,,,,,,,
2026-01-19 22:30,,,,,,,,,,,,,,,,,,,,,,,,,,,,,,,,,,,,,,,,,,,,,,,,,,,,,,,,,,,,
2026-01-19 23:30,,,,,,,,,,,,,,,,,,,,,,,,,,,,,,,,,,,,,,,,,,,,,,,,,,,,,,,,,,,,
2026-01-20 00:30,,,,,,,,,,,,,,,,,,,,,,,,,,,,,,,,,,,,,,,,,,,,,,,,,,,,,,,,,,,,
2026-01-20 01:30,,,,,,,,,,,,,,,,,,,,,,,,,,,,,,,,,,,,,,,,,,,,,,,,,,,,,,,,,,,,
2026-01-20 02:30,,,,,,,,,,,,,,,,,,,,,,,,,,,,,,,,,,,,,,,,,,,,,,,,,,,,,,,,,,,,
2026-01-20 03:30,,,,,,,,,,,,,,,,,,,,,,,,,,,,,,,,,,,,,,,,,,,,,,,,,,,,,,,,,,,,
2026-01-20 04:30,,,,,,,,,,,,,,,,,,,,,,,,,,,,,,,,,,,,,,,,,,,,,,,,,,,,,,,,,,,,
2026-01-20 05:30,,,,,,,,,,,,,,,,,,,,,,,,,,,,,,,,,,,,,,,,,,,,,,,,,,,,,,,,,,,,
2026-01-20 06:30,,,,,,,,,,,,,,,,,,,,,,,,,,,,,,,,,,,,,,,,,,,,,,,,,,,,,,,,,,,,
2026-01-20 07:30,,,,,,,,,,,,,,,,,,,,,,,,,,,,,,,,,,,,,,,,,,,,,,,,,,,,,,,,,,,,
2026-01-20 08:30,,,,,,,,,,,,,,,,,,,,,,,,,,,,,,,,,,,,,,,,,,,,,,,,,,,,,,,,,,,,
2026-01-20 09:30,,,,,,,,,,,,,,,,,,,,,,,,,,,,,,,,,,,,,,,,,,,,,,,,,,,,,,,,,,,,
2026-01-20 10:30,,,,,,,,,,,,,,,,,,,,,,,,,,,,,,,,,,,,,,,,,,,,,,,,,,,,,,,,,,,,
2026-01-20 11:30,,,,,,,,,,,,,,,,,,,,,,,,,,,,,,,,,,,,,,,,,,,,,,,,,,,,,,,,,,,,
2026-01-20 12:30,,,,,,,,,,,,,,,,,,,,,,,,,,,,,,,,,,,,,,,,,,,,,,,,,,,,,,,,,,,,
2026-01-20 13:30,97.57%,,,,,,,,,,,,,,,,,,,,,,,,,,,,,65.48%,,,,,,,,,,,,,,,,,,,,,,,,,,,52.19%,,,
2026-01-20 14:30,98.94%,,,,,,,,,,,,,,,,,,,,,,,,,,,,,66.35%,,,,,,,,,,,,,,,,,,,,,,,,,,,54.16%,,,
2026-01-20 15:30,99.30%,,,,,,,,,,,,,,,,,,,,,,,,,,,,,68.53%,,,,,,,,,,,,,,,,,,,,,,,,,,,55.04%,,,
2026-01-20 16:30,99.59%,,,,,,,,,,,,,,,,,,,,,,,,,,,,,69.10%,,,,,,,,,,,,,,,,,,,,,,,,,,,55.44%,,,
2026-01-20 17:30,99.21%,,,,,,,,,,,,,,,,,,,,,,,,,,,,,69.86%,,,,,,,,,,,,,,,,,,,,,,,,,,,55.28%,,,
2026-01-20 18:30,98.13%,,,,,,,,,,,,,,,,,,,,,,,,,,,,,70.04%,,,,,,,,,,,,,,,,,,,,,,,,,,,55.60%,,,
2026-01-20 19:30,97.88%,,,,,,,,,,,,,,,,,,,,,,,,,,,,,70.20%,,,,,,,,,,,,,,,,,,,,,,,,,,,55.12%,,,
2026-01-20 20:30,,,,,,,,,,,,,,,,,,,,,,,,,,,,,,,,,,,,,,,,,,,,,,,,,,,,,,,,,,,,
2026-01-20 21:30,,,,,,,,,,,,,,,,,,,,,,,,,,,,,,,,,,,,,,,,,,,,,,,,,,,,,,,,,,,,
2026-01-20 22:30,,,,,,,,,,,,,,,,,,,,,,,,,,,,,,,,,,,,,,,,,,,,,,,,,,,,,,,,,,,,
2026-01-20 23:30,,,,,,,,,,,,,,,,,,,,,,,,,,,,,,,,,,,,,,,,,,,,,,,,,,,,,,,,,,,,
2026-01-21 00:30,,,,,,,,,,,,,,,,,,,,,,,,,,,,,,,,,,,,,,,,,,,,,,,,,,,,,,,,,,,,
2026-01-21 01:30,,,,,,,,,,,,,,,,,,,,,,,,,,,,,,,,,,,,,,,,,,,,,,,,,,,,,,,,,,,,
2026-01-21 02:30,,,,,,,,,,,,,,,,,,,,,,,,,,,,,,,,,,,,,,,,,,,,,,,,,,,,,,,,,,,,
2026-01-21 03:30,,,,,,,,,,,,,,,,,,,,,,,,,,,,,,,,,,,,,,,,,,,,,,,,,,,,,,,,,,,,
2026-01-21 04:30,,,,,,,,,,,,,,,,,,,,,,,,,,,,,,,,,,,,,,,,,,,,,,,,,,,,,,,,,,,,
2026-01-21 05:30,,,,,,,,,,,,,,,,,,,,,,,,,,,,,,,,,,,,,,,,,,,,,,,,,,,,,,,,,,,,
2026-01-21 06:30,,,,,,,,,,,,,,,,,,,,,,,,,,,,,,,,,,,,,,,,,,,,,,,,,,,,,,,,,,,,
2026-01-21 07:30,,,,,,,,,,,,,,,,,,,,,,,,,,,,,,,,,,,,,,,,,,,,,,,,,,,,,,,,,,,,
2026-01-21 08:30,,,,,,,,,,,,,,,,,,,,,,,,,,,,,,,,,,,,,,,,,,,,,,,,,,,,,,,,,,,,
2026-01-21 09:30,,,,,,,,,,,,,,,,,,,,,,,,,,,,,,,,,,,,,,,,,,,,,,,,,,,,,,,,,,,,
2026-01-21 10:30,,,,,,,,,,,,,,,,,,,,,,,,,,,,,,,,,,,,,,,,,,,,,,,,,,,,,,,,,,,,
2026-01-21 11:30,,,,,,,,,,,,,,,,,,,,,,,,,,,,,,,,,,,,,,,,,,,,,,,,,,,,,,,,,,,,
2026-01-21 12:30,,,,,,,,,,,,,,,,,,,,,,,,,,,,,,,,,,,,,,,,,,,,,,,,,,,,,,,,,,,,
2026-01-21 13:30,,,,,,,,,,,,,,,,,,,,,,,,,,,,,,,,,,,,,,,,,,,,,,,,,,,,,,,,,,,,
2026-01-21 14:30,,,,,,,,,,,,,,,,,,,,,,,,,,,,,,,,,,,,,,,,,,,,,,,,,,,,,,,,,,,,
2026-01-21 15:30,,,,,,,,,,,,,,,,,,,,,,,,,,,,,,,,,,,,,,,,,,,,,,,,,,,,,,,,,,,,
2026-01-21 16:30,,,,,,,,,,,,,,,,,,,,,,,,,,,,,,,,,,,,,,,,,,,,,,,,,,,,58.82%,,,,,,,,
2026-01-21 17:30,,,,,,,,,,,,,,,,,,,,,,,,,,,,,,,,,,,,,,,,,,,,,,,,,,,,59.35%,,,,,,,,
2026-01-21 18:30,,,,,,,,,,,,,,,,,,,,,,,,,,,,,,,,,,,,,,,,,,,,,,,,,,,,59.32%,,,,,,,,
2026-01-21 19:30,,,,,,,,,,,,,,,,,,,,,,,,,,,,,,,,,,,,,,,,,,,,,,,,,,,,59.34%,,,,,,,,
2026-01-21 20:30,,,,,,,,,,,,,,,,,,,,,,,,,,,,,,,,,,,,,,,,,,,,,,,,,,,,,,,,,,,,
2026-01-21 21:30,,,,,,,,,,,,,,,,,,,,,,,,,,,,,,,,,,,,,,,,,,,,,,,,,,,,,,,,,,,,
2026-01-21 22:30,,,,,,,,,,,,,,,,,,,,,,,,,,,,,,,,,,,,,,,,,,,,,,,,,,,,,,,,,,,,
2026-01-21 23:30,,,,,,,,,,,,,,,,,,,,,,,,,,,,,,,,,,,,,,,,,,,,,,,,,,,,,,,,,,,,
2026-01-22 00:30,,,,,,,,,,,,,,,,,,,,,,,,,,,,,,,,,,,,,,,,,,,,,,,,,,,,,,,,,,,,
2026-01-22 01:30,,,,,,,,,,,,,,,,,,,,,,,,,,,,,,,,,,,,,,,,,,,,,,,,,,,,,,,,,,,,
2026-01-22 02:30,,,,,,,,,,,,,,,,,,,,,,,,,,,,,,,,,,,,,,,,,,,,,,,,,,,,,,,,,,,,
2026-01-22 03:30,,,,,,,,,,,,,,,,,,,,,,,,,,,,,,,,,,,,,,,,,,,,,,,,,,,,,,,,,,,,
2026-01-22 04:30,,,,,,,,,,,,,,,,,,,,,,,,,,,,,,,,,,,,,,,,,,,,,,,,,,,,,,,,,,,,
2026-01-22 05:30,,,,,,,,,,,,,,,,,,,,,,,,,,,,,,,,,,,,,,,,,,,,,,,,,,,,,,,,,,,,
2026-01-22 06:30,,,,,,,,,,,,,,,,,,,,,,,,,,,,,,,,,,,,,,,,,,,,,,,,,,,,,,,,,,,,
2026-01-22 07:30,,,,,,,,,,,,,,,,,,,,,,,,,,,,,,,,,,,,,,,,,,,,,,,,,,,,,,,,,,,,
2026-01-22 08:30,,,,,,,,,,,,,,,,,,,,,,,,,,,,,,,,,,,,,,,,,,,,,,,,,,,,,,,,,,,,
2026-01-22 09:30,,,,,,,,,,,,,,,,,,,,,,,,,,,,,,,,,,,,,,,,,,,,,,,,,,,,,,,,,,,,
2026-01-22 10:30,,,,,,,,,,,,,,,,,,,,,,,,,,,,,,,,,,,,,,,,,,,,,,,,,,,,,,,,,,,,
2026-01-22 11:30,,,,,,,,,,,,,,,,,,,,,,,,,,,,,,,,,,,,,,,,,,,,,,,,,,,,,,,,,,,,
2026-01-22 12:30,,,,,,,,,,,,,,,,,,,,,,,,,,,,,,,,,,,,,,,,,,,,,,,,,,,,,,,,,,,,
2026-01-22 13:30,,,,,,,,,,,,,,,,,,,,,,,,,,,,,,,,,,,,,,,,,,,,,,,,,,,,,,,,,,,,
2026-01-22 14:30,,,,,,,,,,,,,,,,,,,,,,,,,,,,,,,,,,,,,,,,,,,,,,,,,,,,,,,,,,,,
2026-01-22 15:30,,,,,,,,,,,,,,,,,,,,,,,,,,,,,,,,,,,,,,,,,,,,,,,,,,,,,,,,,,,,
2026-01-22 16:30,,,,,,,,,,,,,,,,,,,,,,,,,,,,,,,,,,,,,,,,,,,,,,,,,,,,,,,,,,,,
2026-01-22 17:30,,,,,,,,,,,,,,,,,,,,,,,,,,,,,,,,,,,,,,,,,,,,,,,,,,,,,,,,,,,,
2026-01-22 18:30,,,,,,,,,,,,,,,,,,,,,,,,,,,,,,,,,,,,,,,,,,,,,,,,,,,,,,,,,,,,
2026-01-22 19:30,,,,,,,,,,,,,,,,,,,,,,,,,,,,,,,,,,,,,,,,,,,,,,,,,,,,,,,,,,,,
2026-01-22 20:30,,,,,,,,,,,,,,,,,,,,,,,,,,,,,,,,,,,,,,,,,,,,,,,,,,,,,,,,,,,,
2026-01-22 21:30,,,,,,,,,,,,,,,,,,,,,,,,,,,,,,,,,,,,,,,,,,,,,,,,,,,,,,,,,,,,
2026-01-22 22:30,,,,,,,,,,,,,,,,,,,,,,,,,,,,,,,,,,,,,,,,,,,,,,,,,,,,,,,,,,,,
2026-01-22 23:30,,,,,,,,,,,,,,,,,,,,,,,,,,,,,,,,,,,,,,,,,,,,,,,,,,,,,,,,,,,,
2026-01-23 00:30,,,,,,,,,,,,,,,,,,,,,,,,,,,,,,,,,,,,,,,,,,,,,,,,,,,,,,,,,,,,
2026-01-23 01:30,,,,,,,,,,,,,,,,,,,,,,,,,,,,,,,,,,,,,,,,,,,,,,,,,,,,,,,,,,,,
2026-01-23 02:30,,,,,,,,,,,,,,,,,,,,,,,,,,,,,,,,,,,,,,,,,,,,,,,,,,,,,,,,,,,,
2026-01-23 03:30,,,,,,,,,,,,,,,,,,,,,,,,,,,,,,,,,,,,,,,,,,,,,,,,,,,,,,,,,,,,
2026-01-23 04:30,,,,,,,,,,,,,,,,,,,,,,,,,,,,,,,,,,,,,,,,,,,,,,,,,,,,,,,,,,,,
2026-01-23 05:30,,,,,,,,,,,,,,,,,,,,,,,,,,,,,,,,,,,,,,,,,,,,,,,,,,,,,,,,,,,,
2026-01-23 06:30,,,,,,,,,,,,,,,,,,,,,,,,,,,,,,,,,,,,,,,,,,,,,,,,,,,,,,,,,,,,
2026-01-23 07:30,,,,,,,,,,,,,,,,,,,,,,,,,,,,,,,,,,,,,,,,,,,,,,,,,,,,,,,,,,,,
2026-01-23 08:30,,,,,,,,,,,,,,,,,,,,,,,,,,,,,,,,,,,,,,,,,,,,,,,,,,,,,,,,,,,,
2026-01-23 09:30,,,,,,,,,,,,,,,,,,,,,,,,,,,,,,,,,,,,,,,,,,,,,,,,,,,,,,,,,,,,
2026-01-23 10:30,,,,,,,,,,,,,,,,,,,,,,,,,,,,,,,,,,,,,,,,,,,,,,,,,,,,,,,,,,,,
2026-01-23 11:30,,,,,,,,,,,,,,,,,,,,,,,,,,,,,,,,,,,,,,,,,,,,,,,,,,,,,,,,,,,,
2026-01-23 12:30,,,,,,,,,,,,,,,,,,,,,,,,,,,,,,,,,,,,,,,,,,,,,,,,,,,,,,,,,,,,
2026-01-23 13:30,,,,,,,,,,,,,,,,,,,,,,,,,,,,,,,,,,,,,,,,,,,,,,,,,,,,,,,,,,,,
2026-01-23 14:30,,,,,,,,,,,,,,,,,,,,,,,,,,,,,,,,,,,,,,,,,,,,,,,,,,,,,,,,,,,,
2026-01-23 15:30,,,,,,,,,,,,,,,,,,,,,,,,,,,,,,,,,,,,,,,,,,,,,,,,,,,,,,,,,,,,
2026-01-23 16:30,,,,,,,,,,,,,,,,,,,,,,,,,,,,,,,,,,,,,,,,,,,,,,,,,,,,,,,,,,,,
2026-01-23 17:30,,,,,,,,,,,,,,,,,,,,,,,,,,,,,,,,,,,,,,,,,,,,,,,,,,,,,,,,,,,,
2026-01-23 18:30,,,,,,,,,,,,,,,,,,,,,,,,,,,,,,,,,,,,,,,,,,,,,,,,,,,,,,,,,,,,
2026-01-23 19:30,,,,,,,,,,,,,,,,,,,,,,,,,,,,,,,,,,,,,,,,,,,,,,,,,,,,,,,,,,,,
2026-01-23 20:30,,,,,,,,,,,,,,,,,,,,,,,,,,,,,,,,,,,,,,,,,,,,,,,,,,,,,,,,,,,,
2026-01-23 21:30,,,,,,,,,,,,,,,,,,,,,,,,,,,,,,,,,,,,,,,,,,,,,,,,,,,,,,,,,,,,
2026-01-23 22:30,,,,,,,,,,,,,,,,,,,,,,,,,,,,,,,,,,,,,,,,,,,,,,,,,,,,,,,,,,,,
2026-01-23 23:30,,,,,,,,,,,,,,,,,,,,,,,,,,,,,,,,,,,,,,,,,,,,,,,,,,,,,,,,,,,53.10%,
2026-01-24 00:30,,,,,,,,,,,,,,,,,,,,,,,,,,,,,,,,,,,,,,,,,,,,,,,,,,,,,,,,,,,,
2026-01-24 01:30,,,,,,,,,,,,,,,,,,,,,,,,,,,,,,,,,,,,,,,,,,,,,,,,,,,,,,,,,,,,
2026-01-24 02:30,,,,,,,,,,,,,,,,,,,,,,,,,,,,,,,,,,,,,,,,,,,,,,,,,,,,,,,,,,,,
2026-01-24 03:30,,,,,,,,,,,,,,,,,,,,,,,,,,,,,,,,,,,,,,,,,,,,,,,,,,,,,,,,,,,,
2026-01-24 04:30,,,,,,,,,,,,,,,,,,,,,,,,,,,,,,,,,,,,,,,,,,,,,,,,,,,,,,,,,,,,
2026-01-24 05:30,,,,,,,,,,,,,,,,,,,,,,,,,,,,,,,,,,,,,,,,,,,,,,,,,,,,,,,,,,,,
2026-01-24 06:30,,,,,,,,,,,,,,,,,,,,,,,,,,,,,,,,,,,,,,,,,,,,,,,,,,,,,,,,,,,,
2026-01-24 07:30,,,,,,,,,,,,,,,,,,,,,,,,,,,,,,,,,,,,,,,,,,,,,,,,,,,,,,,,,,,,
2026-01-24 08:30,,,,,,,,,,,,,,,,,,,,,,,,,,,,,,,,,,,,,,,,,,,,,,,,,,,,,,,,,,,,
2026-01-24 09:30,,,,,,,,,,,,,,,,,,,,,,,,,,,,,,,,,,,,,,,,,,,,,,,,,,,,,,,,,,,,
2026-01-24 10:30,,,,,,,,,,,,,,,,,,,,,,,,,,,,,,,,,,,,,,,,,,,,,,,,,,,,,,,,,,,,
2026-01-24 11:30,,,,,,,,,,,,,,,,,,,,,,,,,,,,,,,,,,,,,,,,,,,,,,,,,,,,,,,,,,,,
2026-01-24 12:30,,,,,,,,,,,,,,,,,,,,,,,,,,,,,,,,,,,,,,,,,,,,,,,,,,,,,,,,,,,,
2026-01-24 13:30,,,,,,,,,,,,,,,,,,,,,,,,,,,,,,,,,,,,,,,,,,,,,,,,,,,,,,,,,,,,
2026-01-24 14:30,,,,,,,,,,,,,,,,,,,,,,,,,,,,,,,,,,,,,,,,,,,,,,,,,,,,,,,,,,,,
2026-01-24 15:30,,,,,,,,,,,,,,,,,,,,,,,,,,,,,,,,,,,,,,,,,,,,,,,,,,,,,,,,,,,,
2026-01-24 16:30,,,,,,,,,,,,,,,,,,,,,,,,,,,,,,,,,,,,,,,,,,,,,,,,,,,,,,,,,,,,
2026-01-24 17:30,,,,,,,,,,,,,,,,,,,,,,,,,,,,,,,,,,,,,,,,,,,,,,,,,,,,,,,,,,,,
2026-01-24 18:30,,,,,,,,,,,,,,,,,,,,,,,,,,,,,,,,,,,,,,,,,,,,,,,,,,,,,,,,,,,,
2026-01-24 19:30,,,,,,,,,,,,,,,,,,,,,,,,,,,,,,,,,,,,,,,,,,,,,,,,,,,,,,,,,,,,
2026-01-24 20:30,,,,,,,,,,,,,,,,,,,,,,,,,,,,,,,,,,,,,,,,,,,,,,,,,,,,,,,,,,,,
2026-01-24 21:30,,,,,,,,,,,,,,,,,,,,,,,,,,,,,,,,,,,,,,,,,,,,,,,,,,,,,,,,,,,,
2026-01-24 22:30,,,,,,,,,,,,,,,,,,,,,,,,,,,,,,,,,,,,,,,,,,,,,,,,,,,,,,,,,,,,
2026-01-24 23:30,,,,,,,,,,,,,,,,,,,,,,,,,,,,,,,,,,,,,,,,,,,,,,,,,,,,,,,,,,,,
2026-01-25 00:30,,,,,,,,,,,,,,,,,,,,,,,,,,,,,,,,,,,,,,,,,,,,,,,,,,,,,,,,,,,,
2026-01-25 01:30,,,,,,,,,,,,,,,,,,,,,,,,,,,,,,,,,,,,,,,,,,,,,,,,,,,,,,,,,,,,
2026-01-25 02:30,,,,,,,,,,,,,,,,,,,,,,,,,,,,,,,,,,,,,,,,,,,,,,,,,,,,,,,,,,,,
2026-01-25 03:30,,,,,,,,,,,,,,,,,,,,,,,,,,,,,,,,,,,,,,,,,,,,,,,,,,,,,,,,,,,,
2026-01-25 04:30,,,,,,,,,,,,,,,,,,,,,,,,,,,,,,,,,,,,,,,,,,,,,,,,,,,,,,,,,,,,
2026-01-25 05:30,,,,,,,,,,,,,,,,,,,,,,,,,,,,,,,,,,,,,,,,,,,,,,,,,,,,,,,,,,,,
2026-01-25 06:30,,,,,,,,,,,,,,,,,,,,,,,,,,,,,,,,,,,,,,,,,,,,,,,,,,,,,,,,,,,,
2026-01-25 07:30,,,,,,,,,,,,,,,,,,,,,,,,,,,,,,,,,,,,,,,,,,,,,,,,,,,,,,,,,,,,
2026-01-25 08:30,,,,,,,,,,,,,,,,,,,,,,,,,,,,,,,,,,,,,,,,,,,,,,,,,,,,,,,,,,,,
2026-01-25 09:30,,,,,,,,,,,,,,,,,,,,,,,,,,,,,,,,,,,,,,,,,,,,,,,,,,,,,,,,,,,,
2026-01-25 10:30,,,,,,,,,,,,,,,,,,,,,,,,,,,,,,,,,,,,,,,,,,,,,,,,,,,,,,,,,,,,
2026-01-25 11:30,,,,,,,,,,,,,,,,,,,,,,,,,,,,,,,,,,,,,,,,,,,,,,,,,,,,,,,,,,,,
2026-01-25 12:30,,,,,,,,,,,,,,,,,,,,,,,,,,,,,,,,,,,,,,,,,,,,,,,,,,,,,,,,,,,,
2026-01-25 13:30,,,,,,,,,,,,,,,,,,,,,,,,,,,,,,,,,,,,,,,,,,,,,,,,,,,,,,,,,,,,
2026-01-25 14:30,,,,,,,,,,,,,,,,,,,,,,,,,,,,,,,,,,,,,,,,,,,,,,,,,,,,,,,,,,,,
2026-01-25 15:30,,,,,,,,,,,,,,,,,,,,,,,,,,,,,,,,,,,,,,,,,,,,,,,,,,,,,,,,,,,,
2026-01-25 16:30,,,,,,,,,,,,,,,,,,,,,,,,,,,,,,,,,,,,,,,,,,,,,,,,,,,,,,,,,,,,
2026-01-25 17:30,,,,,,,,,,,,,,,,,,,,,,,,,,,,,,,,,,,,,,,,,,,,,,,,,,,,,,,,,,,,
2026-01-25 18:30,,,,,,,,,,,,,,,,,,,,,,,,,,,,,,,,,,,,,,,,,,,,,,,,,,,,,,,,,,,,
2026-01-25 19:30,,,,,,,,,,,,,,,,,,,,,,,,,,,,,,,,,,,,,,,,,,,,,,,,,,,,,,,,,,,,
2026-01-25 20:30,,,,,,,,,,,,,,,,,,,,,,,,,,,,,,,,,,,,,,,,,,,,,,,,,,,,,,,,,,,,
2026-01-25 21:30,,,,,,,,,,,,,,,,,,,,,,,,,,,,,,,,,,,,,,,,,,,,,,,,,,,,,,,,,,,,
2026-01-25 22:30,,,,,,,,,,,,,,,,,,,,,,,,,,,,,,,,,,,,,,,,,,,,,,,,,,,,,,,,,,,,
2026-01-25 23:30,,,,,,,,,,,,,,,,,,,,,,,,,,,,,,,,,,,,,,,,,,,,,,,,,,,,,,,,,,,,
2026-01-26 00:30,,,,,,,,,,,,,,,,,,,,,,,,,,,,,,,,,,,,,,,,,,,,,,,,,,,,,,,,,,,,
2026-01-26 01:30,,,,,,,,,,,,,,,,,,,,,,,,,,,,,,,,,,,,,,,,,,,,,,,,,,,,,,,,,,,,
2026-01-26 02:30,,,,,,,,,,,,,,,,,,,,,,,,,,,,,,,,,,,,,,,,,,,,,,,,,,,,,,,,,,,,
2026-01-26 03:30,,,,,,,,,,,,,,,,,,,,,,,,,,,,,,,,,,,,,,,,,,,,,,,,,,,,,,,,,,,,
2026-01-26 04:30,,,,,,,,,,,,,,,,,,,,,,,,,,,,,,,,,,,,,,,,,,,,,,,,,,,,,,,,,,,,
2026-01-26 05:30,,,,,,,,,,,,,,,,,,,,,,,,,,,,,,,,,,,,,,,,,,,,,,,,,,,,,,,,,,,,
2026-01-26 06:30,,,,,,,,,,,,,,,,,,,,,,,,,,,,,,,,,,,,,,,,,,,,,,,,,,,,,,,,,,,,
2026-01-26 07:30,,,,,,,,,,,,,,,,,,,,,,,,,,,,,,,,,,,,,,,,,,,,,,,,,,,,,,,,,,,,
2026-01-26 08:30,,,,,,,,,,,,,,,,,,,,,,,,,,,,,,,,,,,,,,,,,,,,,,,,,,,,,,,,,,,,
2026-01-26 09:30,,,,,,,,,,,,,,,,,,,,,,,,,,,,,,,,,,,,,,,,,,,,,,,,,,,,,,,,,,,,
2026-01-26 10:30,,,,,,,,,,,,,,,,,,,,,,,,,,,,,,,,,,,,,,,,,,,,,,,,,,,,,,,,,,,,
2026-01-26 11:30,,,,,,,,,,,,,,,,,,,,,,,,,,,,,,,,,,,,,,,,,,,,,,,,,,,,,,,,,,,,
2026-01-26 12:30,,,,,,,,,,,,,,,,,,,,,,,,,,,,,,,,,,,,,,,,,,,,,,,,,,,,,,,,,,,,
2026-01-26 13:30,,,,,,,,,,,,,,,,,,,,,,,,,,,,,,,,,,,,,,,,,,,,,,,,,,,,,,,,,,,,
2026-01-26 14:30,,,,,,,,,,,,,,,,,,,,,,,,,,,,,,,,,,,,,,,,,,,,,,,,,,,,,,,,,,,,
2026-01-26 15:30,,,,,,,,,,,,,,,,,,,,,,,,,,,,,,,,,,,,,,,,,,,,,,,,,,,,,,,,,,,,
2026-01-26 16:30,,,,,,,,,,,,,,,,,,,,,,,,,,,,,,,,,,,,,,,,,,,,,,,,,,,,,,,,,,,,
2026-01-26 17:30,,,,,,,,,,,,,,,,,,,,,,,,,,,,,,,,,,,,,,,,,,,,,,,,,,,,,,,,,,,,
2026-01-26 18:30,,,,,,,,,,,,,,,,,,,,,,,,,,,,,,,,,,,,,,,,,,,,,,,,,,,,,,,,,,,,
2026-01-26 19:30,,,,,,,,,,,,,,,,,,,,,,,,,,,,,,,,,,,,,,,,,,,,,,,,,,,,,,,,,,,,
2026-01-26 20:30,,,,,,,,,,,,,,,,,,,,,,,,,,,,,,,,,,,,,,,,,,,,,,,,,,,,,,,,,,,,
2026-01-26 21:30,,,,,,,,,,,,,,,,,,,,,,,,,,,,,,,,,,,,,,,,,,,,,,,,,,,,,,,,,,,,
2026-01-26 22:30,,,,,,,,,,,,,,,,,,,,,,,,,,,,,,,,,,,,,,,,,,,,,,,,,,,,,,,,,,,,
2026-01-26 23:30,,,,,,,,,,,,,,,,,,,,,,,,,,,,,,,,,,,,,,,,,,,,,,,,,,,,,,,,,,,,
2026-01-27 00:30,,,,,,,,,,,,,,,,,,,,,,,,,,,,,,,,,,,,,,,,,,,,,,,,,,,,,,,,,,,,
2026-01-27 01:30,,,,,,,,,,,,,,,,,,,,,,,,,,,,,,,,,,,,,,,,,,,,,,,,,,,,,,,,,,,,
2026-01-27 02:30,,,,,,,,,,,,,,,,,,,,,,,,,,,,,,,,,,,,,,,,,,,,,,,,,,,,,,,,,,,,
2026-01-27 03:30,,,,,,,,,,,,,,,,,,,,,,,,,,,,,,,,,,,,,,,,,,,,,,,,,,,,,,,,,,,,
2026-01-27 04:30,,,,,,,,,,,,,,,,,,,,,,,,,,,,,,,,,,,,,,,,,,,,,,,,,,,,,,,,,,,,
2026-01-27 05:30,,,,,,,,,,,,,,,,,,,,,,,,,,,,,,,,,,,,,,,,,,,,,,,,,,,,,,,,,,,,
2026-01-27 06:30,,,,,,,,,,,,,,,,,,,,,,,,,,,,,,,,,,,,,,,,,,,,,,,,,,,,,,,,,,,,
2026-01-27 07:30,,,,,,,,,,,,,,,,,,,,,,,,,,,,,,,,,,,,,,,,,,,,,,,,,,,,,,,,,,,,
2026-01-27 08:30,,,,,,,,,,,,,,,,,,,,,,,,,,,,,,,,,,,,,,,,,,,,,,,,,,,,,,,,,,,,
2026-01-27 09:30,,,,,,,,,,,,,,,,,,,,,,,,,,,,,,,,,,,,,,,,,,,,,,,,,,,,,,,,,,,,
2026-01-27 10:30,,,,,,,,,,,,,,,,,,,,,,,,,,,,,,,,,,,,,,,,,,,,,,,,,,,,,,,,,,,,
2026-01-27 11:30,,,,,,,,,,,,,,,,,,,,,,,,,,,,,,,,,,,,,,,,,,,,,,,,,,,,,,,,,,,,
2026-01-27 12:30,,,,,,,,,,,,,,,,,,,,,,,,,,,,,,,,,,,,,,,,,,,,,,,,,,,,,,,,,,,,
2026-01-27 13:30,,,,,,,,,,,,,,,,,,,,,,,,,,,,,,,,,,,,,,,,,,,,,,,,,,,,,,,,,,,,
2026-01-27 14:30,,,,,,,,,,,,,,,,,,,,,,,,,,,,,,,,,,,,,,,,,,,,,,,,,,,,,,,,,,,,
2026-01-27 15:30,,,,,,,,,,,,,,,,,,,,,,,,,,,,,,64.71%,,,,,,,,,,,,,,,,,,,,,,,,,,,,,,
2026-01-27 16:30,,,,,,,,,,,,,,,,,,,,,,,,,,,,,,66.87%,,,,,,,,,,,,,,,,,,,,,,,,,,,,,,
2026-01-27 17:30,,,,,,,,,,,,,,,,,,,,,,,,,,,,,,67.47%,,,,,,,,,,,,,,,,,,,,,,61.01%,,,,,,,,
2026-01-27 18:30,,,,,,,,,,,,,,,,,,,,,,,,,,,,,,68.50%,,,,,,,,,,,,,,,,,,,,,,62.11%,,,,,,,,
2026-01-27 19:30,,,,,,,,,,,,,,,,,,,,,,,,,,,,,,69.19%,,,,,,,,,,,,,,,,,,,,,,61.96%,,,,,,,,
2026-01-27 20:30,,,,,,,,,,,,,,,,,,,,,,,,,,,,,,,,,,,,,,,,,,,,,,,,,,,,,,,,,,,,
2026-01-27 21:30,,,,,,,,,,,,,,,,,,,,,,,,,,,,,,,,,,,,,,,,,,,,,,,,,,,,,,,,,,,,
2026-01-27 22:30,,,,,,,,,,,,,,,,,,,,,,,,,,,,,,,,,,,,,,,,,,,,,,,,,,,,,,,,,,,,
2026-01-27 23:30,,,,,,,,,,,,,,,,,,,,,,,,,,,,,,,,,,,,,,,,,,,,,,,,,,,,,,,,,,,,
2026-01-28 00:30,,,,,,,,,,,,,,,,,,,,,,,,,,,,,,,,,,,,,,,,,,,,,,,,,,,,,,,,,,,,
2026-01-28 01:30,,,,,,,,,,,,,,,,,,,,,,,,,,,,,,,,,,,,,,,,,,,,,,,,,,,,,,,,,,,,
2026-01-28 02:30,,,,,,,,,,,,,,,,,,,,,,,,,,,,,,,,,,,,,,,,,,,,,,,,,,,,,,,,,,,,
2026-01-28 03:30,,,,,,,,,,,,,,,,,,,,,,,,,,,,,,,,,,,,,,,,,,,,,,,,,,,,,,,,,,,,
2026-01-28 04:30,,,,,,,,,,,,,,,,,,,,,,,,,,,,,,,,,,,,,,,,,,,,,,,,,,,,,,,,,,,,
2026-01-28 05:30,,,,,,,,,,,,,,,,,,,,,,,,,,,,,,,,,,,,,,,,,,,,,,,,,,,,,,,,,,,,
2026-01-28 06:30,,,,,,,,,,,,,,,,,,,,,,,,,,,,,,,,,,,,,,,,,,,,,,,,,,,,,,,,,,,,
2026-01-28 07:30,,,,,,,,,,,,,,,,,,,,,,,,,,,,,,,,,,,,,,,,,,,,,,,,,,,,,,,,,,,,
2026-01-28 08:30,,,,,,,,,,,,,,,,,,,,,,,,,,,,,,,,,,,,,,,,,,,,,,,,,,,,,,,,,,,,
2026-01-28 09:30,,,,,,,,,,,,,,,,,,,,,,,,,,,,,,,,,,,,,,,,,,,,,,,,,,,,,,,,,,,,
2026-01-28 10:30,,,,,,,,,,,,,,,,,,,,,,,,,,,,,,,,,,,,,,,,,,,,,,,,,,,,,,,,,,,,
2026-01-28 11:30,,,,,,,,,,,,,,,,,,,,,,,,,,,,,,,,,,,,,,,,,,,,,,,,,,,,,,,,,,,,
2026-01-28 12:30,,,,,,,,,,,,,,,,,,,,,,,,,,,,,,68.02%,,,,,,,,,,,,,,,,,,,,,,61.64%,,,,,,,,
2026-01-28 13:30,,,,,,,,,,,,,,,,,,,,,,,,,,,,,,69.55%,,,,,,,,,,,,,,,,,,,,,,61.47%,,,,,,,,
2026-01-28 14:30,,,,,,,,,,,,,,,,,,,,,,,,,,,,,,70.13%,,,,,,,,,,,,,,,,,,,,,,61.47%,,,,,,,,
2026-01-28 15:30,,,,,,,,,,,,,,,,,,,,,,,,,,,,,,70.50%,,,,,,,,,,,,,,,,,,,,,,61.47%,,,,,,,,
2026-01-28 16:30,,,,,,,,,,,,,,,,,,,,,,,,,,,,78.48%,,70.06%,,,,,,,,,,,95.16%,,,,,,,,,,,61.47%,,,,,,,,
2026-01-28 17:30,,,,,,,,,,,,,,,,,,,,,,,,,,,,88.07%,,70.29%,,,,,,,,,,,95.09%,,,,,,,,,,,61.48%,,,,,,,,
2026-01-28 18:30,,,,,,,,,,,,,,,,,,,,,,,,,,,,86.98%,,69.88%,,,,,,,,,,,95.13%,,,,,,,,,,,61.48%,,,,,,,,
2026-01-28 19:30,,,,,,,,,,,,,,,,,,,,,,,,,,,,,,70.20%,,,,,,,,,,,,,,,,,,,,,,61.48%,,,,,,,,
2026-01-28 20:30,,,,,,,,,,,,,,,,,,,,,,,,,,,,,,,,,,,,,,,,,,,,,,,,,,,,,,,,,,,,
2026-01-28 21:30,,,,,,,,,,,,,,,,,,,,,,,,,,,,,,,,,,,,,,,,,,,,,,,,,,,,,,,,,,,,
2026-01-28 22:30,,,,,,,,,,,,,,,,,,,,,,,,,,,,,,,,,,,,,,,,,,,,,,,,,,,,,,,,,,,,
2026-01-28 23:30,,,,,,,,,,,,,,,,,,,,,,,,,,,,,,,,,,,,,,,,,,,,,,,,,,,,,,,,,,,,
2026-01-29 00:30,,,,,,,,,,,,,,,,,,,,,,,,,,,,,,,,,,,,,,,,,,,,,,,,,,,,,,,,,,,,
2026-01-29 01:30,,,,,,,,,,,,,,,,,,,,,,,,,,,,,,,,,,,,,,,,,,,,,,,,,,,,,,,,,,,,
2026-01-29 02:30,,,,,,,,,,,,,,,,,,,,,,,,,,,,,,,,,,,,,,,,,,,,,,,,,,,,,,,,,,,,
2026-01-29 03:30,,,,,,,,,,,,,,,,,,,,,,,,,,,,,,,,,,,,,,,,,,,,,,,,,,,,,,,,,,,,
2026-01-29 04:30,,,,,,,,,,,,,,,,,,,,,,,,,,,,,,,,,,,,,,,,,,,,,,,,,,,,,,,,,,,,
2026-01-29 05:30,,,,,,,,,,,,,,,,,,,,,,,,,,,,,,,,,,,,,,,,,,,,,,,,,,,,,,,,,,,,
2026-01-29 06:30,,,,,,,,,,,,,,,,,,,,,,,,,,,,,,,,,,,,,,,,,,,,,,,,,,,,,,,,,,,,
2026-01-29 07:30,,,,,,,,,,,,,,,,,,,,,,,,,,,,,,,,,,,,,,,,,,,,,,,,,,,,,,,,,,,,
2026-01-29 08:30,,,,,,,,,,,,,,,,,,,,,,,,,,,,,,,,,,,,,,,,,,,,,,,,,,,,,,,,,,,,
2026-01-29 09:30,,,,,,,,,,,,,,,,,,,,,,,,,,,,,,,,,,,,,,,,,,,,,,,,,,,,,,,,,,,,
2026-01-29 10:30,,,,,,,,,,,,,,,,,,,,,,,,,,,,,,,,,,,,,,,,,,,,,,,,,,,,,,,,,,,,
2026-01-29 11:30,,,,,,,,,,,,,,,,,,,,,,,,,,,,,,,,,,,,,,,,,,,,,,,,,,,,,,,,,,,,
2026-01-29 12:30,,,,,,,,,,,,,,,,,,,,,,,,,,,,92.98%,,,,,,,,,,,,,97.82%,,,,,,,,,,,,,,,,,,,
2026-01-29 13:30,,,,,,,,,,,,,,,,,,,,,,,,,,,,93.33%,,,,,,,,,,,,,97.48%,,,,,,,,,,,,,,,,,,,
2026-01-29 14:30,,,,,,,,,,,,,,,,,,,,,,,,,,,,95.12%,,,,,,,,,,,,,98.59%,,,,,,,,,,,,,,,,,,,
2026-01-29 15:30,,,,,,,,,,,,,,,,,,,,,,,,,,,,95.15%,,,,,,,,,,,,,99.28%,,,,,,,,,,,,,,,,,,,
2026-01-29 16:30,,,,,,,,,,,,,,,,,,,,,,,,,,,,94.79%,,,,,,,,,,,,,99.04%,,,,,,,,,,,,,,,,,,,
2026-01-29 17:30,,,,,,,,,,,,,,,,,,,,,,,,,,,,94.26%,,,,,,,,,,,,,99.54%,,,,,,,,,,,,,,,,,,,
2026-01-29 18:30,,,,,,,,,,,,,,,,,,,,,,,,,,,,94.27%,,,,,,,,,,,,,99.74%,,,,,,,,,,,,,,,,,,,
2026-01-29 19:30,,,,,,,,,,,,,,,,,,,,,,,,,,,,94.46%,,,,,,,,,,,,,99.07%,,,,,,,,,,,,,,,,,,,
2026-01-29 20:30,,,,,,,,,,,,,,,,,,,,,,,,,,,,94.65%,,,,,,,,,,,,,99.69%,,,,,,,,,,,,,,,,,,,
2026-01-29 21:30,,,,,,,,,,,,,,,,,,,,,,,,,,,,,,,,,,,,,,,,,,,,,,,,,,,,,,,,,,,,
2026-01-29 22:30,,,,,,,,,,,,,,,,,,,,,,,,,,,,,,,,,,,,,,,,,,,,,,,,,,,,,,,,,,,,
2026-01-29 23:30,,,,,,,,,,,,,,,,,,,,,,,,,,,,,,,,,,,,,,,,,,,,,,,,,,,,,,,,,,,,
2026-01-30 00:30,,,,,,,,,,,,,,,,,,,,,,,,,,,,,,,,,,,,,,,,,,,,,,,,,,,,,,,,,,,,
2026-01-30 01:30,,,,,,,,,,,,,,,,,,,,,,,,,,,,,,,,,,,,,,,,,,,,,,,,,,,,,,,,,,,,
2026-01-30 02:30,,,,,,,,,,,,,,,,,,,,,,,,,,,,,,,,,,,,,,,,,,,,,,,,,,,,,,,,,,,,
2026-01-30 03:30,,,,,,,,,,,,,,,,,,,,,,,,,,,,,,,,,,,,,,,,,,,,,,,,,,,,,,,,,,,,
2026-01-30 04:30,,,,,,,,,,,,,,,,,,,,,,,,,,,,,,,,,,,,,,,,,,,,,,,,,,,,,,,,,,,,
2026-01-30 05:30,,,,,,,,,,,,,,,,,,,,,,,,,,,,,,,,,,,,,,,,,,,,,,,,,,,,,,,,,,,,
2026-01-30 06:30,,,,,,,,,,,,,,,,,,,,,,,,,,,,,,,,,,,,,,,,,,,,,,,,,,,,,,,,,,,,
2026-01-30 07:30,,,,,,,,,,,,,,,,,,,,,,,,,,,,,,,,,,,,,,,,,,,,,,,,,,,,,,,,,,,,
2026-01-30 08:30,,,,,,,,,,,,,,,,,,,,,,,,,,,,,,,,,,,,,,,,,,,,,,,,,,,,,,,,,,,,
2026-01-30 09:30,,,,,,,,,,,,,,,,,,,,,,,,,,,,,,,,,,,,,,,,,,,,,,,,,,,,,,,,,,,,
2026-01-30 10:30,,,,,,,,,,,,,,,,,,,,,,,,,,,,,,,,,,,,,,,,,,,,,,,,,,,,,,,,,,,,
2026-01-30 11:30,,,,,,,,,,,,,,,,,,,,,,,,,,,,95.04%,,,,,,,,,,,,,100.00%,,,,,,,,,,,,,,,,,,,
2026-01-30 12:30,,,,,,,,,,,,,,,,,,,,,,,,,,,,95.40%,,,,,,,,,,,,,100.00%,,,,,,,,,,,,,,,,,,,
2026-01-30 13:30,,,,,,,,,,,,,,,,,,,,,,,,,,,,57.30%,,68.49%,,,,,,,,,,,99.00%,,,,,,,,,,,61.51%,,,,,,,,
2026-01-30 14:30,,,,,,,,,,,,,,,,,,,,,,,,,,,,41.83%,,68.96%,,,,,,,,,,,97.82%,,,,,,,,,,,61.48%,,,,,,,,
2026-01-30 15:30,,,,,,,,,,,,,,,,,,,,,,,,,,,,42.00%,,69.97%,,,,,,,,,,,98.34%,,,,,,,,,,,61.49%,,,,,,,,
2026-01-30 16:30,,,,,,,,,,,,,,,,,,,,,,,,,,,,42.94%,,70.18%,,,,,,,,,,,98.35%,,,,,,,,,,,61.52%,,,,,,,,
2026-01-30 17:30,,,,,,,,,,,,,,,,,,,,,,,,,,,,40.97%,,70.26%,,,,,,,,,,,98.35%,,,,,,,,,,,61.54%,,,,,,,,
2026-01-30 18:30,,,,,,,,,,,,,,,,,,,,,,,,,,,,41.16%,,70.58%,,,,,,,,,,,98.29%,,,,,,,,,,,61.53%,,,,,,,,
2026-01-30 19:30,,,,,,,,,,,,,,,,,,,,,,,,,,,,41.18%,,70.66%,,,,,,,,,,,98.06%,,,,,,,,,,,61.51%,,,,,,,,
2026-01-30 20:30,,,,,,,,,,,,,,,,,,,,,,,,,,,,42.05%,,,,,,,,,,,,,98.06%,,,,,,,,,,,,,,,,,,,
2026-01-30 21:30,,,,,,,,,,,,,,,,,,,,,,,,,,,,43.64%,,,,,,,,,,,,,98.06%,,,,,,,,,,,,,,,,,,,
2026-01-30 22:30,,,,,,,,,,,,,,,,,,,,,,,,,,,,43.76%,,,,,,,,,,,,,98.06%,,,,,,,,,,,,,,,,,,,
2026-01-30 23:30,,,,,,,,,,,,,,,,,,,,,,,,,,,,43.77%,,,,,,,,,,,,,98.07%,,,,,,,,,,,,,,,,,,,
2026-01-31 00:30,,,,,,,,,,,,,,,,,,,,,,,,,,,,43.89%,,,,,,,,,,,,,98.07%,,,,,,,,,,,,,,,,,,,
2026-01-31 01:30,,,,,,,,,,,,,,,,,,,,,,,,,,,,43.22%,,,,,,,,,,,,,98.07%,,,,,,,,,,,,,,,,,,,
2026-01-31 02:30,,,,,,,,,,,,,,,,,,,,,,,,,,,,40.93%,,,,,,,,,,,,,98.07%,,,,,,,,,,,,,,,,,,,
2026-01-31 03:30,,,,,,,,,,,,,,,,,,,,,,,,,,,,41.13%,,,,,,,,,,,,,98.07%,,,,,,,,,,,,,,,,,,,
2026-01-31 04:30,,,,,,,,,,,,,,,,,,,,,,,,,,,,41.07%,,,,,,,,,,,,,98.07%,,,,,,,,,,,,,,,,,,,
2026-01-31 05:30,,,,,,,,,,,,,,,,,,,,,,,,,,,,40.69%,,,,,,,,,,,,,98.07%,,,,,,,,,,,,,,,,,,,
2026-01-31 06:30,,,,,,,,,,,,,,,,,,,,,,,,,,,,40.87%,,,,,,,,,,,,,98.08%,,,,,,,,,,,,,,,,,,,
2026-01-31 07:30,,,,,,,,,,,,,,,,,,,,,,,,,,,,41.16%,,,,,,,,,,,,,99.30%,,,,,,,,,,,,,,,,,,,
2026-01-31 08:30,,,,,,,,,,,,,,,,,,,,,,,,,,,,41.59%,,,,,,,,,,,,,98.35%,,,,,,,,,,,,,,,,,,,
2026-01-31 09:30,,,,,,,,,,,,,,,,,,,,,,,,,,,,42.15%,,,,,,,,,,,,,98.41%,,,,,,,,,,,,,,,,,,,
2026-01-31 10:30,,,,,,,,,,,,,,,,,,,,,,,,,,,,41.78%,,,,,,,,,,,,,99.36%,,,,,,,,,,,,,,,,,,,
2026-01-31 11:30,,,,,,,,,,,,,,,,,,,,,,,,,,,,41.81%,,,,,,,,,,,,,99.36%,,,,,,,,,,,,,,,,,,,
2026-01-31 12:30,,,,,,,,,,,,,,,,,,,,,,,,,,,,41.85%,,,,,,,,,,,,,99.36%,,,,,,,,,,,,,,,,,,,
2026-01-31 13:30,,,,,,,,,,,,,,,,,,,,,,,,,,,,41.79%,,,,,,,,,,,,,99.22%,,,,,,,,,,,,,,,,,,,
2026-01-31 14:30,,,,,,,,,,,,,,,,,,,,,,,,,,,,40.29%,,,,,,,,,,,,,98.36%,,,,,,,,,,,,,,,,,,,
2026-01-31 15:30,,,,,,,,,,,,,,,,,,,,,,,,,,,,40.46%,,,,,,,,,,,,,98.42%,,,,,,,,,,,,,,,,,,,
2026-01-31 16:30,,,,,,,,,,,,,,,,,,,,,,,,,,,,40.52%,,,,,,,,,,,,,98.34%,,,,,,,,,,,,,,,,,,,
2026-01-31 17:30,,,,,,,,,,,,,,,,,,,,,,,,,,,,40.63%,,,,,,,,,,,,,98.34%,,,,,,,,,,,,,,,,,,,
2026-01-31 18:30,,,,,,,,,,,,,,,,,,,,,,,,,,,,40.80%,,,,,,,,,,,,,98.39%,,,,,,,,,,,,,,,,,,,
2026-01-31 19:30,,,,,,,,,,,,,,,,,,,,,,,,,,,,40.47%,,,,,,,,,,,,,99.34%,,,,,,,,,,,,,,,,,,,
2026-01-31 20:30,,,,,,,,,,,,,,,,,,,,,,,,,,,,40.53%,,,,,,,,,,,,,99.34%,,,,,,,,,,,,,,,,,,,
2026-01-31 21:30,,,,,,,,,,,,,,,,,,,,,,,,,,,,40.48%,,,,,,,,,,,,,99.34%,,,,,,,,,,,,,,,,,,,
2026-01-31 22:30,,,,,,,,,,,,,,,,,,,,,,,,,,,,40.23%,,,,,,,,,,,,,99.35%,,,,,,,,,,,,,,,,,,,
2026-01-31 23:30,,,,,,,,,,,,,,,,,,,,,,,,,,,,40.24%,,,,,,,,,,,,,99.35%,,,,,,,,,,,,,,,,,,,
2026-02-01 00:30,,,,,,,,,,,,,,,,,,,,,,,,,,,,40.16%,,,,,,,,,,,,,99.35%,,,,,,,,,,,,,,,,,,,
2026-02-01 01:30,,,,,,,,,,,,,,,,,,,,,,,,,,,,40.24%,,,,,,,,,,,,,99.35%,,,,,,,,,,,,,,,,,,,
2026-02-01 02:30,,,,,,,,,,,,,,,,,,,,,,,,,,,,40.28%,,,,,,,,,,,,,99.35%,,,,,,,,,,,,,,,,,,,
2026-02-01 03:30,,,,,,,,,,,,,,,,,,,,,,,,,,,,40.37%,,,,,,,,,,,,,99.35%,,,,,,,,,,,,,,,,,,,
2026-02-01 04:30,,,,,,,,,,,,,,,,,,,,,,,,,,,,40.20%,,,,,,,,,,,,,99.36%,,,,,,,,,,,,,,,,,,,
2026-02-01 05:30,,,,,,,,,,,,,,,,,,,,,,,,,,,,39.95%,,,,,,,,,,,,,99.32%,,,,,,,,,,,,,,,,,,,
2026-02-01 06:30,,,,,,,,,,,,,,,,,,,,,,,,,,,,39.82%,,,,,,,,,,,,,98.36%,,,,,,,,,,,,,,,,,,,
2026-02-01 07:30,,,,,,,,,,,,,,,,,,,,,,,,,,,,40.02%,,,,,,,,,,,,,98.36%,,,,,,,,,,,,,,,,,,,
2026-02-01 08:30,,,,,,,,,,,,,,,,,,,,,,,,,,,,40.11%,,,,,,,,,,,,,98.36%,,,,,,,,,,,,,,,,,,,
2026-02-01 09:30,,,,,,,,,,,,,,,,,,,,,,,,,,,,40.47%,,,,,,,,,,,,,98.36%,,,,,,,,,,,,,,,,,,,
2026-02-01 10:30,,,,,,,,,,,,,,,,,,,,,,,,,,,,41.45%,,,,,,,,,,,,,98.36%,,,,,,,,,,,,,,,,,,,
2026-02-01 11:30,,,,,,,,,,,,,,,,,,,,,,,,,,,,41.34%,,,,,,,,,,,,,98.36%,,,,,,,,,,,,,,,,,,,
2026-02-01 12:30,,,,,,,,,,,,,,,,,,,,,,,,,,,,41.40%,,,,,,,,,,,,,98.36%,,,,,,,,,,,,,,,,,,,
2026-02-01 13:30,,,,,,,,,,,,,,,,,,,,,,,,,,,,41.75%,,,,,,,,,,,,,98.41%,,,,,,,,,,,,,,,,,,,
2026-02-01 14:30,,,,,,,,,,,,,,,,,,,,,,,,,,,,40.48%,,,,,,,,,,,,,99.34%,,,,,,,,,,,,,,,,,,,
2026-02-01 15:30,,,,,,,,,,,,,,,,,,,,,,,,,,,,40.34%,,,,,,,,,,,,,99.34%,,,,,,,,,,,,,,,,,,,
2026-02-01 16:30,,,,,,,,,,,,,,,,,,,,,,,,,,,,40.23%,,,,,,,,,,,,,99.35%,,,,,,,,,,,,,,,,,,,
2026-02-01 17:30,,,,,,,,,,,,,,,,,,,,,,,,,,,,40.25%,,,,,,,,,,,,,99.35%,,,,,,,,,,,,,,,,,,,
2026-02-01 18:30,,,,,,,,,,,,,,,,,,,,,,,,,,,,40.44%,,,,,,,,,,,,,99.35%,,,,,,,,,,,,,,,,,,,
2026-02-01 19:30,,,,,,,,,,,,,,,,,,,,,,,,,,,,40.25%,,,,,,,,,,,,,99.35%,,,,,,,,,,,,,,,,,,,
2026-02-01 20:30,,,,,,,,,,,,,,,,,,,,,,,,,,,,40.40%,,,,,,,,,,,,,99.35%,,,,,,,,,,,,,,,,,,,
2026-02-01 21:30,,,,,,,,,,,,,,,,,,,,,,,,,,,,40.43%,,,,,,,,,,,,,99.36%,,,,,,,,,,,,,,,,,,,
2026-02-01 22:30,,,,,,,,,,,,,,,,,,,,,,,,,,,,40.40%,,,,,,,,,,,,,99.36%,,,,,,,,,,,,,,,,,,,
2026-02-01 23:30,,,,,,,,,,,,,,,,,,,,,,,,,,,,40.25%,,,,,,,,,,,,,99.36%,,,,,,,,,,,,,,,,,,,
2026-02-02 00:30,,,,,,,,,,,,,,,,,,,,,,,,,,,,40.04%,,,,,,,,,,,,,99.36%,,,,,,,,,,,,,,,,,,,
2026-02-02 01:30,,,,,,,,,,,,,,,,,,,,,,,,,,,,40.15%,,,,,,,,,,,,,99.36%,,,,,,,,,,,,,,,,,,,
2026-02-02 02:30,,,,,,,,,,,,,,,,,,,,,,,,,,,,40.26%,,,,,,,,,,,,,99.36%,,,,,,,,,,,,,,,,,,,
2026-02-02 03:30,,,,,,,,,,,,,,,,,,,,,,,,,,,,40.26%,,,,,,,,,,,,,99.01%,,,,,,,,,,,,,,,,,,,
2026-02-02 04:30,,,,,,,,,,,,,,,,,,,,,,,,,,,,41.30%,,,,,,,,,,,,,98.36%,,,,,,,,,,,,,,,,,,,
2026-02-02 05:30,,,,,,,,,,,,,,,,,,,,,,,,,,,,41.25%,,,,,,,,,,,,,98.36%,,,,,,,,,,,,,,,,,,,
2026-02-02 06:30,,,,,,,,,,,,,,,,,,,,,,,,,,,,41.38%,,,,,,,,,,,,,98.36%,,,,,,,,,,,,,,,,,,,
2026-02-02 07:30,,,,,,,,,,,,,,,,,,,,,,,,,,,,41.36%,,,,,,,,,,,,,98.37%,,,,,,,,,,,,,,,,,,,
2026-02-02 08:30,,,,,,,,,,,,,,,,,,,,,,,,,,,,40.86%,,,,,,,,,,,,,98.37%,,,,,,,,,,,,,,,,,,,
2026-02-02 09:30,,,,,,,,,,,,,,,,,,,,,,,,,,,,40.82%,,,,,,,,,,,,,98.41%,,,,,,,,,,,,,,,,,,,
2026-02-02 10:30,,,,,,,,,,,,,,,,,,,,,,,,,,,,41.33%,,,,,,,,,,,,,98.50%,,,,,,,,,,,,,,,,,,,
2026-02-02 11:30,,,,,,,,,,,,,,,,,,,,,,,,,,,,41.78%,,,,,,,,,,,,,98.50%,,,,,,,,,,,,,,,,,,,
2026-02-02 12:30,,,,,,,,,,,,,,,,,,,,,,,,,,,,41.79%,,,,,,,,,,,,,98.50%,,,,,,,,,,,,,,,,,,,
2026-02-02 13:30,,,,,,,,,,,,,,,,,,,,,,,,,,,,42.03%,,,,,,,,,,,,,98.50%,,,,,,,,,,,,,,,,,,,
2026-02-02 14:30,,,,,,,,,,,,,,,,,,,,,,,,,,,,41.47%,,,,,,,,,,,,,98.48%,,,,,,,,,,,,,,,,,,,
2026-02-02 15:30,,,,,,,,,,,,,,,,,,,,,,,,,,,,41.52%,,66.52%,,,,,,,,,,,98.48%,,,,,,,,,,,,,,,,,,,
2026-02-02 16:30,,,,,,,,,,,,,,,,,,,,,,,,,,,,41.36%,,68.53%,,,,,,,,,,,98.48%,,,,,,,,,,,,,,,,,,,
2026-02-02 17:30,,,,,,,,,,,,,,,,,,,,,,,,,,,,41.20%,,69.66%,,,,,,,,,,,98.48%,,,,,,,,,,,,,,,,,,,
2026-02-02 18:30,,,,,,,,,,,,,,,,,,,,,,,,,,,,41.23%,,70.80%,,,,,,,,,,,98.48%,,,,,,,,,,,,,,,,,,,
2026-02-02 19:30,,,,,,,,,,,,,,,,,,,,,,,,,,,,41.21%,,70.16%,,,,,,,,,,,98.48%,,,,,,,,,,,,,,,,,,,
2026-02-02 20:30,,,,,,,,,,,,,,,,,,,,,,,,,,,,41.33%,,,,,,,,,,,,,98.54%,,,,,,,,,,,,,,,,,,,
2026-02-02 21:30,,,,,,,,,,,,,,,,,,,,,,,,,,,,40.49%,,,,,,,,,,,,,99.48%,,,,,,,,,,,,,,,,,,,
2026-02-02 22:30,,,,,,,,,,,,,,,,,,,,,,,,,,,,40.48%,,,,,,,,,,,,,99.48%,,,,,,,,,,,,,,,,,,,
2026-02-02 23:30,,,,,,,,,,,,,,,,,,,,,,,,,,,,40.50%,,,,,,,,,,,,,99.48%,,,,,,,,,,,,,,,,,,,
2026-02-03 00:30,,,,,,,,,,,,,,,,,,,,,,,,,,,,40.51%,,,,,,,,,,,,,99.48%,,,,,,,,,,,,,,,,,,,
2026-02-03 01:30,,,,,,,,,,,,,,,,,,,,,,,,,,,,40.53%,,,,,,,,,,,,,99.48%,,,,,,,,,,,,,,,,,,,
2026-02-03 02:30,,,,,,,,,,,,,,,,,,,,,,,,,,,,40.75%,,,,,,,,,,,,,99.48%,,,,,,,,,,,,,,,,,,,
2026-02-03 03:30,,,,,,,,,,,,,,,,,,,,,,,,,,,,40.69%,,,,,,,,,,,,,99.43%,,,,,,,,,,,,,,,,,,,
2026-02-03 04:30,,,,,,,,,,,,,,,,,,,,,,,,,,,,40.51%,,,,,,,,,,,,,98.48%,,,,,,,,,,,,,,,,,,,
2026-02-03 05:30,,,,,,,,,,,,,,,,,,,,,,,,,,,,40.57%,,,,,,,,,,,,,98.42%,,,,,,,,,,,,,,,,,,,
2026-02-03 06:30,,,,,,,,,,,,,,,,,,,,,,,,,,,,40.21%,,,,,,,,,,,,,98.35%,,,,,,,,,,,,,,,,,,,
2026-02-03 07:30,,,,,,,,,,,,,,,,,,,,,,,,,,,,40.19%,,,,,,,,,,,,,98.36%,,,,,,,,,,,,,,,,,,,
2026-02-03 08:30,,,,,,,,,,,,,,,,,,,,,,,,,,,,40.27%,,,,,,,,,,,,,98.36%,,,,,,,,,,,,,,,,,,,
2026-02-03 09:30,,,,,,,,,,,,,,,,,,,,,,,,,,,,40.44%,,,,,,,,,,,,,98.36%,,,,,,,,,,,,,,,,,,,
2026-02-03 10:30,,,,,,,,,,,,,,,,,,,,,,,,,,,,40.62%,,,,,,,,,,,,,98.36%,,,,,,,,,,,,,,,,,,,
2026-02-03 11:30,,,,,,,,,,,,,,,,,,,,,,,,,,,,42.31%,,,,,,,,,,,,,98.36%,,,,,,,,,,,,,,,,,,,
2026-02-03 12:30,,,,,,,,,,,,,,,,,,,,,,,,,,,,42.37%,,63.25%,,,,,,,,,,,98.36%,,,,,,,,,,,,,,,,,,,
2026-02-03 13:30,,,,,,,,,,,,,,,,,,,,,,,,,,,,42.51%,,67.11%,,,,,,,,,,,98.36%,,,,,,,,,,,,,,,,,,,
2026-02-03 14:30,,,,,,,,,,,,,,,,,,,,,,,,,,,,43.92%,,68.94%,,,,,,,,,,,98.40%,,,,,,,,,,,,,,,,,,,
2026-02-03 15:30,,,,,,,,,,,,,,,,,,,,,,,,,,,,47.52%,,69.43%,,,,,,,,,,,98.76%,,,,,,,,,,,,,,,,,,,
2026-02-03 16:30,,,,,,,,,,,,,,,,,,,,,,,,,,,,44.87%,,70.01%,,,,,,,,,,,98.76%,,,,,,,,,,,,,,,,,,,
2026-02-03 17:30,,,,,,,,,,,,,,,,,,,,,,,,,,,,38.86%,,70.15%,,,,,,,,,,,98.75%,,,,,,,,,,,,,,,,,,,
2026-02-03 18:30,,,,,,,,,,,,,,,,,,,,,,,,,,,,38.88%,,70.27%,,,,,,,,,,,98.75%,,,,,,,,,,,,,,,,,,,
2026-02-03 19:30,,,,,,,,,,,,,,,,,,,,,,,,,,,,39.83%,,69.78%,,,,,,,,,,,98.76%,,,,,,,,,,,,,,,,,,,
2026-02-03 20:30,,,,,,,,,,,,,,,,,,,,,,,,,,,,38.95%,,,,,,,,,,,,,98.76%,,,,,,,,,,,,,,,,,,,
2026-02-03 21:30,,,,,,,,,,,,,,,,,,,,,,,,,,,,39.01%,,,,,,,,,,,,,98.76%,,,,,,,,,,,,,,,,,,,
2026-02-03 22:30,,,,,,,,,,,,,,,,,,,,,,,,,,,,39.03%,,,,,,,,,,,,,98.76%,,,,,,,,,,,,,,,,,,,
2026-02-03 23:30,,,,,,,,,,,,,,,,,,,,,,,,,,,,39.22%,,,,,,,,,,,,,98.76%,,,,,,,,,,,,,,,,,,,
2026-02-04 00:30,,,,,,,,,,,,,,,,,,,,,,,,,,,,39.04%,,,,,,,,,,,,,98.75%,,,,,,,,,,,,,,,,,,,
2026-02-04 01:30,,,,,,,,,,,,,,,,,,,,,,,,,,,,39.07%,,,,,,,,,,,,,98.75%,,,,,,,,,,,,,,,,,,,
2026-02-04 02:30,,,,,,,,,,,,,,,,,,,,,,,,,,,,39.20%,,,,,,,,,,,,,98.76%,,,,,,,,,,,,,,,,,,,
2026-02-04 03:30,,,,,,,,,,,,,,,,,,,,,,,,,,,,39.38%,,,,,,,,,,,,,98.73%,,,,,,,,,,,,,,,,,,,
2026-02-04 04:30,,,,,,,,,,,,,,,,,,,,,,,,,,,,40.05%,,,,,,,,,,,,,98.58%,,,,,,,,,,,,,,,,,,,
2026-02-04 05:30,,,,,,,,,,,,,,,,,,,,,,,,,,,,40.43%,,,,,,,,,,,,,98.58%,,,,,,,,,,,,,,,,,,,
2026-02-04 06:30,,,,,,,,,,,,,,,,,,,,,,,,,,,,40.90%,,,,,,,,,,,,,98.58%,,,,,,,,,,,,,,,,,,,
2026-02-04 07:30,,,,,,,,,,,,,,,,,,,,,,,,,,,,40.66%,,,,,,,,,,,,,98.58%,,,,,,,,,,,,,,,,,,,
2026-02-04 08:30,,,,,,,,,,,,,,,,,,,,,,,,,,,,40.36%,,,,,,,,,,,,,98.58%,,,,,,,,,,,,,,,,,,,
2026-02-04 09:30,,,,,,,,,,,,,,,,,,,,,,,,,,,,40.45%,,,,,,,,,,,,,98.58%,,,,,,,,,,,,,,,,,,,
2026-02-04 10:30,,,,,,,,,,,,,,,,,,,,,,,,,,,,40.52%,,,,,,,,,,,,,98.59%,,,,,,,,,,,,,,,,,,,
2026-02-04 11:30,,,,,,,,,,,,,,,,,,,,,,,,,,,,40.63%,,,,,,,,,,,,,98.59%,,,,,,,,,,,,,,,,,,,
2026-02-04 12:30,,,,,,,,,,,,,,,,,,,,,,,,,,,,40.85%,,,,,,,,,,,,,98.59%,,,,,,,,,,,,,,,,,,,
2026-02-04 13:30,,,,,,,,,,,,,,,,,,,,,,,,,,,,40.85%,,,,,,,,,,,,,98.46%,,,,,,,,,,,,,,,,,,,
2026-02-04 14:30,,,,,,,,,,,,,,,,,,,,,,,,,,,,40.40%,,,,,,,,,,,,,97.56%,,,,,,,,,,,,,,,,,,,
2026-02-04 15:30,,,,,,,,,,,,,,,,,,,,,,,,,,,,40.51%,,,,,,,,,,,,,97.56%,,,,,,,,,,,,,,,,,,,
2026-02-04 16:30,,,,,,,,,,,,,,,,,,,,,,,,,,,,40.50%,,,,,,,,,,,,,97.56%,,,,,,,,,,,,,,,,,,,
2026-02-04 17:30,,,,,,,,,,,,,,,,,,,,,,,,,,,,40.61%,,,,,,,,,,,,,97.56%,,,,,,,,,,,,,,,,,,,
2026-02-04 18:30,,,,,,,,,,,,,,,,,,,,,,,,,,,,41.90%,,,,,,,,,,,,,97.56%,,,,,,,,,,,,,,,,,,,
2026-02-04 19:30,,,,,,,,,,,,,,,,,,,,,,,,,,,,41.24%,,,,,,,,,,,,,97.35%,,,,,,,,,,,,,,,,,,,
2026-02-04 20:30,,,,,,,,,,,,,,,,,,,,,,,,,,,,,,,,,,,,,,,,,,,,,,,,,,,,,,,,,,,,
2026-02-04 21:30,,,,,,,,,,,,,,,,,,,,,,,,,,,,,,,,,,,,,,,,,,,,,,,,,,,,,,,,,,,,
2026-02-04 22:30,,,,,,,,,,,,,,,,,,,,,,,,,,,,,,,,,,,,,,,,,,,,,,,,,,,,,,,,,,,,
2026-02-04 23:30,,,,,,,,,,,,,,,,,,,,,,,,,,,,,,,,,,,,,,,,,,,,,,,,,,,,,,,,,,,,
2026-02-05 00:30,,,,,,,,,,,,,,,,,,,,,,,,,,,,,,,,,,,,,,,,,,,,,,,,,,,,,,,,,,,,
2026-02-05 01:30,,,,,,,,,,,,,,,,,,,,,,,,,,,,,,,,,,,,,,,,,,,,,,,,,,,,,,,,,,,,
2026-02-05 02:30,,,,,,,,,,,,,,,,,,,,,,,,,,,,,,,,,,,,,,,,,,,,,,,,,,,,,,,,,,,,
2026-02-05 03:30,,,,,,,,,,,,,,,,,,,,,,,,,,,,,,,,,,,,,,,,,,,,,,,,,,,,,,,,,,,,
2026-02-05 04:30,,,,,,,,,,,,,,,,,,,,,,,,,,,,,,,,,,,,,,,,,,,,,,,,,,,,,,,,,,,,
2026-02-05 05:30,,,,,,,,,,,,,,,,,,,,,,,,,,,,,,,,,,,,,,,,,,,,,,,,,,,,,,,,,,,,
2026-02-05 06:30,,,,,,,,,,,,,,,,,,,,,,,,,,,,,,,,,,,,,,,,,,,,,,,,,,,,,,,,,,,,
2026-02-05 07:30,,,,,,,,,,,,,,,,,,,,,,,,,,,,,,,,,,,,,,,,,,,,,,,,,,,,,,,,,,,,
2026-02-05 08:30,,,,,,,,,,,,,,,,,,,,,,,,,,,,,,,,,,,,,,,,,,,,,,,,,,,,,,,,,,,,
2026-02-05 09:30,,,,,,,,,,,,,,,,,,,,,,,,,,,,,,,,,,,,,,,,,,,,,,,,,,,,,,,,,,,,
2026-02-05 10:30,,,,,,,,,,,,,,,,,,,,,,,,,,,,,,,,,,,,,,,,,,,,,,,,,,,,,,,,,,,,
2026-02-05 11:30,,,,,,,,,,,,,,,,,,,,,,,,,,,,,,,,,,,,,,,,,,,,,,,,,,,,,,,,,,,,
2026-02-05 12:30,,,,,,,,,,,,,,,,,,,,,,,,,,,,,,,,,,,,,,,,,,,,,,,,,,,,,,,,,,,,
2026-02-05 13:30,,,,,,,,,,,,,,,,,,,,,,,,,,,,,,,,,,,,,,,,,,,,,,,,,,,,,,,,,,,,
2026-02-05 14:30,,,,,,,,,,,,,,,,,,,,,,,,,,,,,,,,,,,,,,,,,,,,,,,,,,,,,,,,,,,,
2026-02-05 15:30,,,,,,,,,,,,,,,,,,,,,,,,,,,,,,,,,,,,,,,,,,,,,,,,,,,,,,,,,,,,
2026-02-05 16:30,,,,,,,,,,,,,,,,,,,,,,,,,,,,,,,,,,,,,,,,,,,,,,,,,,,,,,,,,,,,
2026-02-05 17:30,,,,,,,,,,,,,,,,,,,,,,,,,,,,,,,,,,,,,,,,,,,,,,,,,,,,,,,,,,,,
2026-02-05 18:30,,,,,,,,,,,,,,,,,,,,,,,,,,,,,,,,,,,,,,,,,,,,,,,,,,,,,,,,,,,,
2026-02-05 19:30,,,,,,,,,,,,,,,,,,,,,,,,,,,,,,,,,,,,,,,,,,,,,,,,,,,,,,,,,,,,
2026-02-05 20:30,,,,,,,,,,,,,,,,,,,,,,,,,,,,,,,,,,,,,,,,,,,,,,,,,,,,,,,,,,,,
2026-02-05 21:30,,,,,,,,,,,,,,,,,,,,,,,,,,,,,,,,,,,,,,,,,,,,,,,,,,,,,,,,,,,,
2026-02-05 22:30,,,,,,,,,,,,,,,,,,,,,,,,,,,,,,,,,,,,,,,,,,,,,,,,,,,,,,,,,,,,
2026-02-05 23:30,,,,,,,,,,,,,,,,,,,,,,,,,,,,,,,,,,,,,,,,,,,,,,,,,,,,,,,,,,,,
2026-02-06 00:30,,,,,,,,,,,,,,,,,,,,,,,,,,,,,,,,,,,,,,,,,,,,,,,,,,,,,,,,,,,,
2026-02-06 01:30,,,,,,,,,,,,,,,,,,,,,,,,,,,,,,,,,,,,,,,,,,,,,,,,,,,,,,,,,,,,
2026-02-06 02:30,,,,,,,,,,,,,,,,,,,,,,,,,,,,,,,,,,,,,,,,,,,,,,,,,,,,,,,,,,,,
2026-02-06 03:30,,,,,,,,,,,,,,,,,,,,,,,,,,,,,,,,,,,,,,,,,,,,,,,,,,,,,,,,,,,,
2026-02-06 04:30,,,,,,,,,,,,,,,,,,,,,,,,,,,,,,,,,,,,,,,,,,,,,,,,,,,,,,,,,,,,
2026-02-06 05:30,,,,,,,,,,,,,,,,,,,,,,,,,,,,,,,,,,,,,,,,,,,,,,,,,,,,,,,,,,,,
2026-02-06 06:30,,,,,,,,,,,,,,,,,,,,,,,,,,,,,,,,,,,,,,,,,,,,,,,,,,,,,,,,,,,,
2026-02-06 07:30,,,,,,,,,,,,,,,,,,,,,,,,,,,,,,,,,,,,,,,,,,,,,,,,,,,,,,,,,,,,
2026-02-06 08:30,,,,,,,,,,,,,,,,,,,,,,,,,,,,,,,,,,,,,,,,,,,,,,,,,,,,,,,,,,,,
2026-02-06 09:30,,,,,,,,,,,,,,,,,,,,,,,,,,,,,,,,,,,,,,,,,,,,,,,,,,,,,,,,,,,,
2026-02-06 10:30,,,,,,,,,,,,,,,,,,,,,,,,,,,,,,,,,,,,,,,,,,,,,,,,,,,,,,,,,,,,
2026-02-06 11:30,,,,,,,,,,,,,,,,,,,,,,,,,,,,,,,,,,,,,,,,,,,,,,,,,,,,,,,,,,,,
2026-02-06 12:30,,,,,,,,,,,,,,,,,,,,,,,,,,,,,,,,,,,,,,,,,,,,,,,,,,,,,,,,,,,,
2026-02-06 13:30,,,,,,,,,,,,,,,,,,,,,,,,,,,,,,,,,,,,,,,,,,,,,,,,,,,,,,,,,,,,
2026-02-06 14:30,,,,,,,,,,,,,,,,,,,,,,,,,,,,,,,,,,,,,,,,,,,,,,,,,,,,,,,,,,,,
2026-02-06 15:30,,,,,,,,,,,,,,,,,,,,,,,,,,,,,,,,,,,,,,,,,,,,,,,,,,,,,,,,,,,,
2026-02-06 16:30,,,,,,,,,,,,,,,,,,,,,,,,,,,,,,,,,,,,,,,,,,,,,,,,,,,,,,,,,,,,
2026-02-06 17:30,,,,,,,,,,,,,,,,,,,,,,,,,,,,,,,,,,,,,,,,,,,,,,,,,,,,,,,,,,,,
2026-02-06 18:30,,,,,,,,,,,,,,,,,,,,,,,,,,,,,,,,,,,,,,,,,,,,,,,,,,,,,,,,,,,,
2026-02-06 19:30,,,,,,,,,,,,,,,,,,,,,,,,,,,,,,,,,,,,,,,,,,,,,,,,,,,,,,,,,,,,
2026-02-06 20:30,,,,,,,,,,,,,,,,,,,,,,,,,,,,,,,,,,,,,,,,,,,,,,,,,,,,,,,,,,,,
2026-02-06 21:30,,,,,,,,,,,,,,,,,,,,,,,,,,,,,,,,,,,,,,,,,,,,,,,,,,,,,,,,,,,,
2026-02-06 22:30,,,,,,,,,,,,,,,,,,,,,,,,,,,,,,,,,,,,,,,,,,,,,,,,,,,,,,,,,,,,
2026-02-06 23:30,,,,,,,,,,,,,,,,,,,,,,,,,,,,,,,,,,,,,,,,,,,,,,,,,,,,,,,,,,,,
2026-02-07 00:30,,,,,,,,,,,,,,,,,,,,,,,,,,,,,,,,,,,,,,,,,,,,,,,,,,,,,,,,,,,,
2026-02-07 01:30,,,,,,,,,,,,,,,,,,,,,,,,,,,,,,,,,,,,,,,,,,,,,,,,,,,,,,,,,,,,
2026-02-07 02:30,,,,,,,,,,,,,,,,,,,,,,,,,,,,,,,,,,,,,,,,,,,,,,,,,,,,,,,,,,,,
2026-02-07 03:30,,,,,,,,,,,,,,,,,,,,,,,,,,,,,,,,,,,,,,,,,,,,,,,,,,,,,,,,,,,,
2026-02-07 04:30,,,,,,,,,,,,,,,,,,,,,,,,,,,,,,,,,,,,,,,,,,,,,,,,,,,,,,,,,,,,
2026-02-07 05:30,,,,,,,,,,,,,,,,,,,,,,,,,,,,,,,,,,,,,,,,,,,,,,,,,,,,,,,,,,,,
2026-02-07 06:30,,,,,,,,,,,,,,,,,,,,,,,,,,,,,,,,,,,,,,,,,,,,,,,,,,,,,,,,,,,,
2026-02-07 07:30,,,,,,,,,,,,,,,,,,,,,,,,,,,,,,,,,,,,,,,,,,,,,,,,,,,,,,,,,,,,
2026-02-07 08:30,,,,,,,,,,,,,,,,,,,,,,,,,,,,,,,,,,,,,,,,,,,,,,,,,,,,,,,,,,,,
2026-02-07 09:30,,,,,,,,,,,,,,,,,,,,,,,,,,,,,,,,,,,,,,,,,,,,,,,,,,,,,,,,,,,,
2026-02-07 10:30,,,,,,,,,,,,,,,,,,,,,,,,,,,,,,,,,,,,,,,,,,,,,,,,,,,,,,,,,,,,
2026-02-07 11:30,,,,,,,,,,,,,,,,,,,,,,,,,,,,,,,,,,,,,,,,,,,,,,,,,,,,,,,,,,,,
2026-02-07 12:30,,,,,,,,,,,,,,,,,,,,,,,,,,,,,,,,,,,,,,,,,,,,,,,,,,,,,,,,,,,,
2026-02-07 13:30,,,,,,,,,,,,,,,,,,,,,,,,,,,,,,,,,,,,,,,,,,,,,,,,,,,,,,,,,,,,
2026-02-07 14:30,,,,,,,,,,,,,,,,,,,,,,,,,,,,,,,,,,,,,,,,,,,,,,,,,,,,,,,,,,,,
2026-02-07 15:30,,,,,,,,,,,,,,,,,,,,,,,,,,,,,,,,,,,,,,,,,,,,,,,,,,,,,,,,,,,,
2026-02-07 16:30,,,,,,,,,,,,,,,,,,,,,,,,,,,,,,,,,,,,,,,,,,,,,,,,,,,,,,,,,,,,
2026-02-07 17:30,,,,,,,,,,,,,,,,,,,,,,,,,,,,,,,,,,,,,,,,,,,,,,,,,,,,,,,,,,,,
2026-02-07 18:30,,,,,,,,,,,,,,,,,,,,,,,,,,,,,,,,,,,,,,,,,,,,,,,,,,,,,,,,,,,,
2026-02-07 19:30,,,,,,,,,,,,,,,,,,,,,,,,,,,,,,,,,,,,,,,,,,,,,,,,,,,,,,,,,,,,
2026-02-07 20:30,,,,,,,,,,,,,,,,,,,,,,,,,,,,,,,,,,,,,,,,,,,,,,,,,,,,,,,,,,,,
2026-02-07 21:30,,,,,,,,,,,,,,,,,,,,,,,,,,,,,,,,,,,,,,,,,,,,,,,,,,,,,,,,,,,,
2026-02-07 22:30,,,,,,,,,,,,,,,,,,,,,,,,,,,,,,,,,,,,,,,,,,,,,,,,,,,,,,,,,,,,
2026-02-07 23:30,,,,,,,,,,,,,,,,,,,,,,,,,,,,,,,,,,,,,,,,,,,,,,,,,,,,,,,,,,,,
2026-02-08 00:30,,,,,,,,,,,,,,,,,,,,,,,,,,,,,,,,,,,,,,,,,,,,,,,,,,,,,,,,,,,,
2026-02-08 01:30,,,,,,,,,,,,,,,,,,,,,,,,,,,,,,,,,,,,,,,,,,,,,,,,,,,,,,,,,,,,
2026-02-08 02:30,,,,,,,,,,,,,,,,,,,,,,,,,,,,,,,,,,,,,,,,,,,,,,,,,,,,,,,,,,,,
2026-02-08 03:30,,,,,,,,,,,,,,,,,,,,,,,,,,,,,,,,,,,,,,,,,,,,,,,,,,,,,,,,,,,,
2026-02-08 04:30,,,,,,,,,,,,,,,,,,,,,,,,,,,,,,,,,,,,,,,,,,,,,,,,,,,,,,,,,,,,
2026-02-08 05:30,,,,,,,,,,,,,,,,,,,,,,,,,,,,,,,,,,,,,,,,,,,,,,,,,,,,,,,,,,,,
2026-02-08 06:30,,,,,,,,,,,,,,,,,,,,,,,,,,,,,,,,,,,,,,,,,,,,,,,,,,,,,,,,,,,,
2026-02-08 07:30,,,,,,,,,,,,,,,,,,,,,,,,,,,,,,,,,,,,,,,,,,,,,,,,,,,,,,,,,,,,
2026-02-08 08:30,,,,,,,,,,,,,,,,,,,,,,,,,,,,,,,,,,,,,,,,,,,,,,,,,,,,,,,,,,,,
2026-02-08 09:30,,,,,,,,,,,,,,,,,,,,,,,,,,,,,,,,,,,,,,,,,,,,,,,,,,,,,,,,,,,,
2026-02-08 10:30,,,,,,,,,,,,,,,,,,,,,,,,,,,,,,,,,,,,,,,,,,,,,,,,,,,,,,,,,,,,
2026-02-08 11:30,,,,,,,,,,,,,,,,,,,,,,,,,,,,,,,,,,,,,,,,,,,,,,,,,,,,,,,,,,,,
2026-02-08 12:30,,,,,,,,,,,,,,,,,,,,,,,,,,,,,,,,,,,,,,,,,,,,,,,,,,,,,,,,,,,,
2026-02-08 13:30,,,,,,,,,,,,,,,,,,,,,,,,,,,,,,,,,,,,,,,,,,,,,,,,,,,,,,,,,,,,
2026-02-08 14:30,,,,,,,,,,,,,,,,,,,,,,,,,,,,,,,,,,,,,,,,,,,,,,,,,,,,,,,,,,,,
2026-02-08 15:30,,,,,,,,,,,,,,,,,,,,,,,,,,,,,,,,,,,,,,,,,,,,,,,,,,,,,,,,,,,,
2026-02-08 16:30,,,,,,,,,,,,,,,,,,,,,,,,,,,,,,,,,,,,,,,,,,,,,,,,,,,,,,,,,,,,
2026-02-08 17:30,,,,,,,,,,,,,,,,,,,,,,,,,,,,,,,,,,,,,,,,,,,,,,,,,,,,,,,,,,,,
2026-02-08 18:30,,,,,,,,,,,,,,,,,,,,,,,,,,,,,,,,,,,,,,,,,,,,,,,,,,,,,,,,,,,,
2026-02-08 19:30,,,,,,,,,,,,,,,,,,,,,,,,,,,,,,,,,,,,,,,,,,,,,,,,,,,,,,,,,,,,
2026-02-08 20:30,,,,,,,,,,,,,,,,,,,,,,,,,,,,,,,,,,,,,,,,,,,,,,,,,,,,,,,,,,,,
2026-02-08 21:30,,,,,,,,,,,,,,,,,,,,,,,,,,,,,,,,,,,,,,,,,,,,,,,,,,,,,,,,,,,,
2026-02-08 22:30,,,,,,,,,,,,,,,,,,,,,,,,,,,,,,,,,,,,,,,,,,,,,,,,,,,,,,,,,,,,
2026-02-08 23:30,,,,,,,,,,,,,,,,,,,,,,,,,,,,,,,,,,,,,,,,,,,,,,,,,,,,,,,,,,,,
2026-02-09 00:30,,,,,,,,,,,,,,,,,,,,,,,,,,,,,,,,,,,,,,,,,,,,,,,,,,,,,,,,,,,,
2026-02-09 01:30,,,,,,,,,,,,,,,,,,,,,,,,,,,,,,,,,,,,,,,,,,,,,,,,,,,,,,,,,,,,
2026-02-09 02:30,,,,,,,,,,,,,,,,,,,,,,,,,,,,,,,,,,,,,,,,,,,,,,,,,,,,,,,,,,,,
2026-02-09 03:30,,,,,,,,,,,,,,,,,,,,,,,,,,,,,,,,,,,,,,,,,,,,,,,,,,,,,,,,,,,,
2026-02-09 04:30,,,,,,,,,,,,,,,,,,,,,,,,,,,,,,,,,,,,,,,,,,,,,,,,,,,,,,,,,,,,
2026-02-09 05:30,,,,,,,,,,,,,,,,,,,,,,,,,,,,,,,,,,,,,,,,,,,,,,,,,,,,,,,,,,,,
2026-02-09 06:30,,,,,,,,,,,,,,,,,,,,,,,,,,,,,,,,,,,,,,,,,,,,,,,,,,,,,,,,,,,,
2026-02-09 07:30,,,,,,,,,,,,,,,,,,,,,,,,,,,,,,,,,,,,,,,,,,,,,,,,,,,,,,,,,,,,
2026-02-09 08:30,,,,,,,,,,,,,,,,,,,,,,,,,,,,,,,,,,,,,,,,,,,,,,,,,,,,,,,,,,,,
2026-02-09 09:30,,,,,,,,,,,,,,,,,,,,,,,,,,,,,,,,,,,,,,,,,,,,,,,,,,,,,,,,,,,,
2026-02-09 10:30,,,,,,,,,,,,,,,,,,,,,,,,,,,,,,,,,,,,,,,,,,,,,,,,,,,,,,,,,,,,
2026-02-09 11:30,,,,,,,,,,,,,,,,,,,,,,,,,,,,,,,,,,,,,,,,,,,,,,,,,,,,,,,,,,,,
2026-02-09 12:30,,,,,,,,,,,,,,,,,,,,,,,,,,,,,,,,,,,,,,,,,,,,,,,,,,,,,,,,,,,,
2026-02-09 13:30,,,,,,,,,,,,,,,,,,,,,,,,,,,,,,,,,,,,,,,,,,,,,,,,,,,,,,,,,,,,
2026-02-09 14:30,,,,,,,,,,,,,,,,,,,,,,,,,,,,38.88%,,,,,,,,,,,,,95.37%,,,,,,,,,,,,,,,,,,,
2026-02-09 15:30,,,,,,,,,,,,,,8.64%,,,,,,,,,88.84%,,,,,40.58%,70.67%,,,,,,,,,,,,94.47%,,,,,,,,,,,,,,,,,,,
2026-02-09 16:30,,,,,,,,,,,,,,38.51%,,,,,,,,,87.98%,,,,,36.13%,69.15%,,,,,,,,,,,,94.66%,,,,,,,,,,,,,,,,,,,
2026-02-09 17:30,,,,,,,,,,,,,,37.80%,,,,,,,,,86.43%,,,,,36.55%,71.07%,,,,,,,,,,,,94.45%,,,,,,,,,,,,,,,,,,,
2026-02-09 18:30,,,,,,,,,,,,,,37.60%,,,,,,,,,85.96%,,,,,33.49%,71.07%,,,,,,,,,,,,94.33%,,,,,,,,,,,,,,,,,,,
2026-02-09 19:30,,,,,,,,,,,,,,36.52%,,,,,,,,,86.21%,,,,,31.14%,70.44%,,,,,,,,,,,,94.28%,,,,,,,,,,,,,,,,,,,
2026-02-09 20:30,,,,,,,,,,,,,,37.65%,,,,,,,,,86.23%,,,,,31.18%,70.43%,,,,,,,,,,,,94.28%,,,,,,,,,,,,,,,,,,,
2026-02-09 21:30,,,,,,,,,,,,,,36.94%,,,,,,,,,86.36%,,,,,31.09%,70.68%,,,,,,,,,,,,94.28%,,,,,,,,,,,,,,,,,,,
2026-02-09 22:30,,,,,,,,,,,,,,36.47%,,,,,,,,,86.06%,,,,,31.21%,70.73%,,,,,,,,,,,,94.29%,,,,,,,,,,,,,,,,,,,
2026-02-09 23:30,,,,,,,,,,,,,,36.34%,,,,,,,,,86.57%,,,,,31.23%,71.02%,,,,,,,,,,,,94.29%,,,,,,,,,,,,,,,,,,,
2026-02-10 00:30,,,,,,,,,,,,,,37.02%,,,,,,,,,86.49%,,,,,31.27%,70.98%,,,,,,,,,,,,94.29%,,,,,,,,,,,,,,,,,,,
2026-02-10 01:30,,,,,,,,,,,,,,37.26%,,,,,,,,,86.67%,,,,,31.23%,71.09%,,,,,,,,,,,,94.29%,,,,,,,,,,,,,,,,,,,
2026-02-10 02:30,,,,,,,,,,,,,,38.20%,,,,,,,,,86.84%,,,,,31.33%,71.52%,,,,,,,,,,,,94.29%,,,,,,,,,,,,,,,,,,,
2026-02-10 03:30,,,,,,,,,,,,,,44.76%,,,,,,,,,87.03%,,,,,31.45%,72.10%,,,,,,,,,,,,94.29%,,,,,,,,,,,,,,,,,,,
2026-02-10 04:30,,,,,,,,,,,,,,37.92%,,,,,,,,,86.94%,,,,,31.38%,71.38%,,,,,,,,,,,,94.29%,,,,,,,,,,,,,,,,,,,
2026-02-10 05:30,,,,,,,,,,,,,,37.61%,,,,,,,,,87.25%,,,,,30.98%,71.24%,,,,,,,,,,,,94.29%,,,,,,,,,,,,,,,,,,,
2026-02-10 06:30,,,,,,,,,,,,,,37.89%,,,,,,,,,87.32%,,,,,30.97%,71.28%,,,,,,,,,,,,94.30%,,,,,,,,,,,,,,,,,,,
2026-02-10 07:30,,,,,,,,,,,,,,36.91%,,,,,,,,,87.52%,,,,,31.01%,71.41%,,,,,,,,,,,,94.30%,,,,,,,,,,,,,,,,,,,
2026-02-10 08:30,,,,,,,,,,,,,,36.43%,,,,,,,,,87.39%,,,,,31.11%,71.08%,,,,,,,,,,,,94.30%,,,,,,,,,,,,,,,,,,,
2026-02-10 09:30,,,,,,,,,,,,,,37.58%,,,,,,,,,87.56%,,,,,31.06%,71.26%,,,,,,,,,,,,94.30%,,,,,,,,,,,,,,,,,,,
2026-02-10 10:30,,,,,,,,,,,,,,36.61%,,,,,,,,,87.46%,,,,,31.19%,71.10%,,,,,,,,,,,,94.30%,,,,,,,,,,,,,,,,,,,
2026-02-10 11:30,,,,,,,,,,,,,,37.98%,,,,,,,,,87.41%,,,,,32.56%,71.26%,,,,,,,,,,,,94.31%,,,,,,,,,,,,,,,,,,,
2026-02-10 12:30,,,,,,,,,,,,,,37.57%,,,,,,,,,87.36%,,,,,36.12%,71.34%,,,,,,,,,,,,94.20%,,,,,,,,,,,,,,,,,,,
2026-02-10 13:30,,,,,,,,,,,,,,36.88%,,,,,,,,,87.49%,,,,,37.22%,71.33%,,,,,,,,,,,,94.20%,,,,,,,,,,,,,,,,,,,
2026-02-10 14:30,,,,,,,,,,,,,,37.87%,,,,,,,,,87.49%,,,,,40.95%,71.26%,,,,,,,,,,,,94.17%,,,,,,,,,,,,,,,,,,,
2026-02-10 15:30,,,,,,,,,,,,,,29.49%,,,,,,,,,87.65%,,,,,41.00%,70.00%,,,,,,,,,,,,93.91%,,,,,,,,,,,,,,,,,,,
2026-02-10 16:30,,,,,,,,,,,,,,14.51%,,,,,,,,,87.64%,,,,,43.12%,67.92%,,,,,,,,,,,,93.89%,,,,,,,,,,,,,,,,,,,
2026-02-10 17:30,,,,,,,,,,,,,,16.25%,,,,,,,,,87.77%,,,,,40.83%,68.23%,,,,,,,,,,,,93.89%,,,,,,,,,,,,,,,,,,,
2026-02-10 18:30,,,,,,,,,,,,,,15.22%,,,,,,,,,87.70%,,,,,38.71%,68.17%,,,,,,,,,,,,93.89%,,,,,,,,,,,,,,,,,,,
2026-02-10 19:30,,,,,,,,,,,,,,15.35%,,,,,,,,,87.75%,,,,,38.78%,68.25%,,,,,,,,,,,,93.89%,,,,,,,,,,,,,,,,,,,
2026-02-10 20:30,,,,,,,,,,,,,,35.47%,,,,,,,,,87.74%,,,,,38.84%,71.62%,,,,,,,,,,,,93.89%,,,,,,,,,,,,,,,,,,,
2026-02-10 21:30,,,,,,,,,,,,,,37.55%,,,,,,,,,88.11%,,,,,38.89%,72.03%,,,,,,,,,,,,93.89%,,,,,,,,,,,,,,,,,,,
2026-02-10 22:30,,,,,,,,,,,,,,37.89%,,,,,,,,,87.93%,,,,,38.91%,72.05%,,,,,,,,,,,,93.90%,,,,,,,,,,,,,,,,,,,
2026-02-10 23:30,,,,,,,,,,,,,,38.37%,,,,,,,,,88.26%,,,,,38.94%,72.41%,,,,,,,,,,,,93.90%,,,,,,,,,,,,,,,,,,,
2026-02-11 00:30,,,,,,,,,,,,,,37.68%,,,,,,,,,87.87%,,,,,39.00%,72.25%,,,,,,,,,,,,93.90%,,,,,,,,,,,,,,,,,,,
2026-02-11 01:30,,,,,,,,,,,,,,37.77%,,,,,,,,,87.76%,,,,,38.98%,72.34%,,,,,,,,,,,,93.90%,,,,,,,,,,,,,,,,,,,
2026-02-11 02:30,,,,,,,,,,,,,,38.64%,,,,,,,,,87.86%,,,,,39.06%,72.39%,,,,,,,,,,,,93.90%,,,,,,,,,,,,,,,,,,,
2026-02-11 03:30,,,,,,,,,,,,,,40.82%,,,,,,,,,87.30%,,,,,39.12%,72.10%,,,,,,,,,,,,93.90%,,,,,,,,,,,,,,,,,,,
2026-02-11 04:30,,,,,,,,,,,,,,38.20%,,,,,,,,,87.14%,,,,,39.14%,71.64%,,,,,,,,,,,,93.91%,,,,,,,,,,,,,,,,,,,
2026-02-11 05:30,,,,,,,,,,,,,,37.58%,,,,,,,,,87.45%,,,,,39.29%,71.73%,,,,,,,,,,,,93.90%,,,,,,,,,,,,,,,,,,,
2026-02-11 06:30,,,,,,,,,,,,,,37.53%,,,,,,,,,87.39%,,,,,39.29%,71.77%,,,,,,,,,,,,93.90%,,,,,,,,,,,,,,,,,,,
2026-02-11 07:30,,,,,,,,,,,,,,38.05%,,,,,,,,,87.48%,,,,,39.43%,71.84%,,,,,,,,,,,,93.90%,,,,,,,,,,,,,,,,,,,
2026-02-11 08:30,,,,,,,,,,,,,,38.05%,,,,,,,,,87.41%,,,,,39.43%,71.77%,,,,,,,,,,,,93.91%,,,,,,,,,,,,,,,,,,,
2026-02-11 09:30,,,,,,,,,,,,,,38.05%,,,,,,,,,88.00%,,,,,39.46%,71.90%,,,,,,,,,,,,93.91%,,,,,,,,,,,,,,,,,,,
2026-02-11 10:30,,,,,,,,,,,,,,37.81%,,,,,,,,,87.46%,,,,,44.14%,72.01%,,,,,,,,,,,,94.21%,,,,,,,,,,,,,,,,,,,
2026-02-11 11:30,,,,,,,,,,,,,,38.26%,,,,,,,,,87.64%,,,,,50.04%,72.01%,,,,,,,,,,,,94.08%,,,,,,,,,,,,,,,,,,,
2026-02-11 12:30,,,,,,,,,,,,,,38.50%,,,,,,,,,87.57%,,,,,47.39%,72.11%,,,,,,,,,,,,94.06%,,,,,,,,,,,,,,,,,,,
2026-02-11 13:30,,,,,,,,,,,,,,38.20%,,,,,,,,,87.73%,,,,,49.04%,72.22%,,,,,,,,,,,,94.07%,,,,,,,,,,,,,,,,,,,
2026-02-11 14:30,,,,,,,,,,,,,,37.66%,,,,,,,,,87.64%,,,,,55.91%,72.07%,,,,,,,,,,,,94.46%,,,,,,,,,,,,,,,,,,,
2026-02-11 15:30,,,,,,,,,,,,,,37.69%,,,,,,,,,87.76%,,,,,52.10%,72.11%,,,,,,,,,,,,94.45%,,,,,,,,,,,,,,,,,,,
2026-02-11 16:30,,,,,,,,,,,,,,37.65%,,,,,,,,,87.70%,,,,,51.94%,72.25%,,,,,,,,,,,,94.44%,,,,,,,,,,,,,,,,,,,
2026-02-11 17:30,,,,,,,,,,,,,,37.25%,,,,,,,,,87.76%,,,,,50.96%,72.20%,,,,,,,,,,,,94.45%,,,,,,,,,,,,,,,,,,,
2026-02-11 18:30,,,,,,,,,,,,,,38.58%,,,,,,,,,87.56%,,,,,41.71%,72.64%,,,,,,,,,,,,94.63%,,,,,,,,,,,,,,,,,,,
2026-02-11 19:30,,,,,,,,,,,,,,38.45%,,,,,,,,,87.58%,,,,,39.05%,72.69%,,,,,,,,,,,,94.68%,,,,,,,,,,,,,,,,,,,
2026-02-11 20:30,,,,,,,,,,,,,,38.22%,,,,,,,,,87.64%,,,,,39.02%,73.04%,,,,,,,,,,,,94.68%,,,,,,,,,,,,,,,,,,,
2026-02-11 21:30,,,,,,,,,,,,,,36.92%,,,,,,,,,87.94%,,,,,39.28%,72.54%,,,,,,,,,,,,94.68%,,,,,,,,,,,,,,,,,,,
2026-02-11 22:30,,,,,,,,,,,,,,38.44%,,,,,,,,,87.67%,,,,,39.41%,72.79%,,,,,,,,,,,,94.68%,,,,,,,,,,,,,,,,,,,
2026-02-11 23:30,,,,,,,,,,,,,,37.38%,,,,,,,,,87.70%,,,,,39.60%,72.97%,,,,,,,,,,,,94.68%,,,,,,,,,,,,,,,,,,,
2026-02-12 00:30,,,,,,,,,,,,,,38.85%,,,,,,,,,87.45%,,,,,39.62%,73.10%,,,,,,,,,,,,94.69%,,,,,,,,,,,,,,,,,,,
2026-02-12 01:30,,,,,,,,,,,,,,38.02%,,,,,,,,,87.30%,,,,,39.66%,72.84%,,,,,,,,,,,,94.69%,,,,,,,,,,,,,,,,,,,
2026-02-12 02:30,,,,,,,,,,,,,,38.19%,,,,,,,,,87.47%,,,,,39.76%,72.95%,,,,,,,,,,,,94.69%,,,,,,,,,,,,,,,,,,,
2026-02-12 03:30,,,,,,,,,,,,,,41.16%,,,,,,,,,87.00%,,,,,39.88%,72.83%,,,,,,,,,,,,94.69%,,,,,,,,,,,,,,,,,,,
2026-02-12 04:30,,,,,,,,,,,,,,37.80%,,,,,,,,,87.05%,,,,,39.83%,72.55%,,,,,,,,,,,,94.69%,,,,,,,,,,,,,,,,,,,
2026-02-12 05:30,,,,,,,,,,,,,,38.71%,,,,,,,,,87.09%,,,,,40.60%,72.80%,,,,,,,,,,,,94.69%,,,,,,,,,,,,,,,,,,,
2026-02-12 06:30,,,,,,,,,,,,,,38.21%,,,,,,,,,87.15%,,,,,40.81%,72.97%,,,,,,,,,,,,94.70%,,,,,,,,,,,,,,,,,,,
2026-02-12 07:30,,,,,,,,,,,,,,38.85%,,,,,,,,,87.30%,,,,,40.87%,72.87%,,,,,,,,,,,,94.70%,,,,,,,,,,,,,,,,,,,
2026-02-12 08:30,,,,,,,,,,,,,,37.76%,,,,,,,,,87.15%,,,,,41.26%,72.73%,,,,,,,,,,,,94.72%,,,,,,,,,,,,,,,,,,,
2026-02-12 09:30,,,,,,,,,,,,,,38.40%,,,,,,,,,87.23%,,,,,41.18%,72.95%,,,,,,,,,,,,94.78%,,,,,,,,,,,,,,,,,,,
2026-02-12 10:30,,,,,,,,,,,,,,38.09%,,,,,,,,,87.11%,,,,,41.83%,73.00%,,,,,,,,,,,,94.78%,,,,,,,,,,,,,,,,,,,
2026-02-12 11:30,,,,,,,,,,,,,,38.53%,,,,,,,,,87.18%,,,,,43.17%,73.04%,,,,,,,,,,,,94.78%,,,,,,,,,,,,,,,,,,,
2026-02-12 12:30,,,,,,,,,,,,,,38.03%,,,,,,,,,87.12%,,,,,43.18%,72.95%,,,,,,,,,,,,94.78%,,,,,,,,,,,,,,,,,,,
2026-02-12 13:30,,,,,,,,,,,,,,38.19%,,,,,,,,,87.31%,,,,,44.47%,73.16%,,,,,,,,,,,,94.78%,,,,,,,,,,,,,,,,,,,
2026-02-12 14:30,,,,,,,,,,,,,,38.20%,,,,,,,,,87.19%,,,,,44.55%,73.02%,,,,,,,,,,,,94.76%,,,,,,,,,,,,,,,,,,,
2026-02-12 15:30,,,,,,,,,,,,,,38.02%,,,,,,,,,87.43%,,,,,44.17%,72.73%,,,,,,,,,,,,94.75%,,,,,,,,,,,,,,,,,,,
2026-02-12 16:30,,,,,,,,,,,,,,38.58%,,,,,,,,,87.37%,,,,,44.35%,72.96%,,,,,,,,,,,,94.74%,,,,,,,,,,,,,,,,,,,
2026-02-12 17:30,,,,,,,,,,,,,,38.93%,,,,,,,,,87.41%,,,,,44.66%,73.16%,,,,,,,,,,,,94.72%,,,,,,,,,,,,,,,,,,,
2026-02-12 18:30,,,,,,,,,,,,,,38.70%,,,,,,,,,87.18%,,,,,44.29%,73.36%,,,,,,,,,,,,94.67%,,,,,,,,,,,,,,,,,,,
2026-02-12 19:30,,,,,,,,,,,,,,38.75%,,,,,,,,,87.34%,,,,,44.12%,73.13%,,,,,,,,,,,,94.64%,,,,,,,,,,,,,,,,,,,
2026-02-12 20:30,,,,,,,,,,,,,,37.86%,,,,,,,,,87.22%,,,,,44.18%,72.98%,,,,,,,,,,,,94.64%,,,,,,,,,,,,,,,,,,,
2026-02-12 21:30,,,,,,,,,,,,,,37.92%,,,,,,,,,87.36%,,,,,44.31%,73.15%,,,,,,,,,,,,94.64%,,,,,,,,,,,,,,,,,,,
2026-02-12 22:30,,,,,,,,,,,,,,38.24%,,,,,,,,,86.98%,,,,,44.37%,73.47%,,,,,,,,,,,,94.64%,,,,,,,,,,,,,,,,,,,
2026-02-12 23:30,,,,,,,,,,,,,,38.35%,,,,,,,,,87.24%,,,,,44.27%,73.44%,,,,,,,,,,,,94.64%,,,,,,,,,,,,,,,,,,,
2026-02-13 00:30,,,,,,,,,,,,,,38.41%,,,,,,,,,87.37%,,,,,44.36%,73.30%,,,,,,,,,,,,94.64%,,,,,,,,,,,,,,,,,,,
2026-02-13 01:30,,,,,,,,,,,,,,38.43%,,,,,,,,,87.32%,,,,,44.39%,73.58%,,,,,,,,,,,,94.64%,,,,,,,,,,,,,,,,,,,
2026-02-13 02:30,,,,,,,,,,,,,,37.82%,,,,,,,,,87.59%,,,,,44.50%,73.38%,,,,,,,,,,,,94.64%,,,,,,,,,,,,,,,,,,,
2026-02-13 03:30,,,,,,,,,,,,,,40.83%,,,,,,,,,87.91%,,,,,44.52%,73.33%,,,,,,,,,,,,94.65%,,,,,,,,,,,,,,,,,,,
2026-02-13 04:30,,,,,,,,,,,,,,38.00%,,,,,,,,,87.92%,,,,,44.87%,73.35%,,,,,,,,,,,,94.65%,,,,,,,,,,,,,,,,,,,
2026-02-13 05:30,,,,,,,,,,,,,,38.68%,,,,,,,,,88.01%,,,,,45.31%,73.45%,,,,,,,,,,,,94.65%,,,,,,,,,,,,,,,,,,,
2026-02-13 06:30,,,,,,,,,,,,,,38.14%,,,,,,,,,88.00%,,,,,45.44%,73.17%,,,,,,,,,,,,94.65%,,,,,,,,,,,,,,,,,,,
2026-02-13 07:30,,,,,,,,,,,,,,38.29%,,,,,,,,,88.20%,,,,,45.08%,73.28%,,,,,,,,,,,,94.65%,,,,,,,,,,,,,,,,,,,
2026-02-13 08:30,,,,,,,,,,,,,,37.92%,,,,,,,,,87.94%,,,,,45.10%,73.30%,,,,,,,,,,,,94.65%,,,,,,,,,,,,,,,,,,,
2026-02-13 09:30,,,,,,,,,,,,,,37.96%,,,,,,,,,87.96%,,,,,45.08%,73.44%,,,,,,,,,,,,94.65%,,,,,,,,,,,,,,,,,,,
2026-02-13 10:30,,,,,,,,,,,,,,38.56%,,,,,,,,,87.96%,,,,,45.35%,73.46%,,,,,,,,,,,,94.66%,,,,,,,,,,,,,,,,,,,
2026-02-13 11:30,,,,,,,,,,,,,,38.45%,,,,,,,,,88.11%,,,,,45.12%,73.60%,,,,,,,,,,,,94.66%,,,,,,,,,,,,,,,,,,,
2026-02-13 12:30,,,,,,,,,,,,,,37.84%,,,,,,,,,88.10%,,,,,46.04%,73.56%,,,,,,,,,,,,94.66%,,,,,,,,,,,,,,,,,,,
2026-02-13 13:30,,,,,,,,,,,,,,38.59%,,,,,,,,,88.43%,,,,,46.29%,74.03%,,,,,,,,,,,,94.67%,,,,,,,,,,,,,,,,,,,
2026-02-13 14:30,,,,,,,,,,,,,,38.92%,,,,,,,,,88.47%,,,,,47.74%,73.96%,,,,,,,,,,,,94.65%,,,,,,,,,,,,,,,,,,,
2026-02-13 15:30,,,,,,,,,,,,,,39.27%,,,,,,,,,88.61%,,,,,44.58%,74.27%,,,,,,,,,,,,94.65%,,,,,,,,,,,,,,,,,,,
2026-02-13 16:30,,,,,,,,,,,,,,38.97%,,,,,,,,,88.53%,,,,,43.79%,74.04%,,,,,,,,,,,,94.65%,,,,,,,,,,,,,,,,,,,
2026-02-13 17:30,,,,,,,,,,,,,,38.99%,,,,,,,,,88.64%,,,,,43.95%,74.18%,,,,,,,,,,,,94.65%,,,,,,,,,,,,,,,,,,,
2026-02-13 18:30,,,,,,,,,,,,,,38.91%,,,,,,,,,88.44%,,,,,44.23%,74.23%,,,,,,,,,,,,94.65%,,,,,,,,,,,,,,,,,,,
2026-02-13 19:30,,,,,,,,,,,,,,39.12%,,,,,,,,,88.57%,,,,,44.08%,74.21%,,,,,,,,,,,,94.65%,,,,,,,,,,,,,,,,,,,
2026-02-13 20:30,,,,,,,,,,,,,,37.59%,,,,,,,,,88.55%,,,,,44.21%,73.90%,,,,,,,,,,,,94.66%,,,,,,,,,,,,,,,,,,,
2026-02-13 21:30,,,,,,,,,,,,,,39.27%,,,,,,,,,88.88%,,,,,44.28%,74.37%,,,,,,,,,,,,94.66%,,,,,,,,,,,,,,,,,,,
2026-02-13 22:30,,,,,,,,,,,,,,38.07%,,,,,,,,,88.60%,,,,,44.44%,74.33%,,,,,,,,,,,,94.66%,,,,,,,,,,,,,,,,,,,
2026-02-13 23:30,,,,,,,,,,,,,,38.30%,,,,,,,,,88.88%,,,,,44.42%,74.35%,,,,,,,,,,,,94.66%,,,,,,,,,,,,,,,,,,,
2026-02-14 00:30,,,,,,,,,,,,,,38.93%,,,,,,,,,88.82%,,,,,44.46%,74.40%,,,,,,,,,,,,94.66%,,,,,,,,,,,,,,,,,,,
2026-02-14 01:30,,,,,,,,,,,,,,38.45%,,,,,,,,,88.59%,,,,,44.42%,74.44%,,,,,,,,,,,,94.66%,,,,,,,,,,,,,,,,,,,
2026-02-14 02:30,,,,,,,,,,,,,,42.14%,,,,,,,,,88.45%,,,,,44.41%,74.43%,,,,,,,,,,,,94.67%,,,,,,,,,,,,,,,,,,,
2026-02-14 03:30,,,,,,,,,,,,,,39.30%,,,,,,,,,88.28%,,,,,44.46%,74.70%,,,,,,,,,,,,94.66%,,,,,,,,,,,,,,,,,,,
2026-02-14 04:30,,,,,,,,,,,,,,48.37%,,,,,,,,,88.22%,,,,,44.60%,74.57%,,,,,,,,,,,,94.67%,,,,,,,,,,,,,,,,,,,
2026-02-14 05:30,,,,,,,,,,,,,,40.11%,,,,,,,,,88.47%,,,,,44.45%,74.27%,,,,,,,,,,,,94.67%,,,,,,,,,,,,,,,,,,,
2026-02-14 06:30,,,,,,,,,,,,,,38.72%,,,,,,,,,88.42%,,,,,44.26%,74.25%,,,,,,,,,,,,94.67%,,,,,,,,,,,,,,,,,,,
2026-02-14 07:30,,,,,,,,,,,,,,38.89%,,,,,,,,,88.57%,,,,,44.44%,74.28%,,,,,,,,,,,,94.67%,,,,,,,,,,,,,,,,,,,
2026-02-14 08:30,,,,,,,,,,,,,,37.50%,,,,,,,,,88.53%,,,,,44.54%,74.03%,,,,,,,,,,,,94.68%,,,,,,,,,,,,,,,,,,,
2026-02-14 09:30,,,,,,,,,,,,,,38.91%,,,,,,,,,88.77%,,,,,42.65%,74.45%,,,,,,,,,,,,94.74%,,,,,,,,,,,,,,,,,,,
2026-02-14 10:30,,,,,,,,,,,,,,39.28%,,,,,,,,,88.62%,,,,,40.39%,74.53%,,,,,,,,,,,,94.70%,,,,,,,,,,,,,,,,,,,
2026-02-14 11:30,,,,,,,,,,,,,,46.91%,,,,,,,,,88.79%,,,,,40.39%,74.49%,,,,,,,,,,,,94.45%,,,,,,,,,,,,,,,,,,,
2026-02-14 12:30,,,,,,,,,,,,,,41.72%,,,,,,,,,88.70%,,,,,40.40%,74.36%,,,,,,,,,,,,94.45%,,,,,,,,,,,,,,,,,,,
2026-02-14 13:30,,,,,,,,,,,,,,39.38%,,,,,,,,,88.80%,,,,,40.45%,74.44%,,,,,,,,,,,,94.45%,,,,,,,,,,,,,,,,,,,
2026-02-14 14:30,,,,,,,,,,,,,,39.11%,,,,,,,,,88.71%,,,,,40.83%,74.50%,,,,,,,,,,,,94.51%,,,,,,,,,,,,,,,,,,,
2026-02-14 15:30,,,,,,,,,,,,,,38.92%,,,,,,,,,88.92%,,,,,40.84%,74.43%,,,,,,,,,,,,94.53%,,,,,,,,,,,,,,,,,,,
2026-02-14 16:30,,,,,,,,,,,,,,39.18%,,,,,,,,,88.26%,,,,,40.71%,74.27%,,,,,,,,,,,,94.53%,,,,,,,,,,,,,,,,,,,
2026-02-14 17:30,,,,,,,,,,,,,,39.07%,,,,,,,,,88.38%,,,,,40.80%,74.43%,,,,,,,,,,,,94.53%,,,,,,,,,,,,,,,,,,,
2026-02-14 18:30,,,,,,,,,,,,,,38.81%,,,,,,,,,88.25%,,,,,40.68%,74.48%,,,,,,,,,,,,94.55%,,,,,,,,,,,,,,,,,,,
2026-02-14 19:30,,,,,,,,,,,,,,39.21%,,,,,,,,,88.38%,,,,,40.41%,74.80%,,,,,,,,,,,,94.59%,,,,,,,,,,,,,,,,,,,
2026-02-14 20:30,,,,,,,,,,,,,,39.27%,,,,,,,,,88.35%,,,,,40.41%,74.66%,,,,,,,,,,,,94.60%,,,,,,,,,,,,,,,,,,,
2026-02-14 21:30,,,,,,,,,,,,,,39.68%,,,,,,,,,88.67%,,,,,40.46%,74.85%,,,,,,,,,,,,94.60%,,,,,,,,,,,,,,,,,,,
2026-02-14 22:30,,,,,,,,,,,,,,38.05%,,,,,,,,,88.53%,,,,,40.51%,74.50%,,,,,,,,,,,,94.67%,,,,,,,,,,,,,,,,,,,
2026-02-14 23:30,,,,,,,,,,,,,,38.57%,,,,,,,,,88.82%,,,,,40.60%,74.52%,,,,,,,,,,,,94.69%,,,,,,,,,,,,,,,,,,,
2026-02-15 00:30,,,,,,,,,,,,,,38.97%,,,,,,,,,88.65%,,,,,40.54%,74.76%,,,,,,,,,,,,94.69%,,,,,,,,,,,,,,,,,,,
2026-02-15 01:30,,,,,,,,,,,,,,37.81%,,,,,,,,,88.67%,,,,,40.59%,74.47%,,,,,,,,,,,,94.69%,,,,,,,,,,,,,,,,,,,
2026-02-15 02:30,,,,,,,,,,,,,,42.55%,,,,,,,,,88.71%,,,,,40.65%,74.49%,,,,,,,,,,,,94.69%,,,,,,,,,,,,,,,,,,,
2026-02-15 03:30,,,,,,,,,,,,,,39.30%,,,,,,,,,88.67%,,,,,40.80%,74.61%,,,,,,,,,,,,94.70%,,,,,,,,,,,,,,,,,,,
2026-02-15 04:30,,,,,,,,,,,,,,48.11%,,,,,,,,,88.34%,,,,,41.17%,74.51%,,,,,,,,,,,,94.74%,,,,,,,,,,,,,,,,,,,
2026-02-15 05:30,,,,,,,,,,,,,,39.11%,,,,,,,,,88.42%,,,,,41.09%,74.57%,,,,,,,,,,,,94.79%,,,,,,,,,,,,,,,,,,,
2026-02-15 06:30,,,,,,,,,,,,,,38.85%,,,,,,,,,88.40%,,,,,41.17%,74.75%,,,,,,,,,,,,94.80%,,,,,,,,,,,,,,,,,,,
2026-02-15 07:30,,,,,,,,,,,,,,39.99%,,,,,,,,,88.60%,,,,,41.16%,74.41%,,,,,,,,,,,,94.79%,,,,,,,,,,,,,,,,,,,
2026-02-15 08:30,,,,,,,,,,,,,,47.72%,,,,,,,,,88.61%,,,,,41.21%,74.54%,,,,,,,,,,,,94.79%,,,,,,,,,,,,,,,,,,,
2026-02-15 09:30,,,,,,,,,,,,,,38.62%,,,,,,,,,88.74%,,,,,41.22%,74.50%,,,,,,,,,,,,94.80%,,,,,,,,,,,,,,,,,,,
2026-02-15 10:30,,,,,,,,,,,,,,38.78%,,,,,,,,,88.76%,,,,,41.42%,74.54%,,,,,,,,,,,,94.80%,,,,,,,,,,,,,,,,,,,
2026-02-15 11:30,,,,,,,,,,,,,,34.99%,,,,,,,,,88.84%,,,,,41.42%,73.83%,,,,,,,,,,,,94.80%,,,,,,,,,,,,,,,,,,,
2026-02-15 12:30,,,,,,,,,,,,,,38.27%,,,,,,,,,88.71%,,,,,41.42%,74.47%,,,,,,,,,,,,94.80%,,,,,,,,,,,,,,,,,,,
2026-02-15 13:30,,,,,,,,,,,,,,38.46%,,,,,,,,,88.87%,,,,,41.50%,74.60%,,,,,,,,,,,,94.80%,,,,,,,,,,,,,,,,,,,
2026-02-15 14:30,,,,,,,,,,,,,,38.39%,,,,,,,,,88.85%,,,,,41.21%,74.57%,,,,,,,,,,,,94.79%,,,,,,,,,,,,,,,,,,,
2026-02-15 15:30,,,,,,,,,,,,,,38.22%,,,,,,,,,88.97%,,,,,40.90%,74.64%,,,,,,,,,,,,94.78%,,,,,,,,,,,,,,,,,,,
2026-02-15 16:30,,,,,,,,,,,,,,32.99%,,,,,,,,,88.74%,,,,,40.86%,73.22%,,,,,,,,,,,,94.78%,,,,,,,,,,,,,,,,,,,
2026-02-15 17:30,,,,,,,,,,,,,,38.70%,,,,,,,,,88.74%,,,,,40.89%,74.06%,,,,,,,,,,,,94.78%,,,,,,,,,,,,,,,,,,,
2026-02-15 18:30,,,,,,,,,,,,,,39.49%,,,,,,,,,88.46%,,,,,40.81%,74.23%,,,,,,,,,,,,94.78%,,,,,,,,,,,,,,,,,,,
2026-02-15 19:30,,,,,,,,,,,,,,39.22%,,,,,,,,,88.58%,,,,,40.65%,74.38%,,,,,,,,,,,,94.78%,,,,,,,,,,,,,,,,,,,
2026-02-15 20:30,,,,,,,,,,,,,,38.70%,,,,,,,,,88.47%,,,,,40.75%,74.21%,,,,,,,,,,,,94.79%,,,,,,,,,,,,,,,,,,,
2026-02-15 21:30,,,,,,,,,,,,,,38.78%,,,,,,,,,88.70%,,,,,40.73%,74.45%,,,,,,,,,,,,94.79%,,,,,,,,,,,,,,,,,,,
2026-02-15 22:30,,,,,,,,,,,,,,39.14%,,,,,,,,,88.47%,,,,,40.86%,74.94%,,,,,,,,,,,,94.79%,,,,,,,,,,,,,,,,,,,
2026-02-15 23:30,,,,,,,,,,,,,,39.28%,,,,,,,,,88.62%,,,,,41.00%,74.85%,,,,,,,,,,,,94.80%,,,,,,,,,,,,,,,,,,,
2026-02-16 00:30,,,,,,,,,,,,,,41.22%,,,,,,,,,88.52%,,,,,41.02%,74.73%,,,,,,,,,,,,94.61%,,,,,,,,,,,,,,,,,,,
2026-02-16 01:30,,,,,,,,,,,,,,47.03%,,,,,,,,,88.65%,,,,,41.03%,74.21%,,,,,,,,,,,,94.62%,,,,,,,,,,,,,,,,,,,
2026-02-16 02:30,,,,,,,,,,,,,,42.64%,,,,,,,,,88.56%,,,,,41.08%,74.28%,,,,,,,,,,,,94.62%,,,,,,,,,,,,,,,,,,,
2026-02-16 03:30,,,,,,,,,,,,,,38.19%,,,,,,,,,88.20%,,,,,41.21%,73.56%,,,,,,,,,,,,94.62%,,,,,,,,,,,,,,,,,,,
2026-02-16 04:30,,,,,,,,,,,,,,48.90%,,,,,,,,,88.21%,,,,,41.62%,73.74%,,,,,,,,,,,,94.62%,,,,,,,,,,,,,,,,,,,
2026-02-16 05:30,,,,,,,,,,,,,,39.08%,,,,,,,,,88.47%,,,,,41.67%,74.01%,,,,,,,,,,,,94.62%,,,,,,,,,,,,,,,,,,,
2026-02-16 06:30,,,,,,,,,,,,,,38.83%,,,,,,,,,88.36%,,,,,41.78%,73.99%,,,,,,,,,,,,94.62%,,,,,,,,,,,,,,,,,,,
2026-02-16 07:30,,,,,,,,,,,,,,38.97%,,,,,,,,,88.47%,,,,,41.79%,73.97%,,,,,,,,,,,,94.62%,,,,,,,,,,,,,,,,,,,
2026-02-16 08:30,,,,,,,,,,,,,,38.58%,,,,,,,,,88.37%,,,,,41.86%,73.77%,,,,,,,,,,,,94.62%,,,,,,,,,,,,,,,,,,,
2026-02-16 09:30,,,,,,,,,,,,,,38.96%,,,,,,,,,88.57%,,,,,41.91%,73.96%,,,,,,,,,,,,94.62%,,,,,,,,,,,,,,,,,,,
2026-02-16 10:30,,,,,,,,,,,,,,37.92%,,,,,,,,,88.39%,,,,,41.90%,73.69%,,,,,,,,,,,,94.62%,,,,,,,,,,,,,,,,,,,
2026-02-16 11:30,,,,,,,,,,,,,,47.03%,,,,,,,,,88.44%,,,,,41.83%,73.78%,,,,,,,,,,,,94.62%,,,,,,,,,,,,,,,,,,,
2026-02-16 12:30,,,,,,,,,,,,,,40.72%,,,,,,,,,88.45%,,,,,41.85%,73.90%,,,,,,,,,,,,94.63%,,,,,,,,,,,,,,,,,,,
2026-02-16 13:30,,,,,,,,,,,,,,38.90%,,,,,,,,,88.52%,,,,,41.98%,74.05%,,,,,,,,,,,,94.63%,,,,,,,,,,,,,,,,,,,
2026-02-16 14:30,,,,,,,,,,,,,,38.51%,,,,,,,,,88.43%,,,,,41.74%,73.80%,,,,,,,,,,,,94.61%,,,,,,,,,,,,,,,,,,,
2026-02-16 15:30,,,,,,,,,,,,,,42.08%,,,,,,,,,87.98%,,,,,40.49%,71.78%,,,,,,,,,,,,94.71%,,,,,,,,,,,,,,,,,,,
2026-02-16 16:30,,,,,,,,,,,,,,40.31%,,,,,,,,,87.26%,,,,,61.21%,69.93%,,,,,,,,,,,,94.61%,,,,,,,,,,,,,,,,,,,
2026-02-16 17:30,,,,,,,,,,,,,,40.29%,,,,,,,,,87.60%,,,,,69.34%,71.24%,,,,,,,,,,,,94.61%,,,,,,,,,,,,,,,,,,,
2026-02-16 18:30,,,,,,,,,,,,,,35.11%,,,,,,,,,87.45%,,,,,62.07%,69.93%,,,,,,,,,,,,94.61%,,,,,,,,,,,,,,,,,,,
2026-02-16 19:30,,,,,,,,,,,,,,40.03%,,,,,,,,,87.56%,,,,,55.15%,70.44%,,,,,,,,,,,,94.61%,,,,,,,,,,,,,,,,,,,
2026-02-16 20:30,,,,,,,,,,,,,,40.89%,,,,,,,,,87.59%,,,,,55.68%,70.87%,,,,,,,,,,,,94.61%,,,,,,,,,,,,,,,,,,,
2026-02-16 21:30,,,,,,,,,,,,,,40.57%,,,,,,,,,87.91%,,,,,56.00%,71.15%,,,,,,,,,,,,94.61%,,,,,,,,,,,,,,,,,,,
2026-02-16 22:30,,,,,,,,,,,,,,40.86%,,,,,,,,,87.62%,,,,,56.03%,71.32%,,,,,,,,,,,,94.61%,,,,,,,,,,,,,,,,,,,
2026-02-16 23:30,,,,,,,,,,,,,,40.30%,,,,,,,,,87.96%,,,,,56.25%,71.13%,,,,,,,,,,,,94.68%,,,,,,,,,,,,,,,,,,,
2026-02-17 00:30,,,,,,,,,,,,,,40.26%,,,,,,,,,87.94%,,,,,56.30%,71.31%,,,,,,,,,,,,94.69%,,,,,,,,,,,,,,,,,,,
2026-02-17 01:30,,,,,,,,,,,,,,40.78%,,,,,,,,,87.99%,,,,,56.39%,71.65%,,,,,,,,,,,,94.69%,,,,,,,,,,,,,,,,,,,
2026-02-17 02:30,,,,,,,,,,,,,,44.96%,,,,,,,,,87.84%,,,,,57.10%,71.92%,,,,,,,,,,,,94.70%,,,,,,,,,,,,,,,,,,,
2026-02-17 03:30,,,,,,,,,,,,,,43.31%,,,,,,,,,87.46%,,,,,57.13%,71.82%,,,,,,,,,,,,94.69%,,,,,,,,,,,,,,,,,,,
2026-02-17 04:30,,,,,,,,,,,,,,40.15%,,,,,,,,,87.62%,,,,,57.78%,71.79%,,,,,,,,,,,,94.70%,,,,,,,,,,,,,,,,,,,
2026-02-17 05:30,,,,,,,,,,,,,,40.51%,,,,,,,,,87.82%,,,,,57.80%,71.98%,,,,,,,,,,,,94.70%,,,,,,,,,,,,,,,,,,,
2026-02-17 06:30,,,,,,,,,,,,,,40.39%,,,,,,,,,87.86%,,,,,57.87%,71.86%,,,,,,,,,,,,94.70%,,,,,,,,,,,,,,,,,,,
2026-02-17 07:30,,,,,,,,,,,,,,40.39%,,,,,,,,,87.93%,,,,,57.97%,71.97%,,,,,,,,,,,,94.70%,,,,,,,,,,,,,,,,,,,
2026-02-17 08:30,,,,,,,,,,,,,,39.93%,,,,,,,,,87.83%,,,,,58.16%,72.14%,,,,,,,,,,,,94.71%,,,,,,,,,,,,,,,,,,,
2026-02-17 09:30,,,,,,,,,,,,,,39.61%,,,,,,,,,87.91%,,,,,58.22%,72.36%,,,,,,,,,,,,94.71%,,,,,,,,,,,,,,,,,,,
2026-02-17 10:30,,,,,,,,,,,,,,38.96%,,,,,,,,,87.82%,,,,,58.25%,71.95%,,,,,,,,,,,,94.78%,,,,,,,,,,,,,,,,,,,
2026-02-17 11:30,,,,,,,,,,,,,,39.27%,,,,,,,,,87.93%,,,,,58.10%,72.04%,,,,,,,,,,,,94.81%,,,,,,,,,,,,,,,,,,,
2026-02-17 12:30,,,,,,,,,,,,,,40.22%,,,,,,,,,87.86%,,,,,58.56%,72.48%,,,,,,,,,,,,94.81%,,,,,,,,,,,,,,,,,,,
2026-02-17 13:30,,,,,,,,,,,,,,40.03%,,,,,,,,,87.90%,,,,,57.34%,72.76%,,,,,,,,,,,,94.83%,,,,,,,,,,,,,,,,,,,
2026-02-17 14:30,,,,,,,,,,,,,,40.56%,,,,,,,,,87.90%,,,,,56.12%,73.04%,,,,,,,,,,,,94.85%,,,,,,,,,,,,,,,,,,,
2026-02-17 15:30,,,,,,,,,,,,,,40.77%,,,,,,,,,87.88%,,,,,57.83%,72.76%,,,,,,,,,,,,94.85%,,,,,,,,,,,,,,,,,,,
2026-02-17 16:30,,,,,,,,,,,,,,39.81%,,,,,,,,,87.88%,,,,,57.58%,72.79%,,,,,,,,,,,,94.85%,,,,,,,,,,,,,,,,,,,
2026-02-17 17:30,,,,,,,,,,,,,,40.78%,,,,,,,,,87.83%,,,,,61.10%,73.03%,,,,,,,,,,,,90.13%,,,,,,,,,,,,,,,,,,,
2026-02-17 18:30,,,,,,,,,,,,,,40.18%,,,,,,,,,87.78%,,,,,60.31%,73.02%,,,,,,,,,,,,76.67%,,,,,,,,,,,,,,,,,,,
2026-02-17 19:30,,,,,,,,,,,,,,40.11%,,,,,,,,,87.78%,,,,,61.74%,72.93%,,,,,,,,,,,,76.68%,,,,,,,,,,,,,,,,,,,
2026-02-17 20:30,,,,,,,,,,,,,,40.47%,,,,,,,,,87.70%,,,,,61.98%,73.04%,,,,,,,,,,,,76.68%,,,,,,,,,,,,,,,,,,,
2026-02-17 21:30,,,,,,,,,,,,,,49.78%,,,,,,,,,88.02%,,,,,62.56%,73.00%,,,,,,,,,,,,76.69%,,,,,,,,,,,,,,,,,,,
2026-02-17 22:30,,,,,,,,,,,,,,39.61%,,,,,,,,,87.68%,,,,,62.80%,73.29%,,,,,,,,,,,,76.68%,,,,,,,,,,,,,,,,,,,
2026-02-17 23:30,,,,,,,,,,,,,,39.92%,,,,,,,,,88.05%,,,,,63.10%,73.37%,,,,,,,,,,,,76.69%,,,,,,,,,,,,,,,,,,,
2026-02-18 00:30,,,,,,,,,,,,,,39.70%,,,,,,,,,87.85%,,,,,63.39%,73.62%,,,,,,,,,,,,76.69%,,,,,,,,,,,,,,,,,,,
2026-02-18 01:30,,,,,,,,,,,,,,40.21%,,,,,,,,,87.84%,,,,,63.13%,73.35%,,,,,,,,,,,,76.69%,,,,,,,,,,,,,,,,,,,
2026-02-18 02:30,,,,,,,,,,,,,,43.20%,,,,,,,,,88.09%,,,,,63.23%,73.62%,,,,,,,,,,,,76.69%,,,,,,,,,,,,,,,,,,,
2026-02-18 03:30,,,,,,,,,,,,,,41.08%,,,,,,,,,88.08%,,,,,63.47%,72.80%,,,,,,,,,,,,76.70%,,,,,,,,,,,,,,,,,,,
2026-02-18 04:30,,,,,,,,,,,,,,51.29%,,,,,,,,,88.08%,,,,,63.55%,72.71%,,,,,,,,,,,,76.92%,,,,,,,,,,,,,,,,,,,
2026-02-18 05:30,,,,,,,,,,,,,,40.81%,,,,,,,,,88.01%,,,,,63.53%,72.69%,,,,,,,,,,,,76.93%,,,,,,,,,,,,,,,,,,,
2026-02-18 06:30,,,,,,,,,,,,,,40.76%,,,,,,,,,88.00%,,,,,63.74%,72.90%,,,,,,,,,,,,76.94%,,,,,,,,,,,,,,,,,,,
2026-02-18 07:30,,,,,,,,,,,,,,40.62%,,,,,,,,,88.14%,,,,,63.89%,73.07%,,,,,,,,,,,,76.94%,,,,,,,,,,,,,,,,,,,
2026-02-18 08:30,,,,,,,,,,,,,,40.29%,,,,,,,,,88.00%,,,,,64.03%,72.97%,,,,,,,,,,,,76.95%,,,,,,,,,,,,,,,,,,,
2026-02-18 09:30,,,,,,,,,,,,,,41.17%,,,,,,,,,88.18%,,,,,64.06%,73.10%,,,,,,,,,,,,76.95%,,,,,,,,,,,,,,,,,,,
2026-02-18 10:30,,,,,,,,,,,,,,39.91%,,,,,,,,,88.10%,,,,,65.78%,72.66%,,,,,,,,,,,,76.92%,,,,,,,,,,,,,,,,,,,
2026-02-18 11:30,,,,,,,,,,,,,,50.09%,,,,,,,,,88.17%,,,,,66.24%,72.62%,,,,,,,,,,,,76.91%,,,,,,,,,,,,,,,,,,,
2026-02-18 12:30,,,,,,,,,,,,,,40.56%,,,,,,,,,88.04%,,,,,66.13%,72.81%,,,,,,,,,,,,76.91%,,,,,,,,,,,,,,,,,,,
2026-02-18 13:30,,,,,,,,,,,,,,40.30%,,,,,,,,,88.07%,,,,,68.42%,73.33%,,,,,,,,,,,,76.94%,,,,,,,,,,,,,,,,,,,
2026-02-18 14:30,,,,,,,,,,,,,,40.56%,,,,,,,,,88.12%,,,,,67.71%,73.40%,,,,,,,,,,,,76.96%,,,,,,,,,,,,,,,,,,,
2026-02-18 15:30,,,,,,,,,,,,,,40.32%,,,,,,,,,88.23%,,,,,65.35%,73.40%,,,,,,,,,,,,76.94%,,,,,,,,,,,,,,,,,,,
2026-02-18 16:30,,,,,,,,,,,,,,40.08%,,,,,,,,,88.18%,,,,,67.09%,73.40%,,,,,,,,,,,,76.95%,,,,,,,,,,,,,,,,,,,
2026-02-18 17:30,,,,,,,,,,,,,,40.33%,,,,,,,,,88.30%,,,,,70.95%,73.57%,,,,,,,,,,,,77.07%,,,,,,,,,,,,,,,,,,,
2026-02-18 18:30,,,,,,,,,,,,,,39.92%,,,,,,,,,88.08%,,,,,64.87%,73.30%,,,,,,,,,,,,77.25%,,,,,,,,,,,,,,,,,,,
2026-02-18 19:30,,,,,,,,,,,,,,39.94%,,,,,,,,,88.12%,,,,,65.65%,73.50%,,,,,,,,,,,,77.25%,,,,,,,,,,,,,,,,,,,
2026-02-18 20:30,,,,,,,,,,,,,,39.11%,,,,,,,,,88.09%,,,,,66.04%,73.51%,,,,,,,,,,,,77.25%,,,,,,,,,,,,,,,,,,,
2026-02-18 21:30,,,,,,,,,,,,,,39.30%,,,,,,,,,88.15%,,,,,66.42%,73.66%,,,,,,,,,,,,77.30%,,,,,,,,,,,,,,,,,,,
2026-02-18 22:30,,,,,,,,,,,,,,39.28%,,,,,,,,,87.71%,,,,,66.73%,73.72%,,,,,,,,,,,,77.30%,,,,,,,,,,,,,,,,,,,
2026-02-18 23:30,,,,,,,,,,,,,,40.34%,,,,,,,,,88.09%,,,,,67.04%,73.71%,,,,,,,,,,,,77.31%,,,,,,,,,,,,,,,,,,,
2026-02-19 00:30,,,,,,,,,,,,,,42.82%,,,,,,,,,88.04%,,,,,67.24%,73.90%,,,,,,,,,,,,77.31%,,,,,,,,,,,,,,,,,,,
2026-02-19 01:30,,,,,,,,,,,,,,47.38%,,,,,,,,,87.99%,,,,,67.99%,73.49%,,,,,,,,,,,,77.31%,,,,,,,,,,,,,,,,,,,
2026-02-19 02:30,,,,,,,,,,,,,,43.79%,,,,,,,,,88.28%,,,,,68.35%,73.65%,,,,,,,,,,,,77.31%,,,,,,,,,,,,,,,,,,,
2026-02-19 03:30,,,,,,,,,,,,,,39.85%,,,,,,,,,88.37%,,,,,68.85%,73.59%,,,,,,,,,,,,77.48%,,,,,,,,,,,,,,,,,,,
2026-02-19 04:30,,,,,,,,,,,,,,49.51%,,,,,,,,,88.37%,,,,,69.01%,73.69%,,,,,,,,,,,,77.69%,,,,,,,,,,,,,,,,,,,
2026-02-19 05:30,,,,,,,,,,,,,,40.07%,,,,,,,,,88.53%,,,,,69.06%,73.46%,,,,,,,,,,,,77.69%,,,,,,,,,,,,,,,,,,,
2026-02-19 06:30,,,,,,,,,,,,,,39.62%,,,,,,,,,88.39%,,,,,69.24%,73.69%,,,,,,,,,,,,77.69%,,,,,,,,,,,,,,,,,,,
2026-02-19 07:30,,,,,,,,,,,,,,40.08%,,,,,,,,,88.49%,,,,,69.40%,74.04%,,,,,,,,,,,,77.70%,,,,,,,,,,,,,,,,,,,
2026-02-19 08:30,,,,,,,,,,,,,,39.57%,,,,,,,,,88.34%,,,,,69.61%,73.84%,,,,,,,,,,,,77.70%,,,,,,,,,,,,,,,,,,,
2026-02-19 09:30,,,,,,,,,,,,,,40.12%,,,,,,,,,88.57%,,,,,69.84%,74.07%,,,,,,,,,,,,77.70%,,,,,,,,,,,,,,,,,,,
2026-02-19 10:30,,,,,,,,,,,,,,39.88%,,,,,,,,,88.46%,,,,,69.71%,74.05%,,,,,,,,,,,,77.77%,,,,,,,,,,,,,,,,,,,
2026-02-19 11:30,,,,,,,,,,,,,,40.30%,,,,,,,,,88.58%,,,,,69.93%,74.42%,,,,,,,,,,,,77.78%,,,,,,,,,,,,,,,,,,,
2026-02-19 12:30,,,,,,,,,,,,,,40.01%,,,,,,,,,88.59%,,,,,70.10%,74.00%,,,,,,,,,,,,77.78%,,,,,,,,,,,,,,,,,,,
2026-02-19 13:30,,,,,,,,,,,,,,39.57%,,,,,,,,,88.75%,,,,,70.27%,74.06%,,,,,,,,,,,,77.78%,,,,,,,,,,,,,,,,,,,
2026-02-19 14:30,,,,,,,,,,,,,,39.95%,,,,,,,,,88.57%,,,,,79.14%,74.21%,,,,,,,,,,,,77.77%,,,,,,,,,,,,,,,,,,,
2026-02-19 15:30,,,,,,,,,,,,,,40.55%,,,,,,,,,88.61%,,,,,79.88%,74.50%,,,,,,,,,,,,77.86%,,,,,,,,,,,,,,,,,,,
2026-02-19 16:30,,,,,,,,,,,,,,38.95%,,,,,,,,,88.22%,,,,,72.99%,74.05%,,,,,,,,,,,,76.49%,,,,,,,,,,,,,,,,,,,
2026-02-19 17:30,,,,,,,,,,,,,,39.33%,,,,,,,,,88.42%,,,,,60.85%,74.25%,,,,,,,,,,,,74.76%,,,,,,,,,,,,,,,,,,,
2026-02-19 18:30,,,,,,,,,,,,,,40.53%,,,,,,,,,88.44%,,,,,69.90%,74.59%,,,,,,,,,,,,75.19%,,,,,,,,,,,,,,,,,,,
2026-02-19 19:30,,,,,,,,,,,,,,39.86%,,,,,,,,,88.54%,,,,,72.86%,74.70%,,,,,,,,,,,,75.52%,,,,,,,,,,,,,,,,,,,
2026-02-19 20:30,,,,,,,,,,,,,,40.19%,,,,,,,,,88.49%,,,,,67.93%,74.65%,,,,,,,,,,,,75.36%,,,,,,,,,,,,,,,,,,,
2026-02-19 21:30,,,,,,,,,,,,,,40.22%,,,,,,,,,88.74%,,,,,66.99%,74.71%,,,,,,,,,,,,75.20%,,,,,,,,,,,,,,,,,,,
2026-02-19 22:30,,,,,,,,,,,,,,40.00%,,,,,,,,,88.24%,,,,,67.04%,74.64%,,,,,,,,,,,,75.20%,,,,,,,,,,,,,,,,,,,
2026-02-19 23:30,,,,,,,,,,,,,,39.63%,,,,,,,,,88.50%,,,,,67.25%,74.46%,,,,,,,,,,,,75.15%,,,,,,,,,,,,,,,,,,,
2026-02-20 00:30,,,,,,,,,,,,,,39.35%,,,,,,,,,88.36%,,,,,67.28%,74.25%,,,,,,,,,,,,75.14%,,,,,,,,,,,,,,,,,,,
2026-02-20 01:30,,,,,,,,,,,,,,40.17%,,,,,,,,,88.46%,,,,,67.36%,74.55%,,,,,,,,,,,,75.13%,,,,,,,,,,,,,,,,,,,
2026-02-20 02:30,,,,,,,,,,,,,,43.51%,,,,,,,,,88.48%,,,,,67.49%,74.66%,,,,,,,,,,,,75.13%,,,,,,,,,,,,,,,,,,,
2026-02-20 03:30,,,,,,,,,,,,,,40.89%,,,,,,,,,88.13%,,,,,67.59%,74.57%,,,,,,,,,,,,75.14%,,,,,,,,,,,,,,,,,,,
2026-02-20 04:30,,,,,,,,,,,,,,49.63%,,,,,,,,,88.19%,,,,,67.56%,74.27%,,,,,,,,,,,,75.14%,,,,,,,,,,,,,,,,,,,
2026-02-20 05:30,,,,,,,,,,,,,,40.50%,,,,,,,,,88.36%,,,,,67.89%,74.39%,,,,,,,,,,,,75.14%,,,,,,,,,,,,,,,,,,,
2026-02-20 06:30,,,,,,,,,,,,,,40.42%,,,,,,,,,88.50%,,,,,68.05%,74.49%,,,,,,,,,,,,75.15%,,,,,,,,,,,,,,,,,,,
2026-02-20 07:30,,,,,,,,,,,,,,40.45%,,,,,,,,,88.59%,,,,,68.10%,74.38%,,,,,,,,,,,,75.16%,,,,,,,,,,,,,,,,,,,
2026-02-20 08:30,,,,,,,,,,,,,,40.17%,,,,,,,,,88.58%,,,,,68.06%,74.41%,,,,,,,,,,,,75.16%,,,,,,,,,,,,,,,,,,,
2026-02-20 09:30,,,,,,,,,,,,,,40.68%,,,,,,,,,88.76%,,,,,68.17%,74.56%,,,,,,,,,,,,75.17%,,,,,,,,,,,,,,,,,,,
2026-02-20 10:30,,,,,,,,,,,,,,40.41%,,,,,,,,,88.46%,,,,,68.35%,74.44%,,,,,,,,,,,,75.17%,,,,,,,,,,,,,,,,,,,
2026-02-20 11:30,,,,,,,,,,,,,,40.97%,,38.66%,,,,,,88.05%,88.60%,,,,,68.61%,74.42%,,,,,,,,,,,,75.16%,,,,,,,,,,,,,,58.58%,,,,,
2026-02-20 12:30,,,,,,,,,,,,,,40.07%,,30.17%,,,,,,86.57%,88.46%,,,,,68.89%,74.40%,,,,,,,,,,,,75.16%,,,,,,,,,,,,,,58.43%,,,,,
2026-02-20 13:30,,,,,,,,,,,,,,39.43%,,,,,,,,,88.57%,,,,,67.27%,75.03%,,,,,,,,,,,,75.16%,,,,,,,,,,,,,,,,,,,
2026-02-20 14:30,,,,,,,,,,,,,,41.31%,,17.45%,,,,,,85.24%,88.51%,,,,,68.63%,75.29%,,,,,,,,,,,,75.20%,,,,,,,,,,,,,,58.45%,,,,,
2026-02-20 15:30,,,,,,,,,,,,,,40.94%,,21.72%,,,,,,84.28%,88.68%,,,,,67.82%,75.40%,,,,,,,,,,,,75.26%,,,,,,,,,,,,,,58.25%,,,,,
2026-02-20 16:30,,,,,,,,,,,,,,40.90%,,10.46%,,,,,,85.74%,88.52%,,,,,65.88%,75.57%,,,,,,,,,,,,75.31%,,,,,,,,,,,,,,58.02%,,,,,
2026-02-20 17:30,,,,,,,,,,,,,,40.39%,,11.64%,,,,,,83.65%,88.58%,,,,,65.06%,75.33%,,,,,,,,,,,,75.31%,,,,,,,,,,,,,,58.05%,,,,,
2026-02-20 18:30,,,,,,,,,,,,,,40.51%,,,,,,,,,88.47%,,,,,65.80%,75.27%,,,,,,,,,,,,75.32%,,,,,,,,,,,,,,,,,,,
2026-02-20 19:30,,,,,,,,,,,,,,40.56%,,,,,,,,,88.36%,,,,,66.05%,75.34%,,,,,,,,,,,,75.31%,,,,,,,,,,,,,,,,,,,
2026-02-20 20:30,,,,,,,,,,,,,,40.74%,,,,,,,,,88.38%,,,,,66.47%,75.51%,,,,,,,,,,,,75.32%,,,,,,,,,,,,,,,,,,,
2026-02-20 21:30,,,,,,,,,,,,,,40.36%,,,,,,,,,88.51%,,,,,66.47%,75.35%,,,,,,,,,,,,75.32%,,,,,,,,,,,,,,,,,,,
2026-02-20 22:30,,,,,,,,,,,,,,40.17%,,12.89%,,,,,,80.99%,88.11%,,,,,66.65%,75.39%,,,,,,,,,,,,75.32%,,,,,,,,,,,,,,58.10%,,,,,
2026-02-20 23:30,,,,,,,,,,,,,,40.19%,,,,,,,,,88.36%,,,,,66.72%,75.52%,,,,,,,,,,,,75.33%,,,,,,,,,,,,,,,,,,,
2026-02-21 00:30,,,,,,,,,,,,,,42.63%,,,,,,,,,88.16%,,,,,67.99%,75.44%,,,,,,,,,,,,75.32%,,,,,,,,,,,,,,,,,,,
2026-02-21 01:30,,,,,,,,,,,,,,48.08%,,,,,,,,,88.36%,,,,,73.59%,75.17%,,,,,,,,,,,,75.34%,,,,,,,,,,,,,,,,,,,
2026-02-21 02:30,,,,,,,,,,,,,,42.89%,,,,,,,,,88.47%,,,,,79.42%,75.29%,,,,,,,,,,,,75.54%,,,,,,,,,,,,,,,,,,,
2026-02-21 03:30,,,,,,,,,,,,,,40.52%,,,,,,,,,88.16%,,,,,82.13%,75.49%,,,,,,,,,,,,76.02%,,,,,,,,,,,,,,,,,,,
2026-02-21 04:30,,,,,,,,,,,,,,48.99%,,,,,,,,,88.30%,,,,,82.22%,75.28%,,,,,,,,,,,,76.09%,,,,,,,,,,,,,,,,,,,
2026-02-21 05:30,,,,,,,,,,,,,,41.86%,,,,,,,,,88.41%,,,,,82.27%,75.46%,,,,,,,,,,,,76.17%,,,,,,,,,,,,,,,,,,,
2026-02-21 06:30,,,,,,,,,,,,,,40.28%,,,,,,,,,88.30%,,,,,82.83%,75.56%,,,,,,,,,,,,76.19%,,,,,,,,,,,,,,,,,,,
2026-02-21 07:30,,,,,,,,,,,,,,40.81%,,,,,,,,,88.41%,,,,,82.90%,75.73%,,,,,,,,,,,,76.19%,,,,,,,,,,,,,,,,,,,
2026-02-21 08:30,,,,,,,,,,,,,,40.60%,,,,,,,,,88.33%,,,,,82.93%,75.59%,,,,,,,,,,,,76.19%,,,,,,,,,,,,,,,,,,,
2026-02-21 09:30,,,,,,,,,,,,,,40.07%,,34.27%,,,,,,86.59%,88.52%,,,,,83.17%,75.43%,,,,,,,,,,,,76.20%,,,,,,,,,,,,,,58.17%,,,,,
2026-02-21 10:30,,,,,,,,,,,,,,40.59%,,,,,,,,,88.35%,,,,,83.25%,75.46%,,,,,,,,,,,,76.19%,,,,,,,,,,,,,,,,,,,
2026-02-21 11:30,,,,,,,,,,,,,,40.20%,,,,,,,,,88.18%,,,,,83.25%,75.46%,,,,,,,,,,,,76.20%,,,,,,,,,,,,,,,,,,,
2026-02-21 12:30,,,,,,,,,,,,,,40.99%,,,,,,,,,88.12%,,,,,83.17%,75.59%,,,,,,,,,,,,76.19%,,,,,,,,,,,,,,,,,,,
2026-02-21 13:30,,,,,,,,,,,,,,40.24%,,,,,,,,,88.22%,,,,,83.29%,75.50%,,,,,,,,,,,,76.20%,,,,,,,,,,,,,,,,,,,
2026-02-21 14:30,,,,,,,,,,,,,,40.12%,,,,,,,,,88.14%,,,,,83.33%,75.43%,,,,,,,,,,,,76.20%,,,,,,,,,,,,,,,,,,,
2026-02-21 15:30,,,,,,,,,,,,,,39.96%,,,,,,,,,88.32%,,,,,83.31%,75.06%,,,,,,,,,,,,76.17%,,,,,,,,,,,,,,,,,,,
2026-02-21 16:30,,,,,,,,,,,,,,39.83%,,,,,,,,,88.18%,,,,,83.47%,75.28%,,,,,,,,,,,,76.17%,,,,,,,,,,,,,,,,,,,
2026-02-21 17:30,,,,,,,,,,,,,,40.53%,,,,,,,,,88.33%,,,,,83.53%,75.48%,,,,,,,,,,,,76.17%,,,,,,,,,,,,,,,,,,,
2026-02-21 18:30,,,,,,,,,,,,,,40.36%,,30.12%,,,,,,87.29%,88.29%,,,,,83.53%,75.50%,,,,,,,,,,,,76.17%,,,,,,,,,,,,,,58.26%,,,,,
2026-02-21 19:30,,,,,,,,,,,,,,40.22%,,23.39%,,,,,,86.40%,88.30%,,,,,83.54%,75.35%,,,,,,,,,,,,76.17%,,,,,,,,,,,,,,58.32%,,,,,
2026-02-21 20:30,,,,,,,,,,,,,,40.00%,,,,,,,,,88.09%,,,,,83.57%,75.45%,,,,,,,,,,,,76.18%,,,,,,,,,,,,,,,,,,,
2026-02-21 21:30,,,,,,,,,,,,,,40.21%,,,,,,,,,88.57%,,,,,83.57%,75.61%,,,,,,,,,,,,76.18%,,,,,,,,,,,,,,,,,,,
2026-02-21 22:30,,,,,,,,,,,,,,40.64%,,34.10%,,,,,,87.81%,88.31%,,,,,83.60%,75.69%,,,,,,,,,,,,76.17%,,,,,,,,,,,,,,58.43%,,,,,
2026-02-21 23:30,,,,,,,,,,,,,,40.15%,,32.43%,,,,,,87.30%,88.59%,,,,,83.57%,75.48%,,,,,,,,,,,,76.17%,,,,,,,,,,,,,,58.44%,,,,,
2026-02-22 00:30,,,,,,,,,,,,,,39.75%,,,,,,,,,88.38%,,,,,83.46%,75.51%,,,,,,,,,,,,76.17%,,,,,,,,,,,,,,,,,,,
2026-02-22 01:30,,,,,,,,,,,,,,40.91%,,,,,,,,,88.33%,,,,,83.42%,75.82%,,,,,,,,,,,,76.17%,,,,,,,,,,,,,,,,,,,
2026-02-22 02:30,,,,,,,,,,,,,,42.20%,,,,,,,,,88.17%,,,,,83.53%,75.55%,,,,,,,,,,,,76.18%,,,,,,,,,,,,,,,,,,,
2026-02-22 03:30,,,,,,,,,,,,,,42.18%,,,,,,,,,87.92%,,,,,83.48%,75.37%,,,,,,,,,,,,76.19%,,,,,,,,,,,,,,,,,,,
2026-02-22 04:30,,,,,,,,,,,,,,49.68%,,,,,,,,,87.99%,,,,,83.43%,75.57%,,,,,,,,,,,,76.19%,,,,,,,,,,,,,,,,,,,
2026-02-22 05:30,,,,,,,,,,,,,,40.35%,,,,,,,,,88.21%,,,,,,75.55%,,,,,,,,,,,,,,,,,,,,,,,,,,,,,,,
2026-02-22 06:30,,,,,,,,,,,,,,40.43%,,,,,,,,,88.05%,,,,,,75.68%,,,,,,,,,,,,,,,,,,,,,,,,,,,,,,,
2026-02-22 07:30,,,,,,,,,,,,,,38.60%,,,,,,,,,88.18%,,,,,,75.51%,,,,,,,,,,,,,,,,,,,,,,,,,,,,,,,
2026-02-22 08:30,,,,,,,,,,,,,,39.40%,,,,,,,,,88.17%,,,,,,75.53%,,,,,,,,,,,,,,,,,,,,,,,,,,,,,,,
2026-02-22 09:30,,,,,,,,,,,,,,39.53%,,,,,,,,,88.25%,,,,,,75.46%,,,,,,,,,,,,,,,,,,,,,,,,,,,,,,,
2026-02-22 10:30,,,,,,,,,,,,,,38.43%,,,,,,,,,88.18%,,,,,,75.09%,,,,,,,,,,,,,,,,,,,,,,,,,,,,,,,
2026-02-22 11:30,,,,,,,,,,,,,,46.47%,,,,,,,,,88.30%,,,,,,75.31%,,,,,,,,,,,,,,,,,,,,,,,,,,,,,,,
2026-02-22 12:30,,,,,,,,,,,,,,40.62%,,33.82%,,,,,,84.90%,88.12%,,,,,,75.13%,,,,,,,,,,,,,,,,,,,,,,,,,,59.10%,,,,,
2026-02-22 13:30,,,,,,,,,,,,,,39.16%,,12.02%,,,,,,83.10%,88.18%,,,,,,75.30%,,,,,,,,,,,,,,,,,,,,,,,,,,59.32%,,,,,
2026-02-22 14:30,,,,,,,,,,,,,,38.52%,,,,,,,,,88.15%,,,,,,75.27%,,,,,,,,,,,,,,,,,,,,,,,,,,,,,,,
2026-02-22 15:30,,,,,,,,,,,,,,38.33%,,17.14%,,,,,,57.26%,88.30%,,,,,,75.18%,,,,,,,,,,,,,,,,,,,,,,,,,,58.98%,,,,,
2026-02-22 16:30,,,,,,,,,,,,,,39.15%,,37.20%,,,,,,86.35%,88.23%,,,,,,75.52%,,,,,,,,,,,,,,,,,,,,,,,,,,58.61%,,,,,
2026-02-22 17:30,,,,,,,,,,,,,,39.40%,,37.35%,,,,,,86.76%,88.40%,,,,,,75.42%,,,,,,,,,,,,,,,,,,,,,,,,,,57.70%,,,,,
2026-02-22 18:30,,,,,,,,,,,,,,38.79%,,23.33%,,,,,,87.12%,88.15%,,,,,,75.38%,,,,,,,,,,,,,,,,,,,,,,,,,,57.84%,,,,,
2026-02-22 19:30,,,,,,,,,,,,,,38.22%,,25.95%,,,,,,84.49%,88.24%,,,,,,75.27%,,,,,,,,,,,,,,,,,,,,,,,,,,57.89%,,,,,
2026-02-22 20:30,,,,,,,,,,,,,,38.17%,,,,,,,,,88.15%,,,,,,75.28%,,,,,,,,,,,,,,,,,,,,,,,,,,,,,,,
2026-02-22 21:30,,,,,,,,,,,,,,49.05%,,27.16%,,,,,,85.62%,88.34%,,,,,,75.42%,,,,,,,,,,,,,,,,,,,,,,,,,,57.96%,,,,,
2026-02-22 22:30,,,,,,,,,,,,,,39.04%,,16.91%,,,,,,82.33%,87.91%,,,,,,75.61%,,,,,,,,,,,,,,,,,,,,,,,,,,57.96%,,,,,
2026-02-22 23:30,,,,,,,,,,,,,,39.16%,,,,,,,,,88.33%,,,,,,75.69%,,,,,,,,,,,,,,,,,,,,,,,,,,,,,,,
2026-02-23 00:30,,,,,,,,,,,,,,40.35%,,,,,,,,,88.26%,,,,,,75.71%,,,,,,,,,,,,,,,,,,,,,,,,,,,,,,,
2026-02-23 01:30,,,,,,,,,,,,,,48.63%,,,,,,,,,88.29%,,,,,,75.88%,,,,,,,,,,,,,,,,,,,,,,,,,,,,,,,
2026-02-23 02:30,,,,,,,,,,,,,,36.39%,,,,,,,,,88.53%,,,,,,75.21%,,,,,,,,,,,,,,,,,,,,,,,,,,,,,,,
2026-02-23 03:30,,,,,,,,,,,,,,42.49%,,,,,,,,,88.11%,,,,,,75.52%,,,,,,,,,,,,,,,,,,,,,,,,,,,,,,,
2026-02-23 04:30,,,,,,,,,,,,,,38.43%,,,,,,,,,88.21%,,,,,,75.23%,,,,,,,,,,,,,,,,,,,,,,,,,,,,,,,
2026-02-23 05:30,,,,,,,,,,,,,,37.73%,,,,,,,,,88.40%,,,,,,75.10%,,,,,,,,,,,,,,,,,,,,,,,,,,,,,,,
2026-02-23 06:30,,,,,,,,,,,,,,40.11%,,,,,,,,,88.29%,,,,,,75.39%,,,,,,,,,,,,,,,,,,,,,,,,,,,,,,,
2026-02-23 07:30,,,,,,,,,,,,,,39.32%,,,,,,,,,88.47%,,,,,,75.46%,,,,,,,,,,,,,,,,,,,,,,,,,,,,,,,
2026-02-23 08:30,,,,,,,,,,,,,,39.67%,,,,,,,,,88.28%,,,,,,75.63%,,,,,,,,,,,,,,,,,,,,,,,,,,,,,,,
2026-02-23 09:30,,,,,,,,,,,,,,39.24%,,,,,,,,,88.49%,,,,,37.50%,75.52%,,,,,,,,,,,,75.74%,,,,,,,,,,,,,,,,,,,
2026-02-23 10:30,,,,,,,,,,,,,,37.78%,,,,,,,,,88.43%,,,,,38.85%,74.93%,,,,,,,,,,,,75.75%,,,,,,,,,,,,,,,,,,,
2026-02-23 11:30,,,,,,,,,,,,,,39.28%,,,,,,,,,88.51%,,,,,39.25%,75.23%,,,,,,,,,,,,75.76%,,,,,,,,,,,,,,,,,,,
2026-02-23 12:30,,,,,,,,,,,,,,39.42%,,,,,,,,,88.53%,,,,,40.68%,75.36%,,,,,,,,,,,,75.76%,,,,,,,,,,,,,,,,,,,
2026-02-23 13:30,,,,,,,,,,,,,,38.78%,,,,,,,,,88.58%,,,,,40.66%,75.13%,,,,,,,,,,,,75.77%,,,,,,,,,,,,,,,,,,,
2026-02-23 14:30,,,,,,,,,,,,,,38.75%,,,,,,,,,88.56%,,,,,40.83%,75.34%,,,,,,,,,,,,76.03%,,,,,,,,,,,,,,,,,,,
2026-02-23 15:30,,,,,,,,,,,,,,39.48%,,,,,,,,,88.58%,,,,,42.88%,75.33%,,,,,,,,,,,,75.85%,,,,,,,,,,,,,,,,,,,
2026-02-23 16:30,,,,,,,,,,,,,,39.54%,,,,,,,,,88.48%,,,,,42.98%,75.41%,,,,,,,,,,,,75.85%,,,,,,,,,,,,,,,,,,,
2026-02-23 17:30,,,,,,,,,,,,,,40.41%,,,,,,,,,88.59%,,,,,42.70%,75.65%,,,,,,,,,,,,75.85%,,,,,,,,,,,,,,,,,,,
2026-02-23 18:30,,,,,,,,,,,,,,39.46%,,,,,,,,,88.31%,,,,,42.82%,75.51%,,,,,,,,,,,,75.86%,,,,,,,,,,,,,,,,,,,
2026-02-23 19:30,,,,,,,,,,,,,,37.94%,,40.19%,,,,,,85.01%,88.34%,,,,,42.92%,75.44%,,,,,,,,,,,,75.86%,,,,,,,,,,,,,,57.27%,,,,,
2026-02-23 20:30,,,,,,,,,,,,,,37.25%,,24.59%,,,,,,86.96%,88.30%,,,,,42.89%,75.37%,,,,,,,,,,,,75.86%,,,,,,,,,,,,,,57.16%,,,,,
2026-02-23 21:30,,,,,,,,,,,,,,47.75%,,,,,,,,,88.52%,,,,,42.92%,75.39%,,,,,,,,,,,,75.86%,,,,,,,,,,,,,,,,,,,
2026-02-23 22:30,,,,,,,,,,,,,,38.35%,,,,,,,,,88.17%,,,,,43.00%,75.40%,,,,,,,,,,,,75.86%,,,,,,,,,,,,,,,,,,,
2026-02-23 23:30,,,,,,,,,,,,,,37.67%,,,,,,,,,88.48%,,,,,43.06%,75.25%,,,,,,,,,,,,75.86%,,,,,,,,,,,,,,,,,,,
2026-02-24 00:30,,,,,,,,,,,,,,38.93%,,,,,,,,,88.38%,,,,,43.04%,75.53%,,,,,,,,,,,,75.86%,,,,,,,,,,,,,,,,,,,
2026-02-24 01:30,,,,,,,,,,,,,,47.66%,,,,,,,,,88.38%,,,,,43.08%,75.40%,,,,,,,,,,,,75.86%,,,,,,,,,,,,,,,,,,,
2026-02-24 02:30,,,,,,,,,,,,,,41.09%,,,,,,,,,88.40%,,,,,43.16%,75.39%,,,,,,,,,,,,75.87%,,,,,,,,,,,,,,,,,,,
2026-02-24 03:30,,,,,,,,,,,,,,37.92%,,,,,,,,,88.09%,,,,,43.27%,75.48%,,,,,,,,,,,,75.87%,,,,,,,,,,,,,,,,,,,
2026-02-24 04:30,,,,,,,,,,,,,,39.36%,,,,,,,,,88.02%,,,,,43.81%,75.84%,,,,,,,,,,,,75.87%,,,,,,,,,,,,,,,,,,,
2026-02-24 05:30,,,,,,,,,,,,,,37.37%,,,,,,,,,88.22%,,,,,44.17%,75.66%,,,,,,,,,,,,75.97%,,,,,,,,,,,,,,,,,,,
2026-02-24 06:30,,,,,,,,,,,,,,39.59%,,,,,,,,,88.10%,,,,,44.08%,75.80%,,,,,,,,,,,,76.05%,,,,,,,,,,,,,,,,,,,
2026-02-24 07:30,,,,,,,,,,,,,,39.27%,,,,,,,,,88.27%,,,,,43.73%,75.87%,,,,,,,,,,,,76.06%,,,,,,,,,,,,,,,,,,,
2026-02-24 08:30,,,,,,,,,,,,,,48.62%,,,,,,,,,88.31%,,,,,43.64%,75.79%,,,,,,,,,,,,76.06%,,,,,,,,,,,,,,,,,,,
2026-02-24 09:30,,,,,,,,,,,,,,37.75%,,,,,,,,,88.55%,,,,,43.74%,75.50%,,,,,,,,,,,,76.06%,,,,,,,,,,,,,,,,,,,
2026-02-24 10:30,,,,,,,,,,,,,,39.52%,,,,,,,,,88.23%,,,,,43.92%,75.78%,,,,,,,,,,,,76.07%,,,,,,,,,,,,,,,,,,,
2026-02-24 11:30,,,,,,,,,,,,,,37.28%,,,,,,,,,88.42%,,,,,43.98%,75.42%,,,,,,,,,,,,76.07%,,,,,,,,,,,,,,,,,,,
2026-02-24 12:30,,,,,,,,,,,,,,36.48%,,,,,,,,,88.42%,,,,,43.94%,75.48%,,,,,,,,,,,,76.06%,,,,,,,,,,,,,,,,,,,
2026-02-24 13:30,,,,,,,,,,,,,,37.51%,,,,,,,,,88.45%,,,,,44.05%,75.52%,,,,,,,,,,,,76.06%,,,,,,,,,,,,,,,,,,,
2026-02-24 14:30,,,,,,,,,,,,,,38.98%,,,,,,,,,88.37%,,,,,44.46%,75.74%,,,,,,,,,,,,76.05%,,,,,,,,,,,,,,,,,,,
2026-02-24 15:30,,,,,,,,,,,,,,36.56%,,,,,,,,,88.38%,,,,,44.29%,75.51%,,,,,,,,,,,,76.03%,,,,,,,,,,,,,,,,,,,
2026-02-24 16:30,,,,,,,,,,,,,,37.77%,,,,,,,,,88.25%,77.26%,,,,44.30%,75.72%,,,,,,,,,,,,76.04%,,,,,,,,,,,,,,,,,,,
2026-02-24 17:30,,,,,,,,,,,,,,37.76%,,,,,,,,,88.39%,77.78%,,,,44.31%,75.53%,,,,,,,,,,,,76.04%,,,,,,,,,,,,,,,,,,,
2026-02-24 18:30,,,,,,,,,,,,,,40.17%,,31.21%,,,,,,84.46%,88.34%,77.59%,,,,44.33%,75.92%,,,,,,,,,,,,76.04%,,,,,,,,,,,,,,57.30%,,,,,
2026-02-24 19:30,,,,,,,,,,,,,,38.38%,,16.24%,,,,,,86.71%,88.42%,77.76%,,,,44.40%,75.45%,,,,,,,,,,,,76.04%,,,,,,,,,,,,,,57.28%,,,,,
2026-02-24 20:30,,,,,,,,,,,,,,37.75%,,23.01%,,,,,,87.04%,88.34%,77.63%,,,,44.42%,75.22%,,,,,,,,,,,,76.04%,,,,,,,,,,,,,,57.34%,,,,,
2026-02-24 21:30,,,,,,,,,,,,,,47.91%,,,,,,,,,88.74%,77.53%,,,,44.45%,75.30%,,,,,,,,,,,,76.05%,,,,,,,,,,,,,,,,,,,
2026-02-24 22:30,,,,,,,,,,,,,,38.22%,,,,,,,,,88.42%,77.86%,,,,44.53%,75.45%,,,,,,,,,,,,76.05%,,,,,,,,,,,,,,,,,,,
2026-02-24 23:30,,,,,,,,,,,,,,38.32%,,,,,,,,,88.59%,77.97%,,,,44.53%,75.38%,,,,,,,,,,,,76.05%,,,,,,,,,,,,,,,,,,,
2026-02-25 00:30,,,,,,,,,,,,,,38.09%,,,,,,,,,88.41%,77.89%,,,,44.51%,75.40%,,,,,,,,,,,,76.05%,,,,,,,,,,,,,,,,,,,
2026-02-25 01:30,,,,,,,,,,,,,,38.15%,,,,,,,,,88.32%,77.94%,,,,44.51%,75.55%,,,,,,,,,,,,76.05%,,,,,,,,,,,,,,,,,,,
2026-02-25 02:30,,,,,,,,,,,,,,37.57%,,,,,,,,,88.55%,77.92%,,,,44.65%,75.15%,,,,,,,,,,,,76.05%,,,,,,,,,,,,,,,,,,,
2026-02-25 03:30,,,,,,,,,,,,,,41.27%,,,,,,,,,87.63%,78.15%,,,,44.65%,75.34%,,,,,,,,,,,,76.06%,,,,,,,,,,,,,,,,,,,
2026-02-25 04:30,,,,,,,,,,,,,,39.38%,,,,,,,,,87.89%,78.31%,,,,44.51%,75.25%,,,,,,,,,,,,76.06%,,,,,,,,,,,,,,,,,,,
2026-02-25 05:30,,,,,,,,,,,,,,38.87%,,,,,,,,,88.03%,78.09%,,,,44.40%,75.23%,,,,,,,,,,,,76.06%,,,,,,,,,,,,,,,,,,,
2026-02-25 06:30,,,,,,,,,,,,,,37.70%,,,,,,,,,87.97%,78.02%,,,,44.38%,75.01%,,,,,,,,,,,,76.06%,,,,,,,,,,,,,,,,,,,
2026-02-25 07:30,,,,,,,,,,,,,,39.41%,,,,,,,,,88.13%,78.42%,,,,44.48%,75.37%,,,,,,,,,,,,76.06%,,,,,,,,,,,,,,,,,,,
2026-02-25 08:30,,,,,,,,,,,,,,39.96%,,,,,,,,,88.22%,78.35%,,,,44.46%,75.37%,,,,,,,,,,,,76.06%,,,,,,,,,,,,,,,,,,,
2026-02-25 09:30,,,,,,,,,,,,,,38.78%,,,,,,,,,88.22%,78.46%,,,,44.56%,75.22%,,,,,,,,,,,,76.07%,,,,,,,,,,,,,,,,,,,
2026-02-25 10:30,,,,,,,,,,,,,,38.53%,,,,,,,,,88.04%,78.65%,,,,44.67%,74.98%,,,,,,,,,,,,76.15%,,,,,,,,,,,,,,,,,,,
2026-02-25 11:30,,,,,,,,,,,,,,38.04%,,,,,,,,,88.26%,78.64%,,,,44.58%,75.04%,,,,,,,,,,,,76.16%,,,,,,,,,,,,,,,,,,,
2026-02-25 12:30,,,,,,,,,,,,,,39.95%,,,,,,,,,87.99%,78.62%,,,,44.54%,75.33%,72.32%,,,,,,,,59.03%,58.45%,58.44%,76.16%,,,,81.90%,81.89%,,,,,,,,,,,,54.02%,,
2026-02-25 13:30,,,,,,,,,,,,,,34.81%,,,,,,,,,88.10%,78.83%,,,,44.58%,74.46%,69.11%,,,,,,,,61.27%,61.26%,61.27%,76.16%,,,,80.38%,80.39%,,,,,,,,,,,,53.19%,,
2026-02-25 14:30,,,,,,,,,,,,,,33.26%,,,,,,,,,87.89%,78.74%,,,,44.82%,74.26%,69.54%,,,,,,,,61.36%,61.35%,61.36%,76.16%,,,,80.39%,80.39%,,,,,,,,,,,,53.20%,,
2026-02-25 15:30,98.02%,,,,,,,,,,,,,25.02%,,,,,,,,,88.04%,78.98%,,,,48.71%,73.20%,70.21%,,,,,,,,62.35%,62.34%,62.35%,76.13%,,,,80.42%,80.42%,,,,,,,,,,,53.74%,53.21%,,
2026-02-25 16:30,97.18%,,,,,,,,,,,,,17.32%,,,,,,,,,87.92%,79.06%,,,,54.45%,70.65%,68.84%,,,,,,,,62.83%,62.84%,62.82%,76.13%,,,,80.43%,80.43%,,,,,,,,,,,55.48%,53.21%,,
2026-02-25 17:30,95.70%,,,,,,,,,,,,,17.59%,,,,,,,,,88.10%,78.97%,,,,55.55%,71.18%,68.28%,,,,,,,,62.62%,62.62%,62.62%,76.19%,,,,80.44%,80.44%,,,,,,,,,,,55.69%,53.22%,,
2026-02-25 18:30,89.22%,,,,,,,,,,,,,18.21%,,,,,,,,,87.93%,78.86%,,,,56.35%,71.23%,68.05%,,,,,,,,62.65%,62.66%,62.66%,76.19%,,,,80.45%,80.45%,,,,,,,,,,,55.83%,53.22%,,
2026-02-25 19:30,56.20%,,,,,,,,,,,,,18.22%,,,,,,,,,88.05%,79.09%,,,,54.77%,71.47%,68.39%,,,,,,,,62.68%,62.68%,62.69%,76.00%,,,,80.46%,80.46%,,,,,,,,,,,55.58%,53.23%,,
2026-02-25 20:30,,,,,,,,,,,,,,36.75%,,,,,,,,,87.89%,78.86%,,,,52.71%,75.67%,,,,,,,,,,,,75.93%,,,,,,,,,,,,,,,,,,,
2026-02-25 21:30,,,,,,,,,,,,,,40.25%,,,,,,,,,88.15%,78.71%,,,,59.18%,76.39%,,,,,,,,,,,,75.99%,,,,,,,,,,,,,,,,,,,
2026-02-25 22:30,,,,,,,,,,,,,,47.27%,,,,,,,,,87.85%,78.53%,,,,59.51%,76.19%,,,,,,,,,,,,75.99%,,,,,,,,,,,,,,,,,,,
2026-02-25 23:30,,,,,,,,,,,,,,37.60%,,,,,,,,,88.19%,78.74%,,,,59.93%,76.24%,,,,,,,,,,,,75.99%,,,,,,,,,,,,,,,,,,,
2026-02-26 00:30,,,,,,,,,,,,,,39.03%,,,,,,,,,88.11%,78.85%,,,,60.03%,76.66%,,,,,,,,,,,,75.99%,,,,,,,,,,,,,,,,,,,
2026-02-26 01:30,,,,,,,,,,,,,,48.02%,,,,,,,,,88.10%,78.84%,,,,60.24%,76.95%,,,,,,,,,,,,75.99%,,,,,,,,,,,,,,,,,,,
2026-02-26 02:30,,,,,,,,,,,,,,42.39%,,,,,,,,,88.40%,78.69%,,,,60.01%,76.80%,,,,,,,,,,,,76.00%,,,,,,,,,,,,,,,,,,,
2026-02-26 03:30,,,,,,,,,,,,,,42.09%,,,,,,,,,88.45%,78.94%,,,,60.14%,75.73%,,,,,,,,,,,,76.00%,,,,,,,,,,,,,,,,,,,
2026-02-26 04:30,,,,,,,,,,,,,,39.39%,,,,,,,,,88.47%,78.93%,,,,60.20%,74.80%,,,,,,,,,,,,76.00%,,,,,,,,,,,,,,,,,,,
2026-02-26 05:30,,,,,,,,,,,,,,50.01%,,,,,,,,,88.67%,79.09%,,,,60.75%,74.37%,,,,,,,,,,,,76.23%,,,,,,,,,,,,,,,,,,,
2026-02-26 06:30,,,,,,,,,,,,,,39.53%,,,,,,,,,88.67%,79.02%,,,,60.83%,74.54%,,,,,,,,,,,,76.30%,,,,,,,,,,,,,,,,,,,
2026-02-26 07:30,,,,,,,,,,,,,,38.63%,,,,,,,,,88.77%,79.09%,,,,60.93%,74.24%,,,,,,,,,,,,76.30%,,,,,,,,,,,,,,,,,,,
2026-02-26 08:30,,,,,,,,,,,,,,45.47%,,,,,,,,,88.69%,79.19%,,,,61.08%,74.59%,,,,,,,,,,,,76.30%,,,,,,,,,,,,,,,,,,,
2026-02-26 09:30,,,,,,,,,,,,,,44.54%,,,,,,,,,88.73%,79.15%,,,,61.32%,74.50%,,,,,,,,,,,,76.30%,,,,,,,,,,,,,,,,,,,
2026-02-26 10:30,,,,,,,,,,,,,,39.12%,,,,,,,,,88.68%,79.28%,,,,61.50%,74.37%,,,,,,,,,,,,76.30%,,,,,,,,,,,,,,,,,,,
2026-02-26 11:30,,,,,,,,,,,,,,40.54%,,,,,,,,,88.67%,79.46%,,,,68.79%,74.64%,,,,,,,,,,,,76.10%,,,,,,,,,,,,,,,,,,,
2026-02-26 12:30,98.85%,,,,,,,,,,,,,22.57%,,,,,,,,,88.72%,79.69%,,,,70.68%,72.04%,,,,,,,,,,,,76.13%,,,,,,,,,,,,,,,,55.00%,,,
2026-02-26 13:30,99.20%,,,,,,,,,,,,,17.75%,,,,,,,,,88.72%,79.57%,,,,68.41%,71.55%,,,,,,,,,,,,76.14%,,,,,,,,,,,,,,,,55.56%,,,
2026-02-26 14:30,98.99%,,,,,,,,,,,,,18.56%,,,,,,,,,88.52%,79.73%,,,,80.52%,71.61%,,,,,,,,,,,,77.27%,,,,,,,,,,,,,,,,55.83%,,,
2026-02-26 15:30,98.66%,,,,,,,,,,,,,18.26%,,,,,,,,,88.58%,,,,,80.81%,71.72%,,,,,,,,,,,,77.77%,,,,,,,,,,,,,,,,55.79%,,,
2026-02-26 16:30,98.22%,,,,,,,,,,,,,18.03%,,,,,,,,,88.54%,,,,,81.71%,71.69%,,,,,,,,,,,,78.23%,,,,,,,,,,,,,,,,55.66%,,,
2026-02-26 17:30,95.84%,,,,,,,,,,,,,18.55%,,,,,,,,,88.59%,,,,,80.52%,71.89%,,,,,,,,,,,,78.25%,,,,,,,,,,,,,,,,55.25%,,,
2026-02-26 18:30,96.46%,,,,,,,,,,,,,17.78%,,,,,,,,,88.60%,,,,,75.43%,71.54%,,,,,,,,,,,,78.29%,,,,,,,,,,,,,,,,55.30%,,,
2026-02-26 19:30,96.53%,,,,,,,,,,,,,21.28%,,,,,,,,,88.69%,,,,,71.46%,71.97%,,,,,,,,,,,,78.29%,,,,,,,,,,,,,,,,55.38%,,,
2026-02-26 20:30,,,,,,,,,,,,,,37.03%,,,,,,,,,88.65%,,,,,74.45%,74.24%,,,,,,,,,,,,78.30%,,,,,,,,,,,,,,,,,,,
2026-02-26 21:30,,,,,,,,,,,,,,39.72%,,,,,,,,,88.85%,,,,,,74.54%,,,,,,,,,,,,,,,,,,,,,,,,,,,,,,,
2026-02-26 22:30,,,,,,,,,,,,,,47.48%,,,,,,,,,88.39%,,,,,,74.70%,,,,,,,,,,,,,,,,,,,,,,,,,,,,,,,
2026-02-26 23:30,,,,,,,,,,,,,,39.09%,,,,,,,,,88.68%,,,,,,74.83%,,,,,,,,,,,,,,,,,,,,,,,,,,,,,,,
2026-02-27 00:30,,,,,,,,,,,,,,37.85%,,,,,,,,,88.48%,,,,,,74.68%,,,,,,,,,,,,,,,,,,,,,,,,,,,,,,,
2026-02-27 01:30,,,,,,,,,,,,,,38.05%,,,,,,,,,88.38%,,,,,,74.86%,,,,,,,,,,,,,,,,,,,,,,,,,,,,,,,
2026-02-27 02:30,,,,,,,,,,,,,,41.28%,,,,,,,,,88.51%,,,,,,75.17%,,,,,,,,,,,,,,,,,,,,,,,,,,,,,,,
2026-02-27 03:30,,,,,,,,,,,,,,38.77%,,,,,,,,,87.80%,,,,,,75.25%,,,,,,,,,,,,,,,,,,,,,,,,,,,,,,,
2026-02-27 04:30,,,,,,,,,,,,,,39.49%,,,,,,,,,87.92%,,,,,,75.41%,,,,,,,,,,,,,,,,,,,,,,,,,,,,,,,
2026-02-27 05:30,,,,,,,,,,,,,,38.56%,,,,,,,,,88.10%,,,,,,75.41%,,,,,,,,,,,,,,,,,,,,,,,,,,,,,,,
2026-02-27 06:30,,,,,,,,,,,,,,38.50%,,,,,,,,,87.97%,,,,,,75.13%,,,,,,,,,,,,,,,,,,,,,,,,,,,,,,,
2026-02-27 07:30,,,,,,,,,,,,,,38.22%,,,,,,,,,87.97%,,,,,,75.00%,,,,,,,,,,,,,,,,,,,,,,,,,,,,,,,
2026-02-27 08:30,,,,,,,,,,,,,,38.68%,,,,,,,,,87.91%,,,,,80.79%,75.48%,,,,,,,,,,,,78.35%,,,,,,,,,,,,,,,,,,,
2026-02-27 09:30,,,,,,,,,,,,,,38.57%,,,,,,,,,88.05%,,,,,81.83%,75.44%,,,,,,,,,,,,78.33%,,,,,,,,,,,,,,,,,,,
2026-02-27 10:30,,,,,,,,,,,,,,37.42%,,,,,,,,,87.97%,,,,,73.93%,75.17%,,,,,,,,,,,,76.81%,,,,,,,,,,,,,,,,,,,
2026-02-27 11:30,,,,,,,,,,,,,,36.57%,,,,,,,,,88.06%,,,,,74.82%,75.08%,,,,,,,,,,,,77.80%,,,,,,,,,,,,,,,,,,,
2026-02-27 12:30,,,,,,,,,,,,,,36.66%,,,,,,,,,88.03%,,,,,72.97%,75.21%,,,,,,,,,,,,77.41%,,,,,,,,,,,,,,,,,,,
2026-02-27 13:30,,,,,,,,,,,,,,37.47%,,,,,,,,,88.10%,79.56%,,,,74.23%,75.29%,,,,,,,,,,,,77.42%,,,,,,,,,,,,,,,,,,,
2026-02-27 14:30,,,,,,,,,,,,,,36.74%,,,,,,,,,88.06%,80.87%,,,,75.01%,74.95%,,,,,,,,,,,,77.43%,,,,,,,,,,,,,,,,,,,
2026-02-27 15:30,,,,,,,,,,,,,,37.80%,,,,,,,,,88.26%,80.92%,,,80.52%,77.71%,75.42%,,,,,,,,,,,,77.39%,,,,,,,,,,,,,,,,,,,
2026-02-27 16:30,,,,,,,,,,,,,,37.97%,,,,,,,,,88.00%,,,,80.44%,79.85%,75.49%,,,,,,,,,,,,77.41%,,,,,,,,,,,,,,,,,,,
2026-02-27 17:30,,,,,,,,,,,,,,37.18%,,,,,,,,,88.16%,80.70%,,,79.79%,81.79%,75.42%,,,,,,,,,,,,77.68%,,,,,,,,,,,,,,,,,,,
2026-02-27 18:30,,,,,,,,,,,,,,,,,,,,,,,,80.79%,,,,83.70%,,,,,,,,,,,,,78.05%,,,,,,,,,,,,,,,,,,,
2026-02-27 19:30,,,,,,,,,,,,,,,,,,,,,,,,80.09%,,,,84.66%,,,,,,,,,,,,,78.06%,,,,,,,,,,,,,,,,,,,
2026-02-27 20:30,,,,,,,,,,,,,,,,,,,,,,,87.84%,80.08%,,,,84.90%,,,,,,,,,,,,,78.06%,,,,,,,,,,,,,,,,,,,
2026-02-27 21:30,,,,,,,,,,,,,,39.16%,,26.91%,,,,,,81.60%,88.09%,80.27%,,,,85.01%,50.84%,,,,,,,,,,,,78.06%,,,,,,,,,,,,,,57.54%,,,,,
2026-02-27 22:30,,,,,,,,,,,,,,37.21%,,37.27%,,,,,,87.16%,87.62%,80.33%,,,,81.97%,52.94%,,,,,,,,,,,,78.37%,,,,,,,,,,,,,,57.57%,,,,,
2026-02-27 23:30,,,,,,,,,,,,,,37.41%,,,,,,,,,88.04%,80.34%,,,,80.88%,53.52%,,,,,,,,,,,,78.50%,,,,,,,,,,,,,,,,,,,
2026-02-28 00:30,,,,,,,,,,,,,,38.71%,,,,,,,,,87.99%,80.09%,,,,82.10%,54.31%,,,,,,,,,,,,78.50%,,,,,,,,,,,,,,,,,,,
2026-02-28 01:30,,,,,,,,,,,,,,38.33%,,,,,,,,,88.07%,80.41%,,,,86.99%,54.76%,,,,,,,,,,,,78.52%,,,,,,,,,,,,,,,,,,,
2026-02-28 02:30,,,,,,,,,,,,,,43.20%,,,,,,,,,88.40%,80.30%,,,,,55.28%,,,,,,,,,,,,,,,,,,,,,,,,,,,,,,,
2026-02-28 03:30,,,,,,,,,,,,,,39.17%,,,,,,,,,88.33%,80.28%,,,,,54.91%,,,,,,,,,,,,,,,,,,,,,,,,,,,,,,,
2026-02-28 04:30,,,,,,,,,,,,,,37.80%,,,,,,,,,88.36%,80.37%,,,,,54.97%,,,,,,,,,,,,,,,,,,,,,,,,,,,,,,,
2026-02-28 05:30,,,,,,,,,,,,,,38.06%,,,,,,,,,88.53%,80.35%,,,,,55.22%,,,,,,,,,,,,,,,,,,,,,,,,,,,,,,,
2026-02-28 06:30,,,,,,,,,,,,,,38.46%,,,,,,,,,88.61%,80.38%,,,,,54.98%,,,,,,,,,,,,,,,,,,,,,,,,,,,,,,,
2026-02-28 07:30,,,,,,,,,,,,,,39.57%,,,,,,,,,88.77%,80.49%,,,,,54.99%,,,,,,,,,,,,,,,,,,,,,,,,,,,,,,,
2026-02-28 08:30,,,,,,,,,,,,,,39.35%,,,,,,,,,88.68%,80.48%,,,,,55.43%,,,,,,,,,,,,,,,,,,,,,,,,,,,,,,,
2026-02-28 09:30,,,,,,,,,,,,,,39.18%,,41.23%,,,,,,88.07%,88.77%,80.69%,,,,,55.83%,,,,,,,,,,,,,,,,,,,,,,,,,,57.65%,,,,,
2026-02-28 10:30,,,,,,,,,,,,,,38.41%,,26.26%,,,,,,87.61%,88.73%,80.68%,,,,,55.20%,,,,,,,,,,,,,,,,,,,,,,,,,,58.07%,,,,,
2026-02-28 11:30,,,,,,,,,,,,,,38.54%,,5.30%,,,,,,89.26%,88.91%,80.70%,,,,,55.56%,,,,,,,,,,,,,,,,,,,,,,,,,,58.07%,,,,,
2026-02-28 12:30,,,,,,,,,,,,,,38.82%,,31.14%,,,,,,88.79%,88.79%,80.90%,,,,,55.61%,,,,,,,,,,,,,,,,,,,,,,,,,,58.02%,,,,,
2026-02-28 13:30,,,,,,,,,,,,,,39.46%,,15.08%,,,,,,86.21%,88.87%,81.05%,,,,,56.03%,,,,,,,,,,,,,,,,,,,,,,,,,,58.08%,,,,,
2026-02-28 14:30,,,,,,,,,,,,,,39.03%,,12.19%,,,,,,86.51%,88.82%,80.88%,,,,,55.93%,,,,,,,,,,,,,,,,,,,,,,,,,,58.14%,,,,,
2026-02-28 15:30,,,,,,,,,,,,,,39.66%,,30.04%,,,,,,88.50%,88.87%,81.15%,,,,,56.31%,,,,,,,,,,,,,,,,,,,,,,,,,,58.17%,,,,,
2026-02-28 16:30,,,,,,,,,,,,,,39.42%,,17.20%,,,,,,85.91%,88.77%,81.31%,,,,,56.81%,,,,,,,,,,,,,,,,,,,,,,,,,,57.84%,,,,,
2026-02-28 17:30,,,,,,,,,,,,,,38.98%,,22.40%,,,,,,86.77%,88.81%,81.32%,,,,,56.86%,,,,,,,,,,,,,,,,,,,,,,,,,,57.69%,,,,,
2026-02-28 18:30,,,,,,,,,,,,,,39.51%,,11.27%,,,,,,86.48%,88.49%,81.07%,,,,,56.56%,,,,,,,,,,,,,,,,,,,,,,,,,,57.78%,,,,,
2026-02-28 19:30,,,,,,,,,,,,,,40.11%,,11.50%,,,,,,86.88%,88.58%,80.39%,,,,,56.88%,,,,,,,,,,,,,,,,,,,,,,,,,,57.79%,,,,,
2026-02-28 20:30,,,,,,,,,,,,,,39.35%,,,,,,,,,88.61%,80.45%,,,,,57.16%,,,,,,,,,,,,,,,,,,,,,,,,,,,,,,,
2026-02-28 21:30,,,,,,,,,,,,,,39.68%,,,,,,,,,88.92%,80.53%,,,,,57.25%,,,,,,,,,,,,,,,,,,,,,,,,,,,,,,,
2026-02-28 22:30,,,,,,,,,,,,,,39.13%,,,,,,,,,88.67%,80.60%,,,,,57.11%,,,,,,,,,,,,,,,,,,,,,,,,,,,,,,,
2026-02-28 23:30,,,,,,,,,,,,,,39.22%,,,,,,,,,88.94%,80.70%,,,,,57.27%,,,,,,,,,,,,,,,,,,,,,,,,,,,,,,,
2026-03-01 00:30,,,,,,,,,,,,,,38.37%,,,,,,,,,88.77%,80.73%,,,,,57.42%,,,,,,,,,,,,,,,,,,,,,,,,,,,,,,,
2026-03-01 01:30,,,,,,,,,,,,,,49.08%,,,,,,,,,88.63%,80.74%,,,,,57.30%,,,,,,,,,,,,,,,,,,,,,,,,,,,,,,,
2026-03-01 02:30,,,,,,,,,,,,,,41.93%,,,,,,,,,88.71%,80.80%,,,,,57.48%,,,,,,,,,,,,,,,,,,,,,,,,,,,,,,,
2026-03-01 03:30,,,,,,,,,,,,,,39.94%,,,,,,,,,88.23%,80.96%,,,,,57.19%,,,,,,,,,,,,,,,,,,,,,,,,,,,,,,,
2026-03-01 04:30,,,,,,,,,,,,,,39.44%,,,,,,,,,88.29%,81.11%,,,,,57.51%,,,,,,,,,,,,,,,,,,,,,,,,,,,,,,,
2026-03-01 05:30,,,,,,,,,,,,,,38.55%,,,,,,,,,88.47%,81.06%,,,,,57.55%,,,,,,,,,,,,,,,,,,,,,,,,,,,,,,,
2026-03-01 06:30,,,,,,,,,,,,,,38.74%,,,,,,,,,88.34%,81.16%,,,,,57.38%,,,,,,,,,,,,,,,,,,,,,,,,,,,,,,,
2026-03-01 07:30,,,,,,,,,,,,,,39.67%,,,,,,,,,88.57%,81.16%,,,,,57.81%,,,,,,,,,,,,,,,,,,,,,,,,,,,,,,,
2026-03-01 08:30,,,,,,,,,,,,,,49.85%,,,,,,,,,88.38%,81.27%,,,,,58.05%,,,,,,,,,,,,,,,,,,,,,,,,,,,,,,,
2026-03-01 09:30,,,,,,,,,,,,,,38.99%,,,,,,,,,88.58%,81.34%,,,,,57.64%,,,,,,,,,,,,,,,,,,,,,,,,,,,,,,,
2026-03-01 10:30,,,,,,,,,,,,,,38.99%,,,,,,,,,88.47%,81.38%,,,,,57.51%,,,,,,,,,,,,,,,,,,,,,,,,,,,,,,,
2026-03-01 11:30,,,,,,,,,,,,,,43.28%,,,,,,,,,88.72%,81.45%,,,,,57.87%,,,,,,,,,,,,,,,,,,,,,,,,,,,,,,,
2026-03-01 12:30,,,,,,,,,,,,,,45.54%,,44.83%,,,,,,86.73%,88.32%,81.40%,,,,,58.28%,,,,,,,,,,,,,,,,,,,,,,,,,,57.48%,,,,,
2026-03-01 13:30,,,,,,,,,,,,,,39.31%,,26.16%,,,,,,86.83%,88.38%,81.55%,,,,,58.13%,,,,,,,,,,,,,,,,,,,,,,,,,,57.46%,,,,,
2026-03-01 14:30,,,,,,,,,,,,,,39.15%,,20.98%,,,,,,85.62%,88.38%,81.56%,,,,,58.25%,,,,,,,,,,,,,,,,,,,,,,,,,,57.50%,,,,,
2026-03-01 15:30,,,,,,,,,,,,,,39.25%,,31.26%,,,,,,85.06%,88.44%,81.73%,,,,,58.40%,,,,,,,,,,,,,,,,,,,,,,,,,,57.36%,,,,,
2026-03-01 16:30,,,,,,,,,,,,,,38.61%,,21.11%,,,,,,87.78%,88.42%,81.81%,,,,,58.19%,,,,,,,,,,,,,,,,,,,,,,,,,,57.31%,,,,,
2026-03-01 17:30,,,,,,,,,,,,,,38.21%,,20.55%,,,,,,86.27%,88.40%,81.86%,,,,,58.14%,,,,,,,,,,,,,,,,,,,,,,,,,,57.33%,,,,,
2026-03-01 18:30,,,,,,,,,,,,,,38.63%,,38.86%,,,,,,88.21%,88.30%,81.85%,,,,,58.46%,,,,,,,,,,,,,,,,,,,,,,,,,,57.33%,,,,,
2026-03-01 19:30,,,,,,,,,,,,,,38.90%,,25.79%,,,,,,87.79%,88.31%,81.85%,,,,,58.53%,,,,,,,,,,,,,,,,,,,,,,,,,,57.37%,,,,,
2026-03-01 20:30,,,,,,,,,,,,,,38.50%,,24.39%,,,,,,86.70%,88.27%,81.90%,,,,,58.52%,,,,,,,,,,,,,,,,,,,,,,,,,,57.37%,,,,,
2026-03-01 21:30,,,,,,,,,,,,,,39.09%,,16.26%,,,,,,87.31%,88.56%,81.92%,,,,,58.63%,,,,,,,,,,,,,,,,,,,,,,,,,,57.35%,,,,,
2026-03-01 22:30,,,,,,,,,,,,,,39.63%,,,,,,,,,88.41%,82.00%,,,,,58.96%,,,,,,,,,,,,,,,,,,,,,,,,,,,,,,,
2026-03-01 23:30,,,,,,,,,,,,,,38.85%,,,,,,,,,88.70%,82.05%,,,,,58.94%,,,,,,,,,,,,,,,,,,,,,,,,,,,,,,,
2026-03-02 00:30,,,,,,,,,,,,,,39.87%,,,,,,,,,88.53%,82.13%,,,,,58.90%,,,,,,,,,,,,,,,,,,,,,,,,,,,,,,,
2026-03-02 01:30,,,,,,,,,,,,,,48.60%,,,,,,,,,88.59%,82.25%,,,,,58.82%,,,,,,,,,,,,,,,,,,,,,,,,,,,,,,,
2026-03-02 02:30,,,,,,,,,,,,,,42.33%,,,,,,,,,88.67%,82.21%,,,,,59.10%,,,,,,,,,,,,,,,,,,,,,,,,,,,,,,,
2026-03-02 03:30,,,,,,,,,,,,,,38.87%,,,,,,,,,88.41%,82.47%,,,,,58.68%,,,,,,,,,,,,,,,,,,,,,,,,,,,,,,,
2026-03-02 04:30,,,,,,,,,,,,,,38.34%,,,,,,,,,88.40%,82.45%,,,,,58.76%,,,,,,,,,,,,,,,,,,,,,,,,,,,,,,,
2026-03-02 05:30,,,,,,,,,,,,,,38.53%,,,,,,,,,88.58%,82.53%,,,,,59.06%,,,,,,,,,,,,,,,,,,,,,,,,,,,,,,,
2026-03-02 06:30,,,,,,,,,,,,,,38.77%,,,,,,,,,88.37%,82.61%,,,,,59.06%,,,,,,,,,,,,,,,,,,,,,,,,,,,,,,,
2026-03-02 07:30,,,,,,,,,,,,,,40.38%,,,,,,,,,88.66%,82.64%,,,,,59.36%,,,,,,,,,,,,,,,,,,,,,,,,,,,,,,,
2026-03-02 08:30,,,,,,,,,,,,,,39.91%,,,,,,,,,88.50%,82.78%,,,,,59.61%,,,,,,,,,,,,,,,,,,,,,,,,,,,,,,,
2026-03-02 09:30,,,,,,,,,,,,,,39.57%,,,,,,,,,88.67%,82.72%,,,,,59.76%,,,,,,,,,,,,,,,,,,,,,,,,,,,,,,,
2026-03-02 10:30,,,,,,,,,,,,,,38.98%,,,,,,,,,88.54%,82.81%,,,,,59.51%,,,,,,,,,,,,,,,,,,,,,,,,,,,,,,,
2026-03-02 11:30,,,,,,,,,,,,,,39.82%,,,,,,,,,88.62%,82.89%,,,,83.34%,59.76%,,,,,,,,,,,,79.60%,,,,,,,,,,,,,,,,,,,
2026-03-02 12:30,,,,,,,,,,,,,,38.89%,,,,,,,,,88.54%,82.94%,,,,62.05%,59.95%,,,,,,,,,,,,78.33%,,,,,,,,,,,,,,,,,,,
2026-03-02 13:30,,,,,,,,,,,,,,39.12%,,,,,,,,,88.62%,83.05%,,,,55.00%,60.20%,,,,,,,,,,,,76.56%,,,,,,,,,,,,,,,,,,,
2026-03-02 14:30,,,,,,,,,,,,,,39.75%,,,,,,,,,88.54%,82.84%,,,,55.28%,60.07%,,,,,,,,,,,,76.56%,,,,,,,,,,,,,,,,,,,
2026-03-02 15:30,,,,,,,,,,,,,,48.59%,,,,,,,,,88.46%,82.76%,,,,55.17%,59.80%,,,,,,,,,,,,76.53%,,,,,,,,,,,,,,,,,,,
2026-03-02 16:30,,,,,,,,,,,,,,37.81%,,,,,,,,,88.26%,82.74%,,,,55.16%,59.68%,,,,,,,,,,,,76.53%,,,,,,,,,,,,,,,,,,,
2026-03-02 17:30,,,,,,,,,,,,,,38.65%,,,,,,,,,88.41%,82.77%,,,,55.11%,59.93%,,,,,,,,,,,,76.54%,,,,,,,,,,,,,,,,,,,
2026-03-02 18:30,,,,,,,,,,,,,,38.18%,,,,,,,,,88.47%,82.61%,,,,59.14%,59.89%,,,,,,,,,,,,76.56%,,,,,,,,,,,,,,,,,,,
2026-03-02 19:30,,,,,,,,,,,,,,38.04%,,,,,,,,,88.53%,82.75%,,,,61.41%,59.90%,,,,,,,,,,,,76.36%,,,,,,,,,,,,,,,,,,,
2026-03-02 20:30,,,,,,,,,,,,,,37.50%,,,,,,,,,88.54%,82.82%,,,,58.79%,59.86%,,,,,,,,,,,,76.34%,,,,,,,,,,,,,,,,,,,
2026-03-02 21:30,,,,,,,,,,,,,,37.89%,,,,,,,,,88.74%,82.85%,,,,61.37%,59.96%,,,,,,,,,,,,76.34%,,,,,,,,,,,,,,,,,,,
2026-03-02 22:30,,,,,,,,,,,,,,38.98%,,,,,,,,,88.44%,82.89%,,,,62.97%,60.14%,,,,,,,,,,,,76.36%,,,,,,,,,,,,,,,,,,,
2026-03-02 23:30,,,,,,,,,,,,,,37.46%,,,,,,,,,88.69%,83.08%,,,,63.26%,59.98%,,,,,,,,,,,,76.44%,,,,,,,,,,,,,,,,,,,
2026-03-03 00:30,,,,,,,,,,,,,,36.23%,,,,,,,,,88.40%,83.06%,,,,63.43%,59.67%,,,,,,,,,,,,76.44%,,,,,,,,,,,,,,,,,,,
2026-03-03 01:30,,,,,,,,,,,,,,47.49%,,,,,,,,,88.48%,83.22%,,,,63.49%,59.85%,,,,,,,,,,,,76.43%,,,,,,,,,,,,,,,,,,,
2026-03-03 02:30,,,,,,,,,,,,,,40.47%,,,,,,,,,88.54%,83.27%,,,,63.93%,59.86%,,,,,,,,,,,,76.44%,,,,,,,,,,,,,,,,,,,
2026-03-03 03:30,,,,,,,,,,,,,,36.03%,,,,,,,,,87.94%,83.59%,,,,64.23%,59.30%,,,,,,,,,,,,76.44%,,,,,,,,,,,,,,,,,,,
2026-03-03 04:30,,,,,,,,,,,,,,36.18%,,,,,,,,,88.02%,83.46%,,,,64.78%,59.24%,,,,,,,,,,,,76.45%,,,,,,,,,,,,,,,,,,,
2026-03-03 05:30,,,,,,,,,,,,,,36.90%,,,,,,,,,88.24%,83.51%,,,,64.80%,59.48%,,,,,,,,,,,,76.45%,,,,,,,,,,,,,,,,,,,
2026-03-03 06:30,,,,,,,,,,,,,,37.28%,,,,,,,,,88.21%,83.58%,,,,64.94%,59.59%,,,,,,,,,,,,76.45%,,,,,,,,,,,,,,,,,,,
2026-03-03 07:30,,,,,,,,,,,,,,36.44%,,,,,,,,,88.27%,83.67%,,,,65.08%,59.47%,,,,,,,,,,,,76.45%,,,,,,,,,,,,,,,,,,,
2026-03-03 08:30,,,,,,,,,,,,,,37.92%,,,,,,,,,88.18%,83.59%,,,,64.95%,59.87%,,,,,,,,,,,,76.46%,,,,,,,,,,,,,,,,,,,
2026-03-03 09:30,,,,,,,,,,,,,,34.66%,,,,,,,,,88.29%,83.81%,,,,64.96%,59.35%,,,,,,,,,,,,76.48%,,,,,,,,,,,,,,,,,,,
2026-03-03 10:30,,,,,,,,,,,,,,36.08%,,41.50%,,,,,,85.77%,88.24%,83.81%,,,,65.88%,59.48%,,,,,,,,,,,,76.55%,,,,,,,,,,,,,,57.51%,,,,,
2026-03-03 11:30,,,,,,,,,,,,,,37.15%,,28.27%,,,,,,84.24%,88.29%,83.99%,,,,65.83%,59.62%,,,,,,,,,,,,76.54%,,,,,,,,,,,,,,57.99%,,,,,
2026-03-03 12:30,,,,,,,,,,,,,,36.43%,,30.21%,,,,,,84.17%,88.23%,83.98%,,,,66.10%,59.67%,,,,,,,,,,,,76.55%,,,,,,,,,,,,,,58.48%,,,,,
2026-03-03 13:30,,,,,,,,,,,,,,36.81%,,27.34%,,,,,,60.74%,88.44%,84.08%,,,,66.22%,59.74%,,,,,,,,,,,,76.95%,,,,,,,,,,,,,,58.48%,,,,,
2026-03-03 14:30,,,,,,,,,,,,,,36.96%,,31.68%,,,,,,65.05%,88.35%,84.08%,,,,65.44%,59.83%,,,,,,,,,,,,77.41%,,,,,,,,,,,,,,58.48%,,,,,
2026-03-03 15:30,,,,,,,,,,,,,,43.82%,,,,,,,,,88.50%,84.18%,,,,65.15%,59.93%,,,,,,,,,,,,77.38%,,,,,,,,,,,,,,,,,,,
2026-03-03 16:30,,,,,,,,,,,,,,39.37%,,,,,,,,,88.37%,84.22%,,,,65.25%,59.90%,,,,,,,,,,,,77.38%,,,,,,,,,,,,,,,,,,,
2026-03-03 17:30,,,,,,,,,,,,,,34.75%,,,,,,,,,88.43%,84.26%,,,,64.61%,59.75%,,,,,,,,,,,,77.39%,,,,,,,,,,,,,,,,,,,
2026-03-03 18:30,,,,,,,,,,,,,,36.71%,,,,,,,,,88.27%,84.14%,,,,61.93%,60.12%,,,,,,,,,,,,77.39%,,,,,,,,,,,,,,,,,,,
2026-03-03 19:30,,,,,,,,,,,,,,36.99%,,,,,,,,,88.33%,84.01%,,,,63.23%,60.15%,,,,,,,,,,,,77.39%,,,,,,,,,,,,,,,,,,,
2026-03-03 20:30,,,,,,,,,,,,,,35.42%,,,,,,,,,88.33%,84.06%,,,,63.09%,59.98%,,,,,,,,,,,,77.39%,,,,,,,,,,,,,,,,,,,
2026-03-03 21:30,,,,,,,,,,,,,,37.18%,,,,,,,,,88.35%,84.38%,,,,63.12%,60.48%,,,,,,,,,,,,77.40%,,,,,,,,,,,,,,,,,,,
2026-03-03 22:30,,,,,,,,,,,,,,34.48%,,,,,,,,,87.92%,84.52%,,,,63.07%,60.11%,,,,,,,,,,,,77.39%,,,,,,,,,,,,,,,,,,,
2026-03-03 23:30,,,,,,,,,,,,,,36.09%,,,,,,,,,88.33%,84.53%,,,,63.11%,60.42%,,,,,,,,,,,,77.40%,,,,,,,,,,,,,,,,,,,
2026-03-04 00:30,,,,,,,,,,,,,,37.01%,,,,,,,,,88.34%,84.54%,,,,63.32%,60.55%,,,,,,,,,,,,77.40%,,,,,,,,,,,,,,,,,,,
2026-03-04 01:30,,,,,,,,,,,,,,37.81%,,,,,,,,,88.35%,84.64%,,,,63.36%,60.70%,,,,,,,,,,,,77.39%,,,,,,,,,,,,,,,,,,,
2026-03-04 02:30,,,,,,,,,,,,,,39.80%,,,,,,,,,88.39%,84.67%,,,,62.93%,60.40%,,,,,,,,,,,,77.40%,,,,,,,,,,,,,,,,,,,
2026-03-04 03:30,,,,,,,,,,,,,,37.95%,,,,,,,,,88.47%,84.83%,,,,62.92%,60.40%,,,,,,,,,,,,77.40%,,,,,,,,,,,,,,,,,,,
2026-03-04 04:30,,,,,,,,,,,,,,38.36%,,,,,,,,,88.45%,84.85%,,,,63.06%,60.49%,,,,,,,,,,,,77.40%,,,,,,,,,,,,,,,,,,,
2026-03-04 05:30,,,,,,,,,,,,,,37.25%,,,,,,,,,88.53%,84.79%,,,,62.83%,60.45%,,,,,,,,,,,,77.41%,,,,,,,,,,,,,,,,,,,
2026-03-04 06:30,,,,,,,,,,,,,,35.86%,,,,,,,,,88.46%,84.87%,,,,63.00%,60.21%,,,,,,,,,,,,77.41%,,,,,,,,,,,,,,,,,,,
2026-03-04 07:30,,,,,,,,,,,,,,38.52%,,,,,,,,,88.65%,85.01%,,,,63.02%,60.78%,,,,,,,,,,,,77.41%,,,,,,,,,,,,,,,,,,,
2026-03-04 08:30,,,,,,,,,,,,,,35.72%,,,,,,,,,88.59%,85.16%,,,,63.05%,60.53%,,,,,,,,,,,,77.42%,,,,,,,,,,,,,,,,,,,
2026-03-04 09:30,,,,,,,,,,,,,,36.57%,,,,,,,,,88.68%,85.28%,,,,63.17%,60.52%,,,,,,,,,,,,77.41%,,,,,,,,,,,,,,,,,,,
2026-03-04 10:30,,,,,,,,,,,,,,36.73%,,,,,,,,,88.61%,85.19%,,,,63.15%,60.62%,,,,,,,,,,,,77.40%,,,,,,,,,,,,,,,,,,,
2026-03-04 11:30,,,,,,,,,,,,,,35.51%,,,,,,,,,88.73%,85.10%,,,,63.29%,60.51%,,,,,,,,,,,,77.40%,,,,,,,,,,,,,,,,,,,
2026-03-04 12:30,,,,,,,,,,,,,,35.03%,,,,,,,,,88.74%,85.17%,,,,63.85%,60.51%,,,,,,,,,,,,77.48%,,,,,,,,,,,,,,,,,,,
2026-03-04 13:30,,,,,,,,,,,,,,32.86%,,,,,,,,,88.80%,85.29%,,,,54.71%,60.18%,,,,,,,,,,,,82.05%,,,,,,,,,,,,,,,,,,,
2026-03-04 14:30,,,,,,,,,,,,,,31.18%,,,,,,,,,88.77%,85.29%,,,,56.23%,59.98%,,,,,,,,,,,,84.08%,,,,,,,,,,,,,,,,,,,
2026-03-04 15:30,,,,,,,,,,,,,,23.99%,,,,,,,,,88.88%,85.50%,,,,84.46%,57.19%,,,,,,,,,,,,88.59%,,,,,,,,,,,,,,,,,,,
2026-03-04 16:30,,,,,,,,,,,,,,17.99%,,,,,,,,,88.11%,,,,,87.00%,56.62%,,,,,,,,,,,,90.05%,,,,,,,,,,,,,,,,,,,
2026-03-04 17:30,,,,,,,,,,,,,,21.22%,,,,,,,,,87.11%,,,,,80.78%,56.75%,,,,,,,,,,,,90.11%,,,,,,,,,,,,,,,,,,,
2026-03-04 18:30,,,,,,,,,,,,,,25.36%,,,,,,,,,87.12%,,,,,79.94%,57.43%,,,,,,,,,,,,89.20%,,,,,,,,,,,,,,,,,,,
2026-03-04 19:30,,,,,,,,,,,,,,21.76%,,,,,,,,,87.36%,,,,,79.44%,57.37%,,,,,,,,,,,,89.15%,,,,,,,,,,,,,,,,,,,
2026-03-04 20:30,,,,,,,,,,,,,,22.13%,,,,,,,,,87.39%,,,,,79.95%,57.28%,,,,,,,,,,,,89.17%,,,,,,,,,,,,,,,,,,,
2026-03-04 21:30,,,,,,,,,,,,,,22.61%,,,,,,,,,87.65%,,,,,80.37%,57.63%,,,,,,,,,,,,89.19%,,,,,,,,,,,,,,,,,,,
2026-03-04 22:30,,,,,,,,,,,,,,22.77%,,,,,,,,,87.35%,,,,,80.97%,57.57%,,,,,,,,,,,,89.21%,,,,,,,,,,,,,,,,,,,
2026-03-04 23:30,,,,,,,,,,,,,,22.61%,,,,,,,,,87.89%,,,,,81.25%,57.57%,,,,,,,,,,,,89.23%,,,,,,,,,,,,,,,,,,,
2026-03-05 00:30,,,,,,,,,,,,,,23.70%,,,,,,,,,87.91%,,,,,81.80%,57.67%,,,,,,,,,,,,89.24%,,,,,,,,,,,,,,,,,,,
2026-03-05 01:30,,,,,,,,,,,,,,22.89%,,,,,,,,,87.77%,,,,,82.20%,57.58%,,,,,,,,,,,,89.23%,,,,,,,,,,,,,,,,,,,
2026-03-05 02:30,,,,,,,,,,,,,,27.49%,,,,,,,,,87.80%,,,,,82.76%,57.96%,,,,,,,,,,,,88.98%,,,,,,,,,,,,,,,,,,,
2026-03-05 03:30,,,,,,,,,,,,,,22.37%,,,,,,,,,87.37%,,,,,83.09%,58.02%,,,,,,,,,,,,88.87%,,,,,,,,,,,,,,,,,,,
2026-03-05 04:30,,,,,,,,,,,,,,22.22%,,,,,,,,,87.27%,,,,,82.58%,58.16%,,,,,,,,,,,,88.89%,,,,,,,,,,,,,,,,,,,
2026-03-05 05:30,,,,,,,,,,,,,,22.47%,,,,,,,,,87.41%,,,,,78.96%,58.34%,,,,,,,,,,,,88.91%,,,,,,,,,,,,,,,,,,,
2026-03-05 06:30,,,,,,,,,,,,,,21.60%,,,,,,,,,87.39%,,,,,83.15%,58.31%,,,,,,,,,,,,88.93%,,,,,,,,,,,,,,,,,,,
2026-03-05 07:30,,,,,,,,,,,,,,21.69%,,,,,,,,,87.54%,,,,,86.69%,58.45%,,,,,,,,,,,,88.94%,,,,,,,,,,,,,,,,,,,
2026-03-05 08:30,,,,,,,,,,,,,,22.22%,,,,,,,,,87.50%,,,,,86.78%,58.57%,,,,,,,,,,,,88.97%,,,,,,,,,,,,,,,,,,,
2026-03-05 09:30,,,,,,,,,,,,,,22.07%,,,,,,,,,87.50%,,,,,86.94%,58.52%,,,,,,,,,,,,88.99%,,,,,,,,,,,,,,,,,,,
2026-03-05 10:30,,,,,,,,,,,,,,22.94%,,,,,,,,,87.52%,,,,,86.00%,58.52%,,,,,,,,,,,,89.09%,,,,,,,,,,,,,,,,,,,
2026-03-05 11:30,,,,,,,,,,,,,,22.12%,,,,,,,,,87.77%,,,,,85.66%,58.44%,,,,,,,,,,,,89.12%,,,,,,,,,,,,,,,,,,,
2026-03-05 12:30,,,,,,,,,,,,,,22.28%,,,,,,,,,87.75%,,,,,85.15%,58.60%,,,,,,,,,,,,89.13%,,,,,,,,,,,,,,,,,,,
2026-03-05 13:30,,,,,,,,,,,,,,22.33%,,,,,,,,,87.81%,,,,,84.30%,58.43%,,,,,,,,,,,,89.15%,,,,,,,,,,,,,,,,,,,
2026-03-05 14:30,,,,,,,,,,,,,,22.57%,,,,,,,,,87.67%,,,,,81.98%,58.47%,,,,,,,,,,,,89.16%,,,,,,,,,,,,,,,,,,,
2026-03-05 15:30,,,,,,,,,,,,,,21.58%,,,,,,,,,87.78%,,,,,88.42%,58.60%,,,,,,,,,,,,89.17%,,,,,,,,,,,,,,,,,,,
2026-03-05 16:30,,,,,,,,,,,,,,22.26%,,,,,,,,,87.59%,,,,,88.04%,58.71%,,,,,,,,,,,,88.93%,,,,,,,,,,,,,,,,,,,
2026-03-05 17:30,,,,,,,,,,,,,,22.64%,,,,,,,,,87.60%,,,,,90.47%,58.88%,,,,,,,,,,,,88.68%,,,,,,,,,,,,,,,,,,,
2026-03-05 18:30,,,,,,,,,,,,,,21.97%,,,,,,,,,87.49%,,,,,83.29%,58.66%,,,,,,,,,,,,88.04%,,,,,,,,,,,,,,,,,,,
2026-03-05 19:30,,,,,,,,,,,,,,22.44%,,72.14%,,,,,,88.28%,87.55%,,,,,82.93%,58.78%,,,,,,,,,,,,87.56%,,,,,,,,,,,,,,58.36%,,,,,
2026-03-05 20:30,,,,,,,,,,,,,,23.12%,,,,,,,,,87.43%,,,,,83.85%,59.01%,,,,,,,,,,,,87.49%,,,,,,,,,,,,,,,,,,,
2026-03-05 21:30,,,,,,,,,,,,,,22.53%,,,,,,,,,87.81%,,,,,85.03%,59.04%,,,,,,,,,,,,87.27%,,,,,,,,,,,,,,,,,,,
2026-03-05 22:30,,,,,,,,,,,,,,21.71%,,,,,,,,,87.48%,,,,,86.25%,58.95%,,,,,,,,,,,,87.28%,,,,,,,,,,,,,,,,,,,
2026-03-05 23:30,,,,,,,,,,,,,,22.68%,,,,,,,,,87.59%,,,,,86.73%,59.23%,,,,,,,,,,,,87.30%,,,,,,,,,,,,,,,,,,,
2026-03-06 00:30,,,,,,,,,,,,,,22.17%,,,,,,,,,87.54%,,,,,87.22%,59.41%,,,,,,,,,,,,87.32%,,,,,,,,,,,,,,,,,,,
2026-03-06 01:30,,,,,,,,,,,,,,22.19%,,,,,,,,,87.66%,,,,,87.29%,59.42%,,,,,,,,,,,,87.34%,,,,,,,,,,,,,,,,,,,
2026-03-06 02:30,,,,,,,,,,,,,,26.16%,,,,,,,,,87.80%,,,,,86.21%,59.60%,,,,,,,,,,,,87.36%,,,,,,,,,,,,,,,,,,,
2026-03-06 03:30,,,,,,,,,,,,,,22.41%,,,,,,,,,87.47%,,,,,84.59%,58.95%,,,,,,,,,,,,87.38%,,,,,,,,,,,,,,,,,,,
2026-03-06 04:30,,,,,,,,,,,,,,22.61%,,,,,,,,,87.41%,,,,,84.89%,59.05%,,,,,,,,,,,,87.40%,,,,,,,,,,,,,,,,,,,
2026-03-06 05:30,,,,,,,,,,,,,,23.83%,,,,,,,,,87.65%,,,,,85.32%,59.23%,,,,,,,,,,,,87.43%,,,,,,,,,,,,,,,,,,,
2026-03-06 06:30,,,,,,,,,,,,,,32.89%,,,,,,,,,88.36%,,,,,85.29%,60.76%,,,,,,,,,,,,87.44%,,,,,,,,,,,,,,,,,,,
2026-03-06 07:30,,,,,,,,,,,,,,,,,,,,,,,,,,,,,,,,,,,,,,,,,,,,,,,,,,,,,,,,,,,,
2026-03-06 08:30,,,,,,,,,,,,,,,,,,,,,,,,,,,,,,,,,,,,,,,,,,,,,,,,,,,,,,,,,,,,
2026-03-06 09:30,,,,,,,,,,,,,,,,,,,,,,,,,,,,,,,,,,,,,,,,,,,,,,,,,,,,,,,,,,,,
2026-03-06 10:30,,,,,,,,,,,,,,,,,,,,,,,,,,,,,,,,,,,,,,,,,,,,,,,,,,,,,,,,,,,,
2026-03-06 11:30,,,,,,,,,,,,,,,,,,,,,,,,,,,,,,,,,,,,,,,,,,,,,,,,,,,,,,,,,,,,
2026-03-06 12:30,,,,,,,,,,,,,,,,,,,,,,,,,,,,,,,,,,,,,,,,,,,,,,,,,,,,,,,,,,,,
2026-03-06 13:30,,,,,,,,,,,,,,,,,,,,,,,,,,,,,,,,,,,,,,,,,,,,,,,,,,,,,,,,,,,,
2026-03-06 14:30,,,,,,,,,,,,,,,,,,,,,,,,,,,,,,,,,,,,,,,,,,,,,,,,,,,,,,,,,,,,
2026-03-06 15:30,,,,,,,,,,,,,,,,,,,,,,,,,,,,,,,,,,,,,,,,,,,,,,,,,,,,,,,,,,,,
2026-03-06 16:30,,,,,,,,,,,,,,,,,,,,,,,,,,,,,,,,,,,,,,,,,,,,,,,,,,,,,,,,,,,,
2026-03-06 17:30,,,,,,,,,,,,,,,,,,,,,,,,,,,,,,,,,,,,,,,,,,,,,,,,,,,,,,,,,,,,
2026-03-06 18:30,,,,,,,,,,,,,,,,,,,,,,,,,,,,,,,,,,,,,,,,,,,,,,,,,,,,,,,,,,,,
2026-03-06 19:30,,,,,,,,,,,,,,,,,,,,,,,,,,,,,,,,,,,,,,,,,,,,,,,,,,,,,,,,,,,,
2026-03-06 20:30,,,,,,,,,,,,,,,,,,,,,,,,,,,,,,,,,,,,,,,,,,,,,,,,,,,,,,,,,,,,
2026-03-06 21:30,,,,,,,,,,,,,,,,,,,,,,,,,,,,,,,,,,,,,,,,,,,,,,,,,,,,,,,,,,,,
2026-03-06 22:30,,,,,,,,,,,,,,,,,,,,,,,,,,,,,,,,,,,,,,,,,,,,,,,,,,,,,,,,,,,,
2026-03-06 23:30,,,,,,,,,,,,,,,,,,,,,,,,,,,,,,,,,,,,,,,,,,,,,,,,,,,,,,,,,,,,
2026-03-07 00:30,,,,,,,,,,,,,,,,,,,,,,,,,,,,,,,,,,,,,,,,,,,,,,,,,,,,,,,,,,,,
2026-03-07 01:30,,,,,,,,,,,,,,,,,,,,,,,,,,,,,,,,,,,,,,,,,,,,,,,,,,,,,,,,,,,,
2026-03-07 02:30,,,,,,,,,,,,,,,,,,,,,,,,,,,,,,,,,,,,,,,,,,,,,,,,,,,,,,,,,,,,
2026-03-07 03:30,,,,,,,,,,,,,,,,,,,,,,,,,,,,,,,,,,,,,,,,,,,,,,,,,,,,,,,,,,,,
2026-03-07 04:30,,,,,,,,,,,,,,,,,,,,,,,,,,,,,,,,,,,,,,,,,,,,,,,,,,,,,,,,,,,,
2026-03-07 05:30,,,,,,,,,,,,,,,,,,,,,,,,,,,,,,,,,,,,,,,,,,,,,,,,,,,,,,,,,,,,
2026-03-07 06:30,,,,,,,,,,,,,,,,,,,,,,,,,,,,,,,,,,,,,,,,,,,,,,,,,,,,,,,,,,,,
2026-03-07 07:30,,,,,,,,,,,,,,,,,,,,,,,,,,,,,,,,,,,,,,,,,,,,,,,,,,,,,,,,,,,,
2026-03-07 08:30,,,,,,,,,,,,,,,,,,,,,,,,,,,,,,,,,,,,,,,,,,,,,,,,,,,,,,,,,,,,
2026-03-07 09:30,,,,,,,,,,,,,,,,,,,,,,,,,,,,,,,,,,,,,,,,,,,,,,,,,,,,,,,,,,,,
2026-03-07 10:30,,,,,,,,,,,,,,,,,,,,,,,,,,,,,,,,,,,,,,,,,,,,,,,,,,,,,,,,,,,,
2026-03-07 11:30,,,,,,,,,,,,,,,,,,,,,,,,,,,,,,,,,,,,,,,,,,,,,,,,,,,,,,,,,,,,
2026-03-07 12:30,,,,,,,,,,,,,,,,,,,,,,,,,,,,,,,,,,,,,,,,,,,,,,,,,,,,,,,,,,,,
2026-03-07 13:30,,,,,,,,,,,,,,,,,,,,,,,,,,,,,,,,,,,,,,,,,,,,,,,,,,,,,,,,,,,,
2026-03-07 14:30,,,,,,,,,,,,,,,,,,,,,,,,,,,,,,,,,,,,,,,,,,,,,,,,,,,,,,,,,,,,
2026-03-07 15:30,,,,,,,,,,,,,,,,,,,,,,,,,,,,,,,,,,,,,,,,,,,,,,,,,,,,,,,,,,,,
2026-03-07 16:30,,,,,,,,,,,,,,,,,,,,,,,,,,,,,,,,,,,,,,,,,,,,,,,,,,,,,,,,,,,,
2026-03-07 17:30,,,,,,,,,,,,,,,,,,,,,,,,,,,,,,,,,,,,,,,,,,,,,,,,,,,,,,,,,,,,
2026-03-07 18:30,,,,,,,,,,,,,,,,,,,,,,,,,,,,,,,,,,,,,,,,,,,,,,,,,,,,,,,,,,,,
2026-03-07 19:30,,,,,,,,,,,,,,,,,,,,,,,,,,,,,,,,,,,,,,,,,,,,,,,,,,,,,,,,,,,,
2026-03-07 20:30,,,,,,,,,,,,,,,,,,,,,,,,,,,,,,,,,,,,,,,,,,,,,,,,,,,,,,,,,,,,
2026-03-07 21:30,,,,,,,,,,,,,,,,,,,,,,,,,,,,,,,,,,,,,,,,,,,,,,,,,,,,,,,,,,,,
2026-03-07 22:30,,,,,,,,,,,,,,,,,,,,,,,,,,,,,,,,,,,,,,,,,,,,,,,,,,,,,,,,,,,,
2026-03-07 23:30,,,,,,,,,,,,,,,,,,,,,,,,,,,,,,,,,,,,,,,,,,,,,,,,,,,,,,,,,,,,
2026-03-08 00:30,,,,,,,,,,,,,,,,,,,,,,,,,,,,,,,,,,,,,,,,,,,,,,,,,,,,,,,,,,,,
2026-03-08 01:30,,,,,,,,,,,,,,,,,,,,,,,,,,,,,,,,,,,,,,,,,,,,,,,,,,,,,,,,,,,,
2026-03-08 02:30,,,,,,,,,,,,,,,,,,,,,,,,,,,,,,,,,,,,,,,,,,,,,,,,,,,,,,,,,,,,
2026-03-08 03:30,,,,,,,,,,,,,,,,,,,,,,,,,,,,,,,,,,,,,,,,,,,,,,,,,,,,,,,,,,,,
2026-03-08 04:30,,,,,,,,,,,,,,,,,,,,,,,,,,,,,,,,,,,,,,,,,,,,,,,,,,,,,,,,,,,,
2026-03-08 05:30,,,,,,,,,,,,,,,,,,,,,,,,,,,,,,,,,,,,,,,,,,,,,,,,,,,,,,,,,,,,
2026-03-08 06:30,,,,,,,,,,,,,,,,,,,,,,,,,,,,,,,,,,,,,,,,,,,,,,,,,,,,,,,,,,,,
2026-03-08 07:30,,,,,,,,,,,,,,,,,,,,,,,,,,,,,,,,,,,,,,,,,,,,,,,,,,,,,,,,,,,,
2026-03-08 08:30,,,,,,,,,,,,,,,,,,,,,,,,,,,,,,,,,,,,,,,,,,,,,,,,,,,,,,,,,,,,
2026-03-08 09:30,,,,,,,,,,,,,,,,,,,,,,,,,,,,,,,,,,,,,,,,,,,,,,,,,,,,,,,,,,,,
2026-03-08 10:30,,,,,,,,,,,,,,,,,,,,,,,,,,,,,,,,,,,,,,,,,,,,,,,,,,,,,,,,,,,,
2026-03-08 11:30,,,,,,,,,,,,,,,,,,,,,,,,,,,,,,,,,,,,,,,,,,,,,,,,,,,,,,,,,,,,
2026-03-08 12:30,,,,,,,,,,,,,,,,,,,,,,,,,,,,,,,,,,,,,,,,,,,,,,,,,,,,,,,,,,,,
2026-03-08 13:30,,,,,,,,,,,,,,,,,,,,,,,,,,,,,,,,,,,,,,,,,,,,,,,,,,,,,,,,,,,,
2026-03-08 14:30,,,,,,,,,,,,,,,,,,,,,,,,,,,,,,,,,,,,,,,,,,,,,,,,,,,,,,,,,,,,
2026-03-08 15:30,,,,,,,,,,,,,,,,,,,,,,,,,,,,,,,,,,,,,,,,,,,,,,,,,,,,,,,,,,,,
2026-03-08 16:30,,,,,,,,,,,,,,,,,,,,,,,,,,,,,,,,,,,,,,,,,,,,,,,,,,,,,,,,,,,,
2026-03-08 17:30,,,,,,,,,,,,,,,,,,,,,,,,,,,,,,,,,,,,,,,,,,,,,,,,,,,,,,,,,,,,
2026-03-08 18:30,,,,,,,,,,,,,,,,,,,,,,,,,,,,,,,,,,,,,,,,,,,,,,,,,,,,,,,,,,,,
2026-03-08 19:30,,,,,,,,,,,,,,,,,,,,,,,,,,,,,,,,,,,,,,,,,,,,,,,,,,,,,,,,,,,,
2026-03-08 20:30,,,,,,,,,,,,,,,,,,,,,,,,,,,,,,,,,,,,,,,,,,,,,,,,,,,,,,,,,,,,
2026-03-08 21:30,,,,,,,,,,,,,,,,,,,,,,,,,,,,,,,,,,,,,,,,,,,,,,,,,,,,,,,,,,,,
2026-03-08 22:30,,,,,,,,,,,,,,,,,,,,,,,,,,,,,,,,,,,,,,,,,,,,,,,,,,,,,,,,,,,,
2026-03-08 23:30,,,,,,,,,,,,,,,,,,,,,,,,,,,,,,,,,,,,,,,,,,,,,,,,,,,,,,,,,,,,
2026-03-09 00:30,,,,,,,,,,,,,,,,,,,,,,,,,,,,,,,,,,,,,,,,,,,,,,,,,,,,,,,,,,,,
2026-03-09 01:30,,,,,,,,,,,,,,,,,,,,,,,,,,,,,,,,,,,,,,,,,,,,,,,,,,,,,,,,,,,,
2026-03-09 02:30,,,,,,,,,,,,,,,,,,,,,,,,,,,,,,,,,,,,,,,,,,,,,,,,,,,,,,,,,,,,
2026-03-09 03:30,,,,,,,,,,,,,,,,,,,,,,,,,,,,,,,,,,,,,,,,,,,,,,,,,,,,,,,,,,,,
2026-03-09 04:30,,,,,,,,,,,,,,,,,,,,,,,,,,,,,,,,,,,,,,,,,,,,,,,,,,,,,,,,,,,,
2026-03-09 05:30,,,,,,,,,,,,,,,,,,,,,,,,,,,,,,,,,,,,,,,,,,,,,,,,,,,,,,,,,,,,
2026-03-09 06:30,,,,,,,,,,,,,,,,,,,,,,,,,,,,,,,,,,,,,,,,,,,,,,,,,,,,,,,,,,,,
2026-03-09 07:30,,,,,,,,,,,,,,,,,,,,,,,,,,,,,,,,,,,,,,,,,,,,,,,,,,,,,,,,,,,,
2026-03-09 08:30,,,,,,,,,,,,,,,,,,,,,,,,,,,,,,,,,,,,,,,,,,,,,,,,,,,,,,,,,,,,
2026-03-09 09:30,,,,,,,,,,,,,,,,,,,,,,,,,,,,,,,,,,,,,,,,,,,,,,,,,,,,,,,,,,,,
2026-03-09 10:30,,,,,,,,,,,,,,,,,,,,,,,,,,,,,,,,,,,,,,,,,,,,,,,,,,,,,,,,,,,,
2026-03-09 11:30,,,,,,,,,,,,,,,,,,,,,,,,,,,,,,,,,,,,,,,,,,,,,,,,,,,,,,,,,,,,
2026-03-09 12:30,,,,,,,,,,,,,,,,,,,,,,,,,,,,,,,,,,,,,,,,,,,,,,,,,,,,,,,,,,,,
2026-03-09 13:30,,,,,,,,,,,,,,,,,,,,,,,,,,,,,,,,,,,,,,,,,,,,,,,,,,,,,,,,,,,,
2026-03-09 14:30,,,,,,,,,,,,,,,,,,,,,,,,,,,,,,,,,,,,,,,,,,,,,,,,,,,,,,,,,,,,
2026-03-09 15:30,,,,,,,,,,,,,,,,,,,,,,,,,,,,,,,,,,,,,,,,,,,,,,,,,,,,,,,,,,,,
2026-03-09 16:30,,,,,,,,,,,,,,,,,,,,,,,,,,,,,,,,,,,,,,,,,,,,,,,,,,,,,,,,,,,,
2026-03-09 17:30,,,,,,,,,,,,,,,,,,,,,,,,,,,,,,,,,,,,,,,,,,,,,,,,,,,,,,,,,,,,
2026-03-09 18:30,,,,,,,,,,,,,,,,,,,,,,,,,,,,,,,,,,,,,,,,,,,,,,,,,,,,,,,,,,,,
2026-03-09 19:30,,,,,,,,,,,,,,,,,,,,,,,,,,,,,,,,,,,,,,,,,,,,,,,,,,,,,,,,,,,,
2026-03-09 20:30,,,,,,,,,,,,,,24.59%,,,,,,,,,88.40%,,,,,82.56%,54.99%,,,,,,,,,,,,88.03%,,,,,,,,,,,,,,,,,,,
2026-03-09 21:30,,,,,,,,,,,,,,21.24%,,,,,,,,,88.55%,,,,,82.85%,59.27%,,,,,,,,,,,,88.04%,,,,,,,,,,,,,,,,,,,
2026-03-09 22:30,,,,,,,,,,,,,,20.85%,,,,,,,,,88.25%,,,,,83.42%,59.21%,,,,,,,,,,,,88.07%,,,,,,,,,,,,,,,,,,,
2026-03-09 23:30,,,,,,,,,,,,,,22.15%,,,,,,,,,88.30%,,,,,83.91%,59.47%,,,,,,,,,,,,88.07%,,,,,,,,,,,,,,,,,,,
2026-03-10 00:30,,,,,,,,,,,,,,21.72%,,,,,,,,,88.36%,,,,,83.89%,59.47%,,,,,,,,,,,,88.03%,,,,,,,,,,,,,,,,,,,
2026-03-10 01:30,,,,,,,,,,,,,,21.97%,,,,,,,,,88.33%,,,,,84.27%,59.71%,,,,,,,,,,,,88.05%,,,,,,,,,,,,,,,,,,,
2026-03-10 02:30,,,,,,,,,,,,,,24.92%,,,,,,,,,88.49%,,,,,84.87%,60.02%,,,,,,,,,,,,88.08%,,,,,,,,,,,,,,,,,,,
2026-03-10 03:30,,,,,,,,,,,,,,22.44%,,,,,,,,,88.43%,,,,,85.08%,59.54%,,,,,,,,,,,,88.10%,,,,,,,,,,,,,,,,,,,
2026-03-10 04:30,,,,,,,,,,,,,,21.23%,,,,,,,,,88.36%,,,,,85.18%,59.49%,,,,,,,,,,,,88.12%,,,,,,,,,,,,,,,,,,,
2026-03-10 05:30,,,,,,,,,,,,,,23.40%,,,,,,,,,88.43%,,,,,85.38%,59.75%,,,,,,,,,,,,88.13%,,,,,,,,,,,,,,,,,,,
2026-03-10 06:30,,,,,,,,,,,,,,21.64%,,,,,,,,,88.53%,,,,,85.29%,59.52%,,,,,,,,,,,,87.87%,,,,,,,,,,,,,,,,,,,
2026-03-10 07:30,,,,,,,,,,,,,,21.83%,,,,,,,,,88.63%,,,,,85.33%,59.58%,,,,,,,,,,,,87.89%,,,,,,,,,,,,,,,,,,,
2026-03-10 08:30,,,,,,,,,,,,,,21.37%,,,,,,,,,88.66%,,,,,85.24%,59.59%,,,,,,,,,,,,87.98%,,,,,,,,,,,,,,,,,,,
2026-03-10 09:30,,,,,,,,,,,,,,21.25%,,,,,,,,,88.75%,,,,,84.71%,59.55%,,,,,,,,,,,,88.02%,,,,,,,,,,,,,,,,,,,
2026-03-10 10:30,,,,,,,,,,,,,,21.41%,,,,,,,,,88.68%,,,,,83.55%,59.37%,,,,,,,,,,,,88.05%,,,,,,,,,,,,,,,,,,,
2026-03-10 11:30,,,,,,,,,,,,,,21.81%,,,,,,,,,88.81%,,,,,83.08%,59.49%,,,,,,,,,,,,88.07%,,,,,,,,,,,,,,,,,,,
2026-03-10 12:30,,,,,,,,,,,,,,21.86%,,,,,,,,,88.79%,,,,,83.51%,59.52%,,,,,,,,,,,,88.00%,,,,,,,,,,,,,,,,,,,
2026-03-10 13:30,,,,,,,,,,,,,,21.80%,,,,,,,,,88.88%,,,,,75.32%,59.48%,,,,,,,,,,,,88.11%,,,,,,,,,,,,,,,,,,,
2026-03-10 14:30,,,,,,,,,,,,,,21.56%,,83.19%,,,,,,81.01%,88.82%,,,,,70.77%,59.51%,,,,,,,,,,,,87.89%,,,,,,,,,,,,,,58.13%,,,,,
2026-03-10 15:30,,,,,,,,,,,,,,21.29%,,35.79%,,,,,,87.75%,88.67%,,,,,73.19%,59.52%,,,,,,,,,,,,87.91%,,,,,,,,,,,,,,58.31%,,,,,
2026-03-10 16:30,,,,,,,,,,,,,,20.85%,,,,,,,,,88.62%,,,,,74.56%,59.53%,,,,,,,,,,,,89.09%,,,,,,,,,,,,,,,,,,,
2026-03-10 17:30,,,,,,,,,,,,,,20.78%,,,,,,,,,88.71%,,,,,83.41%,59.47%,,,,,,,,,,,,89.51%,,,,,,,,,,,,,,,,,,,
2026-03-10 18:30,,,,,,,,,,,,,,22.63%,,,,,,,,,88.60%,,,,,79.40%,60.03%,,,,,,,,,,,,90.23%,,,,,,,,,,,,,,,,,,,
2026-03-10 19:30,,,,,,,,,,,,,,21.07%,,,,,,,,,88.69%,,,,,79.56%,59.77%,,,,,,,,,,,,94.73%,,,,,,,,,,,,,,,,,,,
2026-03-10 20:30,,,,,,,,,,,,,,21.69%,,,,,,,,,88.70%,,,,,83.04%,59.86%,,,,,,,,,,,,96.82%,,,,,,,,,,,,,,,,,,,
2026-03-10 21:30,,,,,,,,,,,,,,21.36%,,,,,,,,,88.86%,,,,,82.55%,59.88%,,,,,,,,,,,,97.10%,,,,,,,,,,,,,,,,,,,
2026-03-10 22:30,,,,,,,,,,,,,,21.54%,,,,,,,,,88.45%,,,,,82.70%,59.89%,,,,,,,,,,,,97.38%,,,,,,,,,,,,,,,,,,,
2026-03-10 23:30,,,,,,,,,,,,,,20.72%,,,,,,,,,88.80%,,,,,83.56%,59.67%,,,,,,,,,,,,97.66%,,,,,,,,,,,,,,,,,,,
2026-03-11 00:30,,,,,,,,,,,,,,22.04%,,,,,,,,,88.90%,,,,,83.87%,59.87%,,,,,,,,,,,,97.94%,,,,,,,,,,,,,,,,,,,
2026-03-11 01:30,,,,,,,,,,,,,,21.04%,,,,,,,,,88.67%,,,,,83.97%,59.61%,,,,,,,,,,,,98.22%,,,,,,,,,,,,,,,,,,,
2026-03-11 02:30,,,,,,,,,,,,,,22.45%,,,,,,,,,88.78%,,,,,84.17%,59.91%,,,,,,,,,,,,98.50%,,,,,,,,,,,,,,,,,,,
2026-03-11 03:30,,,,,,,,,,,,,,24.73%,,,,,,,,,88.14%,,,,,84.14%,59.67%,,,,,,,,,,,,98.79%,,,,,,,,,,,,,,,,,,,
2026-03-11 04:30,,,,,,,,,,,,,,21.89%,,,,,,,,,88.15%,,,,,84.50%,59.66%,,,,,,,,,,,,99.00%,,,,,,,,,,,,,,,,,,,
2026-03-11 05:30,,,,,,,,,,,,,,22.22%,,,,,,,,,88.27%,,,,,85.15%,59.44%,,,,,,,,,,,,99.23%,,,,,,,,,,,,,,,,,,,
2026-03-11 06:30,,,,,,,,,,,,,,22.21%,,,,,,,,,88.13%,,,,,85.53%,59.41%,,,,,,,,,,,,99.54%,,,,,,,,,,,,,,,,,,,
2026-03-11 07:30,,,,,,,,,,,,,,21.34%,,,,,,,,,88.21%,,,,,85.51%,59.52%,,,,,,,,,,,,99.89%,,,,,,,,,,,,,,,,,,,
2026-03-11 08:30,,,,,,,,,,,,,,21.89%,,52.03%,,,,,,86.27%,88.24%,,,,,84.26%,59.57%,,,,,,,,,,,,100.00%,,,,,,,,,,,,,,58.48%,,,,,
2026-03-11 09:30,,,,,,,,,,,,,,21.85%,,35.04%,,,,,,85.20%,88.29%,,,,,84.33%,59.75%,,,,,,,,,,,,100.00%,,,,,,,,,,,,,,58.93%,,,,,
2026-03-11 10:30,,,,,,,,,,,,,,21.97%,,7.94%,,,,,,85.59%,88.24%,,,,,85.25%,59.81%,,,,,,,,,,,,98.91%,,,,,,,,,,,,,,59.06%,,,,,
2026-03-11 11:30,,,,,,,,,,,,,,21.70%,,3.29%,,,,,,85.55%,88.43%,,,,,85.88%,59.57%,,,,,,,,,,,,98.49%,,,,,,,,,,,,,,59.07%,,,,,
2026-03-11 12:30,,,,,,,,,,,,,,22.48%,,1.56%,,,,,,84.17%,88.34%,,,,,84.40%,59.86%,,,,,,,,,,,,93.10%,,,,,,,,,,,,,,59.13%,,,,,
2026-03-11 13:30,,,,,,,,,,,,,,22.05%,,,,,,,,,88.45%,,,,,86.80%,59.83%,,,,,,,,,,,,95.08%,,,,,,,,,,,,,,,,,,,
2026-03-11 14:30,,,,,,,,,,,,,,21.90%,,,,,,,,,88.40%,,,,,79.84%,59.74%,,,,,,,,,,,,99.68%,,,,,,,,,,,,,,,,,,,
2026-03-11 15:30,,,,,,,,,,,,,,21.11%,,,,,,,,,88.52%,,,,,67.65%,59.73%,,,,,,,,,,,,99.94%,,,,,,,,,,,,,,,,,,,
2026-03-11 16:30,,,,,,,,,,,,,,21.58%,,,,,,,,,88.41%,,,,,63.11%,59.78%,,,,,,,,,,,,99.90%,,,,,,,,,,,,,,,,,,,
2026-03-11 17:30,,,,,,,,,,,,,,21.68%,,,,,,,,,88.45%,,,,,74.84%,59.85%,,,,,,,,,,,,99.37%,,,,,,,,,,,,,,,,,,,
2026-03-11 18:30,,,,,,,,,,,,,,22.34%,,,,,,,,,88.34%,,,,,34.63%,60.04%,,,,,,,,,,,,98.83%,,,,,,,,,,,,,,,,,,,
2026-03-11 19:30,,,,,,,,,,,,,,21.51%,,,,,,,,,88.40%,,,,,22.39%,59.91%,,,,,,,,,,,,98.70%,,,,,,,,,,,,,,,,,,,
2026-03-11 20:30,,,,,,,,,,,,,,21.56%,,,,,,,,,88.28%,,,,,24.22%,60.00%,,,,,,,,,,,,98.70%,,,,,,,,,,,,,,,,,,,
2026-03-11 21:30,,,,,,,,,,,,,,22.16%,,76.05%,,,,,,71.51%,88.56%,,,,,23.93%,60.28%,,,,,,,,,,,,98.70%,,,,,,,,,,,,,,59.13%,,,,,
2026-03-11 22:30,,,,,,,,,,,,,,21.94%,,,,,,,,,88.33%,,,,,24.62%,60.17%,,,,,,,,,,,,98.70%,,,,,,,,,,,,,,,,,,,
2026-03-11 23:30,,,,,,,,,,,,,,22.11%,,,,,,,,,88.66%,,,,,23.86%,60.19%,,,,,,,,,,,,98.70%,,,,,,,,,,,,,,,,,,,
2026-03-12 00:30,,,,,,,,,,,,,,21.54%,,,,,,,,,88.58%,,,,,23.43%,60.17%,,,,,,,,,,,,98.71%,,,,,,,,,,,,,,,,,,,
2026-03-12 01:30,,,,,,,,,,,,,,21.24%,,,,,,,,,88.33%,,,,,23.43%,60.05%,,,,,,,,,,,,98.71%,,,,,,,,,,,,,,,,,,,
2026-03-12 02:30,,,,,,,,,,,,,,25.18%,,,,,,,,,88.45%,,,,,23.49%,60.16%,,,,,,,,,,,,98.71%,,,,,,,,,,,,,,,,,,,
2026-03-12 03:30,,,,,,,,,,,,,,21.86%,,,,,,,,,88.45%,,,,,23.65%,60.01%,,,,,,,,,,,,98.71%,,,,,,,,,,,,,,,,,,,
2026-03-12 04:30,,,,,,,,,,,,,,22.62%,,,,,,,,,88.43%,,,,,23.84%,60.25%,,,,,,,,,,,,98.71%,,,,,,,,,,,,,,,,,,,
2026-03-12 05:30,,,,,,,,,,,,,,21.98%,,,,,,,,,88.59%,,,,,23.89%,59.70%,,,,,,,,,,,,98.72%,,,,,,,,,,,,,,,,,,,
2026-03-12 06:30,,,,,,,,,,,,,,21.78%,,,,,,,,,88.55%,,,,,23.96%,59.87%,,,,,,,,,,,,98.72%,,,,,,,,,,,,,,,,,,,
2026-03-12 07:30,,,,,,,,,,,,,,21.33%,,,,,,,,,88.72%,,,,,23.98%,59.71%,,,,,,,,,,,,98.72%,,,,,,,,,,,,,,,,,,,
2026-03-12 08:30,,,,,,,,,,,,,,22.00%,,52.57%,,,,,,89.73%,88.62%,,,,,24.03%,59.66%,,,,,,,,,,,,98.72%,,,,,,,,,,,,,,58.03%,,,,,
2026-03-12 09:30,,,,,,,,,,,,,,21.50%,,37.70%,,,,,,88.10%,88.73%,,,,,24.03%,59.67%,,,,,,,,,,,,98.72%,,,,,,,,,,,,,,58.06%,,,,,
2026-03-12 10:30,,,,,,,,,,,,,,21.84%,,,,,,,,,88.69%,,,,,24.52%,59.65%,,,,,,,,,,,,98.72%,,,,,,,,,,,,,,,,,,,
2026-03-12 11:30,,,,,,,,,,,,,,22.06%,,30.52%,,,,,,85.41%,88.75%,,,,,24.51%,59.73%,,,,,,,,,,,,98.72%,,,,,,,,,,,,,,58.05%,,,,,
2026-03-12 12:30,,,,,,,,,,,,,,22.60%,,23.18%,,,,,,85.35%,88.69%,,,,,25.01%,59.98%,,,,,,,,,,,,98.73%,,,,,,,,,,,,,,58.08%,,,,,
2026-03-12 13:30,,,,,,,,,,,,,,21.59%,,,,,,,,,88.76%,,,,,25.14%,60.09%,,,,,,,,,,,,98.73%,,,,,,,,,,,,,,,,,,,
2026-03-12 14:30,,,,,,,,,,,,,,22.28%,,,,,,,,,88.29%,,,,,25.16%,60.24%,,,,,,,,,,,,98.73%,,,,,,,,,,,,,,,,,,,
2026-03-12 15:30,,,,,,,,,,,,,,21.34%,,,,,,,,,88.26%,,,,,25.27%,60.24%,,,,,,,,,,,,98.71%,,,,,,,,,,,,,,,,,,,
2026-03-12 16:30,,,,,,,,,,,,,,22.34%,,,,,,,,,88.26%,,,,,24.60%,60.42%,,,,,,,,,,,,98.71%,,,,,,,,,,,,,,,,,,,
2026-03-12 17:30,,,,,,,,,,,,,,21.16%,,,,,,,,,88.41%,,,,,24.64%,60.24%,,,,,,,,,,,,98.71%,,,,,,,,,,,,,,,,,,,
2026-03-12 18:30,,,,,,,,,,,,,,21.76%,,,,,,,,,88.40%,,,,,24.77%,60.28%,,,,,,,,,,,,98.71%,,,,,,,,,,,,,,,,,,,
2026-03-12 19:30,,,,,,,,,,,,,,21.41%,,,,,,,,,88.49%,,,,,24.79%,60.40%,,,,,,,,,,,,98.71%,,,,,,,,,,,,,,,,,,,
2026-03-12 20:30,,,,,,,,,,,,,,21.76%,,,,,,,,,88.41%,,,,,24.84%,60.44%,,,,,,,,,,,,98.71%,,,,,,,,,,,,,,,,,,,
2026-03-12 21:30,,,,,,,,,,,,,,21.58%,,,,,,,,,88.52%,,,,,24.88%,60.40%,,,,,,,,,,,,98.71%,,,,,,,,,,,,,,,,,,,
2026-03-12 22:30,,,,,,,,,,,,,,21.62%,,,,,,,,,88.20%,,,,,24.95%,60.54%,,,,,,,,,,,,98.72%,,,,,,,,,,,,,,,,,,,
2026-03-12 23:30,,,,,,,,,,,,,,21.31%,,,,,,,,,88.52%,,,,,25.04%,60.59%,,,,,,,,,,,,98.71%,,,,,,,,,,,,,,,,,,,
2026-03-13 00:30,,,,,,,,,,,,,,22.28%,,,,,,,,,88.36%,,,,,25.10%,60.68%,,,,,,,,,,,,98.72%,,,,,,,,,,,,,,,,,,,
2026-03-13 01:30,,,,,,,,,,,,,,21.54%,,,,,,,,,88.52%,,,,,25.14%,60.52%,,,,,,,,,,,,98.72%,,,,,,,,,,,,,,,,,,,
2026-03-13 02:30,,,,,,,,,,,,,,22.00%,,,,,,,,,88.58%,,,,,25.21%,60.77%,,,,,,,,,,,,98.72%,,,,,,,,,,,,,,,,,,,
2026-03-13 03:30,,,,,,,,,,,,,,25.51%,,,,,,,,,88.06%,,,,,25.29%,60.41%,,,,,,,,,,,,98.72%,,,,,,,,,,,,,,,,,,,
2026-03-13 04:30,,,,,,,,,,,,,,22.26%,,,,,,,,,87.96%,,,,,25.47%,60.04%,,,,,,,,,,,,98.71%,,,,,,,,,,,,,,,,,,,
2026-03-13 05:30,,,,,,,,,,,,,,22.52%,,,,,,,,,88.25%,,,,,25.48%,60.04%,,,,,,,,,,,,98.72%,,,,,,,,,,,,,,,,,,,
2026-03-13 06:30,,,,,,,,,,,,,,22.29%,,,,,,,,,88.27%,,,,,25.48%,60.00%,,,,,,,,,,,,98.72%,,,,,,,,,,,,,,,,,,,
2026-03-13 07:30,,,,,,,,,,,,,,22.05%,,,,,,,,,88.27%,,,,,25.49%,60.09%,,,,,,,,,,,,98.72%,,,,,,,,,,,,,,,,,,,
2026-03-13 08:30,,,,,,,,,,,,,,23.16%,,,,,,,,,88.23%,,,,,25.51%,60.43%,,,,,,,,,,,,98.72%,,,,,,,,,,,,,,,,,,,
2026-03-13 09:30,,,,,,,,,,,,,,22.96%,,38.04%,,,,,,88.11%,88.40%,,,,,25.45%,60.35%,,,,,,,,,,,,98.73%,,,,,,,,,,,,,,58.04%,,,,,
2026-03-13 10:30,,,,,,,,,,,,,,22.80%,,17.74%,,,,,,88.67%,88.33%,,,,,25.73%,60.32%,,,,,,,,,,,,98.82%,,,,,,,,,,,,,,58.24%,,,,,
2026-03-13 11:30,,,,,,,,,,,,,,23.27%,,14.86%,,,,,,87.73%,88.43%,,,,,25.69%,60.35%,,,,,,,,,,,,98.86%,,,,,,,,,,,,,,58.32%,,,,,
2026-03-13 12:30,,,,,,,,,,,,,,22.73%,,17.62%,,,,,,89.26%,88.44%,,,,,25.88%,60.17%,,,,,,,,,,,,98.86%,,,,,,,,,,,,,,58.30%,,,,,
2026-03-13 13:30,,,,,,,,,,,,,,21.80%,,17.13%,,,,,,89.42%,88.48%,,,,,25.79%,60.18%,,,,,,,,,,,,98.86%,,,,,,,,,,,,,,58.42%,,,,,
2026-03-13 14:30,,,,,,,,,,,,,,23.07%,,,,,,,,,88.36%,,,,,25.86%,60.41%,,,,,,,,,,,,98.86%,,,,,,,,,,,,,,,,,,,
2026-03-13 15:30,,,,,,,,,,,,,,22.56%,,19.22%,,,,,,88.67%,88.36%,,,,,25.73%,60.44%,68.63%,,,,,,,,,,,98.85%,,,,,,,,,,,,,,59.94%,,,,,
2026-03-13 16:30,,,,,,,,,,,,,,23.11%,,15.17%,,,,,,88.88%,88.43%,,,,,25.56%,60.41%,67.98%,,,,,,,,,,,98.84%,,,,,,,,,,,,,,60.08%,,,,,
2026-03-13 17:30,,,,,,,,,,,,,,22.06%,,,,,,,,,88.61%,,,,,25.59%,60.39%,65.94%,,,,,,,,,,,98.84%,,,,,,,,,,,,,,,,,,,
2026-03-13 18:30,,,,,,,,,,,,,,22.28%,,16.51%,,,,,,89.89%,88.41%,,,,,25.61%,60.42%,67.50%,,,,,,,,,,,98.84%,,,,,,,,,,,,,,60.16%,,,,,
2026-03-13 19:30,,,,,,,,,,,,,,22.36%,,20.52%,,,,,,89.64%,88.68%,,,,,25.55%,60.31%,67.65%,,,,,,,,,,,98.85%,,,,,,,,,,,,,,60.15%,,,,,
2026-03-13 20:30,,,,,,,,,,,,,,22.28%,,29.59%,,,,,,89.29%,88.37%,,,,,25.69%,60.46%,,,,,,,,,,,,98.85%,,,,,,,,,,,,,,58.65%,,,,,
2026-03-13 21:30,,,,,,,,,,,,,,22.12%,,,,,,,,,88.47%,,,,,25.67%,60.53%,,,,,,,,,,,,98.85%,,,,,,,,,,,,,,,,,,,
2026-03-13 22:30,,,,,,,,,,,,,,22.38%,,31.42%,,,,,,86.41%,87.91%,,,,,25.76%,60.54%,,,,,,,,,,,,98.85%,,,,,,,,,,,,,,58.24%,,,,,
2026-03-13 23:30,,,,,,,,,,,,,,22.61%,,,,,,,,,88.26%,,,,,25.81%,60.55%,,,,,,,,,,,,98.85%,,,,,,,,,,,,,,,,,,,
2026-03-14 00:30,,,,,,,,,,,,,,22.27%,,,,,,,,,88.18%,,,,,25.87%,60.56%,,,,,,,,,,,,98.85%,,,,,,,,,,,,,,,,,,,
2026-03-14 01:30,,,,,,,,,,,,,,22.27%,,,,,,,,,88.23%,,,,,25.90%,60.67%,,,,,,,,,,,,98.85%,,,,,,,,,,,,,,,,,,,
2026-03-14 02:30,,,,,,,,,,,,,,25.16%,,,,,,,,,88.47%,,,,,25.74%,60.70%,,,,,,,,,,,,98.85%,,,,,,,,,,,,,,,,,,,
2026-03-14 03:30,,,,,,,,,,,,,,21.30%,,,,,,,,,88.90%,,,,,25.80%,60.31%,,,,,,,,,,,,98.85%,,,,,,,,,,,,,,,,,,,
2026-03-14 04:30,,,,,,,,,,,,,,22.14%,,,,,,,,,88.77%,,,,,25.76%,60.42%,,,,,,,,,,,,98.85%,,,,,,,,,,,,,,,,,,,
2026-03-14 05:30,,,,,,,,,,,,,,21.51%,,,,,,,,,88.96%,,,,,25.80%,60.14%,,,,,,,,,,,,98.86%,,,,,,,,,,,,,,,,,,,
2026-03-14 06:30,,,,,,,,,,,,,,22.21%,,,,,,,,,88.68%,,,,,25.84%,60.32%,,,,,,,,,,,,98.86%,,,,,,,,,,,,,,,,,,,
2026-03-14 07:30,,,,,,,,,,,,,,21.89%,,,,,,,,,88.63%,,,,,25.85%,60.23%,,,,,,,,,,,,98.85%,,,,,,,,,,,,,,,,,,,
2026-03-14 08:30,,,,,,,,,,,,,,21.80%,,30.74%,,,,,,86.50%,88.67%,,,,,,60.34%,,,,,,,,,,,,,,,,,,,,,,,,,,58.16%,,,,,
2026-03-14 09:30,,,,,,,,,,,,,,22.24%,,28.31%,,,,,,85.33%,88.73%,,,,,,60.52%,,,,,,,,,,,,,,,,,,,,,,,,,,58.33%,,,,,
2026-03-14 10:30,,,,,,,,,,,,,,22.15%,,,,,,,,,88.63%,,,,,,60.47%,,,,,,,,,,,,,,,,,,,,,,,,,,,,,,,
2026-03-14 11:30,,,,,,,,,,,,,,21.91%,,,,,,,,,88.81%,,,,,,60.34%,,,,,,,,,,,,,,,,,,,,,,,,,,,,,,,
2026-03-14 12:30,,,,,,,,,,,,,,22.02%,,,,,,,,,88.77%,,,,,,60.44%,,,,,,,,,,,,,,,,,,,,,,,,,,,,,,,
2026-03-14 13:30,,,,,,,,,,,,,,21.99%,,,,,,,,,88.91%,,,,,,60.55%,,,,,,,,,,,,,,,,,,,,,,,,,,,,,,,
2026-03-14 14:30,,,,,,,,,,,,,,21.93%,,,,,,,,,88.80%,,,,,,60.60%,,,,,,,,,,,,,,,,,,,,,,,,,,,,,,,
2026-03-14 15:30,,,,,,,,,,,,,,21.94%,,,,,,,,,88.92%,,,,,,60.77%,,,,,,,,,,,,,,,,,,,,,,,,,,,,,,,
2026-03-14 16:30,,,,,,,,,,,,,,21.37%,,,,,,,,,88.90%,,,,,,60.58%,,,,,,,,,,,,,,,,,,,,,,,,,,,,,,,
2026-03-14 17:30,,,,,,,,,,,,,,22.10%,,,,,,,,,88.99%,,,,,,60.84%,,,,,,,,,,,,,,,,,,,,,,,,,,,,,,,
2026-03-14 18:30,,,,,,,,,,,,,,21.28%,,,,,,,,,88.88%,,,,,,60.75%,,,,,,,,,,,,,,,,,,,,,,,,,,,,,,,
2026-03-14 19:30,,,,,,,,,,,,,,21.99%,,,,,,,,,88.87%,,,,,,60.95%,,,,,,,,,,,,,,,,,,,,,,,,,,,,,,,
2026-03-14 20:30,,,,,,,,,,,,,,21.18%,,,,,,,,,88.84%,,,,,,60.87%,,,,,,,,,,,,,,,,,,,,,,,,,,,,,,,
2026-03-14 21:30,,,,,,,,,,,,,,21.71%,,,,,,,,,88.83%,,,,,,60.88%,,,,,,,,,,,,,,,,,,,,,,,,,,,,,,,
2026-03-14 22:30,,,,,,,,,,,,,,21.96%,,,,,,,,,88.61%,,,,,,60.75%,,,,,,,,,,,,,,,,,,,,,,,,,,,,,,,
2026-03-14 23:30,,,,,,,,,,,,,,21.99%,,,,,,,,,88.86%,,,,,,60.91%,,,,,,,,,,,,,,,,,,,,,,,,,,,,,,,
2026-03-15 00:30,,,,,,,,,,,,,,21.75%,,,,,,,,,88.85%,,,,,,60.88%,,,,,,,,,,,,,,,,,,,,,,,,,,,,,,,
2026-03-15 01:30,,,,,,,,,,,,,,21.69%,,,,,,,,,88.82%,,,,,,60.93%,,,,,,,,,,,,,,,,,,,,,,,,,,,,,,,
2026-03-15 02:30,,,,,,,,,,,,,,24.99%,,,,,,,,,89.01%,,,,,,60.80%,,,,,,,,,,,,,,,,,,,,,,,,,,,,,,,
2026-03-15 03:30,,,,,,,,,,,,,,22.16%,,,,,,,,,88.65%,,,,,,60.56%,,,,,,,,,,,,,,,,,,,,,,,,,,,,,,,
2026-03-15 04:30,,,,,,,,,,,,,,22.22%,,,,,,,,,88.60%,,,,,,60.68%,,,,,,,,,,,,,,,,,,,,,,,,,,,,,,,
2026-03-15 05:30,,,,,,,,,,,,,,22.49%,,,,,,,,,88.73%,,,,,,60.48%,,,,,,,,,,,,,,,,,,,,,,,,,,,,,,,
2026-03-15 06:30,,,,,,,,,,,,,,31.27%,,,,,,,,,88.67%,,,,,,60.37%,,,,,,,,,,,,,,,,,,,,,,,,,,,,,,,
2026-03-15 07:30,,,,,,,,,,,,,,21.63%,,,,,,,,,88.82%,,,,,,60.53%,,,,,,,,,,,,,,,,,,,,,,,,,,,,,,,
2026-03-15 08:30,,,,,,,,,,,,,,22.79%,,60.93%,,,,,,88.45%,88.78%,,,,,,60.87%,,,,,,,,,,,,,,,,,,,,,,,,,,58.79%,,,,,
2026-03-15 09:30,,,,,,,,,,,,,,22.72%,,,,,,,,,88.95%,,,,,,60.88%,,,,,,,,,,,,,,,,,,,,,,,,,,,,,,,
2026-03-15 10:30,,,,,,,,,,,,,,21.80%,,,,,,,,,88.77%,,,,,,60.74%,,,,,,,,,,,,,,,,,,,,,,,,,,,,,,,
2026-03-15 11:30,,,,,,,,,,,,,,22.55%,,40.57%,,,,,,87.28%,88.95%,,,,,,60.93%,,,,,,,,,,,,,,,,,,,,,,,,,,58.31%,,,,,
2026-03-15 12:30,,,,,,,,,,,,,,22.47%,,31.38%,,,,,,87.32%,88.85%,,,,,,60.84%,,,,,,,,,,,,,,,,,,,,,,,,,,58.33%,,,,,
2026-03-15 13:30,,,,,,,,,,,,,,21.47%,,13.74%,,,,,,85.99%,88.98%,,,,,26.36%,60.60%,,,,,,,,,,,,98.74%,,,,,,,,,,,,,,58.34%,,,,,
2026-03-15 14:30,,,,,,,,,,,,,,22.11%,,25.44%,,,,,,85.20%,88.97%,,,,,25.77%,60.54%,,,,,,,,,,,,98.74%,,,,,,,,,,,,,,58.15%,,,,,
2026-03-15 15:30,,,,,,,,,,,,,,21.74%,,17.76%,,,,,,86.59%,89.08%,,,,,25.78%,60.66%,,,,,,,,,,,,98.94%,,,,,,,,,,,,,,58.16%,,,,,
2026-03-15 16:30,,,,,,,,,,,,,,21.13%,,11.88%,,,,,,83.41%,88.90%,,,,,25.46%,60.81%,,,,,,,,,,,,98.98%,,,,,,,,,,,,,,58.18%,,,,,
2026-03-15 17:30,,,,,,,,,,,,,,21.65%,,14.80%,,,,,,85.31%,88.98%,,,,,25.49%,61.09%,,,,,,,,,,,,98.98%,,,,,,,,,,,,,,58.11%,,,,,
2026-03-15 18:30,,,,,,,,,,,,,,22.09%,,15.32%,,,,,,86.80%,88.62%,,,,,25.68%,61.16%,,,,,,,,,,,,98.98%,,,,,,,,,,,,,,58.11%,,,,,
2026-03-15 19:30,,,,,,,,,,,,,,21.90%,,12.32%,,,,,,85.56%,88.84%,,,,,25.73%,61.01%,,,,,,,,,,,,98.99%,,,,,,,,,,,,,,58.18%,,,,,
2026-03-15 20:30,,,,,,,,,,,,,,22.08%,,49.24%,,,,,,88.48%,88.77%,,,,,25.82%,61.38%,,,,,,,,,,,,98.99%,,,,,,,,,,,,,,58.15%,,,,,
2026-03-15 21:30,,,,,,,,,,,,,,21.94%,,23.49%,,,,,,86.50%,88.93%,,,,,25.82%,61.71%,,,,,,,,,,,,98.99%,,,,,,,,,,,,,,58.16%,,,,,
2026-03-15 22:30,,,,,,,,,,,,,,21.50%,,18.05%,,,,,,86.95%,88.44%,,,,,25.85%,61.34%,,,,,,,,,,,,98.99%,,,,,,,,,,,,,,58.19%,,,,,
2026-03-15 23:30,,,,,,,,,,,,,,22.32%,,19.51%,,,,,,83.70%,88.88%,,,,,25.88%,61.68%,,,,,,,,,,,,98.99%,,,,,,,,,,,,,,58.21%,,,,,
2026-03-16 00:30,,,,,,,,,,,,,,21.80%,,,,,,,,,88.75%,,,,,25.92%,61.70%,,,,,,,,,,,,99.00%,,,,,,,,,,,,,,,,,,,
2026-03-16 01:30,,,,,,,,,,,,,,21.39%,,,,,,,,,88.83%,,,,,25.92%,61.82%,,,,,,,,,,,,99.00%,,,,,,,,,,,,,,,,,,,
2026-03-16 02:30,,,,,,,,,,,,,,21.92%,,,,,,,,,89.09%,,,,,25.98%,61.72%,,,,,,,,,,,,99.00%,,,,,,,,,,,,,,,,,,,
2026-03-16 03:30,,,,,,,,,,,,,,26.34%,,,,,,,,,88.32%,,,,,25.94%,61.27%,,,,,,,,,,,,99.00%,,,,,,,,,,,,,,,,,,,
2026-03-16 04:30,,,,,,,,,,,,,,23.08%,,,,,,,,,88.38%,,,,,26.00%,60.69%,,,,,,,,,,,,99.00%,,,,,,,,,,,,,,,,,,,
2026-03-16 05:30,,,,,,,,,,,,,,22.74%,,,,,,,,,88.49%,,,,,26.04%,60.56%,,,,,,,,,,,,99.00%,,,,,,,,,,,,,,,,,,,
2026-03-16 06:30,,,,,,,,,,,,,,31.41%,,,,,,,,,88.56%,,,,,26.01%,60.25%,,,,,,,,,,,,99.00%,,,,,,,,,,,,,,,,,,,
2026-03-16 07:30,,,,,,,,,,,,,,22.40%,,,,,,,,,88.73%,,,,,26.02%,60.60%,,,,,,,,,,,,99.00%,,,,,,,,,,,,,,,,,,,
2026-03-16 08:30,,,,,,,,,,,,,,22.51%,,,,,,,,,88.71%,,,,,26.01%,60.92%,,,,,,,,,,,,99.00%,,,,,,,,,,,,,,,,,,,
2026-03-16 09:30,,,,,,,,,,,,,,22.68%,,,,,,,,,88.79%,,,,,25.96%,60.79%,,,,,,,,,,,,99.00%,,,,,,,,,,,,,,,,,,,
2026-03-16 10:30,,,,,,,,,,,,,,22.57%,,,,,,,,,88.62%,,,,,26.17%,60.81%,,,,,,,,,,,,99.09%,,,,,,,,,,,,,,,,,,,
2026-03-16 11:30,,,,,,,,,,,,,,22.58%,,,,,,,,,88.69%,,,,,25.97%,60.82%,,,,,,,,,,,,99.14%,,,,,,,,,,,,,,,,,,,
2026-03-16 12:30,,,,,,,,,,,,,,22.87%,,,,,,,,,88.84%,,,,,25.97%,60.91%,,,,,,,,,,,,99.14%,,,,,,,,,,,,,,,,,,,
2026-03-16 13:30,,,,,,,,,,,,,,23.42%,,,,,,,,,88.78%,,,,,26.00%,61.03%,,,,,,,,,,,,99.14%,,,,,,,,,,,,,,,,,,,
2026-03-16 14:30,,,,,,,,,,,,,,23.16%,,,,,,,,,88.77%,,,,,25.99%,60.91%,,,,,,,,,,,,99.14%,,,,,,,,,,,,,,,,,,,
2026-03-16 15:30,,,,,,,,,,,,,,22.56%,,,,,,,,,89.01%,,,,,25.94%,60.88%,,,,,,,,,,,,99.13%,,,,,,,,,,,,,,,,,,,
2026-03-16 16:30,,,,,,,,,,,,,,22.95%,,35.29%,,,,,,85.77%,88.91%,,,,,25.67%,60.77%,,,,,,,,,,,,99.11%,,,,,,,,,,,,,,58.30%,,,,,
2026-03-16 17:30,,,,,,,,,,,,,,22.67%,,,,,,,,,88.84%,,,,,25.71%,56.05%,,,,,,,,,,,,99.11%,,,,,,,,,,,,,,,,,,,
2026-03-16 18:30,,,,,,,,,,,,,,22.35%,,,,,,,,,88.59%,,,,,25.87%,57.18%,,,,,,,,,,,,99.11%,,,,,,,,,,,,,,,,,,,
2026-03-16 19:30,,,,,,,,,,,,,,22.69%,,40.82%,,,,,,88.77%,88.56%,,,,,25.65%,57.77%,,,,,,,,,,,,99.12%,,,,,,,,,,,,,,58.29%,,,,,
2026-03-16 20:30,,,,,,,,,,,,,,23.25%,,34.97%,,,,,,88.17%,88.61%,,,,,25.62%,57.33%,,,,,,,,,,,,99.12%,,,,,,,,,,,,,,58.27%,,,,,
2026-03-16 21:30,,,,,,,,,,,,,,22.68%,,,,,,,,,88.78%,,,,,55.83%,57.50%,,,,,,,,,,,,98.24%,,,,,,,,,,,,,,,,,,,
2026-03-16 22:30,,,,,,,,,,,,,,22.56%,,,,,,,,,88.39%,,,,,86.61%,57.54%,,,,,,,,,,,,99.96%,,,,,,,,,,,,,,,,,,,
2026-03-16 23:30,,,,,,,,,,,,,,23.04%,,,,,,,,,88.75%,,,,,81.07%,57.84%,,,,,,,,,,,,100.00%,,,,,,,,,,,,,,,,,,,
2026-03-17 00:30,,,,,,,,,,,,,,23.16%,,,,,,,,,88.60%,,,,,81.73%,58.03%,,,,,,,,,,,,99.13%,,,,,,,,,,,,,,,,,,,
2026-03-17 01:30,,,,,,,,38.48%,,,,,,22.80%,,,,,,,,,88.75%,,,,,81.23%,58.12%,,,,,,,,,,,,99.17%,,,,,,,,,51.84%,,,,,,,,,,
2026-03-17 02:30,,,,,1.50%,,,9.76%,,,,,,28.17%,,,,,,,,,88.88%,,,,,80.29%,58.06%,,19.67%,,,,,,,,,,99.70%,,,,,,,,,52.84%,,,,,,,,,,
2026-03-17 03:30,,,,,1.09%,,,6.59%,,,,,,22.54%,,,,,,,,,89.03%,,,,,80.69%,57.46%,,17.80%,,,,,,,,,,99.81%,,,,,,,,,52.81%,,,,,,,,,,
2026-03-17 04:30,,,,,1.10%,,,8.84%,,,,,,21.85%,,,,,,,,,89.09%,,,,,80.69%,57.45%,,17.85%,,,,,,,,,,99.90%,,,,,,,,,52.82%,,,,,,,,,,
2026-03-17 05:30,,,,,1.11%,,,8.89%,,,,,,22.79%,,,,,,,,,89.32%,,,,,80.44%,57.35%,,17.89%,,,,,,,,,,99.99%,,,,,,,,,52.83%,,,,,,,,,,
2026-03-17 06:30,,,,,1.12%,,,6.57%,,,,,,31.66%,,,,,,,,,89.18%,,,,,80.72%,57.22%,,17.95%,,,,,,,,,,100.00%,,,,,,,,,52.83%,,,,,,,,,,
2026-03-17 07:30,,,,,1.11%,,,6.97%,,,,,,22.03%,,,,,,,,,89.35%,,,,,80.38%,57.45%,,17.99%,,,,,,,,,,100.00%,,,,,,,,,52.84%,,,,,,,,,,
2026-03-17 08:30,,,,,1.11%,,,6.97%,,,,,,21.72%,,,,,,,,,89.25%,,,,,80.51%,57.49%,,18.04%,,,,,,,,,,100.00%,,,,,,,,,52.84%,,,,,,,,,,
2026-03-17 09:30,,,,,1.11%,,,6.76%,,,,,,21.20%,,,,,,,,,89.30%,,,,,80.83%,57.49%,,18.07%,,,,,,,,,,100.00%,,,,,,,,,52.85%,,,,,,,,,,
2026-03-17 10:30,,,,,1.10%,,,5.31%,,,,,,21.77%,,50.67%,,,,,,85.23%,89.33%,,,,,83.68%,57.53%,,18.08%,,,,,,,,,,99.98%,,,,,,,,,52.85%,,,,,58.09%,,,,,
2026-03-17 11:30,,,,,1.12%,,,5.03%,,,,,,21.51%,,35.08%,,,,,,88.47%,89.42%,,,,,82.42%,57.56%,,18.07%,,,,,,,,,,99.18%,,,,,,,,,52.86%,,,,,57.90%,,,,,
2026-03-17 12:30,,,,,1.13%,,,4.82%,,,,,,21.99%,,35.62%,,,,,,88.29%,89.40%,,,,,82.18%,57.96%,,18.10%,,,,,,,,,,99.94%,,,,,,,,,52.86%,,,,,58.06%,,,,,
2026-03-17 13:30,,,,,1.14%,,,5.09%,,,,,,22.46%,,,,,,,,,89.55%,,,,,80.06%,58.01%,,18.11%,,,,,,,,,,100.00%,,,,,,,,,52.86%,,,,,,,,,,
2026-03-17 14:30,,,,,1.10%,,,5.09%,,,,,,22.50%,,45.96%,,,,,,90.70%,89.42%,,,,,84.97%,58.10%,,18.12%,,,,,,,,,,100.00%,,,,,,,,,52.86%,,,,,58.06%,,,,,
2026-03-17 15:30,,,,,1.11%,,,4.64%,,,,,,21.70%,,29.75%,,,,,,87.22%,89.55%,,,,,84.23%,58.11%,,18.13%,,,,,,,,,,100.00%,,,,,,,,,52.87%,,,,,58.08%,,,,,
2026-03-17 16:30,,,,,1.23%,,,5.39%,,,,,,21.57%,,,,,,,,,89.41%,,,,,84.42%,58.16%,,18.13%,,,,,,,,,,100.00%,,,,,,,,,52.86%,,,,,,,,,,
2026-03-17 17:30,,,,,1.15%,,,5.08%,,,,,,21.72%,,,,,,,,,89.52%,,,,,84.82%,58.28%,,18.05%,,,,,,,,,,100.00%,,,,,,,,,52.86%,,,,,,,,,,
2026-03-17 18:30,,,,,1.11%,,,4.92%,,,,,,22.72%,,,,,,,,,89.18%,,,,,85.63%,58.40%,,18.06%,,,,,,,,,,100.00%,,,,,,,,,52.86%,,,,,,,,,,
2026-03-17 19:30,,,,,1.12%,,,5.05%,,,,,,21.94%,,,,,,,,,89.25%,,,,,86.43%,58.44%,,18.06%,,,,,,,,,,100.00%,,,,,,,,,52.86%,,,,,,,,,,
2026-03-17 20:30,,,,,1.12%,,,5.75%,,,,,,21.42%,,,,,,,,,89.14%,,,,,86.89%,58.34%,,18.08%,,,,,,,,,,100.00%,,,,,,,,,52.87%,,,,,,,,,,
2026-03-17 21:30,,,,,1.10%,,,4.77%,,,,,,23.01%,,,,,,,,,89.27%,,,,,87.23%,58.63%,,18.08%,,,,,,,,,,100.00%,,,,,,,,,52.87%,,,,,,,,,,
2026-03-17 22:30,,,,,1.14%,,,7.29%,,,,,,21.29%,,,,,,,,,88.95%,,,,,87.31%,58.19%,,18.09%,,,,,,,,,,100.00%,,,,,,,,,52.94%,,,,,,,,,,
2026-03-17 23:30,,,,,1.11%,,,5.02%,,,,,,22.12%,,,,,,,,,89.25%,,,,,87.52%,58.44%,,18.09%,,,,,,,,,,100.00%,,,,,,,,,53.13%,,,,,,,,,,
2026-03-18 00:30,,,,,1.09%,,,6.22%,,,,,,22.54%,,,,,,,,,89.14%,,,,,85.40%,58.52%,,18.10%,,,,,,,,,,100.00%,,,,,,,,,53.19%,,,,,,,,,,
2026-03-18 01:30,,,,,1.09%,,,5.32%,,,,,,21.60%,,,,,,,,,89.33%,,,,,84.03%,58.42%,,18.10%,,,,,,,,,,100.00%,,,,,,,,,53.20%,,,,,,,,,,
2026-03-18 02:30,,,,,1.11%,,,5.40%,,,,,,24.87%,,,,,,,,,89.38%,,,,,84.50%,58.89%,,18.10%,,,,,,,,,,100.00%,,,,,,,,,53.21%,,,,,,,,,,
2026-03-18 03:30,,,,,1.10%,,,4.89%,,,,,,25.07%,,,,,,,,,88.63%,,,,,84.80%,58.62%,,18.11%,,,,,,,,,,100.00%,,,,,,,,,53.21%,,,,,,,,,,
2026-03-18 04:30,,,,,1.11%,,,5.17%,,,,,,23.15%,,,,,,,,,88.52%,,,,,85.09%,58.49%,,18.11%,,,,,,,,,,100.00%,,,,,,,,,53.21%,,,,,,,,,,
2026-03-18 05:30,,,,,1.11%,,,7.09%,,,,,,22.94%,,,,,,,,,88.74%,,,,,85.31%,58.34%,,18.13%,,,,,,,,,,100.00%,,,,,,,,,53.21%,,,,,,,,,,
2026-03-18 06:30,,,,,1.09%,,,4.93%,,,,,,22.11%,,,,,,,,,88.67%,,,,,85.58%,57.92%,,18.13%,,,,,,,,,,100.00%,,,,,,,,,53.20%,,,,,,,,,,
2026-03-18 07:30,,,,,1.09%,,,5.03%,,,,,,22.57%,,,,,,,,,88.76%,,,,,85.97%,58.37%,,18.12%,,,,,,,,,,100.00%,,,,,,,,,53.22%,,,,,,,,,,
2026-03-18 08:30,,,,,1.09%,,,5.22%,,,,,,22.30%,,,,,,,,,88.65%,,,,,86.33%,58.49%,,18.13%,,,,,,,,,,100.00%,,,,,,,,,53.24%,,,,,,,,,,
2026-03-18 09:30,,,,,1.14%,,,5.32%,,,,,,23.55%,,51.37%,,,,,,89.88%,89.00%,,,,,86.68%,59.10%,,18.13%,,,,,,,,,,100.00%,,,,,,,,,53.30%,,,,,58.33%,,,,,
2026-03-18 10:30,,,,,1.13%,,,5.30%,,,,,,23.41%,,37.27%,,,,,,89.53%,88.81%,,,,,72.68%,59.20%,,18.14%,,,,,,,,,,96.99%,,,,,,,,,53.28%,,,,,58.00%,,,,,
2026-03-18 11:30,,,,,1.11%,,,5.24%,,,,,,22.66%,,49.28%,,,,,,88.99%,88.92%,,,,,81.94%,59.47%,,18.15%,,,,,,,,,,85.85%,,,,,,,,,53.25%,,,,,58.13%,,,,,
2026-03-18 12:30,,,,,1.48%,,,5.24%,,,,,,23.38%,,43.13%,,,,,,87.72%,88.78%,,,,,80.88%,59.51%,,18.18%,,,,,,,,,,85.72%,,,,,,,,,53.25%,,,,,58.22%,,,,,
2026-03-18 13:30,,,,,1.22%,,,5.82%,,,,,,26.89%,,18.63%,,,,,,88.52%,87.52%,,,,,64.24%,58.31%,,17.60%,,,,,,,,,,85.66%,,,,,,,,,54.56%,,,,,58.24%,,,,,
2026-03-18 14:30,,,,,1.07%,,,5.46%,,,,,,32.98%,,19.09%,,,,,,86.92%,85.87%,,,,,63.69%,57.51%,,17.56%,,,,,,,,,,85.59%,,,,,,,,,54.51%,,,,,58.24%,,,,,
2026-03-18 15:30,,,,,1.05%,,,4.82%,,,,,,33.69%,,45.63%,,,,,,87.41%,85.99%,,,,,64.76%,58.40%,,17.60%,,,,,,,,,,85.87%,,,,,,,,,54.50%,,,,,57.97%,,,,,
2026-03-18 16:30,,,,,1.05%,,,5.12%,,,,,,33.48%,,32.67%,,,,,,88.78%,85.98%,,,,,85.59%,58.59%,,17.66%,,,,,,,,,,86.44%,,,,,,,,,54.51%,,,,,57.97%,,,,,
2026-03-18 17:30,,,,,1.05%,,,5.09%,,,,,,32.36%,,23.38%,,,,,,86.47%,86.29%,,,,,82.65%,58.29%,,17.71%,,,,,,,,,,87.05%,,,,,,,,,54.50%,,,,,57.98%,,,,,
2026-03-18 18:30,,,,,1.07%,,,4.95%,,,,,,34.27%,,15.31%,,,,,,89.33%,86.08%,,,,,84.58%,58.84%,,17.76%,,,,,,,,,,87.25%,,,,,,,,,54.50%,,,,,57.98%,,,,,
2026-03-18 19:30,,,,,1.06%,,,5.20%,,,,,,33.24%,,,,,,,,,86.05%,,,,,85.01%,59.20%,,17.80%,,,,,,,,,,87.29%,,,,,,,,,54.51%,,,,,,,,,,
2026-03-18 20:30,,,,,1.12%,,,8.17%,,,,,,35.67%,,,,,,,,,86.01%,,,,,85.77%,59.49%,,17.85%,,,,,,,,,,87.32%,,,,,,,,,54.56%,,,,,,,,,,
2026-03-18 21:30,,,,,1.05%,,,6.75%,,,,,,34.10%,,,,,,,,,86.29%,,,,,86.33%,59.85%,,17.87%,,,,,,,,,,87.35%,,,,,,,,,54.75%,,,,,,,,,,
2026-03-18 22:30,,,,,1.07%,,,9.02%,,,,,,35.00%,,,,,,,,,85.94%,,,,,86.58%,59.88%,,17.87%,,,,,,,,,,87.40%,,,,,,,,,54.74%,,,,,,,,,,
2026-03-18 23:30,,,,,1.07%,,,7.05%,,,,,,35.23%,,,,,,,,,86.45%,,,,,84.72%,60.15%,,17.87%,,,,,,,,,,87.44%,,,,,,,,,54.75%,,,,,,,,,,
2026-03-19 00:30,,,,,1.08%,,,6.72%,,,,,,33.49%,,,,,,,,,86.41%,,,,,85.33%,59.94%,,17.88%,,,,,,,,,,87.46%,,,,,,,,,54.76%,,,,,,,,,,
2026-03-19 01:30,,,,,1.06%,,,7.24%,,,,,,34.90%,,,,,,,,,86.48%,,,,,85.39%,60.34%,,17.88%,,,,,,,,,,87.49%,,,,,,,,,54.75%,,,,,,,,,,
2026-03-19 02:30,,,,,1.06%,,,7.18%,,,,,,32.42%,,,,,,,,,86.63%,,,,,85.60%,60.23%,,17.89%,,,,,,,,,,87.52%,,,,,,,,,54.76%,,,,,,,,,,
2026-03-19 03:30,,,,,1.06%,,,5.34%,,,,,,40.79%,,,,,,,,,86.62%,,,,,86.06%,60.07%,,17.90%,,,,,,,,,,87.55%,,,,,,,,,54.77%,,,,,,,,,,
2026-03-19 04:30,,,,,1.05%,,,5.10%,,,,,,34.37%,,,,,,,,,86.66%,,,,,86.43%,59.70%,,17.90%,,,,,,,,,,87.59%,,,,,,,,,54.77%,,,,,,,,,,
2026-03-19 05:30,,,,,1.05%,,,7.09%,,,,,,41.28%,,,,,,,,,86.94%,,,,,86.25%,59.81%,,17.90%,,,,,,,,,,87.61%,,,,,,,,,54.75%,,,,,,,,,,
2026-03-19 06:30,,,,,1.06%,,,4.95%,,,,,,35.61%,,,,,,,,,86.89%,,,,,86.44%,60.10%,,17.91%,,,,,,,,,,87.64%,,,,,,,,,54.74%,,,,,,,,,,
2026-03-19 07:30,,,,,1.07%,,,5.17%,,,,,,34.10%,,,,,,,,,87.17%,,,,,86.45%,60.46%,,17.92%,,,,,,,,,,87.71%,,,,,,,,,54.75%,,,,,,,,,,
2026-03-19 08:30,,,,,1.08%,,,5.18%,,,,,,35.03%,,49.94%,,,,,,88.79%,86.99%,,,,,86.66%,60.53%,,17.92%,,,,,,,,,,87.79%,,,,,,,,,54.75%,,,,,58.04%,,,,,
2026-03-19 09:30,,,,,1.06%,,,5.07%,,,,,,35.56%,,35.80%,,,,,,87.24%,87.10%,,,,,87.10%,60.53%,,17.92%,,,,,,,,,,87.93%,,,,,,,,,54.76%,,,,,58.25%,,,,,
2026-03-19 10:30,,,,,1.08%,,,5.39%,,,,,,35.90%,,,,,,,,,86.89%,,,,,87.23%,60.80%,,17.94%,,,,,,,,,,87.84%,,,,,,,,,54.75%,,,,,,,,,,
2026-03-19 11:30,,,,,1.06%,,,5.21%,,,,,,34.27%,,,,,,,,,86.89%,,,,,87.17%,61.04%,,17.94%,,,,,,,,,,87.82%,,,,,,,,,54.75%,,,,,,,,,,
2026-03-19 12:30,,,,,1.09%,,,4.79%,,,,,,35.68%,,,,,,,,,86.81%,,,,,87.21%,60.89%,,17.94%,,,,,,,,,,87.84%,,,,,,,,,54.76%,,,,,,,,,,
2026-03-19 13:30,,,,,1.08%,,,7.27%,,,,,,41.95%,,,,,,,,,86.88%,,,,,87.38%,61.19%,,17.94%,,,,,,,,,,87.87%,,,,,,,,,54.75%,,,,,,,,,,
2026-03-19 14:30,,,,,1.06%,,,5.26%,,,,,,34.55%,,,,,,,,,86.92%,,,,,87.41%,61.30%,,17.95%,,,,,,,,,,87.90%,,,,,,,,,54.76%,,,,,,,,,,
2026-03-19 15:30,,,,,1.06%,,,4.71%,,,,,,35.68%,,12.67%,,,,,,85.71%,86.90%,,,,,87.62%,61.50%,,17.94%,,,,,,,,,,87.72%,,,,,,,,,54.77%,,,,,58.33%,,,,,
2026-03-19 16:30,,,,,1.19%,,,5.44%,,,,,,35.02%,,9.84%,,,,,,84.58%,86.87%,,,,,87.54%,61.45%,,17.96%,,,,,,,,,,87.70%,,,,,,,,,54.76%,,,,,58.34%,,,,,
2026-03-19 17:30,,,,,1.08%,,,5.36%,,,,,,35.14%,,,,,,,,,86.99%,,,,,87.70%,61.29%,,17.96%,,,,,,,,,,87.78%,,,,,,,,,54.76%,,,,,,,,,,
2026-03-19 18:30,,,,,1.07%,,,4.98%,,,,,,34.30%,,,,,,,,,86.78%,,,,,87.65%,61.64%,,17.96%,,,,,,,,,,87.80%,,,,,,,,,54.76%,,,,,,,,,,
2026-03-19 19:30,,,,,1.05%,,,5.15%,,,,,,33.03%,,,,,,,,,86.98%,,,,,87.64%,61.78%,,17.94%,,,,,,,,,,87.83%,,,,,,,,,54.76%,,,,,,,,,,
2026-03-19 20:30,,,,,1.06%,,,5.15%,,,,,,33.49%,,,,,,,,,87.02%,,,,,87.69%,61.80%,,17.93%,,,,,,,,,,87.87%,,,,,,,,,54.77%,,,,,,,,,,
2026-03-19 21:30,,,,,1.07%,,,6.36%,,,,,,34.57%,,,,,,,,,87.27%,,,,,87.69%,62.24%,,17.94%,,,,,,,,,,87.90%,,,,,,,,,54.85%,,,,,,,,,,
2026-03-19 22:30,,,,,1.08%,,,5.36%,,,,,,35.05%,,,,,,,,,86.95%,,,,,87.74%,62.01%,,17.94%,,,,,,,,,,87.93%,,,,,,,,,54.87%,,,,,,,,,,
2026-03-19 23:30,,,,,1.06%,,,5.19%,,,,,,32.51%,,,,,,,,,87.19%,,,,,87.15%,61.79%,,17.94%,,,,,,,,,,87.96%,,,,,,,,,54.87%,,,,,,,,,,
2026-03-20 00:30,,,,,1.07%,,,5.00%,,,,,,34.84%,,,,,,,,,87.05%,,,,,86.30%,62.00%,,17.95%,,,,,,,,,,88.02%,,,,,,,,,54.88%,,,,,,,,,,
2026-03-20 01:30,,,,,1.06%,,,7.23%,,,,,,34.50%,,,,,,,,,86.84%,,,,,86.88%,62.17%,,17.94%,,,,,,,,,,88.05%,,,,,,,,,54.89%,,,,,,,,,,
2026-03-20 02:30,,,,,1.06%,,,5.32%,,,,,,36.44%,,,,,,,,,87.10%,,,,,87.34%,61.58%,,17.95%,,,,,,,,,,88.09%,,,,,,,,,54.89%,,,,,,,,,,
2026-03-20 03:30,,,,,1.05%,,,4.81%,,,,,,32.99%,,,,,,,,,86.72%,,,,,87.53%,61.39%,,17.95%,,,,,,,,,,88.12%,,,,,,,,,54.89%,,,,,,,,,,
2026-03-20 04:30,,,,,1.06%,,,5.25%,,,,,,35.90%,,,,,,,,,86.80%,,,,,87.49%,62.26%,,17.95%,,,,,,,,,,88.17%,,,,,,,,,54.90%,,,,,,,,,,
2026-03-20 05:30,,,,,1.08%,,,6.97%,,,,,,34.87%,,,,,,,,,86.89%,,,,,87.73%,62.33%,,17.95%,,,,,,,,,,88.44%,,,,,,,,,54.89%,,,,,,,,,,
2026-03-20 06:30,,,,,1.06%,,,4.80%,,,,,,36.07%,,,,,,,,,86.89%,,,,,87.63%,62.31%,,17.96%,,,,,,,,,,88.37%,,,,,,,,,54.89%,,,,,,,,,,
2026-03-20 07:30,,,,,1.05%,,,5.09%,,,,,,33.60%,,,,,,,,,86.96%,,,,,87.82%,62.06%,,17.96%,,,,,,,,,,88.30%,,,,,,,,,54.88%,,,,,,,,,,
2026-03-20 08:30,,,,,1.06%,,,5.20%,,,,,,35.49%,,45.36%,,,,,,88.96%,86.97%,,,,,88.03%,62.41%,,17.96%,,,,,,,,,,88.33%,,,,,,,,,54.89%,,,,,58.34%,,,,,
2026-03-20 09:30,,,,,1.16%,,,8.17%,,,,,,35.39%,,33.76%,,,,,,89.87%,87.11%,,,,,88.32%,62.57%,,17.96%,,,,,,,,,,88.36%,,,,,,,,,54.06%,,,,,58.36%,,,,,
2026-03-20 10:30,,,,,1.05%,,,5.41%,,,,,,35.61%,,,,,,,,,87.01%,,,,,88.63%,62.68%,,17.97%,,,,,,,,,,88.38%,,,,,,,,,53.52%,,,,,,,,,,
2026-03-20 11:30,,,,,1.05%,,,5.32%,,,,,,34.42%,,,,,,,,,87.04%,,,,,88.41%,62.34%,,17.97%,,,,,,,,,,88.42%,,,,,,,,,53.52%,,,,,,,,,,
2026-03-20 12:30,,,,,1.24%,,,6.35%,,,,,,35.78%,,,,,,,,,87.05%,,,,,88.66%,62.54%,,17.98%,,,,,,,,,,88.44%,,,,,,,,,53.53%,,,,,,,,,,
2026-03-20 13:30,99.01%,,,,1.35%,,,20.15%,,,,,,30.29%,,,,,,,,,86.99%,,,,,89.01%,60.92%,65.69%,17.98%,,,,,,,,,,88.47%,,,,,,,,,53.68%,,,,,,,53.59%,,,
2026-03-20 14:30,99.49%,,,,1.06%,,,8.15%,,,,,,18.26%,,,,,,,,,86.97%,,,,,89.27%,60.43%,68.25%,17.98%,,,,,,,58.95%,58.57%,58.53%,88.50%,,,,83.72%,83.73%,,,,53.69%,,,,,,,55.00%,54.87%,,
2026-03-20 15:30,99.56%,,,,1.21%,,,9.36%,,,,,,18.13%,,,,,,,,,87.06%,,,,,89.48%,60.47%,69.49%,17.98%,,,,,,,60.48%,60.49%,60.48%,88.52%,,,,81.63%,81.63%,,,,53.70%,,,,,,,55.39%,53.82%,,
2026-03-20 16:30,99.52%,,,,1.13%,,,11.28%,,,,,,18.41%,,,,,,,,,86.94%,,,,,89.41%,60.43%,68.34%,17.98%,,,,,,,60.49%,60.50%,60.49%,88.52%,,,,81.65%,81.65%,,,,53.70%,,,,,,,55.72%,53.82%,,
2026-03-20 17:30,99.36%,,,,1.06%,,,8.15%,,,,,,19.13%,,,,,,,,,87.01%,,,,,89.93%,60.47%,67.89%,17.99%,,,,,,,60.73%,60.73%,60.73%,88.55%,,,,81.65%,81.65%,,,,53.70%,,,,,,,55.63%,53.83%,,
2026-03-20 18:30,97.58%,,,,1.28%,,,13.98%,,,,,,18.49%,,42.81%,,,,,,87.44%,86.79%,,,,,90.02%,60.37%,67.98%,17.99%,,,,,,,61.05%,61.05%,61.05%,88.58%,,,,81.66%,81.66%,,,,53.75%,,,,,57.88%,,55.77%,53.83%,,
2026-03-20 19:30,88.68%,,,,1.06%,,,7.72%,,,,,,18.47%,,44.48%,,,,,,91.37%,86.91%,,,,,90.18%,60.15%,68.60%,17.98%,,,,,,,61.05%,61.05%,61.05%,88.61%,,,,81.67%,81.67%,,,,53.78%,,,,,57.59%,,55.59%,53.83%,,
2026-03-20 20:30,,,,,1.04%,,,7.70%,,,,,,38.70%,,18.35%,,,,,,87.80%,86.81%,,,,,90.24%,62.81%,,17.98%,,,,,,,,,,88.64%,,,,,,,,,53.79%,,,,,57.87%,,,,,
2026-03-20 21:30,,,,,1.07%,,,8.15%,,,,,,41.21%,,18.92%,,,,,,86.45%,87.14%,,,,,90.39%,63.03%,,17.99%,,,,,,,,,,88.67%,,,,,,,,,53.89%,,,,,57.94%,,,,,
2026-03-20 22:30,,,,,1.02%,,,7.35%,,,,,,35.74%,,10.48%,,,,,,83.26%,86.83%,,,,,90.65%,62.23%,,17.98%,,,,,,,,,,88.69%,,,,,,,,,53.93%,,,,,57.95%,,,,,
2026-03-20 23:30,,,,,1.02%,,,7.36%,,,,,,40.10%,,,,,,,,,87.12%,,,,,90.75%,62.67%,,17.98%,,,,,,,,,,89.14%,,,,,,,,,53.93%,,,,,,,,,,
2026-03-21 00:30,,,,,1.02%,,,7.13%,,,,,,41.33%,,,,,,,,,87.03%,,,,,92.78%,63.24%,,17.99%,,,,,,,,,,89.22%,,,,,,,,,53.81%,,,,,,,,,,
2026-03-21 01:30,,,,,1.02%,,,7.70%,,,,,,41.30%,,,,,,,,,86.88%,,,,,94.89%,63.43%,,17.99%,,,,,,,,,,89.26%,,,,,,,,,53.80%,,,,,,,,,,
2026-03-21 02:30,,,,,1.01%,,,7.35%,,,,,,42.11%,,,,,,,,,86.94%,,,,,94.56%,63.57%,,17.98%,,,,,,,,,,89.31%,,,,,,,,,53.81%,,,,,,,,,,
2026-03-21 03:30,,,,,1.01%,,,7.16%,,,,,,44.70%,,,,,,,,,86.93%,,,,,94.39%,62.71%,,17.99%,,,,,,,,,,89.35%,,,,,,,,,53.82%,,,,,,,,,,
2026-03-21 04:30,,,,,1.05%,,,9.97%,,,,,,43.23%,,,,,,,,,86.87%,,,,,94.28%,63.00%,,17.99%,,,,,,,,,,89.44%,,,,,,,,,53.91%,,,,,,,,,,
2026-03-21 05:30,,,,,1.03%,,,8.98%,,,,,,43.61%,,,,,,,,,87.05%,,,,,93.84%,63.43%,,17.99%,,,,,,,,,,89.52%,,,,,,,,,54.34%,,,,,,,,,,
2026-03-21 06:30,,,,,1.01%,,,5.10%,,,,,,42.50%,,,,,,,,,87.11%,,,,,92.22%,62.92%,,17.99%,,,,,,,,,,89.40%,,,,,,,,,54.35%,,,,,,,,,,
2026-03-21 07:30,,,,,1.00%,,,5.41%,,,,,,43.27%,,,,,,,,,87.24%,,,,,91.84%,63.38%,,17.99%,,,,,,,,,,89.33%,,,,,,,,,54.35%,,,,,,,,,,
2026-03-21 08:30,,,,,1.01%,,,5.68%,,,,,,41.42%,,30.04%,,,,,,86.98%,87.23%,,,,,91.68%,63.43%,,18.00%,,,,,,,,,,89.42%,,,,,,,,,54.34%,,,,,58.07%,,,,,
2026-03-21 09:30,,,,,1.00%,,,5.08%,,,,,,42.76%,,20.66%,,,,,,87.84%,87.20%,,,,,91.59%,63.48%,,17.99%,,,,,,,,,,89.45%,,,,,,,,,54.31%,,,,,58.09%,,,,,
2026-03-21 10:30,,,,,1.03%,,,5.76%,,,,,,44.85%,,,,,,,,,87.08%,,,,,91.63%,63.34%,,17.99%,,,,,,,,,,89.58%,,,,,,,,,54.31%,,,,,,,,,,
2026-03-21 11:30,,,,,1.02%,,,5.53%,,,,,,45.58%,,,,,,,,,87.12%,,,,,91.56%,63.87%,,18.00%,,,,,,,,,,90.07%,,,,,,,,,54.31%,,,,,,,,,,
2026-03-21 12:30,,,,,1.02%,,,5.10%,,,,,,44.40%,,,,,,,,,87.08%,,,,,91.58%,64.03%,,17.99%,,,,,,,,,,90.12%,,,,,,,,,54.32%,,,,,,,,,,
2026-03-21 13:30,,,,,1.00%,,,5.39%,,,,,,46.41%,,,,,,,,,87.16%,,,,,91.95%,64.73%,,17.99%,,,,,,,,,,90.14%,,,,,,,,,54.32%,,,,,,,,,,
2026-03-21 14:30,,,,,1.02%,,,5.49%,,,,,,43.51%,,,,,,,,,87.10%,,,,,92.05%,64.26%,,18.00%,,,,,,,,,,90.20%,,,,,,,,,54.32%,,,,,,,,,,
2026-03-21 15:30,,,,,1.12%,,,5.19%,,,,,,43.30%,,24.35%,,,,,,86.84%,87.28%,,,,,92.31%,64.24%,,18.00%,,,,,,,,,,90.21%,,,,,,,,,54.33%,,,,,58.08%,,,,,
2026-03-21 16:30,,,,,1.01%,,,5.42%,,,,,,43.40%,,19.09%,,,,,,85.21%,87.14%,,,,,91.99%,64.69%,,18.00%,,,,,,,,,,90.17%,,,,,,,,,54.32%,,,,,57.78%,,,,,
2026-03-21 17:30,,,,,1.00%,,,5.45%,,,,,,43.40%,,,,,,,,,87.31%,,,,,92.06%,64.77%,,18.00%,,,,,,,,,,90.22%,,,,,,,,,54.31%,,,,,,,,,,
2026-03-21 18:30,,,,,1.01%,,,5.24%,,,,,,43.37%,,,,,,,,,87.03%,,,,,92.05%,64.42%,,18.00%,,,,,,,,,,90.29%,,,,,,,,,54.31%,,,,,,,,,,
2026-03-21 19:30,,,,,1.01%,,,5.50%,,,,,,45.53%,,,,,,,,,86.93%,,,,,92.09%,65.17%,,18.00%,,,,,,,,,,90.30%,,,,,,,,,54.31%,,,,,,,,,,
2026-03-21 20:30,,,,,1.01%,,,5.43%,,,,,,44.21%,,,,,,,,,86.69%,,,,,92.13%,65.26%,,18.00%,,,,,,,,,,90.33%,,,,,,,,,54.29%,,,,,,,,,,
2026-03-21 21:30,,,,,1.00%,,,5.06%,,,,,,46.56%,,,,,,,,,87.16%,,,,,92.32%,65.31%,,18.01%,,,,,,,,,,90.39%,,,,,,,,,54.23%,,,,,,,,,,
2026-03-21 22:30,,,,,1.01%,,,8.07%,,,,,,46.98%,,,,,,,,,86.94%,,,,,92.10%,65.29%,,18.01%,,,,,,,,,,90.45%,,,,,,,,,54.21%,,,,,,,,,,
2026-03-21 23:30,,,,,0.99%,,,5.48%,,,,,,46.76%,,,,,,,,,87.17%,,,,,92.07%,65.72%,,18.01%,,,,,,,,,,90.44%,,,,,,,,,54.14%,,,,,,,,,,
2026-03-22 00:30,,,,,1.00%,,,5.18%,,,,,,46.74%,,,,,,,,,86.88%,,,,,91.36%,66.02%,,18.00%,,,,,,,,,,90.51%,,,,,,,,,54.15%,,,,,,,,,,
2026-03-22 01:30,,,,,1.01%,,,5.51%,,,,,,48.26%,,,,,,,,,86.99%,,,,,90.08%,65.81%,,18.01%,,,,,,,,,,90.35%,,,,,,,,,54.10%,,,,,,,,,,
2026-03-22 02:30,,,,,1.00%,,,5.80%,,,,,,46.24%,,,,,,,,,87.18%,,,,,90.47%,65.57%,,18.01%,,,,,,,,,,90.39%,,,,,,,,,54.11%,,,,,,,,,,
2026-03-22 03:30,,,,,1.00%,,,5.13%,,,,,,52.09%,,,,,,,,,86.60%,,,,,90.58%,65.95%,,18.00%,,,,,,,,,,90.42%,,,,,,,,,54.09%,,,,,,,,,,
2026-03-22 04:30,,,,,1.00%,,,5.44%,,,,,,47.51%,,,,,,,,,86.64%,,,,,90.91%,65.53%,,18.01%,,,,,,,,,,90.44%,,,,,,,,,54.10%,,,,,,,,,,
2026-03-22 05:30,,,,,1.01%,,,7.42%,,,,,,47.50%,,,,,,,,,86.81%,,,,,90.78%,65.79%,,18.01%,,,,,,,,,,90.47%,,,,,,,,,54.10%,,,,,,,,,,
2026-03-22 06:30,,,,,1.00%,,,5.14%,,,,,,47.84%,,,,,,,,,86.65%,,,,,90.97%,65.86%,,18.01%,,,,,,,,,,90.51%,,,,,,,,,54.11%,,,,,,,,,,
2026-03-22 07:30,,,,,1.00%,,,5.62%,,,,,,46.79%,,49.36%,,,,,,84.36%,86.92%,,,,,91.08%,65.55%,,18.01%,,,,,,,,,,90.53%,,,,,,,,,54.12%,,,,,57.74%,,,,,
2026-03-22 08:30,,,,,1.01%,,,5.38%,,,,,,39.49%,,38.92%,,,,,,90.40%,86.84%,,,,,91.23%,64.96%,,18.01%,,,,,,,,,,90.56%,,,,,,,,,54.12%,,,,,57.90%,,,,,
2026-03-22 09:30,,,,,1.00%,,,5.32%,,,,,,38.77%,,27.64%,,,,,,89.45%,86.92%,,,,,90.97%,64.94%,,18.01%,,,,,,,,,,90.64%,,,,,,,,,53.88%,,,,,57.97%,,,,,
2026-03-22 10:30,,,,,1.00%,,,5.65%,,,,,,41.49%,,,,,,,,,86.79%,,,,,90.90%,65.45%,,18.01%,,,,,,,,,,90.69%,,,,,,,,,53.87%,,,,,,,,,,
2026-03-22 11:30,,,,,1.00%,,,5.44%,,,,,,40.65%,,,,,,,,,86.95%,,,,,90.30%,64.98%,,18.02%,,,,,,,,,,90.72%,,,,,,,,,53.88%,,,,,,,,,,
2026-03-22 12:30,,,,,1.02%,,,5.22%,,,,,,40.92%,,37.11%,,,,,,89.14%,86.93%,,,,,90.31%,65.17%,,18.01%,,,,,,,,,,90.75%,,,,,,,,,53.88%,,,,,57.88%,,,,,
2026-03-22 13:30,,,,,1.03%,,,5.76%,,,,,,39.96%,,36.27%,,,,,,88.02%,87.05%,,,,,90.57%,65.45%,,18.02%,,,,,,,,,,90.51%,,,,,,,,,53.95%,,,,,57.98%,,,,,
2026-03-22 14:30,,,,,0.98%,,,5.46%,,,,,,40.79%,,23.22%,,,,,,86.53%,86.79%,,,,,90.64%,65.22%,,18.01%,,,,,,,,,,90.54%,,,,,,,,,54.16%,,,,,58.39%,,,,,
2026-03-22 15:30,,,,,0.99%,,,5.07%,,,,,,47.35%,,,,,,,,,86.94%,,,,,90.79%,65.17%,,18.02%,,,,,,,,,,90.60%,,,,,,,,,54.17%,,,,,,,,,,
2026-03-22 16:30,,,,,0.99%,,,5.33%,,,,,,45.94%,,,,,,,,,86.83%,,,,,90.68%,65.49%,,18.02%,,,,,,,,,,90.65%,,,,,,,,,54.16%,,,,,,,,,,
2026-03-22 17:30,,,,,1.07%,,,5.54%,,,,,,41.80%,,,,,,,,,86.96%,,,,,90.68%,65.86%,,18.02%,,,,,,,,,,90.67%,,,,,,,,,54.16%,,,,,,,,,,
2026-03-22 18:30,,,,,0.99%,,,5.30%,,,,,,42.38%,,,,,,,,,86.78%,,,,,90.83%,65.79%,,18.02%,,,,,,,,,,90.71%,,,,,,,,,54.16%,,,,,,,,,,
2026-03-22 19:30,,,,,0.99%,,,5.37%,,,,,,40.67%,,,,,,,,,86.94%,,,,,90.96%,65.61%,,18.02%,,,,,,,,,,90.74%,,,,,,,,,54.17%,,,,,,,,,,
2026-03-22 20:30,,,,,0.99%,,,5.44%,,,,,,41.03%,,,,,,,,,86.82%,,,,,90.91%,65.80%,,18.02%,,,,,,,,,,90.67%,,,,,,,,,54.15%,,,,,,,,,,
2026-03-22 21:30,,,,,1.01%,,,5.02%,,,,,,39.90%,,,,,,,,,87.10%,,,,,90.66%,65.79%,,18.02%,,,,,,,,,,90.52%,,,,,,,,,54.04%,,,,,,,,,,
2026-03-22 22:30,,,,,1.00%,,,7.46%,,,,,,44.50%,,,,,,,,,86.91%,,,,,90.60%,66.31%,,18.02%,,,,,,,,,,90.54%,,,,,,,,,53.99%,,,,,,,,,,
2026-03-22 23:30,,,,,1.00%,,,5.97%,,,,,,43.55%,,,,,,,,,87.29%,,,,,90.75%,66.30%,,18.02%,,,,,,,,,,90.57%,,,,,,,,,53.99%,,,,,,,,,,
2026-03-23 00:30,,,,,0.99%,,,5.07%,,,,,,41.91%,,,,,,,,,87.05%,,,,,90.71%,65.92%,,18.04%,,,,,,,,,,90.60%,,,,,,,,,53.97%,,,,,,,,,,
2026-03-23 01:30,,,,,0.99%,,,5.54%,,,,,,52.51%,,,,,,,,,86.90%,,,,,90.77%,65.95%,,18.03%,,,,,,,,,,90.64%,,,,,,,,,53.97%,,,,,,,,,,
2026-03-23 02:30,,,,,1.00%,,,5.57%,,,,,,48.29%,,,,,,,,,86.99%,,,,,90.79%,66.31%,,18.02%,,,,,,,,,,90.66%,,,,,,,,,53.97%,,,,,,,,,,
2026-03-23 03:30,,,,,1.01%,,,5.21%,,,,,,43.05%,,,,,,,,,87.29%,,,,,90.84%,65.39%,,18.03%,,,,,,,,,,90.69%,,,,,,,,,53.98%,,,,,,,,,,
2026-03-23 04:30,,,,,1.00%,,,5.46%,,,,,,48.59%,,,,,,,,,87.49%,,,,,90.84%,65.44%,,18.03%,,,,,,,,,,90.72%,,,,,,,,,53.98%,,,,,,,,,,
2026-03-23 05:30,,,,,0.98%,,,5.36%,,,,,,49.93%,,,,,,,,,87.71%,,,,,90.77%,65.73%,,18.04%,,,,,,,,,,90.75%,,,,,,,,,53.99%,,,,,,,,,,
2026-03-23 06:30,,,,,1.01%,,,5.17%,,,,,,45.11%,,,,,,,,,87.57%,,,,,90.80%,66.01%,,18.04%,,,,,,,,,,90.78%,,,,,,,,,54.00%,,,,,,,,,,
2026-03-23 07:30,,,,,1.03%,,,5.40%,,,,,,43.86%,,,,,,,,,87.61%,,,,,90.87%,65.41%,,18.04%,,,,,,,,,,90.81%,,,,,,,,,54.00%,,,,,,,,,,
2026-03-23 08:30,,,,,1.01%,,,5.44%,,,,,,42.85%,,,,,,,,,87.68%,,,,,90.95%,65.55%,,18.03%,,,,,,,,,,90.83%,,,,,,,,,54.01%,,,,,,,,,,
2026-03-23 09:30,,,,,1.01%,,,5.42%,,,,,,42.20%,,,,,,,,,87.74%,,,,,91.16%,65.57%,,18.03%,,,,,,,,,,90.87%,,,,,,,,,54.02%,,,,,,,,,,
2026-03-23 10:30,,,,,1.00%,,,5.64%,,,,,,43.84%,,,,,,,,,87.79%,,,,,91.18%,65.69%,,18.04%,,,,,,,,,,90.90%,,,,,,,,,54.03%,,,,,,,,,,
2026-03-23 11:30,,,,,7.49%,,,14.45%,,,,,,42.95%,,,,,,,,,87.86%,,,,,90.78%,65.59%,,31.81%,,,,,,,,,,90.92%,,,,,,,,,54.02%,,,,,,,,,,
2026-03-23 12:30,,,,,1.24%,,,10.50%,,,,,,44.56%,,,,,,,,,87.72%,,,,,91.01%,66.00%,,18.67%,,,,,,,,,,90.95%,,,,,,,,,54.03%,,,,,,,,,,
2026-03-23 13:30,,,,,2.33%,,,20.13%,,,,,,44.11%,,,,,,,,,87.94%,,,,,91.11%,66.31%,64.87%,18.78%,,,,,,,56.10%,55.52%,55.53%,90.98%,,,,81.70%,81.70%,,,,54.06%,,,,,,,,53.84%,,
2026-03-23 14:30,,,,,2.51%,,,16.70%,,,,,,41.88%,,,,,,,,,87.83%,,,,,91.14%,65.74%,66.31%,18.80%,,,,,,,58.76%,58.74%,58.74%,91.01%,,,,81.69%,81.69%,,,,54.10%,,,,,,,,53.85%,,
2026-03-23 15:30,,,,,2.58%,,,17.52%,,,,,,45.69%,,,,,,,,,87.80%,,,,,87.04%,66.17%,66.53%,18.80%,,,,,,,59.74%,59.74%,59.74%,91.02%,,,,81.69%,81.69%,,,,54.14%,,,,,,,,53.85%,,
2026-03-23 16:30,,,,,5.29%,,,26.50%,,,,,,45.72%,,,,,,,,,87.77%,,,,,83.91%,66.40%,67.46%,18.98%,,,,,,,60.13%,60.13%,60.13%,90.90%,,,,81.70%,81.70%,,,,54.04%,,,,,,,,53.85%,,
2026-03-23 17:30,,,,,19.96%,,,52.75%,,,,,,43.90%,,,,,,,,,87.94%,,,,,80.85%,66.19%,67.97%,34.76%,,,,,,,60.16%,60.15%,60.15%,90.09%,,,,81.71%,81.71%,,,,53.94%,,,,,,,,53.85%,,
2026-03-23 18:30,,,,,52.13%,,,75.79%,,,,,,44.53%,,,,,,,,,87.61%,,,,,78.34%,66.15%,67.91%,85.03%,,,,,,,60.53%,60.53%,60.53%,88.96%,,,,81.72%,81.72%,,,,54.09%,,,,,,,,53.86%,,
2026-03-23 19:30,,,,,52.57%,,,69.16%,,,,,,43.99%,,,,,,,,,87.67%,,,,,78.66%,66.09%,67.76%,85.32%,,,,,,,60.52%,60.51%,60.51%,88.95%,,,,81.72%,81.72%,,,,54.14%,,,,,,,,53.86%,,
2026-03-23 20:30,,,,,53.38%,,,67.88%,,,,,,45.00%,,,,,,,,,87.65%,,,,,79.29%,66.36%,,85.33%,,,,,,,,,,88.95%,,,,,,,,,54.18%,,,,,,,,,,
2026-03-23 21:30,,,,,14.85%,,,32.75%,,,,,,48.12%,,,,,,,,,87.77%,,,,,79.49%,67.13%,,44.95%,,,,,,,,,,88.95%,,,,,,,,,54.22%,,,,,,,,,,
2026-03-23 22:30,,,,,3.66%,,,14.16%,,,,,,45.54%,,,,,,,,,87.48%,,,,,79.23%,66.72%,,23.12%,,,,,,,,,,88.96%,,,,,,,,,54.22%,,,,,,,,,,
2026-03-23 23:30,,,,,51.77%,,,72.90%,,,,,,38.26%,,,,,,,,,87.73%,,,,,79.49%,65.60%,,85.76%,,,,,,,,,,88.87%,,,,,,,,,54.25%,,,,,,,,,,
2026-03-24 00:30,,,,,56.52%,,,77.12%,,,,,,38.63%,,,,,,,,,87.61%,,,,,79.55%,66.08%,,85.86%,,,,,,,,,,88.88%,,,,,,,,,54.30%,,,,,,,,,,
2026-03-24 01:30,,,,,59.13%,,,78.85%,,,,,,39.21%,,,,,,,,,87.63%,,,,,79.57%,66.24%,,85.95%,,,,,,,,,,88.88%,,,,,,,,,54.33%,,,,,,,,,,
2026-03-24 02:30,,,,,60.28%,,,80.94%,,,,,,42.14%,,,,,,,,,87.77%,,,,,79.94%,65.66%,,85.94%,,,,,,,,,,88.89%,,,,,,,,,54.45%,,,,,,,,,,
2026-03-24 03:30,,,,,60.94%,,,81.50%,,,,,,38.85%,,,,,,,,,87.45%,,,,,80.19%,64.78%,,86.05%,,,,,,,,,,88.88%,,,,,,,,,54.77%,,,,,,,,,,
2026-03-24 04:30,,,,,61.32%,,,82.47%,,,,,,41.23%,,,,,,,,,87.57%,,,,,80.48%,65.45%,,86.10%,,,,,,,,,,88.89%,,,,,,,,,54.82%,,,,,,,,,,
2026-03-24 05:30,,,,,61.70%,,,83.10%,,,,,,42.15%,,,,,,,,,87.65%,,,,,80.64%,65.93%,,86.13%,,,,,,,,,,88.89%,,,,,,,,,54.86%,,,,,,,,,,
2026-03-24 06:30,,,,,61.84%,,,83.24%,,,,,,41.86%,,,,,,,,,87.59%,,,,,80.55%,65.65%,,86.17%,,,,,,,,,,88.89%,,,,,,,,,54.89%,,,,,,,,,,
2026-03-24 07:30,,,,,62.15%,,,83.82%,,,,,,40.49%,,,,,,,,,87.66%,,,,,80.35%,65.79%,,86.23%,,,,,,,,,,88.90%,,,,,,,,,54.94%,,,,,,,,,,
2026-03-24 08:30,,,,,62.16%,,,84.20%,,,,,,40.90%,,,,,,,,,87.61%,,,,,80.45%,66.03%,,86.28%,,,,,,,,,,88.90%,,,,,,,,,54.99%,,,,,,,,,,
2026-03-24 09:30,,,,,62.27%,,,83.89%,,,,,,38.86%,,,,,,,,,87.73%,,,,,80.47%,65.55%,,86.31%,,,,,,,,,,88.90%,,,,,,,,,55.03%,,,,,,,,,,
2026-03-24 10:30,,,,,61.52%,,,83.51%,,,,,,40.17%,,40.33%,,,,,,88.20%,87.65%,,,,,80.61%,65.97%,,86.34%,,,,,,,,,,88.90%,,,,,,,,,55.07%,,,,,58.55%,,,,,
2026-03-24 11:30,,,,,60.95%,,,83.85%,,,,,,40.59%,,21.55%,,,,,,87.85%,87.73%,,,,,80.00%,66.27%,,86.39%,,,,,,,,,,88.91%,,,,,,,,,55.12%,,,,,58.41%,,,,,
2026-03-24 12:30,,,,,62.47%,,,85.24%,,,,,,49.15%,,48.33%,,,,,,90.09%,87.73%,,,,,79.07%,65.64%,,86.36%,,,,,,,,,,88.91%,,,,,,,,,55.16%,,,,,58.41%,,,,,
2026-03-24 13:30,,,,,61.67%,,,86.07%,,,,,,42.50%,,,,,,,,,87.79%,,,,,77.33%,66.16%,,86.36%,,,,,,,,,,88.91%,,,,,,,,,55.20%,,,,,,,,,,
2026-03-24 14:30,,,,,60.53%,,,82.44%,,,,,,41.36%,,,,,,,,,87.76%,,,,,70.94%,66.39%,,86.45%,,,,,,,,,,88.92%,,,,,,,,,55.25%,,,,,,,,,,
2026-03-24 15:30,,,,,60.85%,,,82.58%,,,,,,41.64%,,38.34%,,,,,,87.66%,87.81%,,,,,69.94%,66.60%,,86.50%,,,,,,,,,,88.95%,,,,,,,,,55.30%,,,,,57.93%,,,,,
2026-03-24 16:30,,,,,61.62%,,,85.97%,,,,,,40.68%,,,,,,,,,87.72%,,,,,78.41%,66.26%,54.28%,86.55%,,,,,,,52.27%,51.31%,51.30%,88.97%,,,,81.71%,81.71%,,,,55.34%,,,,,,,,53.86%,,
2026-03-24 17:30,,,,,61.33%,,,88.02%,,,,,,41.97%,,,,,,,,,87.82%,,,,,88.19%,66.54%,66.66%,86.47%,,,,,,,59.95%,59.95%,59.94%,89.77%,,,,81.71%,81.71%,,,,55.42%,,,,,,,,53.86%,,
2026-03-24 18:30,,,,,62.31%,,,85.40%,,,,,,42.62%,,,,,,,,,87.65%,,,,,88.09%,66.87%,67.48%,86.44%,,,,,,,61.82%,61.82%,61.82%,90.54%,,,,81.72%,81.72%,,,,55.45%,,,,,,,,53.86%,,
2026-03-24 19:30,,,,,62.03%,,,88.45%,,,,,,43.61%,,,,,,,,,87.83%,,,,,63.18%,66.75%,67.99%,86.48%,,,,,,,62.11%,62.12%,62.11%,89.96%,,,,81.72%,81.72%,,,,55.50%,,,,,,,,53.86%,,
2026-03-24 20:30,,,,,66.55%,,,88.16%,,,,,,43.38%,,,,,,,,,87.69%,,,,,67.97%,66.61%,,84.40%,,,,,,,,,,89.96%,,,,,,,,,57.14%,,,,,,,,,,
2026-03-24 21:30,,,,,62.61%,,,85.47%,,,,,,42.94%,,,,,,,,,88.07%,,,,,67.71%,66.75%,,80.66%,,,,,,,,,,89.97%,,,,,,,,,59.55%,,,,,,,,,,
2026-03-24 22:30,,,,,62.53%,,,85.72%,,,,,,44.96%,,,,,,,,,87.61%,,,,,68.60%,67.16%,,80.73%,,,,,,,,,,89.97%,,,,,,,,,59.58%,,,,,,,,,,
2026-03-24 23:30,,,,,62.39%,,,85.59%,,,,,,42.62%,,,,,,,,,87.77%,,,,,69.39%,67.00%,,80.76%,,,,,,,,,,89.97%,,,,,,,,,59.59%,,,,,,,,,,
2026-03-25 00:30,,,,,62.08%,,,85.62%,,,,,,43.00%,,,,,,,,,87.63%,,,,,69.25%,66.91%,,80.80%,,,,,,,,,,89.97%,,,,,,,,,59.64%,,,,,,,,,,
2026-03-25 01:30,,,,,62.44%,,,85.75%,,,,,,52.76%,,,,,,,,,87.71%,,,,,69.77%,67.21%,,80.86%,,,,,,,,,,89.97%,,,,,,,,,59.69%,,,,,,,,,,
2026-03-25 02:30,,,,,62.61%,,,85.83%,,,,,,42.43%,,,,,,,,,87.61%,,,,,70.20%,67.44%,,80.90%,,,,,,,,,,89.97%,,,,,,,,,59.72%,,,,,,,,,,
2026-03-25 03:30,,,,,62.55%,,,85.59%,,,,,,47.10%,,,,,,,,,87.38%,,,,,70.51%,66.47%,,80.92%,,,,,,,,,,89.97%,,,,,,,,,59.77%,,,,,,,,,,
2026-03-25 04:30,,,,,62.76%,,,85.96%,,,,,,45.20%,,,,,,,,,87.41%,,,,,71.31%,66.51%,,80.95%,,,,,,,,,,89.98%,,,,,,,,,59.81%,,,,,,,,,,
2026-03-25 05:30,,,,,62.33%,,,87.39%,,,,,,45.65%,,,,,,,,,87.62%,,,,,71.48%,66.82%,,80.95%,,,,,,,,,,89.98%,,,,,,,,,59.85%,,,,,,,,,,
2026-03-25 06:30,,,,,62.04%,,,84.75%,,,,,,46.69%,,,,,,,,,87.52%,,,,,71.29%,66.85%,,81.01%,,,,,,,,,,89.98%,,,,,,,,,59.89%,,,,,,,,,,
2026-03-25 07:30,,,,,60.24%,,,82.29%,,,,,,45.58%,,,,,,,,,87.65%,,,,,71.19%,67.08%,,81.06%,,,,,,,,,,89.98%,,,,,,,,,59.94%,,,,,,,,,,
2026-03-25 08:30,,,,,58.79%,,,80.54%,,,,,,57.00%,,,,,,,,,87.60%,,,,,71.40%,67.18%,,81.10%,,,,,,,,,,89.99%,,,,,,,,,59.98%,,,,,,,,,,
2026-03-25 09:30,,,,,59.21%,,,80.49%,,,,,,48.35%,,,,,,,,,87.73%,,,,,71.09%,66.92%,,81.12%,,,,,,,,,,89.99%,,,,,,,,,60.04%,,,,,,,,,,
2026-03-25 10:30,,,,,59.14%,,,80.78%,,,,,,45.90%,,,,,,,,,87.65%,,,,,71.19%,67.00%,,81.13%,,,,,,,,,,89.99%,,,,,,,,,60.07%,,,,,,,,,,
2026-03-25 11:30,,,,,58.62%,,,80.34%,,,,,,52.30%,,,,,,,,,87.80%,,,,,68.85%,67.76%,,81.17%,,,,,,,,,,89.99%,,,,,,,,,60.12%,,,,,,,,,,
2026-03-25 12:30,,,,,59.19%,,,80.39%,,,,,,55.38%,,,,,,,,,87.79%,,,,,88.84%,66.88%,,81.19%,,,,,,,,,,91.14%,,,,,,,,,60.16%,,,,,,,,,,
2026-03-25 13:30,,,,,58.74%,,,80.41%,,,,,,43.84%,,,,,,,,,87.90%,,,,,66.22%,66.72%,,81.18%,,,,,,,,,,90.57%,,,,,,,,,60.22%,,,,,,,,,,
2026-03-25 14:30,,,,,58.59%,,,80.41%,,,,,,39.76%,,,,,,,,,87.78%,,,,,84.07%,66.59%,,81.22%,,,,,,,,,,91.58%,,,,,,,,,60.27%,,,,,,,,,,
2026-03-25 15:30,,,,,58.79%,,,80.50%,,,,,,40.26%,,,,,,,,,87.90%,,,,,79.66%,66.66%,,81.20%,,,,,,,,,,91.57%,,,,,,,,,60.30%,,,,,,,,,,
2026-03-25 16:30,,,,,58.83%,,,80.11%,,,,,,40.26%,,,,,,,,,87.82%,,,,,69.89%,66.92%,,81.23%,,,,,,,,,,91.14%,,,,,,,,,60.34%,,,,,,,,,,
2026-03-25 17:30,,,,,58.76%,,,80.17%,,,,,,39.25%,,,,,,,,,87.95%,,,,,68.80%,66.74%,,81.22%,,,,,,,,,,91.17%,,,,,,,,,60.36%,,,,,,,,,,
2026-03-25 18:30,,,,,58.94%,,,80.02%,,,,,,40.81%,,,,,,,,,87.72%,,,,,62.19%,66.54%,67.99%,81.26%,,,,,,,58.00%,57.95%,57.99%,91.35%,,,,84.87%,84.93%,,,,60.39%,,,,,,,,55.47%,,
2026-03-25 19:30,,,,,58.88%,,,82.31%,,,,,,40.83%,,,,,,,,,87.86%,,,,,73.78%,66.84%,68.16%,81.33%,,,,,,,59.71%,59.69%,59.69%,91.43%,,,,87.83%,87.83%,,,,60.43%,,,,,,,,56.92%,,
2026-03-25 20:30,,,,,58.70%,,,81.97%,,,,,,40.83%,,,,,,,,,87.59%,,,,,58.87%,67.05%,,81.35%,,,,,,,,59.73%,,91.45%,,,,87.84%,,,,,60.47%,,,,,,,,,,
2026-03-25 21:30,,,,,58.15%,,,79.52%,,,,,,40.11%,,,,,,,,,87.74%,,,,,70.89%,66.84%,,81.38%,,,,,,,,,,91.58%,,,,,,,,,60.52%,,,,,,,,,,
2026-03-25 22:30,,,,,58.56%,,,79.99%,,,,,,39.51%,,,,,,,,,87.28%,,,,,74.84%,66.87%,,81.40%,,,,,,,,,,91.62%,,,,,,,,,60.56%,,,,,,,,,,
2026-03-25 23:30,,,,,58.71%,,,80.19%,,,,,,40.23%,,,,,,,,,87.73%,,,,,75.37%,67.23%,,81.41%,,,,,,,,,,91.67%,,,,,,,,,60.61%,,,,,,,,,,
2026-03-26 00:30,,,,,58.38%,,,79.77%,,,,,,40.48%,,,,,,,,,87.63%,,,,,75.84%,67.36%,,81.39%,,,,,,,,,,91.69%,,,,,,,,,60.66%,,,,,,,,,,
2026-03-26 01:30,,,,,58.32%,,,80.95%,,,,,,39.54%,,,,,,,,,87.70%,,,,,76.15%,67.23%,,81.43%,,,,,,,,,,91.72%,,,,,,,,,61.45%,,,,,,,,,,
2026-03-26 02:30,,,,,58.63%,,,80.25%,,,,,,40.63%,,,,,,,,,87.55%,,,,,76.50%,67.09%,,81.44%,,,,,,,,,,91.74%,,,,,,,,,61.93%,,,,,,,,,,
2026-03-26 03:30,,,,,58.54%,,,80.00%,,,,,,44.11%,,,,,,,,,87.36%,,,,,76.75%,66.98%,,81.46%,,,,,,,,,,91.78%,,,,,,,,,61.97%,,,,,,,,,,
2026-03-26 04:30,,,,,58.50%,,,80.12%,,,,,,40.75%,,,,,,,,,87.26%,,,,,77.02%,66.77%,,81.47%,,,,,,,,,,91.80%,,,,,,,,,62.01%,,,,,,,,,,
2026-03-26 05:30,,,,,58.74%,,,82.67%,,,,,,41.24%,,,,,,,,,87.48%,,,,,76.95%,67.00%,,81.48%,,,,,,,,,,91.82%,,,,,,,,,62.05%,,,,,,,,,,
2026-03-26 06:30,,,,,57.85%,,,79.44%,,,,,,41.34%,,,,,,,,,87.46%,,,,,76.94%,66.89%,,81.48%,,,,,,,,,,91.84%,,,,,,,,,62.11%,,,,,,,,,,
2026-03-26 07:30,,,,,58.92%,,,80.47%,,,,,,41.54%,,,,,,,,,87.59%,,,,,77.06%,66.73%,,81.47%,,,,,,,,,,91.88%,,,,,,,,,62.16%,,,,,,,,,,
2026-03-26 08:30,,,,,58.36%,,,80.13%,,,,,,41.03%,,,,,,,,,87.55%,,,,,77.06%,66.87%,,81.53%,,,,,,,,,,91.90%,,,,,,,,,62.20%,,,,,,,,,,
2026-03-26 09:30,,,,,58.63%,,,79.87%,,,,,,40.72%,,,,,,,,,87.59%,,,,,76.88%,66.95%,,81.52%,,,,,,,,,,91.91%,,,,,,,,,62.24%,,,,,,,,,,
2026-03-26 10:30,,,,,58.47%,,,80.18%,,,,,,41.15%,,,,,,,,,87.56%,,,,,72.25%,67.19%,,81.54%,,,,,,,,,,91.82%,,,,,,,,,62.28%,,,,,,,,,,
2026-03-26 11:30,,,,,58.21%,,,79.92%,,,,,,41.23%,,75.06%,,,,,,85.13%,87.72%,,,,,83.21%,67.00%,,81.53%,,,,,,,,,,92.03%,,,,,,,,,62.33%,,,,,57.93%,,,,,
2026-03-26 12:30,,,,,57.89%,,,79.58%,,,,,,41.34%,,54.73%,,,,,,89.63%,87.75%,,,,,83.56%,66.66%,,81.55%,,,,,,,,,,91.91%,,,,,,,,,62.38%,,,,,58.14%,,,,,
2026-03-26 13:30,,,,,57.93%,,,79.78%,,,,,,43.01%,,,,,,,,,87.82%,,,,,82.64%,69.67%,,81.55%,,,,,,,,,,92.00%,,,,,,,,,62.43%,,,,,,,,,,
2026-03-26 14:30,,,,,58.87%,,,82.44%,,,,,,41.00%,,,,,,,,,87.85%,,,,,83.11%,69.96%,,81.56%,,,,,,,,,,92.08%,,,,,,,,,62.46%,,,,,,,,,,
2026-03-26 15:30,,,,,57.92%,,,79.41%,,,,,,41.02%,,,,,,,,,87.96%,,,,,81.56%,69.80%,,81.66%,,,,,,,,,,92.16%,,,,,,,,,62.51%,,,,,,,,,,
2026-03-26 16:30,,,,,57.87%,,,79.76%,,,,,,40.73%,,,,,,,,,87.82%,,,,,82.05%,70.10%,,81.79%,,,,,,,,,,92.46%,,,,,,,,,62.57%,,,,,,,,,,
2026-03-26 17:30,,,,,58.16%,,,79.91%,,,,,,41.31%,,,,,,,,,87.86%,,,,,83.89%,70.14%,,81.80%,,,,,,,,,,92.87%,,,,,,,,,62.61%,,,,,,,,,,
2026-03-26 18:30,,,,,58.26%,,,79.75%,,,,,,41.14%,,,,,,,,,87.66%,,,,,83.99%,70.35%,,81.86%,,,,,,,,,,93.82%,,,,,,,,,62.74%,,,,,,,,,,
2026-03-26 19:30,,,,,58.06%,,,79.85%,,,,,,41.01%,,,,,,,,,87.83%,,,,,82.25%,70.40%,,81.93%,,,,,,,,,,93.79%,,,,,,,,,62.74%,,,,,,,,,,
2026-03-26 20:30,,,,,59.03%,,,80.48%,,,,,,41.54%,,,,,,,,,87.80%,,,,,83.36%,70.62%,,81.91%,,,,,,,,,,93.89%,,,,,,,,,62.79%,,,,,,,,,,
2026-03-26 21:30,,,,,58.56%,,,79.92%,,,,,,41.00%,,,,,,,,,88.02%,,,,,84.36%,68.93%,,81.95%,,,,,,,,,,94.02%,,,,,,,,,62.82%,,,,,,,,,,
2026-03-26 22:30,,,,,58.14%,,,81.93%,,,,,,41.13%,,,,,,,,,87.52%,,,,,85.00%,68.54%,,81.92%,,,,,,,,,,94.01%,,,,,,,,,62.87%,,,,,,,,,,
2026-03-26 23:30,,,,,57.87%,,,79.72%,,,,,,41.14%,,,,,,,,,87.97%,,,,,85.48%,68.75%,,81.94%,,,,,,,,,,93.97%,,,,,,,,,62.92%,,,,,,,,,,
2026-03-27 00:30,,,,,57.21%,,,79.01%,,,,,,41.15%,,,,,,,,,87.83%,,,,,85.54%,68.87%,,81.99%,,,,,,,,,,93.93%,,,,,,,,,62.96%,,,,,,,,,,
2026-03-27 01:30,,,,,58.05%,,,80.00%,,,,,,52.24%,,,,,,,,,87.64%,,,,,85.50%,68.80%,,82.01%,,,,,,,,,,93.97%,,,,,,,,,63.00%,,,,,,,,,,
2026-03-27 02:30,,,,,57.93%,,,80.70%,,,,,,45.67%,,,,,,,,,87.73%,,,,,83.38%,68.48%,,82.03%,,,,,,,,,,93.94%,,,,,,,,,63.09%,,,,,,,,,,
2026-03-27 03:30,,,,,57.21%,,,79.12%,,,,,,40.84%,,,,,,,,,87.78%,,,,,83.58%,68.51%,,82.04%,,,,,,,,,,94.09%,,,,,,,,,63.26%,,,,,,,,,,
2026-03-27 04:30,,,,,57.85%,,,79.75%,,,,,,47.25%,,,,,,,,,87.78%,,,,,83.72%,68.89%,,82.08%,,,,,,,,,,94.18%,,,,,,,,,63.29%,,,,,,,,,,
2026-03-27 05:30,,,,,58.17%,,,81.88%,,,,,,43.82%,,,,,,,,,87.99%,,,,,84.04%,68.97%,,82.10%,,,,,,,,,,94.10%,,,,,,,,,63.34%,,,,,,,,,,
2026-03-27 06:30,,,,,57.27%,,,79.14%,,,,,,41.41%,,,,,,,,,87.94%,,,,,84.23%,69.08%,,82.12%,,,,,,,,,,94.22%,,,,,,,,,63.39%,,,,,,,,,,
2026-03-27 07:30,,,,,58.07%,,,80.08%,,,,,,41.62%,,,,,,,,,88.19%,,,,,84.65%,69.08%,,82.14%,,,,,,,,,,94.11%,,,,,,,,,63.43%,,,,,,,,,,
2026-03-27 08:30,,,,,58.78%,,,80.47%,,,,,,41.67%,,66.18%,,,,,,75.19%,88.02%,,,,,85.15%,69.08%,,82.18%,,,,,,,,,,94.01%,,,,,,,,,63.47%,,,,,58.21%,,,,,
2026-03-27 09:30,,,,,58.28%,,,79.79%,,,,,,41.34%,,36.39%,,,,,,89.16%,88.13%,,,,,85.36%,69.13%,,82.16%,,,,,,,,,,94.11%,,,,,,,,,63.52%,,,,,58.29%,,,,,
2026-03-27 10:30,,,,,57.70%,,,79.70%,,,,,,40.97%,,,,,,,,,88.10%,,,,,84.88%,69.39%,,82.16%,,,,,,,,,,94.20%,,,,,,,,,63.58%,,,,,,,,,,
2026-03-27 11:30,,,,,58.18%,,,79.96%,,,,,,41.34%,,,,,,,,,88.24%,,,,,87.07%,69.62%,,82.21%,,,,,,,,,,94.10%,,,,,,,,,63.63%,,,,,,,,,,
2026-03-27 12:30,,,,,57.69%,,,79.59%,,,,,,41.12%,,,,,,,,,88.12%,,,,,87.20%,69.26%,63.55%,82.18%,,,,,,,56.67%,54.74%,50.79%,92.00%,,,,87.84%,87.83%,,,,63.67%,,,,,,,,56.92%,,
2026-03-27 13:30,,,,,58.39%,,,80.13%,,,,,,40.81%,,,,,,,,,88.20%,,,,,91.56%,69.23%,69.36%,82.22%,,,,,,,59.95%,59.96%,59.90%,87.31%,,,,87.85%,87.85%,,,,63.71%,,,,,,,,56.92%,,
2026-03-27 14:30,,,,,57.62%,,,81.94%,,,,,,41.03%,,,,,,,,,88.19%,,,,,88.48%,69.46%,68.21%,82.21%,,,,,,,60.82%,60.82%,60.81%,87.30%,,,,87.85%,87.84%,,,,63.75%,,,,,,,,56.92%,,
2026-03-27 15:30,,,,,57.34%,,,79.02%,,,,,,41.09%,,,,,,,,,88.26%,,,,,90.30%,69.59%,67.95%,82.23%,,,,,,,60.88%,60.88%,60.88%,87.41%,,,,87.85%,87.85%,,,,63.81%,,,,,,,,56.92%,,
2026-03-27 16:30,,,,,57.87%,,,79.80%,,,,,,41.04%,,,,,,,,,88.27%,,,,,90.52%,69.78%,67.57%,82.27%,,,,,,,61.00%,61.00%,61.00%,87.52%,,,,87.86%,87.86%,,,,63.84%,,,,,,,,56.93%,,
2026-03-27 17:30,,,,,57.24%,,,79.53%,,,,,,39.94%,,,,,,,,,88.27%,,,,,85.88%,68.98%,67.23%,82.30%,,,,,,,61.67%,61.67%,61.66%,87.49%,,,,87.86%,87.86%,,,,63.88%,,,,,,,,56.93%,,
2026-03-27 18:30,,,,,58.24%,,,79.86%,,,,,,41.08%,,,,,,,,,87.97%,,,,,83.32%,68.75%,67.47%,82.39%,,,,,,,61.46%,61.46%,61.47%,87.56%,,,,87.87%,87.87%,,,,63.93%,,,,,,,,56.94%,,
2026-03-27 19:30,,,,,57.49%,,,79.52%,,,,,,38.87%,,,,,,,,,88.02%,,,,,85.06%,68.76%,67.92%,82.41%,,,,,,,61.41%,61.40%,61.41%,87.71%,,,,87.88%,87.88%,,,,63.96%,,,,,,,,56.94%,,
2026-03-27 20:30,,,,,57.09%,,,79.41%,,,,,,39.60%,,,,,,,,,87.95%,,,,,85.55%,69.27%,,82.47%,,,,,,,,,61.33%,87.70%,,,,,87.88%,,,,64.02%,,,,,,,,,,
2026-03-27 21:30,,,,,57.30%,,,79.32%,,,,,,40.67%,,,,,,,,,88.21%,,,,,85.93%,69.12%,,82.49%,,,,,,,,,,87.50%,,,,,,,,,64.07%,,,,,,,,,,
2026-03-27 22:30,,,,,55.74%,,,80.39%,,,,,,40.39%,,,,,,,,,87.84%,,,,,86.06%,69.11%,,82.45%,,,,,,,,,,87.58%,,,,,,,,,64.10%,,,,,,,,,,
2026-03-27 23:30,,,,,57.44%,,,79.42%,,,,,,39.75%,,,,,,,,,88.27%,,,,,86.54%,69.35%,,82.49%,,,,,,,,,,87.63%,,,,,,,,,64.15%,,,,,,,,,,
2026-03-28 00:30,,,,,57.55%,,,79.15%,,,,,,41.18%,,,,,,,,,88.16%,,,,,87.65%,69.59%,,82.48%,,,,,,,,,,87.64%,,,,,,,,,64.18%,,,,,,,,,,
2026-03-28 01:30,,,,,58.12%,,,80.03%,,,,,,41.03%,,,,,,,,,88.13%,,,,,91.00%,69.71%,,82.50%,,,,,,,,,,87.73%,,,,,,,,,64.20%,,,,,,,,,,
2026-03-28 02:30,,,,,58.18%,,,80.17%,,,,,,43.94%,,,,,,,,,88.06%,,,,,91.43%,69.46%,,82.55%,,,,,,,,,,87.85%,,,,,,,,,64.24%,,,,,,,,,,
2026-03-28 03:30,,,,,57.81%,,,79.63%,,,,,,40.02%,,,,,,,,,88.04%,,,,,91.56%,68.94%,,82.56%,,,,,,,,,,87.89%,,,,,,,,,64.36%,,,,,,,,,,
2026-03-28 04:30,,,,,57.17%,,,79.29%,,,,,,46.84%,,,,,,,,,87.95%,,,,,91.71%,69.30%,,82.59%,,,,,,,,,,87.75%,,,,,,,,,64.39%,,,,,,,,,,
2026-03-28 05:30,,,,,57.28%,,,81.17%,,,,,,47.52%,,,,,,,,,88.20%,,,,,90.78%,69.72%,,82.62%,,,,,,,,,,87.79%,,,,,,,,,64.44%,,,,,,,,,,
2026-03-28 06:30,,,,,57.34%,,,78.98%,,,,,,41.64%,,,,,,,,,88.06%,,,,,91.24%,69.68%,,82.61%,,,,,,,,,,88.05%,,,,,,,,,64.48%,,,,,,,,,,
2026-03-28 07:30,,,,,57.35%,,,79.76%,,,,,,41.65%,,,,,,,,,88.19%,,,,,91.03%,69.25%,,82.63%,,,,,,,,,,87.93%,,,,,,,,,64.70%,,,,,,,,,,
2026-03-28 08:30,,,,,58.24%,,,79.84%,,,,,,42.36%,,,,,,,,,88.09%,,,,,91.38%,69.48%,,82.64%,,,,,,,,,,88.01%,,,,,,,,,64.89%,,,,,,,,,,
2026-03-28 09:30,,,,,56.28%,,,78.54%,,,,,,41.59%,,,,,,,,,88.22%,,,,,91.63%,69.31%,,82.63%,,,,,,,,,,87.12%,,,,,,,,,64.92%,,,,,,,,,,
2026-03-28 10:30,,,,,56.32%,,,78.78%,,,,,,41.52%,,,,,,,,,88.19%,,,,,91.03%,69.52%,,82.66%,,,,,,,,,,86.94%,,,,,,,,,64.96%,,,,,,,,,,
2026-03-28 11:30,,,,,58.43%,,,80.31%,,,,,,44.69%,,,,,,,,,88.39%,,,,,92.09%,69.57%,,82.67%,,,,,,,,,,86.82%,,,,,,,,,65.09%,,,,,,,,,,
2026-03-28 12:30,,,,,56.66%,,,78.89%,,,,,,48.98%,,,,,,,,,88.33%,,,,,92.72%,69.08%,,82.72%,,,,,,,,,,86.89%,,,,,,,,,65.33%,,,,,,,,,,
2026-03-28 13:30,,,,,58.17%,,,79.93%,,,,,,40.26%,,,,,,,,,88.26%,,,,,93.19%,69.36%,,82.75%,,,,,,,,,,86.93%,,,,,,,,,65.37%,,,,,,,,,,
2026-03-28 14:30,,,,,57.33%,,,79.44%,,,,,,41.39%,,,,,,,,,88.19%,,,,,92.60%,69.76%,,82.81%,,,,,,,,,,87.05%,,,,,,,,,65.41%,,,,,,,,,,
2026-03-28 15:30,,,,,57.64%,,,79.31%,,,,,,41.58%,,,,,,,,,88.39%,,,,,92.67%,69.94%,,82.83%,,,,,,,,,,87.13%,,,,,,,,,65.46%,,,,,,,,,,
2026-03-28 16:30,,,,,58.39%,,,80.03%,,,,,,41.51%,,,,,,,,,88.15%,,,,,92.84%,69.97%,,82.83%,,,,,,,,,,87.25%,,,,,,,,,65.49%,,,,,,,,,,
2026-03-28 17:30,,,,,56.51%,,,78.92%,,,,,,39.91%,,,,,,,,,88.16%,,,,,92.92%,69.17%,,82.86%,,,,,,,,,,87.03%,,,,,,,,,65.54%,,,,,,,,,,
2026-03-28 18:30,,,,,56.84%,,,79.12%,,,,,,41.51%,,,,,,,,,87.96%,,,,,93.17%,69.57%,,82.85%,,,,,,,,,,87.10%,,,,,,,,,65.58%,,,,,,,,,,
2026-03-28 19:30,,,,,57.55%,,,79.41%,,,,,,41.45%,,,,,,,,,88.00%,,,,,93.50%,69.69%,,82.88%,,,,,,,,,,87.15%,,,,,,,,,65.62%,,,,,,,,,,
2026-03-28 20:30,,,,,57.58%,,,79.57%,,,,,,41.51%,,,,,,,,,87.98%,,,,,92.26%,69.85%,,82.86%,,,,,,,,,,87.22%,,,,,,,,,65.68%,,,,,,,,,,
2026-03-28 21:30,,,,,58.00%,,,79.75%,,,,,,41.33%,,,,,,,,,88.39%,,,,,91.87%,69.79%,,82.91%,,,,,,,,,,87.28%,,,,,,,,,65.72%,,,,,,,,,,
2026-03-28 22:30,,,,,57.40%,,,79.51%,,,,,,41.31%,,,,,,,,,88.00%,,,,,91.61%,69.36%,,82.92%,,,,,,,,,,87.33%,,,,,,,,,65.76%,,,,,,,,,,
2026-03-28 23:30,,,,,57.97%,,,80.03%,,,,,,39.13%,,,,,,,,,88.30%,,,,,91.48%,69.54%,,82.94%,,,,,,,,,,87.25%,,,,,,,,,65.79%,,,,,,,,,,
2026-03-29 00:30,,,,,56.54%,,,78.73%,,,,,,41.08%,,,,,,,,,88.36%,,,,,89.00%,69.95%,,82.98%,,,,,,,,,,87.20%,,,,,,,,,65.84%,,,,,,,,,,
2026-03-29 01:30,,,,,58.33%,,,80.01%,,,,,,52.30%,,,,,,,,,88.26%,,,,,84.63%,70.00%,,82.99%,,,,,,,,,,87.30%,,,,,,,,,65.89%,,,,,,,,,,
2026-03-29 02:30,,,,,58.00%,,,80.05%,,,,,,45.06%,,,,,,,,,88.29%,,,,,84.79%,69.91%,,82.99%,,,,,,,,,,87.20%,,,,,,,,,65.92%,,,,,,,,,,
2026-03-29 03:30,,,,,56.65%,,,79.18%,,,,,,42.22%,,,,,,,,,87.71%,,,,,83.56%,69.47%,,83.03%,,,,,,,,,,87.22%,,,,,,,,,65.97%,,,,,,,,,,
2026-03-29 04:30,,,,,56.29%,,,79.01%,,,,,,41.60%,,,,,,,,,87.76%,,,,,83.30%,69.52%,,83.05%,,,,,,,,,,87.49%,,,,,,,,,66.01%,,,,,,,,,,
2026-03-29 05:30,,,,,57.24%,,,79.36%,,,,,,42.33%,,,,,,,,,88.01%,,,,,78.47%,69.83%,,83.05%,,,,,,,,,,87.42%,,,,,,,,,66.05%,,,,,,,,,,
2026-03-29 06:30,,,,,56.90%,,,79.15%,,,,,,41.21%,,,,,,,,,88.05%,,,,,78.34%,69.60%,,83.08%,,,,,,,,,,87.43%,,,,,,,,,66.10%,,,,,,,,,,
2026-03-29 07:30,,,,,56.22%,,,80.84%,,,,,,41.77%,,,,,,,,,88.09%,,,,,78.45%,69.50%,,83.14%,,,,,,,,,,87.42%,,,,,,,,,66.16%,,,,,,,,,,
2026-03-29 08:30,,,,,56.45%,,,78.94%,,,,,,41.35%,,,,,,,,,88.09%,,,,,78.80%,69.49%,,83.14%,,,,,,,,,,87.36%,,,,,,,,,66.21%,,,,,,,,,,
2026-03-29 09:30,,,,,57.48%,,,79.37%,,,,,,41.89%,,50.80%,,,,,,86.39%,88.31%,,,,,79.35%,69.65%,,83.15%,,,,,,,,,,87.41%,,,,,,,,,66.25%,,,,,58.30%,,,,,
2026-03-29 10:30,,,,,53.99%,,,77.77%,,,,,,42.10%,,21.51%,,,,,,85.18%,88.23%,,,,,79.51%,69.87%,,83.20%,,,,,,,,,,87.55%,,,,,,,,,66.29%,,,,,58.29%,,,,,
2026-03-29 11:30,,,,,57.33%,,,79.54%,,,,,,41.67%,,23.12%,,,,,,87.12%,88.28%,,,,,79.64%,69.57%,,83.22%,,,,,,,,,,87.62%,,,,,,,,,66.33%,,,,,58.09%,,,,,
2026-03-29 12:30,,,,,56.17%,,,78.58%,,,,,,41.60%,,12.78%,,,,,,86.93%,88.29%,,,,,79.70%,69.46%,,83.20%,,,,,,,,,,87.66%,,,,,,,,,66.38%,,,,,57.93%,,,,,
2026-03-29 13:30,,,,,57.22%,,,79.43%,,,,,,41.25%,,16.07%,,,,,,87.14%,88.28%,,,,,79.93%,69.54%,,83.20%,,,,,,,,,,87.74%,,,,,,,,,66.42%,,,,,57.93%,,,,,
2026-03-29 14:30,,,,,55.88%,,,78.69%,,,,,,40.81%,,7.37%,,,,,,84.94%,88.31%,,,,,80.04%,69.69%,,83.08%,,,,,,,,,,87.58%,,,,,,,,,66.46%,,,,,58.02%,,,,,
2026-03-29 15:30,,,,,56.01%,,,78.36%,,,,,,51.84%,,7.24%,,,,,,86.07%,88.36%,,,,,80.39%,69.69%,,83.14%,,,,,,,,,,87.50%,,,,,,,,,66.50%,,,,,58.04%,,,,,
2026-03-29 16:30,,,,,56.75%,,,79.37%,,,,,,41.75%,,17.48%,,,,,,86.57%,88.14%,,,,,80.61%,69.74%,,83.16%,,,,,,,,,,87.61%,,,,,,,,,66.53%,,,,,58.03%,,,,,
2026-03-29 17:30,,,,,56.16%,,,78.79%,,,,,,42.01%,,20.08%,,,,,,86.37%,88.23%,,,,,80.86%,69.66%,,83.13%,,,,,,,,,,87.78%,,,,,,,,,66.57%,,,,,58.06%,,,,,
2026-03-29 18:30,,,,,56.33%,,,78.83%,,,,,,41.25%,,13.65%,,,,,,86.92%,88.12%,,,,,81.09%,69.71%,,83.17%,,,,,,,,,,87.65%,,,,,,,,,66.62%,,,,,58.15%,,,,,
2026-03-29 19:30,,,,,55.65%,,,78.64%,,,,,,41.59%,,12.06%,,,,,,87.35%,88.13%,,,,,81.30%,69.87%,,83.15%,,,,,,,,,,87.79%,,,,,,,,,66.66%,,,,,58.23%,,,,,
2026-03-29 20:30,,,,,56.63%,,,79.17%,,,,,,41.33%,,14.61%,,,,,,86.38%,88.00%,,,,,81.27%,70.05%,,83.09%,,,,,,,,,,87.93%,,,,,,,,,66.70%,,,,,58.23%,,,,,
2026-03-29 21:30,,,,,57.01%,,,79.15%,,,,,,41.30%,,,,,,,,,88.33%,,,,,81.47%,69.86%,,83.12%,,,,,,,,,,87.58%,,,,,,,,,66.74%,,,,,,,,,,
2026-03-29 22:30,,,,,54.82%,,,80.24%,,,,,,41.26%,,,,,,,,,88.03%,,,,,81.36%,69.75%,,83.10%,,,,,,,,,,87.67%,,,,,,,,,66.79%,,,,,,,,,,
2026-03-29 23:30,,,,,56.46%,,,79.13%,,,,,,40.57%,,,,,,,,,88.14%,,,,,82.00%,69.81%,,83.08%,,,,,,,,,,87.80%,,,,,,,,,66.83%,,,,,,,,,,
2026-03-30 00:30,,,,,56.77%,,,79.17%,,,,,,41.23%,,,,,,,,,88.02%,,,,,82.29%,69.95%,,83.07%,,,,,,,,,,87.77%,,,,,,,,,66.89%,,,,,,,,,,
2026-03-30 01:30,,,,,57.86%,,,80.55%,,,,,,41.16%,,,,,,,,,87.99%,,,,,82.44%,70.07%,,83.10%,,,,,,,,,,87.80%,,,,,,,,,66.92%,,,,,,,,,,
2026-03-30 02:30,,,,,54.83%,,,78.37%,,,,,,46.39%,,,,,,,,,88.10%,,,,,82.33%,69.68%,,83.07%,,,,,,,,,,87.95%,,,,,,,,,66.97%,,,,,,,,,,
2026-03-30 03:30,,,,,56.64%,,,79.99%,,,,,,42.55%,,,,,,,,,87.90%,,,,,82.36%,69.41%,,83.00%,,,,,,,,,,87.98%,,,,,,,,,66.96%,,,,,,,,,,
2026-03-30 04:30,,,,,56.63%,,,79.48%,,,,,,42.13%,,,,,,,,,87.90%,,,,,82.72%,69.46%,,83.07%,,,,,,,,,,87.74%,,,,,,,,,66.99%,,,,,,,,,,
2026-03-30 05:30,,,,,57.01%,,,79.77%,,,,,,42.18%,,,,,,,,,88.15%,,,,,83.23%,69.80%,,83.02%,,,,,,,,,,87.81%,,,,,,,,,67.05%,,,,,,,,,,
2026-03-30 06:30,,,,,55.07%,,,78.36%,,,,,,42.10%,,,,,,,,,88.16%,,,,,82.65%,69.77%,,83.02%,,,,,,,,,,87.90%,,,,,,,,,67.10%,,,,,,,,,,
2026-03-30 07:30,,,,,57.13%,,,80.04%,,,,,,41.62%,,,,,,,,,88.29%,,,,,82.84%,69.14%,,82.99%,,,,,,,,,,87.81%,,,,,,,,,67.05%,,,,,,,,,,
2026-03-30 08:30,,,,,57.54%,,,80.14%,,,,,,41.57%,,,,,,,,,88.20%,,,,,82.86%,69.32%,,83.02%,,,,,,,,,,87.95%,,,,,,,,,67.07%,,,,,,,,,,
2026-03-30 09:30,,,,,54.57%,,,78.04%,,,,,,41.62%,,,,,,,,,88.10%,,,,,83.16%,69.44%,,83.03%,,,,,,,,,,88.09%,,,,,,,,,67.11%,,,,,,,,,,
2026-03-30 10:30,,,,,56.51%,,,79.80%,,,,,,41.86%,,,,,,,,,88.06%,,,,,82.92%,69.70%,,83.01%,,,,,,,,,,87.97%,,,,,,,,,67.16%,,,,,,,,,,
2026-03-30 11:30,,,,,56.87%,,,79.88%,,,,,,45.19%,,,,,,,,,88.16%,,,,,83.12%,69.51%,,82.98%,,,,,,,,,,87.95%,,,,,,,,,67.20%,,,,,,,,,,
2026-03-30 12:30,,,,,56.68%,,,79.76%,,,,,,49.58%,,,,,,,,,88.26%,,,,,85.04%,69.34%,,82.97%,,,,,,,,,,87.97%,,,,,,,,,67.25%,,,,,,,,,,
2026-03-30 13:30,,,,,57.02%,,,80.04%,,,,,,39.06%,,,,,,,,,88.24%,,,,,79.13%,69.54%,67.90%,82.62%,,,,,,,59.19%,59.06%,59.07%,88.28%,,,,90.87%,90.87%,,,,67.34%,,,,,,,,58.45%,,
2026-03-30 14:30,,,,,56.62%,,,79.77%,,,,,,42.00%,,,,,,,,,88.16%,,,,,75.59%,69.80%,69.32%,82.51%,,,,,,,60.71%,60.70%,60.71%,88.47%,,,,91.14%,91.14%,,,,67.38%,,,,,,,,58.57%,,
2026-03-30 15:30,,,,,56.42%,,,79.24%,,,,,,42.22%,,,,,,,,,88.35%,,,,,84.41%,69.72%,68.78%,82.52%,,,,,,,61.75%,61.75%,61.75%,89.13%,,,,91.14%,91.14%,,,,67.43%,,,,,,,,58.57%,,
2026-03-30 16:30,,,,,57.98%,,,82.04%,,,,,,41.79%,,,,,,,,,88.21%,,,,,86.01%,69.70%,68.15%,82.48%,,,,,,,62.22%,62.22%,62.22%,89.38%,,,,91.15%,91.15%,,,,68.11%,,,,,,,,58.58%,,
2026-03-30 17:30,,,,,59.67%,,,83.11%,,,,,,42.07%,,,,,,,,,88.27%,,,,,86.78%,69.99%,67.91%,82.56%,,,,,,,62.50%,62.49%,62.49%,89.41%,,,,91.16%,91.16%,,,,68.44%,,,,,,,,58.58%,,
2026-03-30 18:30,,,,,58.63%,,,82.44%,,,,,,42.17%,,,,,,,,,88.23%,,,,,87.96%,69.65%,67.79%,82.47%,,,,,,,62.55%,62.56%,62.55%,89.48%,,,,91.17%,91.17%,,,,68.49%,,,,,,,,58.58%,,
2026-03-30 19:30,,,,,57.60%,,,82.09%,,,,,,41.41%,,,,,,,,,88.35%,,,,,88.66%,69.70%,68.07%,82.53%,,,,,,,62.60%,62.60%,62.59%,89.31%,,,,91.17%,91.17%,,,,68.54%,,,,,,,,58.59%,,
2026-03-30 20:30,,,,,59.09%,,,83.06%,,,,,,41.93%,,,,,,,,,88.23%,,,,,88.86%,69.74%,,82.50%,,,,,,,,62.81%,,89.28%,,,,91.17%,,,,,68.60%,,,,,,,,,,
2026-03-30 21:30,,,,,59.72%,,,83.01%,,,,,,41.82%,,,,,,,,,88.61%,,,,,88.71%,69.92%,,82.54%,,,,,,,,,,89.41%,,,,,,,,,68.64%,,,,,,,,,,
2026-03-30 22:30,,,,,59.02%,,,84.73%,,,,,,41.97%,,,,,,,,,88.33%,,,,,88.52%,69.70%,,82.49%,,,,,,,,,,89.53%,,,,,,,,,68.70%,,,,,,,,,,
2026-03-30 23:30,,,,,58.58%,,,82.58%,,,,,,41.90%,,,,,,,,,88.65%,,,,,88.90%,69.51%,,82.51%,,,,,,,,,,89.51%,,,,,,,,,68.75%,,,,,,,,,,
2026-03-31 00:30,,,,,58.53%,,,82.30%,,,,,,41.55%,,,,,,,,,88.35%,,,,,89.49%,69.32%,,82.55%,,,,,,,,,,89.65%,,,,,,,,,68.79%,,,,,,,,,,
2026-03-31 01:30,,,,,59.01%,,,82.84%,,,,,,52.33%,,,,,,,,,88.27%,,,,,89.83%,69.50%,,82.58%,,,,,,,,,,89.76%,,,,,,,,,68.84%,,,,,,,,,,
2026-03-31 02:30,,,,,58.78%,,,82.53%,,,,,,45.88%,,,,,,,,,88.26%,,,,,90.08%,69.81%,,82.56%,,,,,,,,,,89.37%,,,,,,,,,68.87%,,,,,,,,,,
2026-03-31 03:30,,,,,58.20%,,,82.16%,,,,,,42.93%,,,,,,,,,87.85%,,,,,90.33%,69.81%,,82.57%,,,,,,,,,,89.52%,,,,,,,,,68.90%,,,,,,,,,,
2026-03-31 04:30,,,,,59.78%,,,82.81%,,,,,,42.44%,,,,,,,,,87.78%,,,,,91.11%,69.53%,,82.53%,,,,,,,,,,89.66%,,,,,,,,,68.86%,,,,,,,,,,
2026-03-31 05:30,,,,,59.24%,,,84.44%,,,,,,42.24%,,,,,,,,,87.95%,,,,,91.44%,69.33%,,82.55%,,,,,,,,,,89.59%,,,,,,,,,68.91%,,,,,,,,,,
2026-03-31 06:30,,,,,59.28%,,,82.32%,,,,,,41.20%,,,,,,,,,87.98%,,,,,91.39%,69.34%,,82.52%,,,,,,,,,,89.65%,,,,,,,,,68.95%,,,,,,,,,,
2026-03-31 07:30,,,,,57.70%,,,81.61%,,,,,,42.35%,,,,,,,,,88.14%,,,,,91.64%,69.70%,,82.37%,,,,,,,,,,89.79%,,,,,,,,,68.99%,,,,,,,,,,
2026-03-31 08:30,,,,,59.40%,,,82.60%,,,,,,41.93%,,,,,,,,,88.12%,,,,,91.95%,69.88%,,82.39%,,,,,,,,,,89.79%,,,,,,,,,69.05%,,,,,,,,,,
2026-03-31 09:30,,,,,59.00%,,,82.25%,,,,,,42.17%,,,,,,,,,88.62%,,,,,92.20%,69.65%,,82.40%,,,,,,,,,,89.57%,,,,,,,,,69.10%,,,,,,,,,,
2026-03-31 10:30,,,,,58.67%,,,82.73%,,,,,,41.82%,,,,,,,,,88.40%,,,,,93.00%,72.12%,,82.37%,,,,,,,,,,89.66%,,,,,,,,,69.14%,,,,,,,,,,
2026-03-31 11:30,,,,,56.89%,,,81.42%,,,,,,41.62%,,,,,,,,,88.06%,,,,,93.05%,76.17%,,82.41%,,,,,,,,,,89.71%,,,,,,,,,69.19%,,,,,,,,,,
2026-03-31 12:30,,,,,58.54%,,,82.08%,,,,,,41.09%,,,,,,,,,87.93%,,,,,93.51%,76.06%,,82.41%,,,,,,,,,,89.66%,,,,,,,,,69.23%,,,,,,,,,,
2026-03-31 13:30,,,,,58.98%,,,82.48%,,,,,,40.62%,,,,,,,,,88.08%,,,,,87.13%,76.27%,64.63%,81.92%,,,,,,,,,,89.95%,,,,,,,,,69.34%,,,,,,,,,,
2026-03-31 14:30,,,,,59.13%,,,84.52%,,,,,,41.46%,,,,,,,,,87.92%,,,,,83.99%,76.11%,65.55%,81.97%,,,,,,,,,,90.03%,,,,,,,,,69.39%,,,,,,,,,,
2026-03-31 15:30,,,,,57.56%,,,81.29%,,,,,,41.83%,,,,,,,,,88.02%,,,,,82.73%,76.24%,67.23%,82.02%,,,,,,,,,,89.91%,,,,,,,,,69.43%,,,,,,,,,,
2026-03-31 16:30,,,,,58.62%,,,82.32%,,,,,,41.19%,,,,,,,,,87.95%,,,,,84.61%,76.16%,68.04%,82.00%,,,,,,,,,,89.86%,,,,,,,,,69.47%,,,,,,,,,,
2026-03-31 17:30,,,,,58.52%,,,82.24%,,,,,,41.53%,,46.09%,,,,,,88.45%,88.12%,,,,,84.87%,76.34%,68.13%,82.05%,,,,,,,,,,89.88%,,,,,,,,,69.53%,,,,,58.32%,,,,,
2026-03-31 18:30,,,,,60.12%,,,82.89%,,,,,,40.21%,,34.73%,,,,,,90.02%,87.89%,,,,,82.65%,76.27%,68.61%,82.05%,,,,,,,,,,89.80%,,,,,,,,,69.58%,,,,,57.70%,,,,,
2026-03-31 19:30,,,,,58.39%,,,82.13%,,,,,,41.32%,,31.94%,,,,,,90.93%,87.92%,,,,,85.16%,76.32%,68.49%,82.08%,,,,,,,,,,89.89%,,,,,,,,,69.63%,,,,,57.85%,,,,,
2026-03-31 20:30,,,,,58.89%,,,82.54%,,,,,,41.22%,,26.99%,,,,,,90.26%,87.84%,,,,,85.96%,76.28%,,82.09%,,,,,,,,,,90.03%,,,,,,,,,69.67%,,,,,58.10%,,,,,
2026-03-31 21:30,,,,,58.80%,,,82.07%,,,,,,38.51%,,,,,,,,,88.14%,,,,,85.95%,76.21%,,82.17%,,,,,,,,,,89.99%,,,,,,,,,69.72%,,,,,,,,,,
2026-03-31 22:30,,,,,58.88%,,,82.49%,,,,,,40.92%,,,,,,,,,87.74%,,,,,86.41%,76.57%,,82.20%,,,,,,,,,,90.02%,,,,,,,,,69.76%,,,,,,,,,,
2026-03-31 23:30,,,,,57.96%,,,81.97%,,,,,,40.93%,,,,,,,,,88.05%,,,,,87.73%,76.69%,,82.22%,,,,,,,,,,90.08%,,,,,,,,,69.81%,,,,,,,,,,
2026-04-01 00:30,,,,,58.50%,,,82.04%,,,,,,41.15%,,,,,,,,,88.19%,,,,,87.12%,76.48%,,82.24%,,,,,,,,,,89.95%,,,,,,,,,69.85%,,,,,,,,,,
2026-04-01 01:30,,,,,59.14%,,,82.65%,,,,,,40.42%,,,,,,,,,87.99%,,,,,87.46%,76.54%,,82.31%,,,,,,,,,,89.90%,,,,,,,,,69.87%,,,,,,,,,,
2026-04-01 02:30,,,,,59.54%,,,83.15%,,,,,,42.32%,,,,,,,,,87.95%,,,,,88.08%,76.86%,,82.33%,,,,,,,,,,90.04%,,,,,,,,,69.88%,,,,,,,,,,
2026-04-01 03:30,,,,,58.20%,,,81.88%,,,,,,44.85%,,,,,,,,,87.88%,,,,,88.34%,76.70%,,82.34%,,,,,,,,,,90.18%,,,,,,,,,69.93%,,,,,,,,,,
2026-04-01 04:30,,,,,58.51%,,,82.84%,,,,,,48.35%,,,,,,,,,87.81%,,,,,88.30%,76.68%,,82.35%,,,,,,,,,,90.09%,,,,,,,,,69.99%,,,,,,,,,,
2026-04-01 05:30,,,,,59.34%,,,84.65%,,,,,,45.66%,,,,,,,,,88.00%,,,,,88.50%,76.64%,,82.36%,,,,,,,,,,90.35%,,,,,,,,,70.07%,,,,,,,,,,
2026-04-01 06:30,,,,,58.32%,,,81.98%,,,,,,40.11%,,,,,,,,,87.94%,,,,,89.13%,76.62%,,82.25%,,,,,,,,,,90.58%,,,,,,,,,70.10%,,,,,,,,,,
2026-04-01 07:30,,,,,59.27%,,,82.81%,,,,,,40.23%,,,,,,,,,87.95%,,,,,90.05%,76.69%,,82.01%,,,,,,,,,,90.23%,,,,,,,,,70.15%,,,,,,,,,,
2026-04-01 08:30,,,,,58.69%,,,82.42%,,,,,,51.32%,,,,,,,,,88.01%,,,,,90.71%,76.86%,,82.08%,,,,,,,,,,90.33%,,,,,,,,,70.18%,,,,,,,,,,
2026-04-01 09:30,,,,,57.74%,,,81.57%,,,,,,40.03%,,,,,,,,,88.11%,,,,,90.85%,76.99%,,82.12%,,,,,,,,,,90.46%,,,,,,,,,70.22%,,,,,,,,,,
2026-04-01 10:30,,,,,59.57%,,,83.21%,,,,,,40.12%,,44.00%,,,,,,87.90%,88.01%,,,,,92.13%,76.45%,,82.13%,,,,,,,,,,90.44%,,,,,,,,,70.27%,,,,,57.95%,,,,,
2026-04-01 11:30,,,,,60.37%,,,83.57%,,,,,,44.57%,,31.12%,,,,,,89.06%,88.14%,,,,,92.14%,76.41%,,82.15%,,,,,,,,,,90.46%,,,,,,,,,70.31%,,,,,58.08%,,,,,
2026-04-01 12:30,,,,,58.34%,,,82.12%,,,,,,45.39%,,40.11%,,,,,,91.69%,88.09%,,,,,92.05%,76.34%,,82.12%,,,,,,,,,,90.65%,,,,,,,,,70.36%,,,,,58.15%,,,,,
2026-04-01 13:30,,,,,59.71%,,,85.25%,,,,,,41.06%,,,,,,,,,88.25%,,,,,91.81%,76.80%,,82.17%,,,,,,,,,,90.73%,,,,,,,,,70.40%,,,,,,,,,,
2026-04-01 14:30,,,,,57.76%,,,82.36%,,,,,,40.71%,,,,,,,,,88.17%,,,,,89.55%,76.60%,,82.16%,,,,,,,,,,90.46%,,,,,,,,,70.45%,,,,,,,,,,
2026-04-01 15:30,,,,,59.11%,,,82.80%,,,,,,52.55%,,,,,,,,,88.28%,,,,,84.64%,76.61%,,82.24%,,,,,,,,,,90.56%,,,,,,,,,70.49%,,,,,,,,,,
2026-04-01 16:30,,,,,58.92%,,,82.67%,,,,,,40.90%,,,,,,,,,88.20%,,,,,80.49%,76.65%,,82.18%,,,,,,,,,,90.48%,,,,,,,,,70.54%,,,,,,,,,,
2026-04-01 17:30,,,,,59.52%,,,82.92%,,,,,,41.49%,,,,,,,,,88.22%,,,,,75.41%,76.79%,,82.19%,,,,,,,,,,89.02%,,,,,,,,,70.58%,,,,,,,,,,
2026-04-01 18:30,,,,,59.17%,,,82.70%,,,,,,40.98%,,,,,,,,,87.91%,,,,,86.69%,76.92%,,82.23%,,,,,,,,,,89.27%,,,,,,,,,70.62%,,,,,,,,,,
2026-04-01 19:30,,,,,57.19%,,,81.52%,,,,,,40.42%,,,,,,,,,87.91%,,,,,75.16%,76.61%,,82.14%,,,,,,,,,,89.42%,,,,,,,,,70.66%,,,,,,,,,,
2026-04-01 20:30,,,,,57.52%,,,81.88%,,,,,,41.47%,,,,,,,,,87.85%,,,,,75.98%,76.68%,,82.13%,,,,,,,,,,89.32%,,,,,,,,,70.73%,,,,,,,,,,
2026-04-01 21:30,,,,,58.52%,,,82.03%,,,,,,41.26%,,,,,,,,,88.15%,,,,,77.07%,76.82%,,82.13%,,,,,,,,,,89.38%,,,,,,,,,70.76%,,,,,,,,,,
2026-04-01 22:30,,,,,58.36%,,,82.41%,,,,,,40.69%,,,,,,,,,87.95%,,,,,77.37%,76.80%,,82.07%,,,,,,,,,,89.32%,,,,,,,,,70.81%,,,,,,,,,,
2026-04-01 23:30,,,,,58.91%,,,82.99%,,,,,,41.48%,,,,,,,,,88.11%,,,,,77.56%,76.78%,,82.19%,,,,,,,,,,89.24%,,,,,,,,,70.86%,,,,,,,,,,
2026-04-02 00:30,,,,,58.32%,,,82.42%,,,,,,41.25%,,,,,,,,,88.21%,,,,,77.80%,76.94%,,82.17%,,,,,,,,,,89.35%,,,,,,,,,70.90%,,,,,,,,,,
2026-04-02 01:30,,,,,57.44%,,,84.00%,,,,,,41.31%,,,,,,,,,87.88%,,,,,77.96%,76.88%,,82.16%,,,,,,,,,,89.53%,,,,,,,,,70.93%,,,,,,,,,,
2026-04-02 02:30,,,,,58.92%,,,83.25%,,,,,,41.33%,,,,,,,,,87.96%,,,,,77.96%,77.08%,,82.14%,,,,,,,,,,89.57%,,,,,,,,,70.96%,,,,,,,,,,
2026-04-02 03:30,,,,,58.61%,,,82.59%,,,,,,44.86%,,,,,,,,,87.70%,,,,,78.24%,76.88%,,82.16%,,,,,,,,,,89.60%,,,,,,,,,71.01%,,,,,,,,,,
2026-04-02 04:30,,,,,58.38%,,,82.73%,,,,,,40.75%,,,,,,,,,87.73%,,,,,78.51%,76.64%,,82.19%,,,,,,,,,,89.77%,,,,,,,,,71.06%,,,,,,,,,,
2026-04-02 05:30,,,,,59.01%,,,85.28%,,,,,,41.82%,,,,,,,,,87.90%,,,,,78.59%,76.83%,,82.18%,,,,,,,,,,89.54%,,,,,,,,,71.19%,,,,,,,,,,
2026-04-02 06:30,,,,,57.57%,,,81.74%,,,,,,41.78%,,,,,,,,,87.87%,,,,,78.71%,76.94%,,82.21%,,,,,,,,,,89.50%,,,,,,,,,71.38%,,,,,,,,,,
2026-04-02 07:30,,,,,58.60%,,,82.50%,,,,,,42.07%,,,,,,,,,88.05%,,,,,78.82%,77.08%,,82.20%,,,,,,,,,,89.64%,,,,,,,,,71.44%,,,,,,,,,,
2026-04-02 08:30,,,,,58.41%,,,82.48%,,,,,,53.08%,,,,,,,,,87.97%,,,,,78.84%,76.59%,,82.05%,,,,,,,,,,89.78%,,,,,,,,,71.52%,,,,,,,,,,
2026-04-02 09:30,,,,,57.99%,,,81.93%,,,,,,41.57%,,,,,,,,,87.97%,,,,,78.91%,76.67%,,82.05%,,,,,,,,,,89.65%,,,,,,,,,71.57%,,,,,,,,,,
2026-04-02 10:30,,,,,58.08%,,,82.44%,,,,,,42.08%,,,,,,,,,87.86%,,,,,78.91%,76.73%,,82.00%,,,,,,,,,,89.81%,,,,,,,,,71.62%,,,,,,,,,,
2026-04-02 11:30,,,,,59.34%,,,83.04%,,,,,,43.18%,,,,,,,,,87.98%,,,,,83.61%,76.34%,,82.06%,,,,,,,,,,89.95%,,,,,,,,,71.66%,,,,,,,,,,
2026-04-02 12:30,,,,,60.06%,,,83.06%,,,,,,47.84%,,,,,,,,,87.90%,,,,,87.22%,76.65%,,81.96%,,,,,,,,,,89.56%,,,,,,,,,71.71%,,,,,,,,,,
2026-04-02 13:30,,,,,58.01%,,,84.26%,,,,,,41.93%,,,,,,,,,88.04%,,,,,83.13%,76.93%,,81.90%,,,,,,,,,,89.65%,,,,,,,,,71.76%,,,,,,,,,,
2026-04-02 14:30,,,,,58.61%,,,82.56%,,,,,,40.49%,,,,,,,,,88.01%,,,,,79.86%,76.89%,,81.95%,,,,,,,,,,90.12%,,,,,,,,,71.81%,,,,,,,,,,
2026-04-02 15:30,,,,,56.42%,,,81.02%,,,,,,51.37%,,,,,,,,,88.07%,,,,,81.69%,76.60%,,81.96%,,,,,,,,,,90.17%,,,,,,,,,71.85%,,,,,,,,,,
2026-04-02 16:30,,,,,58.51%,,,82.57%,,,,,,40.24%,,,,,,,,,88.12%,,,,,81.56%,76.83%,,81.92%,,,,,,,,,,90.16%,,,,,,,,,71.90%,,,,,,,,,,
2026-04-02 17:30,,,,,59.32%,,,82.89%,,,,,,41.76%,,,,,,,,,88.14%,,,,,79.92%,77.16%,,82.00%,,,,,,,,,,90.17%,,,,,,,,,71.94%,,,,,,,,,,
2026-04-02 18:30,,,,,58.32%,,,82.23%,,,,,,40.53%,,,,,,,,,88.09%,,,,,77.71%,77.00%,,82.02%,,,,,,,,,,90.21%,,,,,,,,,71.97%,,,,,,,,,,
2026-04-02 19:30,,,,,57.39%,,,81.91%,,,,,,40.36%,,,,,,,,,88.18%,,,,,86.48%,76.69%,,82.04%,,,,,,,,,,90.26%,,,,,,,,,72.02%,,,,,,,,,,
2026-04-02 20:30,,,,,58.89%,,,82.69%,,,,,,41.18%,,,,,,,,,88.09%,,,,,87.82%,76.86%,,82.10%,,,,,,,,,,90.31%,,,,,,,,,72.06%,,,,,,,,,,
2026-04-02 21:30,,,,,57.29%,,,81.44%,,,,,,40.36%,,,,,,,,,88.27%,,,,,87.14%,77.10%,,82.12%,,,,,,,,,,90.40%,,,,,,,,,72.10%,,,,,,,,,,
2026-04-02 22:30,,,,,56.00%,,,83.08%,,,,,,39.37%,,,,,,,,,87.88%,,,,,,76.84%,,82.14%,,,,,,,,,,,,,,,,,,,72.15%,,,,,,,,,,
2026-04-02 23:30,,,,,59.39%,,,83.06%,,,,,,39.81%,,,,,,,,,88.17%,,,,,,76.86%,,82.11%,,,,,,,,,,,,,,,,,,,72.20%,,,,,,,,,,
2026-04-03 00:30,,,,,58.37%,,,82.47%,,,,,,37.52%,,,,,,,,,88.18%,,,,,,76.45%,,82.10%,,,,,,,,,,,,,,,,,,,72.25%,,,,,,,,,,
2026-04-03 01:30,,,,,57.45%,,,82.31%,,,,,,51.77%,,,,,,,,,87.95%,,,,,,76.78%,,82.11%,,,,,,,,,,,,,,,,,,,72.37%,,,,,,,,,,
2026-04-03 02:30,,,,,58.16%,,,82.49%,,,,,,43.82%,,,,,,,,,88.05%,,,,,,77.01%,,82.14%,,,,,,,,,,,,,,,,,,,72.62%,,,,,,,,,,
2026-04-03 03:30,,,,,56.99%,,,81.39%,,,,,,41.73%,,,,,,,,,87.94%,,,,,,77.12%,,82.03%,,,,,,,,,,,,,,,,,,,72.65%,,,,,,,,,,
2026-04-03 04:30,,,,,58.88%,,,84.62%,,,,,,45.54%,,,,,,,,,87.99%,,,,,,77.19%,,82.05%,,,,,,,,,,,,,,,,,,,72.65%,,,,,,,,,,
2026-04-03 05:30,,,,,58.01%,,,84.18%,,,,,,48.90%,,,,,,,,,88.06%,,,,,,76.97%,,82.02%,,,,,,,,,,,,,,,,,,,72.68%,,,,,,,,,,
2026-04-03 06:30,,,,,57.00%,,,82.28%,,,,,,40.82%,,,,,,,,,88.05%,,,,,,76.76%,,82.05%,,,,,,,,,,,,,,,,,,,72.72%,,,,,,,,,,
2026-04-03 07:30,,,,,59.11%,,,82.83%,,,,,,41.08%,,,,,,,,,88.14%,,,,,,76.92%,,82.10%,,,,,,,,,,,,,,,,,,,72.77%,,,,,,,,,,
2026-04-03 08:30,,,,,58.05%,,,82.25%,,,,,,52.28%,,,,,,,,,88.10%,,,,,,76.86%,,82.09%,,,,,,,,,,,,,,,,,,,72.82%,,,,,,,,,,
2026-04-03 09:30,,,,,58.21%,,,82.18%,,,,,,41.50%,,,,,,,,,88.28%,,,,,87.86%,76.76%,,82.09%,,,,,,,,,,90.68%,,,,,,,,,72.86%,,,,,,,,,,
2026-04-03 10:30,,,,,58.78%,,,82.78%,,,,,,41.07%,,,,,,,,,88.04%,,,,,90.23%,76.56%,,81.99%,,,,,,,,,,90.77%,,,,,,,,,72.90%,,,,,,,,,,
2026-04-03 11:30,,,,,58.28%,,,82.48%,,,,,,42.79%,,64.07%,,,,,,59.57%,88.18%,,,,,87.89%,76.74%,,82.01%,,,,,,,,,,90.79%,,,,,,,,,72.86%,,,,,58.16%,,,,,
2026-04-03 12:30,,,,,58.07%,,,82.04%,,,,,,48.88%,,41.64%,,,,,,87.02%,88.22%,,,,,86.60%,76.82%,,81.97%,,,,,,,,,,90.92%,,,,,,,,,72.73%,,,,,58.21%,,,,,
2026-04-03 13:30,,,,,56.96%,,,84.37%,,,,,,40.61%,,19.12%,,,,,,86.99%,88.26%,,,,,76.99%,76.61%,,81.75%,,,,,,,,,,90.92%,,,,,,,,,72.83%,,,,,58.82%,,,,,
2026-04-03 14:30,,,,,57.14%,,,81.95%,,,,,,40.99%,,9.56%,,,,,,87.36%,88.15%,,,,,84.60%,76.86%,,81.71%,,,,,,,,,,90.97%,,,,,,,,,72.87%,,,,,58.85%,,,,,
2026-04-03 15:30,,,,,55.45%,,,80.67%,,,,,,41.43%,,13.49%,,,,,,89.24%,88.23%,,,,,90.01%,76.96%,,81.80%,,,,,,,,,,91.02%,,,,,,,,,72.92%,,,,,58.85%,,,,,
2026-04-03 16:30,,,,,56.21%,,,81.55%,,,,,,41.87%,,13.93%,,,,,,87.27%,88.13%,,,,,89.14%,77.18%,,81.81%,,,,,,,,,,90.98%,,,,,,,,,72.96%,,,,,58.82%,,,,,
2026-04-03 17:30,,,,,57.67%,,,82.33%,,,,,,40.69%,,11.47%,,,,,,87.30%,88.19%,,,,,88.00%,77.10%,,81.85%,,,,,,,,,,90.58%,,,,,,,,,72.98%,,,,,58.87%,,,,,
2026-04-03 18:30,,,,,57.24%,,,81.84%,,,,,,41.44%,,8.52%,,,,,,87.85%,88.18%,,,,,89.24%,77.02%,,81.89%,,,,,,,,,,90.84%,,,,,,,,,73.03%,,,,,58.90%,,,,,
2026-04-03 19:30,,,,,54.12%,,,80.22%,,,,,,41.99%,,9.04%,,,,,,87.04%,88.24%,,,,,82.52%,77.21%,,81.88%,,,,,,,,,,90.83%,,,,,,,,,73.06%,,,,,58.90%,,,,,
2026-04-03 20:30,,,,,57.41%,,,82.20%,,,,,,41.60%,,14.41%,,,,,,89.07%,88.27%,,,,,74.55%,77.18%,,81.95%,,,,,,,,,,90.36%,,,,,,,,,73.11%,,,,,58.90%,,,,,
2026-04-03 21:30,,,,,57.77%,,,82.05%,,,,,,41.76%,,,,,,,,,88.49%,,,,,73.91%,77.42%,,81.97%,,,,,,,,,,90.39%,,,,,,,,,73.16%,,,,,,,,,,
2026-04-03 22:30,,,,,57.38%,,,82.21%,,,,,,41.35%,,23.17%,,,,,,85.44%,88.24%,,,,,74.45%,77.09%,,81.94%,,,,,,,,,,90.41%,,,,,,,,,73.19%,,,,,58.89%,,,,,
2026-04-03 23:30,,,,,57.99%,,,82.53%,,,,,,41.41%,,,,,,,,,88.55%,,,,,74.69%,76.91%,,81.99%,,,,,,,,,,90.44%,,,,,,,,,73.23%,,,,,,,,,,
2026-04-04 00:30,,,,,56.17%,,,81.20%,,,,,,41.86%,,,,,,,,,88.32%,,,,,77.00%,77.27%,,82.00%,,,,,,,,,,90.65%,,,,,,,,,73.28%,,,,,,,,,,
2026-04-04 01:30,,,,,57.88%,,,82.53%,,,,,,52.71%,,,,,,,,,88.46%,,,,,83.16%,77.14%,,82.08%,,,,,,,,,,90.79%,,,,,,,,,73.32%,,,,,,,,,,
2026-04-04 02:30,,,,,58.51%,,,82.76%,,,,,,45.13%,,,,,,,,,88.36%,,,,,84.39%,77.36%,,81.99%,,,,,,,,,,90.82%,,,,,,,,,73.36%,,,,,,,,,,
2026-04-04 03:30,,,,,57.76%,,,82.03%,,,,,,40.88%,,,,,,,,,88.15%,,,,,84.92%,76.83%,,82.08%,,,,,,,,,,90.87%,,,,,,,,,73.41%,,,,,,,,,,
2026-04-04 04:30,,,,,57.46%,,,82.37%,,,,,,41.32%,,,,,,,,,88.12%,,,,,85.18%,77.04%,,82.12%,,,,,,,,,,90.88%,,,,,,,,,73.43%,,,,,,,,,,
2026-04-04 05:30,,,,,56.90%,,,83.72%,,,,,,41.04%,,,,,,,,,88.10%,,,,,85.48%,76.95%,,82.14%,,,,,,,,,,90.90%,,,,,,,,,73.42%,,,,,,,,,,
2026-04-04 06:30,,,,,56.97%,,,82.32%,,,,,,41.53%,,,,,,,,,87.96%,,,,,85.57%,76.99%,,82.17%,,,,,,,,,,90.98%,,,,,,,,,73.51%,,,,,,,,,,
2026-04-04 07:30,,,,,57.99%,,,82.46%,,,,,,41.04%,,,,,,,,,88.03%,,,,,85.65%,76.80%,,82.18%,,,,,,,,,,91.05%,,,,,,,,,73.68%,,,,,,,,,,
2026-04-04 08:30,,,,,60.00%,,,83.38%,,,,,,40.08%,,,,,,,,,87.98%,,,,,85.68%,76.78%,,82.27%,,,,,,,,,,91.07%,,,,,,,,,73.72%,,,,,,,,,,
2026-04-04 09:30,,,,,57.40%,,,81.73%,,,,,,41.20%,,,,,,,,,87.93%,,,,,85.77%,76.99%,,82.24%,,,,,,,,,,91.14%,,,,,,,,,73.77%,,,,,,,,,,
2026-04-04 10:30,,,,,58.06%,,,82.56%,,,,,,41.45%,,,,,,,,,87.81%,,,,,85.88%,77.19%,,82.20%,,,,,,,,,,91.22%,,,,,,,,,73.81%,,,,,,,,,,
2026-04-04 11:30,,,,,56.27%,,,81.50%,,,,,,41.35%,,,,,,,,,88.01%,,,,,86.06%,76.70%,,82.21%,,,,,,,,,,91.23%,,,,,,,,,73.85%,,,,,,,,,,
2026-04-04 12:30,,,,,58.02%,,,82.21%,,,,,,41.36%,,,,,,,,,87.91%,,,,,86.09%,76.96%,,82.15%,,,,,,,,,,91.28%,,,,,,,,,73.91%,,,,,,,,,,
2026-04-04 13:30,,,,,56.60%,,,81.61%,,,,,,40.74%,,,,,,,,,88.09%,,,,,86.23%,77.09%,,82.10%,,,,,,,,,,91.35%,,,,,,,,,73.95%,,,,,,,,,,
2026-04-04 14:30,,,,,58.15%,,,82.40%,,,,,,40.94%,,,,,,,,,88.09%,,,,,85.43%,77.12%,,82.14%,,,,,,,,,,91.37%,,,,,,,,,74.00%,,,,,,,,,,
2026-04-04 15:30,,,,,56.29%,,,81.10%,,,,,,41.24%,,,,,,,,,88.04%,,,,,84.73%,77.03%,,82.16%,,,,,,,,,,91.43%,,,,,,,,,74.04%,,,,,,,,,,
2026-04-04 16:30,,,,,57.42%,,,81.89%,,,,,,41.16%,,,,,,,,,87.90%,,,,,85.12%,77.17%,,82.19%,,,,,,,,,,91.44%,,,,,,,,,74.08%,,,,,,,,,,
2026-04-04 17:30,,,,,58.24%,,,82.71%,,,,,,40.87%,,,,,,,,,88.11%,,,,,85.23%,77.27%,,82.28%,,,,,,,,,,91.45%,,,,,,,,,74.11%,,,,,,,,,,
2026-04-04 18:30,,,,,57.72%,,,82.02%,,,,,,41.11%,,,,,,,,,87.99%,,,,,85.30%,77.18%,,82.26%,,,,,,,,,,91.46%,,,,,,,,,74.15%,,,,,,,,,,
2026-04-04 19:30,,,,,57.38%,,,81.85%,,,,,,41.35%,,,,,,,,,87.97%,,,,,85.52%,77.28%,,82.42%,,,,,,,,,,91.50%,,,,,,,,,74.20%,,,,,,,,,,
2026-04-04 20:30,,,,,58.42%,,,82.49%,,,,,,40.99%,,,,,,,,,87.86%,,,,,85.65%,77.26%,,82.27%,,,,,,,,,,91.31%,,,,,,,,,74.24%,,,,,,,,,,
2026-04-04 21:30,,,,,59.51%,,,82.85%,,,,,,40.59%,,,,,,,,,88.06%,,,,,85.51%,77.00%,,82.35%,,,,,,,,,,91.32%,,,,,,,,,74.28%,,,,,,,,,,
2026-04-04 22:30,,,,,57.17%,,,81.94%,,,,,,40.79%,,,,,,,,,87.81%,,,,,85.47%,77.03%,,82.32%,,,,,,,,,,91.37%,,,,,,,,,74.31%,,,,,,,,,,
2026-04-04 23:30,,,,,59.16%,,,82.81%,,,,,,40.82%,,,,,,,,,88.16%,,,,,85.58%,76.97%,,82.34%,,,,,,,,,,91.42%,,,,,,,,,74.37%,,,,,,,,,,
2026-04-05 00:30,,,,,58.40%,,,82.39%,,,,,,41.45%,,,,,,,,,87.91%,,,,,84.74%,77.32%,,82.36%,,,,,,,,,,91.44%,,,,,,,,,74.41%,,,,,,,,,,
2026-04-05 01:30,,,,,56.71%,,,81.77%,,,,,,41.69%,,,,,,,,,88.04%,,,,,83.84%,77.52%,,82.41%,,,,,,,,,,91.50%,,,,,,,,,74.46%,,,,,,,,,,
2026-04-05 02:30,,,,,55.69%,,,81.03%,,,,,,41.92%,,,,,,,,,88.10%,,,,,84.04%,77.07%,,82.39%,,,,,,,,,,91.53%,,,,,,,,,74.52%,,,,,,,,,,
2026-04-05 03:30,,,,,57.51%,,,81.91%,,,,,,44.48%,,,,,,,,,87.30%,,,,,84.52%,77.19%,,82.43%,,,,,,,,,,91.57%,,,,,,,,,74.55%,,,,,,,,,,
2026-04-05 04:30,,,,,58.17%,,,82.48%,,,,,,48.35%,,,,,,,,,87.24%,,,,,84.40%,77.10%,,82.44%,,,,,,,,,,91.60%,,,,,,,,,74.60%,,,,,,,,,,
2026-04-05 05:30,,,,,57.67%,,,82.17%,,,,,,47.38%,,,,,,,,,87.44%,,,,,84.58%,77.30%,,82.36%,,,,,,,,,,91.63%,,,,,,,,,74.58%,,,,,,,,,,
2026-04-05 06:30,,,,,55.59%,,,80.84%,,,,,,42.43%,,,,,,,,,87.38%,,,,,84.48%,77.41%,,82.32%,,,,,,,,,,91.63%,,,,,,,,,74.41%,,,,,,,,,,
2026-04-05 07:30,,,,,57.51%,,,84.69%,,,,,,42.45%,,,,,,,,,87.52%,,,,,84.71%,77.00%,,82.46%,,,,,,,,,,91.41%,,,,,,,,,74.40%,,,,,,,,,,
2026-04-05 08:30,,,,,58.36%,,,82.67%,,,,,,41.17%,,,,,,,,,87.39%,,,,,84.73%,76.87%,,82.45%,,,,,,,,,,91.44%,,,,,,,,,74.40%,,,,,,,,,,
2026-04-05 09:30,,,,,55.50%,,,80.73%,,,,,,42.01%,,,,,,,,,87.49%,,,,,84.85%,77.12%,,82.40%,,,,,,,,,,91.45%,,,,,,,,,74.44%,,,,,,,,,,
2026-04-05 10:30,,,,,58.32%,,,82.79%,,,,,,42.03%,,,,,,,,,87.34%,,,,,85.07%,77.24%,,82.47%,,,,,,,,,,91.49%,,,,,,,,,74.48%,,,,,,,,,,
2026-04-05 11:30,,,,,58.10%,,,82.48%,,,,,,41.85%,,,,,,,,,87.52%,,,,,85.12%,77.45%,,82.44%,,,,,,,,,,91.52%,,,,,,,,,74.53%,,,,,,,,,,
2026-04-05 12:30,,,,,56.69%,,,81.34%,,,,,,42.41%,,,,,,,,,87.51%,,,,,85.10%,77.06%,,82.45%,,,,,,,,,,91.56%,,,,,,,,,74.60%,,,,,,,,,,
2026-04-05 13:30,,,,,56.71%,,,81.69%,,,,,,41.96%,,,,,,,,,87.62%,,,,,85.12%,77.01%,,82.56%,,,,,,,,,,91.58%,,,,,,,,,74.64%,,,,,,,,,,
2026-04-05 14:30,,,,,57.64%,,,82.42%,,,,,,41.55%,,,,,,,,,87.54%,,,,,85.03%,77.17%,,82.36%,,,,,,,,,,91.61%,,,,,,,,,74.70%,,,,,,,,,,
2026-04-05 15:30,,,,,59.48%,,,82.92%,,,,,,41.84%,,,,,,,,,87.62%,,,,,85.53%,77.45%,,82.28%,,,,,,,,,,91.63%,,,,,,,,,74.74%,,,,,,,,,,
2026-04-05 16:30,,,,,56.60%,,,81.96%,,,,,,41.86%,,99.95%,,,,,,91.69%,87.55%,,,,,85.18%,77.32%,,82.28%,,,,,,,,,,91.63%,,,,,,,,,74.75%,,,,,58.81%,,,,,
2026-04-05 17:30,,,,,54.29%,,,80.50%,,,,,,42.61%,,40.78%,,,,,,88.80%,87.46%,,,,,85.14%,77.28%,,82.29%,,,,,,,,,,91.65%,,,,,,,,,74.78%,,,,,58.81%,,,,,
2026-04-05 18:30,,,,,57.04%,,,81.66%,,,,,,41.99%,,15.80%,,,,,,86.53%,87.26%,,,,,85.15%,77.22%,,82.40%,,,,,,,,,,91.68%,,,,,,,,,74.82%,,,,,58.46%,,,,,
2026-04-05 19:30,,,,,57.59%,,,82.19%,,,,,,41.77%,,7.76%,,,,,,85.69%,87.49%,,,,,85.62%,77.36%,,82.30%,,,,,,,,,,91.71%,,,,,,,,,74.87%,,,,,58.50%,,,,,
2026-04-05 20:30,,,,,55.73%,,,81.13%,,,,,,40.15%,,,,,,,,,87.38%,,,,,85.63%,76.97%,,82.33%,,,,,,,,,,91.74%,,,,,,,,,74.92%,,,,,,,,,,
2026-04-05 21:30,,,,,56.46%,,,81.26%,,,,,,41.62%,,11.89%,,,,,,85.77%,87.85%,,,,,85.78%,77.24%,,82.26%,,,,,,,,,,91.77%,,,,,,,,,74.97%,,,,,58.50%,,,,,
2026-04-05 22:30,,,,,57.61%,,,82.27%,,,,,,41.27%,,9.11%,,,,,,87.99%,87.46%,,,,,85.70%,77.31%,,82.42%,,,,,,,,,,91.80%,,,,,,,,,75.02%,,,,,58.52%,,,,,
2026-04-05 23:30,,,,,56.85%,,,81.73%,,,,,,42.71%,,,,,,,,,87.89%,,,,,85.76%,77.70%,,82.41%,,,,,,,,,,91.83%,,,,,,,,,75.05%,,,,,,,,,,
2026-04-06 00:30,,,,,56.54%,,,81.31%,,,,,,42.33%,,,,,,,,,87.70%,,,,,85.98%,77.66%,,82.36%,,,,,,,,,,91.85%,,,,,,,,,75.10%,,,,,,,,,,
2026-04-06 01:30,,,,,55.17%,,,80.68%,,,,,,41.75%,,,,,,,,,87.88%,,,,,85.92%,77.35%,,82.35%,,,,,,,,,,91.88%,,,,,,,,,75.14%,,,,,,,,,,
2026-04-06 02:30,,,,,54.12%,,,80.29%,,,,,,46.00%,,,,,,,,,88.16%,,,,,85.83%,77.37%,,82.43%,,,,,,,,,,91.91%,,,,,,,,,75.18%,,,,,,,,,,
2026-04-06 03:30,,,,,57.61%,,,81.97%,,,,,,42.58%,,,,,,,,,88.13%,,,,,86.30%,77.30%,,82.34%,,,,,,,,,,92.09%,,,,,,,,,75.22%,,,,,,,,,,
2026-04-06 04:30,,,,,58.31%,,,82.70%,,,,,,42.35%,,,,,,,,,88.15%,,,,,86.93%,77.55%,,82.28%,,,,,,,,,,92.06%,,,,,,,,,75.27%,,,,,,,,,,
2026-04-06 05:30,,,,,57.65%,,,82.12%,,,,,,42.53%,,,,,,,,,88.17%,,,,,86.64%,77.63%,,82.36%,,,,,,,,,,92.07%,,,,,,,,,75.31%,,,,,,,,,,
2026-04-06 06:30,,,,,58.10%,,,82.30%,,,,,,42.18%,,,,,,,,,88.18%,,,,,86.52%,77.10%,,82.59%,,,,,,,,,,92.09%,,,,,,,,,75.34%,,,,,,,,,,
2026-04-06 07:30,,,,,56.94%,,,82.70%,,,,,,42.43%,,,,,,,,,88.29%,,,,,86.50%,77.21%,,82.48%,,,,,,,,,,92.12%,,,,,,,,,75.42%,,,,,,,,,,
2026-04-06 08:30,,,,,58.36%,,,84.44%,,,,,,42.22%,,,,,,,,,88.25%,,,,,86.51%,77.32%,,82.36%,,,,,,,,,,92.15%,,,,,,,,,75.60%,,,,,,,,,,
2026-04-06 09:30,,,,,58.95%,,,82.58%,,,,,,42.32%,,,,,,,,,88.26%,,,,,86.59%,77.54%,,82.42%,,,,,,,,,,92.15%,,,,,,,,,75.63%,,,,,,,,,,
2026-04-06 10:30,,,,,56.66%,,,81.88%,,,,,,41.82%,,,,,,,,,88.25%,,,,,86.61%,77.43%,,82.35%,,,,,,,,,,92.18%,,,,,,,,,75.67%,,,,,,,,,,
2026-04-06 11:30,,,,,56.86%,,,81.99%,,,,,,42.06%,,,,,,,,,88.30%,,,,,80.93%,77.15%,,82.38%,,,,,,,,,,91.97%,,,,,,,,,75.72%,,,,,,,,,,
2026-04-06 12:30,,,,,57.55%,,,81.84%,,,,,,42.26%,,,,,,,,,88.39%,,,,,84.32%,77.21%,,82.39%,,,,,,,,,,91.34%,,,,,,,,,75.79%,,,,,,,,,,
2026-04-06 13:30,,,,,57.48%,,,84.12%,,,,,,42.61%,,,,,,,,,88.34%,,,,,88.43%,77.51%,,82.35%,,,,,,,,,,90.42%,,,,,,,,,75.83%,,,,,,,,,,
2026-04-06 14:30,,,,,58.13%,,,82.58%,,,,,,43.07%,,,,,,,,,88.32%,,,,,80.25%,77.80%,,82.36%,,,,,,,,,,90.50%,,,,,,,,,75.87%,,,,,,,,,,
2026-04-06 15:30,,,,,55.86%,,,80.98%,,,,,,52.89%,,,,,,,,,88.31%,,,,,81.55%,77.53%,,82.33%,,,,,,,,,,90.62%,,,,,,,,,75.91%,,,,,,,,,,
2026-04-06 16:30,,,,,56.95%,,,82.05%,,,,,,44.44%,,,,,,,,,88.50%,,,,,81.09%,77.45%,,82.52%,,,,,,,,,,90.70%,,,,,,,,,75.99%,,,,,,,,,,
2026-04-06 17:30,,,,,52.74%,,,79.61%,,,,,,43.72%,,,,,,,,,88.39%,,,,,75.53%,77.62%,,82.45%,,,,,,,,,,90.63%,,,,,,,,,76.58%,,,,,,,,,,
2026-04-06 18:30,,,,,56.84%,,,81.58%,,,,,,43.68%,,,,,,,,,88.36%,,,,,78.85%,77.63%,,82.25%,,,,,,,,,,90.54%,,,,,,,,,78.47%,,,,,,,,,,
2026-04-06 19:30,,,,,57.33%,,,82.00%,,,,,,43.46%,,38.45%,,,,,,89.52%,88.41%,,,,,76.09%,77.86%,,82.02%,,,,,,,,,,90.67%,,,,,,,,,78.53%,,,,,58.31%,,,,,
2026-04-06 20:30,,,,,55.21%,,,81.29%,,,,,,43.72%,,28.37%,,,,,,89.77%,88.46%,,,,,76.25%,77.90%,,82.10%,,,,,,,,,,90.65%,,,,,,,,,78.56%,,,,,58.32%,,,,,
2026-04-06 21:30,,,,,55.39%,,,80.59%,,,,,,43.03%,,19.80%,,,,,,87.46%,88.60%,,,,,76.73%,77.57%,,82.14%,,,,,,,,,,90.39%,,,,,,,,,78.60%,,,,,58.33%,,,,,
2026-04-06 22:30,,,,,56.55%,,,83.49%,,,,,,42.15%,,13.19%,,,,,,87.21%,88.08%,,,,,77.02%,77.62%,,82.10%,,,,,,,,,,90.53%,,,,,,,,,78.64%,,,,,58.37%,,,,,
2026-04-06 23:30,,,,,55.03%,,,80.52%,,,,,,40.80%,,10.31%,,,,,,89.81%,88.44%,,,,,77.15%,77.45%,,82.09%,,,,,,,,,,90.67%,,,,,,,,,78.68%,,,,,58.38%,,,,,
2026-04-07 00:30,,,,,56.71%,,,81.34%,,,,,,40.82%,,,,,,,,,88.20%,,,,,77.63%,77.55%,,82.19%,,,,,,,,,,90.52%,,,,,,,,,78.74%,,,,,,,,,,
2026-04-07 01:30,,,,,57.68%,,,82.34%,,,,,,53.51%,,,,,,,,,88.21%,,,,,77.44%,77.67%,,82.23%,,,,,,,,,,90.56%,,,,,,,,,78.79%,,,,,,,,,,
2026-04-07 02:30,,,,,57.91%,,,82.05%,,,,,,46.16%,,,,,,,,,88.34%,,,,,77.76%,77.86%,,82.15%,,,,,,,,,,90.69%,,,,,,,,,78.83%,,,,,,,,,,
2026-04-07 03:30,,,,,55.67%,,,80.69%,,,,,,42.89%,,,,,,,,,87.97%,,,,,77.92%,77.70%,,82.09%,,,,,,,,,,90.57%,,,,,,,,,78.87%,,,,,,,,,,
2026-04-07 04:30,,,,,56.65%,,,81.64%,,,,,,48.98%,,,,,,,,,87.96%,,,,,78.23%,77.83%,,82.17%,,,,,,,,,,90.43%,,,,,,,,,78.92%,,,,,,,,,,
2026-04-07 05:30,,,,,55.63%,,,83.02%,,,,,,49.13%,,,,,,,,,88.09%,,,,,78.82%,77.76%,,82.13%,,,,,,,,,,90.56%,,,,,,,,,78.96%,,,,,,,,,,
2026-04-07 06:30,,,,,56.98%,,,81.67%,,,,,,43.30%,,,,,,,,,88.07%,,,,,78.57%,78.02%,,82.19%,,,,,,,,,,90.58%,,,,,,,,,78.99%,,,,,,,,,,
2026-04-07 07:30,,,,,56.46%,,,82.53%,,,,,,42.16%,,,,,,,,,88.22%,,,,,78.81%,78.00%,,82.12%,,,,,,,,,,90.55%,,,,,,,,,78.98%,,,,,,,,,,
2026-04-07 08:30,,,,,56.83%,,,82.05%,,,,,,42.12%,,,,,,,,,88.23%,,,,,78.97%,77.67%,,82.05%,,,,,,,,,,90.70%,,,,,,,,,79.06%,,,,,,,,,,
2026-04-07 09:30,,,,,57.56%,,,81.96%,,,,,,42.42%,,,,,,,,,88.43%,,,,,78.58%,77.74%,,82.12%,,,,,,,,,,90.77%,,,,,,,,,79.10%,,,,,,,,,,
2026-04-07 10:30,,,,,55.69%,,,81.47%,,,,,,43.03%,,,,,,,,,88.29%,,,,,78.49%,77.94%,,82.23%,,,,,,,,,,90.63%,,,,,,,,,79.13%,,,,,,,,,,
2026-04-07 11:30,,,,,56.06%,,,81.48%,,,,,,43.41%,,,,,,,,,88.45%,,,,,79.92%,78.05%,,82.13%,,,,,,,,,,90.55%,,,,,,,,,79.17%,,,,,,,,,,
2026-04-07 12:30,,,,,52.97%,,,79.47%,,,,,,43.23%,,,,,,,,,88.45%,,,,,80.14%,78.24%,,82.12%,,,,,,,,,,90.68%,,,,,,,,,79.23%,,,,,,,,,,
2026-04-07 13:30,,,,,55.86%,,,81.51%,,,,,,43.28%,,,,,,,,,88.51%,,,,,82.33%,77.94%,,82.14%,,,,,,,,,,90.59%,,,,,,,,,79.28%,,,,,,,,,,
2026-04-07 14:30,,,,,53.55%,,,82.34%,,,,,,42.42%,,,,,,,,,88.39%,,,,,77.63%,77.90%,,82.18%,,,,,,,,,,91.12%,,,,,,,,,79.32%,,,,,,,,,53.63%,
2026-04-07 15:30,,,,,54.87%,,,80.37%,,,,,,43.44%,,,,,,,,,88.56%,,,,,78.45%,78.11%,,82.24%,,,,,,,,,,91.25%,,,,,,,,,79.36%,,,,,,,,,,
2026-04-07 16:30,,,,,57.56%,,,82.51%,,,,,,42.88%,,,,,,,,,88.45%,,,,,78.73%,78.19%,,82.05%,,,,,,,,,,91.13%,,,,,,,,,79.40%,,,,,,,,,,
2026-04-07 17:30,,,,,57.86%,,,82.33%,,,,,,42.44%,,37.76%,,,,,,86.57%,88.59%,,,,,76.47%,77.88%,,82.06%,,,,,,,,,,91.20%,,,,,,,,,79.46%,,,,,58.49%,,,,,
2026-04-07 18:30,,,,,57.95%,,,82.28%,,,,,,41.84%,,32.89%,,,,,,88.36%,88.48%,,,,,77.14%,78.07%,,81.96%,,,,,,,,,,91.09%,,,,,,,,,79.50%,,,,,58.71%,,,,,
2026-04-07 19:30,,,,,59.14%,,,83.57%,,,,,,41.25%,,12.67%,,,,,,85.82%,88.48%,,,,,77.76%,78.20%,,82.04%,,,,,,,,,,91.06%,,,,,,,,,79.54%,,,,,58.87%,,,,,
2026-04-07 20:30,,,,,55.32%,,,81.84%,,,,,,42.38%,,17.07%,,,,,,86.65%,88.31%,,,,,78.13%,78.36%,,81.97%,,,,,,,,,,91.06%,,,,,,,,,79.59%,,,,,58.92%,,,,,
2026-04-07 21:30,,,,,55.35%,,,81.23%,,,,,,41.46%,,12.35%,,,,,,85.32%,88.25%,,,,,78.47%,78.38%,,81.99%,,,,,,,,,,91.20%,,,,,,,,,79.63%,,,,,58.93%,,,,,
2026-04-07 22:30,,,,,53.71%,,,82.38%,,,,,,41.23%,,,,,,,,,87.93%,,,,,78.76%,78.01%,,81.92%,,,,,,,,,,91.25%,,,,,,,,,79.67%,,,,,,,,,,
2026-04-07 23:30,,,,,56.10%,,,82.84%,,,,,,41.29%,,,,,,,,,88.33%,,,,,78.87%,78.03%,,81.98%,,,,,,,,,,91.20%,,,,,,,,,79.74%,,,,,,,,,,
2026-04-08 00:30,,,,,56.31%,,,82.21%,,,,,,41.28%,,,,,,,,,88.07%,,,,,78.89%,78.10%,,81.97%,,,,,,,,,,91.33%,,,,,,,,,79.79%,,,,,,,,,,
2026-04-08 01:30,,,,,57.18%,,,83.05%,,,,,,41.53%,,,,,,,,,88.16%,,,,,78.63%,78.43%,,82.00%,,,,,,,,,,91.22%,,,,,,,,,79.84%,,,,,,,,,,
2026-04-08 02:30,,,,,56.08%,,,82.89%,,,,,,44.99%,,,,,,,,,88.31%,,,,,78.79%,78.51%,,82.02%,,,,,,,,,,91.05%,,,,,,,,,79.93%,,,,,,,,,,
2026-04-08 03:30,,,,,55.91%,,,81.97%,,,,,,42.65%,,,,,,,,,87.65%,,,,,79.06%,78.03%,,82.08%,,,,,,,,,,91.20%,,,,,,,,,80.20%,,,,,,,,,,
2026-04-08 04:30,,,,,55.10%,,,82.15%,,,,,,46.37%,,,,,,,,,87.68%,,,,,78.86%,77.71%,,82.13%,,,,,,,,,,91.34%,,,,,,,,,80.23%,,,,,,,,,,
2026-04-08 05:30,,,,,57.86%,,,83.32%,,,,,,48.16%,,,,,,,,,87.74%,,,,,78.91%,78.25%,,82.10%,,,,,,,,,,91.21%,,,,,,,,,80.28%,,,,,,,,,,
2026-04-08 06:30,,,,,54.13%,,,81.02%,,,,,,41.88%,,,,,,,,,87.64%,,,,,80.22%,78.44%,,83.44%,,,,,,,,,,91.32%,,,,,,,,,80.31%,,,,,,,,,,
2026-04-08 07:30,,,,,58.26%,,,83.63%,,,,,,41.05%,,,,,,,,,87.66%,,,,,80.73%,78.22%,,91.55%,,,,,,,,,,91.46%,,,,,,,,,80.36%,,,,,,,,,,
2026-04-08 08:30,,,,,57.74%,,,85.75%,,,,,,41.65%,,,,,,,,,87.72%,,,,,80.93%,78.04%,,91.44%,,,,,,,,,,91.24%,,,,,,,,,80.40%,,,,,,,,,,
2026-04-08 09:30,,,,,58.32%,,,83.34%,,,,,,40.31%,,,,,,,,,87.68%,,,,,81.27%,77.90%,,91.43%,,,,,,,,,,91.19%,,,,,,,,,80.42%,,,,,,,,,,
2026-04-08 10:30,,,,,57.64%,,,83.85%,,,,,,41.03%,,,,,,,,,87.66%,,,,,81.04%,78.10%,,91.45%,,,,,,,,,,91.32%,,,,,,,,,80.47%,,,,,,,,,,
2026-04-08 11:30,,,,,56.00%,,,82.68%,,,,,,44.98%,,,,,,,,,87.76%,,,,,79.68%,78.32%,,91.60%,,,,,,,,,,91.52%,,,,,,,,,80.52%,,,,,,,,,,
2026-04-08 12:30,,,,,55.43%,,,81.74%,,,,,,48.15%,,,,,,,,,87.74%,,,,,78.76%,78.32%,,91.36%,,,,,,,,,,91.60%,,,,,,,,,80.56%,,,,,,,,,,
2026-04-08 13:30,,,,,56.57%,,,84.71%,,,,,,30.87%,,,,,,,,,87.77%,,,,,76.81%,76.78%,,91.34%,,,,,,,,,,91.44%,,,,,,,,,80.60%,,,,,,,,,,
2026-04-08 14:30,,,,,57.83%,,,83.51%,,,,,,32.23%,,,,,,,,,87.79%,,,,,79.76%,76.82%,,91.44%,,,,,,,,,,91.57%,,,,,,,,,80.66%,,,,,,,,,,
2026-04-08 15:30,,,,,55.87%,,,82.00%,,,,,,32.91%,,,,,,,,,87.84%,,,,,79.00%,77.06%,,91.34%,,,,,,,,,,91.50%,,,,,,,,,80.69%,,,,,,,,,,
2026-04-08 16:30,,,,,57.38%,,,83.16%,,,,,,32.72%,,,,,,,,,87.75%,,,,,79.39%,77.16%,,91.25%,,,,,,,,,,91.35%,,,,,,,,,80.75%,,,,,,,,,,
2026-04-08 17:30,,,,,56.86%,,,82.86%,,,,,,31.61%,,,,,,,,,87.72%,,,,,74.20%,77.13%,,91.18%,,,,,,,,,,91.44%,,,,,,,,,80.79%,,,,,,,,,,
2026-04-08 18:30,,,,,55.53%,,,81.90%,,,,,,31.00%,,,,,,,,,87.59%,,,,,73.89%,77.25%,,91.10%,,,,,,,,,,91.37%,,,,,,,,,80.84%,,,,,,,,,,
2026-04-08 19:30,,,,,56.11%,,,82.35%,,,,,,31.11%,,,,,,,,,87.58%,,,,,75.08%,76.74%,,90.93%,,,,,,,,,,91.46%,,,,,,,,,80.87%,,,,,,,,,,
2026-04-08 20:30,,,,,53.71%,,,81.34%,,,,,,30.13%,,,,,,,,,87.54%,,,,,75.03%,78.17%,,91.02%,,,,,,,,,,91.61%,,,,,,,,,80.92%,,,,,,,,,,
2026-04-08 21:30,,,,,55.65%,,,82.16%,,,,,,33.76%,,48.84%,,,,,,89.46%,87.94%,,,,,75.22%,84.54%,,91.08%,,,,,,,,,,91.62%,,,,,,,,,80.96%,,,,,58.55%,,,,,
2026-04-08 22:30,,,,,57.30%,,,83.33%,,,,,,31.66%,,,,,,,,,87.69%,,,,,75.49%,82.68%,,90.87%,,,,,,,,,,91.63%,,,,,,,,,81.02%,,,,,,,,,,
2026-04-08 23:30,,,,,55.17%,,,82.46%,,,,,,32.93%,,,,,,,,,87.83%,,,,,75.51%,82.72%,,88.67%,,,,,,,,,,91.57%,,,,,,,,,81.06%,,,,,,,,,,
2026-04-09 00:30,,,,,52.80%,,,80.72%,,,,,,30.45%,,,,,,,,,87.72%,,,,,75.50%,82.43%,,88.67%,,,,,,,,,,91.60%,,,,,,,,,80.62%,,,,,,,,,,
2026-04-09 01:30,,,,,54.07%,,,83.70%,,,,,,34.26%,,,,,,,,,87.98%,,,,,75.57%,83.21%,,88.43%,,,,,,,,,,91.55%,,,,,,,,,80.68%,,,,,,,,,,
2026-04-09 02:30,,,,,54.71%,,,82.20%,,,,,,36.94%,,,,,,,,,87.98%,,,,,75.61%,82.70%,,88.39%,,,,,,,,,,91.70%,,,,,,,,,80.71%,,,,,,,,,,
2026-04-09 03:30,,,,,57.38%,,,83.17%,,,,,,32.32%,,,,,,,,,87.86%,,,,,75.84%,80.81%,,88.24%,,,,,,,,,,91.84%,,,,,,,,,80.77%,,,,,,,,,,
2026-04-09 04:30,,,,,56.68%,,,83.07%,,,,,,30.93%,,,,,,,,,87.87%,,,,,76.03%,80.68%,,88.09%,,,,,,,,,,91.72%,,,,,,,,,80.82%,,,,,,,,,,
2026-04-09 05:30,,,,,56.16%,,,82.49%,,,,,,40.40%,,,,,,,,,87.96%,,,,,76.13%,80.85%,,87.98%,,,,,,,,,,91.87%,,,,,,,,,80.87%,,,,,,,,,,
2026-04-09 06:30,,,,,55.74%,,,82.24%,,,,,,35.14%,,,,,,,,,87.93%,,,,,76.26%,81.18%,,87.86%,,,,,,,,,,91.91%,,,,,,,,,80.93%,,,,,,,,,,
2026-04-09 07:30,,,,,56.62%,,,83.24%,,,,,,33.48%,,,,,,,,,87.92%,,,,,77.39%,81.53%,,87.81%,,,,,,,,,,91.69%,,,,,,,,,80.97%,,,,,,,,,,
2026-04-09 08:30,,,,,52.92%,,,80.95%,,,,,,33.35%,,,,,,,,,87.81%,,,,,77.50%,81.07%,,87.84%,,,,,,,,,,91.76%,,,,,,,,,81.02%,,,,,,,,,,
2026-04-09 09:30,,,,,55.52%,,,82.75%,,,,,,32.00%,,,,,,,,,87.94%,,,,,77.42%,80.34%,,87.53%,,,,,,,,,,91.92%,,,,,,,,,81.08%,,,,,,,,,,
2026-04-09 10:30,,,,,56.55%,,,83.25%,,,,,,32.94%,,,,,,,,,87.93%,,,,,77.43%,80.68%,,87.53%,,,,,,,,,,91.95%,,,,,,,,,81.14%,,,,,,,,,,
2026-04-09 11:30,,,,,56.15%,,,83.30%,,,,,,33.59%,,89.39%,,,,,,86.74%,87.99%,,,,,78.64%,80.51%,,87.41%,,,,,,,,,,91.94%,,,,,,,,,81.19%,,,,,58.45%,,,,,
2026-04-09 12:30,,,,,56.92%,,,83.28%,,,,,,35.40%,,27.45%,,,,,,87.68%,88.00%,,,,,79.06%,80.77%,,87.29%,,,,,,,55.81%,55.59%,55.61%,92.09%,,,,91.13%,91.13%,,,,81.24%,,,,,58.46%,,,58.57%,,
2026-04-09 13:30,,,,,56.24%,,,85.17%,,,,,,36.31%,,13.36%,,,,,,87.98%,88.11%,,,,,80.15%,81.03%,68.12%,87.11%,,,,,,,59.10%,59.07%,59.08%,92.18%,,,,91.14%,91.14%,,,,81.28%,,,,,58.49%,,,58.57%,,
2026-04-09 14:30,,,,,56.63%,,,83.33%,,,,,,37.50%,,9.51%,,,,,,87.47%,88.00%,,,,,72.95%,81.46%,69.16%,86.93%,,,,,,,59.86%,59.85%,59.86%,91.88%,,,,91.16%,91.16%,,,,81.34%,,,,,58.50%,,,58.58%,,
2026-04-09 15:30,,,,,54.73%,,,81.48%,,,,,,36.44%,,37.63%,,,,,,91.13%,88.05%,,,,,75.02%,81.00%,70.04%,87.05%,,,,,,,60.22%,60.22%,60.22%,92.03%,,,,91.16%,91.16%,,,,81.40%,,,,,58.60%,,,58.58%,,
2026-04-09 16:30,,,,,54.76%,,,82.10%,,,,,,37.82%,,26.46%,,,,,,90.54%,88.02%,,,,,73.08%,81.14%,71.47%,88.16%,,,,,,,60.28%,60.27%,60.27%,91.84%,,,,91.17%,91.17%,,,,81.47%,,,,,58.74%,,,58.58%,,
2026-04-09 17:30,,,,,53.84%,,,81.61%,,,,,,35.29%,,44.52%,,,,,,92.48%,88.15%,,,,,71.65%,80.42%,71.37%,88.07%,,,,,,,60.52%,60.51%,60.51%,91.57%,,,,91.16%,91.16%,,,,81.57%,,,,,59.44%,,,58.58%,,
2026-04-09 18:30,,,,,55.90%,,,82.80%,,,,,,38.81%,,34.91%,,,,,,92.62%,88.09%,,,,,73.94%,80.58%,70.75%,88.23%,,,,,,,60.49%,60.49%,60.49%,91.69%,,,,91.14%,91.14%,,,,81.60%,,,,,60.38%,,,58.57%,,
2026-04-09 19:30,,,,,55.25%,,,82.44%,,,,,,31.68%,,20.87%,,,,,,92.63%,88.10%,,,,,74.90%,80.49%,71.05%,88.17%,,,,,,,60.75%,60.75%,60.75%,91.85%,,,,91.15%,91.15%,,,,81.65%,,,,,60.38%,,,58.58%,,
2026-04-09 20:30,,,,,56.62%,,,82.81%,,,,,,32.59%,,16.77%,,,,,,90.32%,87.91%,,,,,75.16%,80.57%,,88.20%,,,,,,,,,,91.81%,,,,,,,,,81.67%,,,,,60.25%,,,,,
2026-04-09 21:30,,,,,55.79%,,,81.27%,,,,,,30.41%,,10.41%,,,,,,88.65%,88.10%,,,,,75.14%,80.31%,,88.23%,,,,,,,,,,91.65%,,,,,,,,,81.70%,,,,,59.37%,,,,,
2026-04-09 22:30,,,,,55.00%,,,81.21%,,,,,,33.86%,,,,,,,,,87.79%,,,,,75.46%,80.90%,,88.23%,,,,,,,,,,91.75%,,,,,,,,,81.74%,,,,,,,,,,
2026-04-09 23:30,,,,,56.73%,,,82.01%,,,,,,32.77%,,,,,,,,,88.10%,,,,,75.50%,80.88%,,88.26%,,,,,,,,,,91.79%,,,,,,,,,81.79%,,,,,,,,,,
2026-04-10 00:30,,,,,57.43%,,,82.27%,,,,,,32.19%,,,,,,,,,87.99%,,,,,75.62%,80.91%,,88.23%,,,,,,,,,,91.76%,,,,,,,,,81.83%,,,,,,,,,,
2026-04-10 01:30,,,,,56.38%,,,81.87%,,,,,,32.56%,,,,,,,,,87.77%,,,,,75.81%,80.68%,,88.44%,,,,,,,,,,91.90%,,,,,,,,,81.87%,,,,,,,,,,
2026-04-10 02:30,,,,,53.98%,,,80.58%,,,,,,31.60%,,,,,,,,,87.95%,,,,,75.94%,80.67%,,88.50%,,,,,,,,,,92.01%,,,,,,,,,81.91%,,,,,,,,,,
2026-04-10 03:30,,,,,55.17%,,,81.02%,,,,,,34.69%,,,,,,,,,87.51%,,,,,76.05%,80.81%,,88.55%,,,,,,,,,,91.90%,,,,,,,,,81.96%,,,,,,,,,,
2026-04-10 04:30,,,,,57.68%,,,82.54%,,,,,,30.58%,,,,,,,,,87.58%,,,,,76.31%,80.26%,,88.45%,,,,,,,,,,91.93%,,,,,,,,,82.01%,,,,,,,,,,
2026-04-10 05:30,,,,,53.09%,,,82.03%,,,,,,30.76%,,,,,,,,,87.73%,,,,,76.28%,80.18%,,88.44%,,,,,,,,,,91.94%,,,,,,,,,82.05%,,,,,,,,,,
2026-04-10 06:30,,,,,55.71%,,,81.31%,,,,,,29.33%,,,,,,,,,87.67%,,,,,76.40%,80.02%,,88.48%,,,,,,,,,,91.85%,,,,,,,,,82.09%,,,,,,,,,,
2026-04-10 07:30,,,,,58.26%,,,82.91%,,,,,,31.84%,,,,,,,,,87.80%,,,,,76.45%,80.07%,,88.58%,,,,,,,,,,91.96%,,,,,,,,,82.12%,,,,,,,,,,
2026-04-10 08:30,,,,,56.20%,,,82.08%,,,,,,30.82%,,,,,,,,,87.79%,,,,,76.39%,80.25%,,88.57%,,,,,,,,,,92.10%,,,,,,,,,82.08%,,,,,,,,,,
2026-04-10 09:30,,,,,55.19%,,,80.97%,,,,,,32.19%,,,,,,,,,87.80%,,,,,76.46%,80.50%,,88.43%,,,,,,,,,,92.09%,,,,,,,,,82.12%,,,,,,,,,,
2026-04-10 10:30,,,,,57.26%,,,83.04%,,,,,,31.32%,,,,,,,,,87.70%,,,,,76.43%,80.40%,,88.52%,,,,,,,,,,92.12%,,,,,,,,,82.17%,,,,,,,,,,
2026-04-10 11:30,,,,,53.82%,,,80.51%,,,,,,34.45%,,,,,,,,,87.83%,,,,,77.06%,81.01%,,88.55%,,,,,,,,,,92.22%,,,,,,,,,82.20%,,,,,,,,,,
2026-04-10 12:30,,,,,56.57%,,,81.81%,,,,,,36.12%,,40.82%,,,,,,88.35%,87.83%,,,,,79.29%,81.16%,,88.54%,,,,,,,,,,92.09%,,,,,,,,,82.25%,,,,,58.99%,,,,,
2026-04-10 13:30,,,,,56.07%,,,84.35%,,,,,,44.13%,,21.27%,,,,,,87.18%,87.90%,,,,,78.17%,80.59%,,88.69%,,,,,,,,,,92.10%,,,,,,,,,82.28%,,,,,59.07%,,,,,
2026-04-10 14:30,,,,,54.36%,,,80.95%,,,,,,39.27%,,,,,,,,,87.83%,,,,,76.90%,80.54%,,88.53%,,,,,,,,,,92.27%,,,,,,,,,82.33%,,,,,,,,,,
2026-04-10 15:30,,,,,56.89%,,,81.93%,,,,,,35.24%,,29.95%,,,,,,84.87%,87.94%,,,,,77.65%,80.29%,,88.75%,,,,,,,,,,92.40%,,,,,,,,,82.37%,,,,,59.15%,,,,,
2026-04-10 16:30,,,,,54.31%,,,80.90%,,,,,,36.89%,,,,,,,,,87.89%,,,,,77.56%,80.44%,,88.72%,,,,,,,,,,92.23%,,,,,,,,,82.42%,,,,,,,,,,
2026-04-10 17:30,,,,,56.71%,,,82.10%,,,,,,39.53%,,41.25%,,,,,,88.75%,88.04%,,,,,77.50%,80.46%,,88.72%,,,,,,,,,,92.38%,,,,,,,,,82.46%,,,,,59.36%,,,,,
2026-04-10 18:30,,,,,58.28%,,,82.69%,,,,,,38.38%,,12.94%,,,,,,87.07%,87.53%,,,,,77.68%,80.37%,,88.82%,,,,,,,,,,92.53%,,,,,,,,,82.50%,,,,,59.35%,,,,,
2026-04-10 19:30,,,,,57.76%,,,82.88%,,,,,,32.23%,,14.75%,,,,,,87.27%,87.68%,,,,,77.82%,80.39%,,88.74%,,,,,,,,,,92.25%,,,,,,,,,82.70%,,,,,59.35%,,,,,
2026-04-10 20:30,,,,,55.20%,,,81.14%,,,,,,33.08%,,6.07%,,,,,,85.63%,87.74%,,,,,77.86%,80.62%,,88.73%,,,,,,,,,,92.26%,,,,,,,,,82.78%,,,,,59.35%,,,,,
2026-04-10 21:30,,,,,56.17%,,,81.32%,,,,,,30.56%,,,,,,,,,87.84%,,,,,78.02%,80.03%,,88.87%,,,,,,,,,,92.42%,,,,,,,,,82.84%,,,,,,,,,,
2026-04-10 22:30,,,,,53.84%,,,80.47%,,,,,,32.15%,,,,,,,,,87.69%,,,,,77.99%,80.35%,,88.86%,,,,,,,,,,92.45%,,,,,,,,,82.88%,,,,,,,,,,
2026-04-10 23:30,,,,,55.91%,,,81.46%,,,,,,32.83%,,,,,,,,,88.04%,,,,,78.23%,80.59%,,88.82%,,,,,,,,,,92.42%,,,,,,,,,82.92%,,,,,,,,,,
2026-04-11 00:30,,,,,54.51%,,,80.28%,,,,,,32.18%,,,,,,,,,87.81%,,,,,80.36%,80.25%,,88.87%,,,,,,,,,,92.55%,,,,,,,,,82.97%,,,,,,,,,,
2026-04-11 01:30,,,,,56.18%,,,83.94%,,,,,,41.00%,,,,,,,,,87.91%,,,,,84.41%,80.35%,,88.87%,,,,,,,,,,92.60%,,,,,,,,,83.00%,,,,,,,,,,
2026-04-11 02:30,,,,,52.62%,,,79.95%,,,,,,35.93%,,,,,,,,,87.80%,,,,,84.69%,80.60%,,88.98%,,,,,,,,,,92.46%,,,,,,,,,83.01%,,,,,,,,,,
2026-04-11 03:30,,,,,51.89%,,,79.05%,,,,,,35.21%,,,,,,,,,88.08%,,,,,84.55%,80.45%,,89.09%,,,,,,,,,,92.45%,,,,,,,,,83.06%,,,,,,,,,,
2026-04-11 04:30,,,,,57.13%,,,82.35%,,,,,,33.68%,,,,,,,,,88.14%,,,,,85.30%,80.50%,,89.02%,,,,,,,,,,92.49%,,,,,,,,,83.10%,,,,,,,,,,
2026-04-11 05:30,,,,,54.43%,,,82.36%,,,,,,32.27%,,,,,,,,,88.12%,,,,,84.71%,80.14%,,89.12%,,,,,,,,,,92.57%,,,,,,,,,83.14%,,,,,,,,,,
2026-04-11 06:30,,,,,55.66%,,,81.22%,,,,,,31.77%,,,,,,,,,88.01%,,,,,84.69%,80.25%,,89.13%,,,,,,,,,,92.62%,,,,,,,,,83.19%,,,,,,,,,,
2026-04-11 07:30,,,,,53.89%,,,80.60%,,,,,,32.21%,,,,,,,,,88.11%,,,,,85.32%,80.51%,,89.03%,,,,,,,,,,92.71%,,,,,,,,,83.24%,,,,,,,,,,
2026-04-11 08:30,,,,,52.69%,,,79.93%,,,,,,32.65%,,,,,,,,,88.06%,,,,,85.14%,80.68%,,89.02%,,,,,,,,,,92.76%,,,,,,,,,83.44%,,,,,,,,,,
2026-04-11 09:30,,,,,53.51%,,,79.77%,,,,,,43.16%,,,,,,,,,88.13%,,,,,85.21%,80.76%,,88.97%,,,,,,,,,,92.59%,,,,,,,,,83.55%,,,,,,,,,,
2026-04-11 10:30,,,,,52.97%,,,80.58%,,,,,,35.45%,,,,,,,,,88.21%,,,,,85.15%,80.60%,,88.76%,,,,,,,,,,92.62%,,,,,,,,,83.60%,,,,,,,,,,
2026-04-11 11:30,,,,,56.50%,,,82.01%,,,,,,33.79%,,,,,,,,,88.18%,,,,,84.21%,80.54%,,88.03%,,,,,,,,,,92.72%,,,,,,,,,83.56%,,,,,,,,,,
2026-04-11 12:30,,,,,54.08%,,,80.39%,,,,,,35.32%,,,,,,,,,88.17%,,,,,85.01%,80.45%,,87.29%,,,,,,,,,,92.76%,,,,,,,,,83.64%,,,,,,,,,,
2026-04-11 13:30,,,,,52.66%,,,79.89%,,,,,,36.12%,,,,,,,,,88.21%,,,,,83.54%,80.62%,,87.29%,,,,,,,,,,92.85%,,,,,,,,,83.69%,,,,,,,,,,
2026-04-11 14:30,,,,,56.85%,,,81.96%,,,,,,38.41%,,,,,,,,,88.14%,,,,,82.60%,81.14%,,87.35%,,,,,,,,,,92.88%,,,,,,,,,83.73%,,,,,,,,,,
2026-04-11 15:30,,,,,53.95%,,,80.07%,,,,,,38.56%,,,,,,,,,88.24%,,,,,83.30%,81.05%,,87.14%,,,,,,,,,,92.92%,,,,,,,,,83.77%,,,,,,,,,,
2026-04-11 16:30,,,,,55.59%,,,81.39%,,,,,,39.09%,,76.93%,,,,,,81.45%,88.20%,,,,,83.00%,81.18%,,87.06%,,,,,,,,,,92.73%,,,,,,,,,83.82%,,,,,59.32%,,,,,
2026-04-11 17:30,,,,,56.39%,,,81.65%,,,,,,40.03%,,47.91%,,,,,,90.20%,88.26%,,,,,82.80%,81.23%,,87.15%,,,,,,,,,,92.82%,,,,,,,,,83.85%,,,,,58.74%,,,,,
2026-04-11 18:30,,,,,51.92%,,,79.52%,,,,,,41.77%,,14.61%,,,,,,87.27%,88.18%,,,,,82.40%,81.22%,,86.97%,,,,,,,,,,92.87%,,,,,,,,,83.99%,,,,,58.99%,,,,,
2026-04-11 19:30,,,,,55.62%,,,81.36%,,,,,,36.05%,,9.07%,,,,,,86.88%,88.11%,,,,,83.57%,81.12%,,87.15%,,,,,,,,,,92.97%,,,,,,,,,84.10%,,,,,59.06%,,,,,
2026-04-11 20:30,,,,,56.97%,,,82.08%,,,,,,33.09%,,,,,,,,,88.05%,,,,,82.24%,80.80%,,87.07%,,,,,,,,,,93.01%,,,,,,,,,84.17%,,,,,,,,,,
2026-04-11 21:30,,,,,54.83%,,,80.58%,,,,,,34.38%,,30.08%,,,,,,88.31%,88.15%,,,,,82.72%,81.14%,,87.02%,,,,,,,,,,93.13%,,,,,,,,,84.21%,,,,,59.10%,,,,,
2026-04-11 22:30,,,,,57.35%,,,82.48%,,,,,,34.65%,,,,,,,,,87.88%,,,,,82.78%,81.39%,,86.86%,,,,,,,,,,93.03%,,,,,,,,,84.24%,,,,,,,,,,
2026-04-11 23:30,,,,,55.01%,,,81.03%,,,,,,32.63%,,,,,,,,,88.11%,,,,,83.31%,81.04%,,87.05%,,,,,,,,,,93.01%,,,,,,,,,84.28%,,,,,,,,,,
2026-04-12 00:30,,,,,53.02%,,,79.61%,,,,,,34.29%,,,,,,,,,88.04%,,,,,80.96%,81.06%,,86.96%,,,,,,,,,,93.09%,,,,,,,,,84.32%,,,,,,,,,,
2026-04-12 01:30,,,,,54.61%,,,81.02%,,,,,,33.77%,,,,,,,,,88.09%,,,,,78.41%,80.93%,,86.90%,,,,,,,,,,93.11%,,,,,,,,,84.37%,,,,,,,,,,
2026-04-12 02:30,,,,,53.65%,,,80.38%,,,,,,38.69%,,,,,,,,,88.27%,,,,,78.27%,81.14%,,86.83%,,,,,,,,,,93.14%,,,,,,,,,84.41%,,,,,,,,,,
2026-04-12 03:30,,,,,51.90%,,,79.12%,,,,,,35.75%,,,,,,,,,87.76%,,,,,78.38%,81.12%,,86.92%,,,,,,,,,,93.29%,,,,,,,,,84.47%,,,,,,,,,,
2026-04-12 04:30,,,,,52.48%,,,79.74%,,,,,,32.69%,,,,,,,,,87.94%,,,,,78.41%,80.83%,,86.74%,,,,,,,,,,93.36%,,,,,,,,,84.52%,,,,,,,,,,
2026-04-12 05:30,,,,,56.41%,,,81.66%,,,,,,33.51%,,,,,,,,,88.06%,,,,,78.54%,80.98%,,86.73%,,,,,,,,,,93.21%,,,,,,,,,84.55%,,,,,,,,,,
2026-04-12 06:30,,,,,55.58%,,,81.08%,,,,,,32.11%,,,,,,,,,87.99%,,,,,78.55%,80.82%,,86.34%,,,,,,,,,,93.19%,,,,,,,,,84.61%,,,,,,,,,,
2026-04-12 07:30,,,,,55.61%,,,83.40%,,,,,,35.04%,,,,,,,,,88.05%,,,,,78.55%,81.23%,,85.84%,,,,,,,,,,93.33%,,,,,,,,,84.66%,,,,,,,,,,
2026-04-12 08:30,,,,,56.39%,,,81.81%,,,,,,32.99%,,,,,,,,,88.02%,,,,,78.29%,81.04%,,85.70%,,,,,,,,,,93.22%,,,,,,,,,84.71%,,,,,,,,,,
2026-04-12 09:30,,,,,55.52%,,,80.94%,,,,,,45.17%,,,,,,,,,88.13%,,,,,78.64%,80.89%,,85.76%,,,,,,,,,,93.36%,,,,,,,,,84.76%,,,,,,,,,,
2026-04-12 10:30,,,,,56.08%,,,81.96%,,,,,,31.84%,,,,,,,,,88.06%,,,,,78.72%,80.80%,,85.62%,,,,,,,,,,93.51%,,,,,,,,,84.81%,,,,,,,,,,
2026-04-12 11:30,,,,,55.05%,,,81.62%,,,,,,32.01%,,,,,,,,,88.12%,,,,,79.01%,80.90%,,85.65%,,,,,,,,,,93.45%,,,,,,,,,84.86%,,,,,,,,,,
2026-04-12 12:30,,,,,56.28%,,,81.41%,,,,,,32.77%,,,,,,,,,88.06%,,,,,79.17%,80.89%,,85.56%,,,,,,,,,,93.52%,,,,,,,,,84.90%,,,,,,,,,,
2026-04-12 13:30,,,,,56.61%,,,84.18%,,,,,,34.12%,,,,,,,,,88.08%,,,,,79.18%,80.99%,,85.51%,,,,,,,,,,93.41%,,,,,,,,,84.94%,,,,,,,,,,
2026-04-12 14:30,,,,,56.49%,,,81.85%,,,,,,36.93%,,,,,,,,,88.04%,,,,,79.14%,81.39%,,85.46%,,,,,,,,,,93.45%,,,,,,,,,84.99%,,,,,,,,,,
2026-04-12 15:30,,,,,50.60%,,,78.13%,,,,,,38.57%,,,,,,,,,88.12%,,,,,79.49%,81.39%,,85.45%,,,,,,,,,,93.41%,,,,,,,,,85.03%,,,,,,,,,,
2026-04-12 16:30,,,,,53.65%,,,80.42%,,,,,,38.73%,,,,,,,,,88.02%,,,,,79.02%,81.48%,,85.44%,,,,,,,,,,93.51%,,,,,,,,,85.07%,,,,,,,,,,
2026-04-12 17:30,,,,,52.99%,,,80.10%,,,,,,39.23%,,43.37%,,,,,,87.63%,88.03%,,,,,78.98%,81.49%,,85.46%,,,,,,,,,,93.62%,,,,,,,,,85.11%,,,,,59.23%,,,,,
2026-04-12 18:30,,,,,53.32%,,,80.21%,,,,,,38.77%,,,,,,,,,88.01%,,,,,79.24%,81.27%,,85.44%,,,,,,,,,,93.53%,,,,,,,,,85.16%,,,,,,,,,,
2026-04-12 19:30,,,,,52.31%,,,79.49%,,,,,,33.83%,,,,,,,,,87.97%,,,,,79.25%,81.31%,,85.22%,,,,,,,,,,93.67%,,,,,,,,,85.23%,,,,,,,,,,
2026-04-12 20:30,,,,,55.18%,,,81.12%,,,,,,32.01%,,,,,,,,,88.01%,,,,,79.27%,81.54%,,85.19%,,,,,,,,,,93.64%,,,,,,,,,85.26%,,,,,,,,,,
2026-04-12 21:30,,,,,53.94%,,,80.14%,,,,,,32.76%,,,,,,,,,88.30%,,,,,79.41%,81.78%,,85.21%,,,,,,,,,,93.45%,,,,,,,,,85.31%,,,,,,,,,,
2026-04-12 22:30,,,,,53.63%,,,80.50%,,,,,,32.98%,,,,,,,,,87.98%,,,,,79.49%,81.72%,,85.22%,,,,,,,,,,93.56%,,,,,,,,,85.35%,,,,,,,,,,
2026-04-12 23:30,,,,,54.05%,,,80.53%,,,,,,31.72%,,,,,,,,,88.10%,,,,,79.35%,81.86%,,85.02%,,,,,,,,,,93.71%,,,,,,,,,85.40%,,,,,,,,,,
2026-04-13 00:30,,,,,55.51%,,,81.14%,,,,,,33.71%,,,,,,,,,87.95%,,,,,79.13%,82.04%,,85.13%,,,,,,,,,,93.69%,,,,,,,,,85.43%,,,,,,,,,,
2026-04-13 01:30,,,,,54.04%,,,80.69%,,,,,,32.17%,,,,,,,,,87.99%,,,,,79.33%,81.98%,,84.98%,,,,,,,,,,93.72%,,,,,,,,,85.48%,,,,,,,,,,
2026-04-13 02:30,,,,,54.93%,,,81.13%,,,,,,31.28%,,,,,,,,,88.03%,,,,,79.34%,81.95%,,85.06%,,,,,,,,,,93.88%,,,,,,,,,85.53%,,,,,,,,,,
2026-04-13 03:30,,,,,55.12%,,,80.87%,,,,,,35.80%,,,,,,,,,88.01%,,,,,79.48%,81.77%,,85.09%,,,,,,,,,,93.87%,,,,,,,,,85.57%,,,,,,,,,,
2026-04-13 04:30,,,,,55.18%,,,81.52%,,,,,,35.36%,,,,,,,,,88.00%,,,,,79.40%,82.31%,,84.92%,,,,,,,,,,93.61%,,,,,,,,,85.60%,,,,,,,,,,
2026-04-13 05:30,,,,,54.62%,,,80.76%,,,,,,34.04%,,,,,,,,,88.29%,,,,,79.99%,82.01%,,84.87%,,,,,,,,,,93.76%,,,,,,,,,85.66%,,,,,,,,,,
2026-04-13 06:30,,,,,54.70%,,,80.63%,,,,,,32.07%,,,,,,,,,88.25%,,,,,79.73%,81.82%,,84.69%,,,,,,,,,,93.90%,,,,,,,,,85.71%,,,,,,,,,,
2026-04-13 07:30,,,,,55.05%,,,81.26%,,,,,,32.82%,,,,,,,,,88.39%,,,,,79.82%,82.00%,,84.82%,,,,,,,,,,93.76%,,,,,,,,,85.75%,,,,,,,,,,
2026-04-13 08:30,,,,,55.37%,,,81.30%,,,,,,34.40%,,,,,,,,,88.35%,,,,,79.76%,82.47%,,84.76%,,,,,,,,,,93.92%,,,,,,,,,85.80%,,,,,,,,,,
2026-04-13 09:30,,,,,52.34%,,,79.36%,,,,,,33.65%,,,,,,,,,88.42%,,,,,79.62%,82.27%,,84.68%,,,,,,,,,,94.07%,,,,,,,,,85.84%,,,,,,,,,,
2026-04-13 10:30,,,,,55.33%,,,81.61%,,,,,,35.21%,,,,,,,,,88.46%,,,,,79.70%,82.15%,,84.79%,,,,,,,,,,94.02%,,,,,,,,,85.88%,,,,,,,,,,
2026-04-13 11:30,,,,,53.09%,,,80.19%,,,,,,35.52%,,,,,,,,,88.48%,,,,,80.23%,82.13%,,84.53%,,,,,,,,,,93.84%,,,,,,,,,85.92%,,,,,,,,,,
2026-04-13 12:30,,,,,56.35%,,,83.01%,,,,,,35.27%,,,,,,,,,88.46%,,,,,81.70%,82.15%,,84.77%,,,,,,,,,,93.95%,,,,,,,,,87.79%,,,,,,,,,,
2026-04-13 13:30,,,,,54.40%,,,83.76%,,,,,,38.04%,,,,,,,,,88.59%,,,,,81.28%,82.36%,,84.77%,,,,,,,,,,93.99%,,,,,,,,,88.73%,,,,,,,,,,
2026-04-13 14:30,,,,,55.27%,,,82.44%,,,,,,37.20%,,,,,,,,,88.46%,,,,,73.92%,82.24%,,84.68%,,,,,,,,,,93.98%,,,,,,,,,88.77%,,,,,,,,,,
2026-04-13 15:30,,,,,53.74%,,,81.01%,,,,,,40.58%,,,,,,,,,88.51%,,,,,71.58%,82.58%,,84.64%,,,,,,,,,,94.12%,,,,,,,,,88.82%,,,,,,,,,,
2026-04-13 16:30,,,,,,,,10.51%,,,,,,41.60%,,,,,,,,,88.41%,,,,,73.35%,82.76%,,,,,,,,,,,,94.19%,,,,,,,,,84.91%,,,,,,,,,,
2026-04-13 17:30,,,,,,,,7.31%,,,,,,44.93%,,,,,,,,,88.43%,,,,,74.22%,82.62%,,,,,,,,,,,,94.09%,,,,,,,,,83.19%,,,,,,,,,,
2026-04-13 18:30,,,,,,,,6.13%,,,,,,40.49%,,56.02%,,,,,,90.50%,88.30%,,,,,75.52%,82.59%,,,,,,,,,,,,94.13%,,,,,,,,,82.93%,,,,,59.18%,,,,,
2026-04-13 19:30,,,,,,,,,,,,,,34.14%,,33.95%,,,,,,90.55%,88.33%,,,,,76.70%,82.58%,,,,,,,,,,,,94.11%,,,,,,,,,,,,,,58.65%,,,,,
2026-04-13 20:30,,,,,,,,,,,,,,34.14%,,31.99%,,,,,,87.42%,88.26%,,,,,76.93%,82.79%,,,,,,,,,,,,94.04%,,,,,,,,,,,,,,60.02%,,,,,
2026-04-13 21:30,,,,,,,,,,,,,,32.60%,,12.04%,,,,,,86.50%,88.41%,,,,,76.92%,82.59%,,,,,,,,,,,,94.12%,,,,,,,,,,,,,,60.29%,,,,,
2026-04-13 22:30,,,,,,,,,,,,,,34.29%,,8.61%,,,,,,88.14%,88.02%,,,,,76.98%,82.91%,,,,,,,,,,,,94.28%,,,,,,,,,,,,,,60.32%,,,,,
2026-04-13 23:30,,,,,,,,,,,,,,33.41%,,,,,,,,,88.26%,,,,,77.21%,82.77%,,,,,,,,,,,,94.26%,,,,,,,,,,,,,,,,,,,
2026-04-14 00:30,,,,,,,,,,,,,,32.26%,,,,,,,,,88.18%,,,,,77.33%,82.66%,,,,,,,,,,,,94.30%,,,,,,,,,,,,,,,,,,,
2026-04-14 01:30,,,,,,,,,,,,,,38.45%,,,,,,,,,88.15%,,,,,77.35%,82.24%,,,,,,,,,,,,94.42%,,,,,,,,,,,,,,,,,,,
2026-04-14 02:30,,,,,,,,,,,,,,39.31%,,,,,,,,,88.17%,,,,,77.52%,82.67%,,,,,,,,,,,,94.21%,,,,,,,,,,,,,,,,,,,
2026-04-14 03:30,,,,,,,,,,,,,,32.70%,,,,,,,,,87.57%,,,,,77.46%,83.12%,,,,,,,,,,,,94.16%,,,,,,,,,,,,,,,,,,,
2026-04-14 04:30,,,,,,,,,,,,,,33.74%,,,,,,,,,87.50%,,,,,78.00%,83.43%,,,,,,,,,,,,94.39%,,,,,,,,,,,,,,,,,,,
2026-04-14 05:30,,,,,,,,,,,,,,33.37%,,,,,,,,,87.68%,,,,,78.39%,83.64%,,,,,,,,,,,,94.64%,,,,,,,,,,,,,,,,,,,
2026-04-14 06:30,,,,,,,,,,,,,,31.09%,,,,,,,,,87.59%,,,,,78.23%,83.91%,,,,,,,,,,,,94.54%,,,,,,,,,,,,,,,,,,,
2026-04-14 07:30,,,,,,,,,,,,,,32.53%,,,,,,,,,87.73%,,,,,78.84%,84.06%,,,,,,,,,,,,94.67%,,,,,,,,,,,,,,,,,,,
2026-04-14 08:30,,,,,,,,16.54%,,,,,,32.41%,,,,,,,,,87.66%,,,,,79.79%,84.18%,,,,,,,,,,,,94.82%,,,,,,,,,82.81%,,,,,,,,,,
2026-04-14 09:30,,,,,,,,4.04%,,,,,,34.98%,,,,,,,,,87.78%,,,,,79.97%,84.52%,,,,,,,,,,,,94.52%,,,,,,,,,82.78%,,,,,,,,,,
2026-04-14 10:30,,,,,,,,,,,,,,35.15%,,,,,,,,,87.77%,,,,,80.06%,84.34%,,,,,,,,,,,,94.57%,,,,,,,,,,,,,,,,,,,
2026-04-14 11:30,,,,,,,,,,,,,,34.00%,,33.20%,,,,,,88.34%,87.84%,,,,,80.19%,84.17%,,,,,,,,,,,,94.70%,,,,,,,,,,,,,,58.92%,,,,,
2026-04-14 12:30,,,,,,,,,,,,,,35.38%,,17.30%,,,,,,88.33%,87.76%,,,,,80.62%,84.36%,,,,,,,,,,,,94.69%,,,,,,,,,,,,,,58.96%,,,,,
2026-04-14 13:30,,,,,,,,,,,,,,46.45%,,,,,,,,,87.89%,,,,,79.51%,84.44%,,,,,,,,,,,,94.76%,,,,,,,,,,,,,,,,,,,
2026-04-14 14:30,,,,,,,,,,,,,,37.82%,,,,,,,,,87.92%,,,,,79.36%,84.14%,,,,,,,,,,,,94.93%,,,,,,,,,,,,,,,,,,,
2026-04-14 15:30,,,,,,,,,,,,,,35.80%,,0.06%,,,,,,92.15%,87.70%,,,,,76.78%,84.16%,,,,,,,,,,,,94.99%,,,,,,,,,,,,,,58.95%,,,,,
2026-04-14 16:30,,,,,,,,,,,,,,39.85%,,18.61%,,,,,,85.72%,87.34%,,,,,77.45%,84.56%,,,,,,,,,,,,94.78%,,,,,,,,,,,,,,59.01%,,,,,
2026-04-14 17:30,,,,,,,,,,,,,,39.88%,,,,,,,,,87.48%,,,,,75.04%,84.43%,,,,,,,,,,,,94.96%,,,,,,,,,,,,,,,,,,,
2026-04-14 18:30,,,,,,,,,,,,,,37.43%,,42.97%,,,,,,90.43%,87.38%,,,,,75.35%,84.29%,,,,,,,,,,,,95.21%,,,,,,,,,,,,,,58.89%,,,,,
2026-04-14 19:30,,,,,,,,,,,,,,36.65%,,,,,,,,,87.45%,,,,,76.28%,84.65%,,,,,,,,,,,,95.08%,,,,,,,,,,,,,,,,,,,
2026-04-14 20:30,,,,,,,,,,,,,,32.83%,,36.46%,,,,,,88.05%,87.43%,,,,,76.63%,84.59%,,,,,,,,,,,,95.23%,,,,,,,,,,,,,,58.98%,,,,,
2026-04-14 21:30,,,,,,,,,,,,,,32.38%,,19.68%,,,,,,88.66%,87.83%,,,,,76.57%,84.31%,,,,,,,,,,,,95.38%,,,,,,,,,,,,,,59.03%,,,,,
2026-04-14 22:30,,,,,,,,,,,,,,34.01%,,0.28%,,,,,,95.61%,87.57%,,,,,76.89%,84.65%,,,,,,,,,,,,95.32%,,,,,,,,,,,,,,59.04%,,,,,
2026-04-14 23:30,,,,,,,,,,,,,,33.23%,,,,,,,,,87.81%,,,,,77.31%,84.57%,,,,,,,,,,,,95.35%,,,,,,,,,,,,,,,,,,,
2026-04-15 00:30,,,,,,,,,,,,,,33.12%,,,,,,,,,87.88%,,,,,77.59%,84.54%,,,,,,,,,,,,95.26%,,,,,,,,,,,,,,,,,,,
2026-04-15 01:30,,,,,,,,,,,,,,41.81%,,,,,,,,,87.75%,,,,,77.88%,84.46%,,,,,,,,,,,,95.27%,,,,,,,,,,,,,,,,,,,
2026-04-15 02:30,,,,,,,,,,,,,,37.18%,,,,,,,,,87.96%,,,,,78.03%,84.37%,,,,,,,,,,,,95.27%,,,,,,,,,,,,,,,,,,,
2026-04-15 03:30,,,,,,,,,,,,,,38.27%,,,,,,,,,87.66%,,,,,78.23%,83.90%,,,,,,,,,,,,95.41%,,,,,,,,,,,,,,,,,,,
2026-04-15 04:30,,,,,,,,,,,,,,33.17%,,,,,,,,,87.76%,,,,,78.31%,83.61%,,,,,,,,,,,,95.51%,,,,,,,,,,,,,,,,,,,
2026-04-15 05:30,,,,,,,,,,,,,,35.43%,,,,,,,,,87.84%,,,,,78.35%,84.02%,,,,,,,,,,,,95.43%,,,,,,,,,,,,,,,,,,,
2026-04-15 06:30,,,,,,,,,,,,,,32.78%,,,,,,,,,87.80%,,,,,78.33%,83.63%,,,,,,,,,,,,95.58%,,,,,,,,,,,,,,,,,,,
2026-04-15 07:30,,,,,,,,,,,,,,32.22%,,,,,,,,,87.90%,,,,,78.97%,83.67%,,,,,,,,,,,,95.48%,,,,,,,,,,,,,,,,,,,
2026-04-15 08:30,,,,,,,,21.10%,,,,,,33.60%,,,,,,,,,87.89%,,,,,80.24%,83.89%,,,,,,,,,,,,95.32%,,,,,,,,,82.72%,,,,,,,,,,
2026-04-15 09:30,,,,,,,,4.20%,,,,,,33.05%,,,,,,,,,88.13%,,,,,79.94%,83.91%,,,,,,,,,,,,95.46%,,,,,,,,,82.66%,,,,,,,,,,
2026-04-15 10:30,,,,,,,,,,,,,,31.37%,,,,,,,,,88.05%,,,,,78.10%,83.39%,,,,,,,,,,,,95.61%,,,,,,,,,,,,,,,,,,,
2026-04-15 11:30,,,,,,,,,,,,,,33.48%,,,,,,,,,88.16%,,,,,78.37%,83.80%,,,,,,,,,,,,95.58%,,,,,,,,,,,,,,,,,,,
2026-04-15 12:30,,,,,,,,,,,,,,34.90%,,,,,,,,,88.10%,,,,,77.38%,83.97%,,,,,,,,,,,,95.62%,,,,,,,,,,,,,,,,,,,
2026-04-15 13:30,,,,,,,,,,,,,,34.66%,,,,,,,,,88.07%,,,,,75.65%,84.48%,,,,,,,,,,,,95.77%,,,,,,,,,,,,,,,,,,,
2026-04-15 14:30,,,,,,,,,,,,,,36.61%,,,,,,,,,88.00%,,,,,75.92%,66.32%,,,,,,,,,,,,95.91%,,,,,,,,,,,,,,,,,,,
2026-04-15 15:30,,,,,,,,,,,,,,28.89%,,,,,,,,,86.68%,,,,,76.31%,60.90%,,,,,,,,,,,,95.58%,,,,,,,,,,,,,,,,,,,
2026-04-15 16:30,,,,,,,,,,,,,,28.66%,,,,,,,,,86.78%,,,,,79.47%,61.19%,,,,,,,,,,,,95.50%,,,,,,,,,,,,,,,,,,,
2026-04-15 17:30,,,,,,,,,,,,,,29.46%,,,,,,,,,86.87%,,,,,77.46%,61.52%,,,,,,,,,,,,95.97%,,,,,,,,,,,,,,,,,,,
2026-04-15 18:30,,,,,,,,,,,,,,30.02%,,,,,,,,,86.82%,,,,,43.97%,61.60%,,,,,,,,,,,,94.74%,,,,,,,,,,,,,,,,,,,
2026-04-15 19:30,,,,,,,,,,,,,,26.41%,,,,,,,,,86.96%,,,,,25.58%,61.66%,,,,,,,,,,,,94.27%,,,,,,,,,,,,,,,,,,,
2026-04-15 20:30,,,,,,,,,,,,,,24.89%,,,,,,,,,86.92%,,,,,25.33%,62.01%,,,,,,,,,,,,94.28%,,,,,,,,,,,,,,,,,,,
2026-04-15 21:30,,,,,,,,,,,,,,24.75%,,,,,,,,,87.15%,,,,,25.40%,62.20%,,,,,,,,,,,,94.29%,,,,,,,,,,,,,,,,,,,
2026-04-15 22:30,,,,,,,,,,,,,,24.71%,,,,,,,,,86.85%,,,,,25.51%,62.35%,,,,,,,,,,,,94.28%,,,,,,,,,,,,,,,,,,,
2026-04-15 23:30,,,,,,,,,,,,,,24.45%,,,,,,,,,87.15%,,,,,25.58%,62.55%,,,,,,,,,,,,94.29%,,,,,,,,,,,,,,,,,,,
2026-04-16 00:30,,,,,,,,44.55%,,,,,,24.44%,,,,,,,,,87.04%,,,,,25.65%,62.68%,,,,,,,,,,,,94.29%,,,,,,,,,82.54%,,,,,,,,,,
2026-04-16 01:30,,,,,,,,8.64%,,,,,,24.07%,,,,,,,,,86.91%,,,,,25.70%,62.67%,,,,,,,,,,,,94.29%,,,,,,,,,83.08%,,,,,,,,,,
2026-04-16 02:30,,,,,,,,6.62%,,,,,,24.75%,,,,,,,,,87.04%,,,,,25.75%,62.87%,,,,,,,,,,,,94.29%,,,,,,,,,83.81%,,,,,,,,,,
2026-04-16 03:30,,,,,,,,,,,,,,32.53%,,,,,,,,,87.19%,,,,,25.86%,62.69%,,,,,,,,,,,,94.11%,,,,,,,,,,,,,,,,,,,
2026-04-16 04:30,,,,,,,,,,,,,,25.07%,,,,,,,,,87.37%,,,,,25.91%,62.06%,,,,,,,,,,,,94.11%,,,,,,,,,,,,,,,,,,,
2026-04-16 05:30,,,,,,,,,,,,,,24.91%,,,,,,,,,87.48%,,,,,26.16%,62.21%,,,,,,,,,,,,94.21%,,,,,,,,,,,,,,,,,,,
2026-04-16 06:30,,,,,,,,,,,,,,24.83%,,,,,,,,,87.43%,,,,,26.21%,62.49%,,,,,,,,,,,,94.21%,,,,,,,,,,,,,,,,,,,
2026-04-16 07:30,,,,,,,,,,,,,,24.96%,,,,,,,,,87.63%,,,,,26.23%,62.57%,,,,,,,,,,,,94.21%,,,,,,,,,,,,,,,,,,,
2026-04-16 08:30,,,,,,,,9.75%,,,,,,25.17%,,,,,,,,,87.57%,,,,,26.27%,62.65%,,,,,,,,,,,,94.21%,,,,,,,,,83.68%,,,,,,,,,,
2026-04-16 09:30,,,,,,,,4.76%,,,,,,25.48%,,,,,,,,,87.76%,,,,,26.25%,62.71%,,,,,,,,,,,,94.21%,,,,,,,,,83.88%,,,,,,,,,,
2026-04-16 10:30,,,,,,,,,,,,,,24.64%,,,,,,,,,87.66%,,,,,26.36%,62.81%,,,,,,,,,,,,94.21%,,,,,,,,,,,,,,,,,,,
2026-04-16 11:30,,,,,,,,11.24%,,,,,,25.21%,,,,,,,,,87.78%,,,,,77.27%,62.76%,,,,,,,,,,,,94.01%,,,,,,,,,83.66%,,,,,,,,,,
2026-04-16 12:30,,,,,,,,5.88%,,,,,,25.41%,,,,,,,,,87.78%,,,,,82.07%,62.85%,,,,,,,,,,,,94.13%,,,,,,,,,83.66%,,,,,,,,,,
2026-04-16 13:30,,,,,,,,4.80%,,,,,,26.99%,,63.97%,,,,,,90.32%,87.82%,,,,,82.60%,63.09%,,,,,,,,,,,,94.25%,,,,,,,,,83.70%,,,,,58.99%,,,,,
2026-04-16 14:30,,,,,,,,5.48%,,,,,,26.75%,,49.83%,,,,,,88.18%,87.58%,,,,,82.92%,63.15%,,,,,,,,,,,,95.69%,,,,,,,,,83.71%,,,,,59.48%,,,,,
2026-04-16 15:30,,,,,,,,5.65%,,,,,,27.57%,,49.77%,,,,,,83.87%,87.80%,,,,,81.29%,63.34%,,,,,,,,,,,,95.99%,,,,,,,,,83.69%,,,,,60.54%,,,,,
2026-04-16 16:30,,,,,,,,5.21%,,,,,,27.82%,,50.10%,,,,,,90.45%,87.71%,,,,,81.74%,63.29%,63.88%,,,,,,,,,,,95.95%,,,,,,,,,83.68%,,,,,60.75%,,,,,
2026-04-16 17:30,,,,,,,,6.49%,,,,,,28.45%,,35.86%,,,,,,89.72%,87.69%,,,,,80.88%,63.46%,65.82%,,,,,,,,,,,95.23%,,,,,,,,,83.70%,,,,,60.75%,,,,,
2026-04-16 18:30,,,,,,,,,,,,,,28.85%,,,,,,,,,87.60%,,,,,77.25%,63.41%,65.95%,,,,,,,,,,,94.63%,,,,,,,,,,,,,,,,,,,
2026-04-16 19:30,,,,,,,,,,,,,,26.48%,,,,,,,,,87.55%,,,,,77.89%,63.75%,67.06%,,,,,,,,,,,94.54%,,,,,,,,,,,,,,,,,,,
2026-04-16 20:30,,,,,,,,,,,,,,24.55%,,,,,,,,,87.57%,,,,,78.28%,63.71%,,,,,,,,,,,,94.62%,,,,,,,,,,,,,,,,,,,
2026-04-16 21:30,,,,,,,,,,,,,,24.60%,,,,,,,,,87.91%,,,,,78.37%,63.93%,,,,,,,,,,,,94.75%,,,,,,,,,,,,,,,,,,,
2026-04-16 22:30,,,,,,,,,,,,,,24.70%,,,,,,,,,87.59%,,,,,78.62%,63.92%,,,,,,,,,,,,94.47%,,,,,,,,,,,,,,,,,,,
2026-04-16 23:30,,,,,,,,,,,,,,24.51%,,,,,,,,,87.91%,,,,,79.06%,64.02%,,,,,,,,,,,,94.45%,,,,,,,,,,,,,,,,,,,
2026-04-17 00:30,,,,,,,,,,,,,,24.56%,,,,,,,,,87.71%,,,,,78.95%,64.22%,,,,,,,,,,,,94.59%,,,,,,,,,,,,,,,,,,,
2026-04-17 01:30,,,,,,,,,,,,,,24.70%,,,,,,,,,87.67%,,,,,79.14%,64.34%,,,,,,,,,,,,94.65%,,,,,,,,,,,,,,,,,,,
2026-04-17 02:30,,,,,,,,,,,,,,25.43%,,,,,,,,,87.92%,,,,,79.19%,64.40%,,,,,,,,,,,,94.58%,,,,,,,,,,,,,,,,,,,
2026-04-17 03:30,,,,,,,,,,,,,,27.35%,,,,,,,,,87.52%,,,,,79.20%,64.34%,,,,,,,,,,,,94.37%,,,,,,,,,,,,,,,,,,,
2026-04-17 04:30,,,,,,,,,,,,,,24.69%,,,,,,,,,87.42%,,,,,79.48%,64.50%,,,,,,,,,,,,94.30%,,,,,,,,,,,,,,,,,,,
2026-04-17 05:30,,,,,,,,,,,,,,25.02%,,,,,,,,,87.63%,,,,,79.59%,64.64%,,,,,,,,,,,,93.96%,,,,,,,,,,,,,,,,,,,
2026-04-17 06:30,,,,,,,,,,,,,,24.34%,,,,,,,,,87.62%,,,,,79.74%,64.58%,,,,,,,,,,,,93.99%,,,,,,,,,,,,,,,,,,,
2026-04-17 07:30,,,,,,,,,,,,,,24.38%,,,,,,,,,87.70%,,,,,80.03%,64.45%,,,,,,,,,,,,94.13%,,,,,,,,,,,,,,,,,,,
2026-04-17 08:30,,,,,,,,19.93%,,,,,,24.92%,,,,,,,,,87.61%,,,,,79.96%,64.52%,,,,,,,,,,,,94.06%,,,,,,,,,83.91%,,,,,,,,,,
2026-04-17 09:30,,,,,,,,3.59%,,,,,,25.44%,,,,,,,,,87.75%,,,,,80.11%,64.63%,,,,,,,,,,,,94.12%,,,,,,,,,84.47%,,,,,,,,,,
2026-04-17 10:30,,,,,,,,,,,,,,26.21%,,,,,,,,,87.62%,,,,,75.76%,64.74%,,,,,,,,,,,,94.26%,,,,,,,,,,,,,,,,,,,
2026-04-17 11:30,,,,,,,,,,,,,,26.47%,,,,,,,,,87.85%,,,,,74.30%,64.60%,,,,,,,,,,,,94.27%,,,,,,,,,,,,,,,,,,,
2026-04-17 12:30,,,,,,,,,,,,,,27.37%,,,,,,,,,87.80%,,,,,72.38%,64.53%,,,,,,,,,,,,92.89%,,,,,,,,,,,,,,,,,,,
2026-04-17 13:30,,,,,,,,,,,,,,28.14%,,47.40%,,,,,,86.11%,87.68%,,,,,80.53%,64.77%,,,,,,,,,,,,92.06%,,,,,,,,,,,,,,60.96%,,,,,
2026-04-17 14:30,,,,,,,,,,,,,,28.34%,,23.98%,,,,,,88.51%,87.63%,,,,,78.71%,64.86%,,,,,,,,,,,,92.20%,,,,,,,,,,,,,,61.04%,,,,,
2026-04-17 15:30,,,,,,,,,,,,,,28.76%,,18.10%,,,,,,87.95%,87.85%,,,,,78.95%,64.97%,,,,,,,,,,,,91.90%,,,,,,,,,,,,,,61.04%,,,,,
2026-04-17 16:30,,,,,,,,,,,,,,29.36%,,15.73%,,,,,,85.96%,87.79%,,,,,80.18%,65.08%,,,,,,,,,,,,91.44%,,,,,,,,,,,,,,61.04%,,,,,
2026-04-17 17:30,,,,,,,,,,,,,,31.87%,,16.72%,,,,,,87.81%,87.15%,,,,,80.72%,64.80%,,,,,,,,,,,,91.74%,,,,,,,,,,,,,,61.03%,,,,,
2026-04-17 18:30,,,,,,,,,,,,,,30.28%,,23.76%,,,,,,87.49%,85.79%,,,,,80.74%,65.40%,,,,,,,,,,,,91.50%,,,,,,,,,,,,,,61.11%,,,,,
2026-04-17 19:30,,,,,,,,,,,,,,27.13%,,32.75%,,,,,,88.05%,85.98%,,,,,76.20%,65.37%,,,,,,,,,,,,91.57%,,,,,,,,,,,,,,61.12%,,,,,
2026-04-17 20:30,,,,,,,,,,,,,,25.09%,,12.80%,,,,,,88.90%,86.02%,,,,,75.72%,65.59%,,,,,,,,,,,,91.52%,,,,,,,,,,,,,,61.07%,,,,,
2026-04-17 21:30,,,,,,,,,,,,,,25.21%,,33.17%,,,,,,87.85%,86.37%,,,,,75.89%,65.86%,,,,,,,,,,,,91.44%,,,,,,,,,,,,,,61.07%,,,,,
2026-04-17 22:30,,,,,,,,,,,,,,25.04%,,,,,,,,,86.07%,,,,,76.17%,65.86%,,,,,,,,,,,,91.45%,,,,,,,,,,,,,,,,,,,
2026-04-17 23:30,,,,,,,,,,,,,,24.82%,,,,,,,,,86.62%,,,,,76.29%,65.80%,,,,,,,,,,,,91.59%,,,,,,,,,,,,,,,,,,,
2026-04-18 00:30,,,,,,,,,,,,,,24.95%,,,,,,,,,86.52%,,,,,78.66%,66.05%,,,,,,,,,,,,91.66%,,,,,,,,,,,,,,,,,,,
2026-04-18 01:30,,,,,,,,,,,,,,25.04%,,,,,,,,,86.29%,,,,,84.15%,66.12%,,,,,,,,,,,,91.72%,,,,,,,,,,,,,,,,,,,
2026-04-18 02:30,,,,,,,,,,,,,,25.16%,,,,,,,,,86.44%,,,,,83.91%,66.35%,,,,,,,,,,,,91.78%,,,,,,,,,,,,,,,,,,,
2026-04-18 03:30,,,,,,,,,,,,,,30.63%,,,,,,,,,86.61%,,,,,85.06%,66.32%,,,,,,,,,,,,91.63%,,,,,,,,,,,,,,,,,,,
2026-04-18 04:30,,,,,,,,,,,,,,25.23%,,,,,,,,,86.67%,,,,,84.99%,66.01%,,,,,,,,,,,,91.64%,,,,,,,,,,,,,,,,,,,
2026-04-18 05:30,,,,,,,,,,,,,,25.35%,,,,,,,,,86.77%,,,,,85.19%,66.00%,,,,,,,,,,,,91.73%,,,,,,,,,,,,,,,,,,,
2026-04-18 06:30,,,,,,,,,,,,,,25.17%,,,,,,,,,86.85%,,,,,85.22%,66.24%,,,,,,,,,,,,91.80%,,,,,,,,,,,,,,,,,,,
2026-04-18 07:30,,,,,,,,,,,,,,24.87%,,,,,,,,,86.94%,,,,,85.33%,65.83%,,,,,,,,,,,,91.87%,,,,,,,,,,,,,,,,,,,
2026-04-18 08:30,,,,,,,,20.96%,,,,,,25.50%,,,,,,,,,86.80%,,,,,85.29%,66.03%,,,,,,,,,,,,91.93%,,,,,,,,,84.58%,,,,,,,,,,
2026-04-18 09:30,,,,,,,,3.17%,,,,,,26.01%,,,,,,,,,86.76%,,,,,82.12%,66.02%,,,,,,,,,,,,91.97%,,,,,,,,,84.73%,,,,,,,,,,
2026-04-18 10:30,,,,,,,,,,,,,,26.69%,,,,,,,,,86.59%,,,,,81.73%,66.06%,,,,,,,,,,,,91.80%,,,,,,,,,,,,,,,,,,,
2026-04-18 11:30,,,,,,,,,,,,,,27.65%,,,,,,,,,86.55%,,,,,82.28%,66.03%,,,,,,,,,,,,92.04%,,,,,,,,,,,,,,,,,,,
2026-04-18 12:30,,,,,,,,,,,,,,27.86%,,,,,,,,,86.47%,,,,,81.48%,66.13%,,,,,,,,,,,,92.21%,,,,,,,,,,,,,,,,,,,
2026-04-18 13:30,,,,,,,,,,,,,,28.37%,,,,,,,,,86.59%,,,,,81.69%,66.36%,,,,,,,,,,,,92.27%,,,,,,,,,,,,,,,,,,,
2026-04-18 14:30,,,,,,,,,,,,,,28.99%,,,,,,,,,86.57%,,,,,82.00%,66.32%,,,,,,,,,,,,92.34%,,,,,,,,,,,,,,,,,,,
2026-04-18 15:30,,,,,,,,,,,,,,29.15%,,,,,,,,,86.56%,,,,,82.38%,66.24%,,,,,,,,,,,,92.42%,,,,,,,,,,,,,,,,,,,
2026-04-18 16:30,,,,,,,,,,,,,,30.10%,,,,,,,,,86.48%,,,,,82.61%,66.42%,,,,,,,,,,,,92.28%,,,,,,,,,,,,,,,,,,,
2026-04-18 17:30,,,,,,,,,,,,,,30.43%,,,,,,,,,86.52%,,,,,82.53%,66.44%,,,,,,,,,,,,92.22%,,,,,,,,,,,,,,,,,,,
2026-04-18 18:30,,,,,,,,,,,,,,30.95%,,53.73%,,,,,,87.99%,86.39%,,,,,82.96%,66.31%,,,,,,,,,,,,92.30%,,,,,,,,,,,,,,61.15%,,,,,
2026-04-18 19:30,,,,,,,,,,,,,,27.08%,,43.10%,,,,,,88.79%,86.38%,,,,,83.39%,66.10%,,,,,,,,,,,,92.36%,,,,,,,,,,,,,,61.38%,,,,,
2026-04-18 20:30,,,,,,,,,,,,,,25.91%,,39.26%,,,,,,89.48%,86.31%,,,,,83.72%,66.52%,,,,,,,,,,,,92.46%,,,,,,,,,,,,,,61.44%,,,,,
2026-04-18 21:30,,,,,,,,,,,,,,25.49%,,,,,,,,,86.70%,,,,,83.57%,66.61%,,,,,,,,,,,,92.53%,,,,,,,,,,,,,,,,,,,
2026-04-18 22:30,,,,,,,,,,,,,,25.41%,,,,,,,,,86.45%,,,,,83.46%,66.26%,,,,,,,,,,,,92.61%,,,,,,,,,,,,,,,,,,,
2026-04-18 23:30,,,,,,,,,,,,,,25.16%,,,,,,,,,86.73%,,,,,83.50%,66.52%,,,,,,,,,,,,92.39%,,,,,,,,,,,,,,,,,,,
2026-04-19 00:30,,,,,,,,,,,,,,33.27%,,,,,,,,,86.63%,,,,,82.07%,67.02%,,,,,,,,,,,,92.44%,,,,,,,,,,,,,,,,,,,
2026-04-19 01:30,,,,,,,,,,,,,,36.12%,,,,,,,,,86.78%,,,,,78.22%,66.89%,,,,,,,,,,,,92.51%,,,,,,,,,,,,,,,,,,,
2026-04-19 02:30,,,,,,,,,,,,,,37.80%,,,,,,,,,86.75%,,,,,78.04%,66.58%,,,,,,,,,,,,92.67%,,,,,,,,,,,,,,,,,,,
2026-04-19 03:30,,,,,,,,,,,,,,37.02%,,,,,,,,,86.43%,,,,,78.17%,65.81%,,,,,,,,,,,,92.63%,,,,,,,,,,,,,,,,,,,
2026-04-19 04:30,,,,,,,,,,,,,,35.36%,,,,,,,,,86.61%,,,,,78.18%,64.90%,,,,,,,,,,,,92.68%,,,,,,,,,,,,,,,,,,,
2026-04-19 05:30,,,,,,,,,,,,,,33.41%,,,,,,,,,86.67%,,,,,78.45%,64.78%,,,,,,,,,,,,92.84%,,,,,,,,,,,,,,,,,,,
2026-04-19 06:30,,,,,,,,,,,,,,34.57%,,,,,,,,,86.67%,,,,,78.30%,65.08%,,,,,,,,,,,,92.61%,,,,,,,,,,,,,,,,,,,
2026-04-19 07:30,,,,,,,,,,,,,,33.12%,,,,,,,,,86.77%,,,,,78.22%,65.04%,,,,,,,,,,,,92.54%,,,,,,,,,,,,,,,,,,,
2026-04-19 08:30,,,,,,,,33.26%,,,,,,33.16%,,,,,,,,,86.68%,,,,,77.89%,70.52%,,,,,,,,,,,,92.69%,,,,,,,,,84.53%,,,,,,,,,,
2026-04-19 09:30,,,,,,,,21.29%,,,,,,34.08%,,,,,,,,,86.87%,,,,,78.05%,71.76%,,,,,,,,,,,,92.82%,,,,,,,,,88.44%,,,,,,,,,,
2026-04-19 10:30,,,,,,,,,,,,,,33.19%,,,,,,,,,86.78%,,,,,78.16%,71.56%,,,,,,,,,,,,92.71%,,,,,,,,,,,,,,,,,,,
2026-04-19 11:30,,,,,,,,,,,,,,33.39%,,,,,,,,,86.91%,,,,,78.41%,71.47%,,,,,,,,,,,,92.86%,,,,,,,,,,,,,,,,,,,
2026-04-19 12:30,,,,,,,,,,,,,,34.37%,,,,,,,,,86.89%,,,,,78.40%,71.59%,,,,,,,,,,,,93.02%,,,,,,,,,,,,,,,,,,,
2026-04-19 13:30,,,,,,,,,,,,,,35.04%,,,,,,,,,86.98%,,,,,78.36%,71.73%,,,,,,,,,,,,92.75%,,,,,,,,,,,,,,,,,,,
2026-04-19 14:30,,,,,,,,,,,,,,39.56%,,,,,,,,,86.89%,,,,,78.61%,72.27%,,,,,,,,,,,,92.75%,,,,,,,,,,,,,,,,,,,
2026-04-19 15:30,,,,,,,,,,,,,,40.06%,,,,,,,,,86.92%,,,,,78.76%,72.24%,,,,,,,,,,,,92.89%,,,,,,,,,,,,,,,,,,,
2026-04-19 16:30,,,,,,,,,,,,,,42.16%,,,,,,,,,86.90%,,,,,78.74%,72.45%,,,,,,,,,,,,92.86%,,,,,,,,,,,,,,,,,,,
2026-04-19 17:30,,,,,,,,,,,,,,40.90%,,60.37%,,,,,,71.73%,86.92%,,,,,78.71%,72.34%,,,,,,,,,,,,92.87%,,,,,,,,,,,,,,61.60%,,,,,
2026-04-19 18:30,,,,,,,,,,,,,,42.41%,,33.91%,,,,,,88.29%,86.73%,,,,,78.77%,76.09%,,,,,,,,,,,,93.03%,,,,,,,,,,,,,,61.67%,,,,,
2026-04-19 19:30,,,,,,,,,,,,,,40.52%,,16.85%,,,,,,85.83%,86.75%,,,,,78.91%,82.44%,,,,,,,,,,,,93.09%,,,,,,,,,,,,,,61.69%,,,,,
2026-04-19 20:30,,,,,,,,,,,,,,36.43%,,,,,,,,,86.74%,,,,,79.06%,82.15%,,,,,,,,,,,,92.93%,,,,,,,,,,,,,,,,,,,
2026-04-19 21:30,,,,,,,,,,,,,,33.63%,,,,,,,,,87.03%,,,,,79.08%,81.92%,,,,,,,,,,,,92.91%,,,,,,,,,,,,,,,,,,,
2026-04-19 22:30,,,,,,,,,,,,,,34.15%,,,,,,,,,86.65%,,,,,79.11%,82.05%,,,,,,,,,,,,93.06%,,,,,,,,,,,,,,,,,,,
2026-04-19 23:30,,,,,,,,,,,,,,33.87%,,,,,,,,,86.86%,,,,,79.24%,82.11%,,,,,,,,,,,,92.92%,,,,,,,,,,,,,,,,,,,
2026-04-20 00:30,,,,,,,,,,,,,,34.46%,,,,,,,,,86.84%,,,,,79.29%,81.85%,,,,,,,,,,,,93.06%,,,,,,,,,,,,,,,,,,,
2026-04-20 01:30,,,,,,,,,,,,,,35.05%,,,,,,,,,86.84%,,,,,79.23%,81.90%,,,,,,,,,,,,93.20%,,,,,,,,,,,,,,,,,,,
2026-04-20 02:30,,,,,,,,,,,,,,35.64%,,,,,,,,,86.93%,,,,,79.13%,81.82%,,,,,,,,,,,,93.16%,,,,,,,,,,,,,,,,,,,
2026-04-20 03:30,,,,,,,,,,,,,,37.77%,,,,,,,,,86.49%,,,,,79.40%,82.06%,,,,,,,,,,,,93.20%,,,,,,,,,,,,,,,,,,,
2026-04-20 04:30,,,,,,,,,,,,,,36.93%,,,,,,,,,86.58%,,,,,79.79%,82.15%,,,,,,,,,,,,93.08%,,,,,,,,,,,,,,,,,,,
2026-04-20 05:30,,,,,,,,,,,,,,35.97%,,,,,,,,,86.89%,,,,,79.35%,82.09%,,,,,,,,,,,,93.11%,,,,,,,,,,,,,,,,,,,
2026-04-20 06:30,,,,,,,,,,,,,,35.57%,,,,,,,,,86.79%,,,,,79.18%,81.99%,,,,,,,,,,,,93.10%,,,,,,,,,,,,,,,,,,,
2026-04-20 07:30,,,,,,,,,,,,,,36.30%,,,,,,,,,86.90%,,,,,79.43%,82.07%,,,,,,,,,,,,93.25%,,,,,,,,,,,,,,,,,,,
2026-04-20 08:30,,,,,,,,27.24%,,,,,,37.04%,,,,,,,,,86.80%,,,,,79.32%,82.26%,,,,,,,,,,,,93.35%,,,,,,,,,91.94%,,,,,,,,,,
2026-04-20 09:30,,,,,,,,24.97%,,,,,,36.42%,,,,,,,,,86.97%,,,,,79.51%,82.25%,,,,,,,,,,,,93.28%,,,,,,,,,89.60%,,,,,,,,,,
2026-04-20 10:30,,,,,,,,,,,,,,35.70%,,,,,,,,,86.84%,,,,,79.55%,82.03%,,,,,,,,,,,,93.43%,,,,,,,,,,,,,,,,,,,
2026-04-20 11:30,,,,,,,,,,,,,,32.96%,,,,,,,,,86.82%,,,,,79.59%,82.88%,,,,,,,,,,,,93.34%,,,,,,,,,,,,,,,,,,,
2026-04-20 12:30,,,,,,,,,,,,,,33.22%,,,,,,,,,86.80%,,,,,79.59%,84.32%,,,,,,,,,,,,93.19%,,,,,,,,,,,,,,,,,,,
2026-04-20 13:30,,,,,,,,,,,,,,34.78%,,,,,,,,,86.82%,,,,,79.36%,84.26%,,,,,,,,,,,,93.31%,,,,,,,,,,,,,,,,,,,
2026-04-20 14:30,,,,,,,,,,,,,,33.48%,,,,,,,,,86.75%,,,,,79.44%,83.80%,,,,,,,,,,,,93.45%,,,,,,,,,,,,,,,,,,,
2026-04-20 15:30,,,,,,,,,,,,,,36.01%,,48.72%,,,,,,89.99%,86.89%,,,,,82.44%,85.74%,,,,,,,,,,,,93.42%,,,,,,,,,,,,,,60.76%,,,,,
2026-04-20 16:30,,,,,,,,,,,,,,36.52%,,28.62%,,,,,,87.03%,86.80%,,,,,87.25%,86.16%,,,,,,,,,,,,93.79%,,,,,,,,,,,,,,60.68%,,,,,
2026-04-20 17:30,,,,,,,,,,,,,,38.36%,,87.70%,,,,,,90.74%,87.02%,,,,,85.49%,87.40%,,,,,,,,,,,,94.27%,,,,,,,,,,,,,,60.82%,,,,,
2026-04-20 18:30,,,,,,,,,,,,,,38.29%,,47.49%,,,,,,89.27%,86.70%,,,,,89.44%,87.23%,,,,,,,,,,,,94.77%,,,,,,,,,,,,,,60.86%,,,,,
2026-04-20 19:30,,,,,,,,,,,,,,36.38%,,32.84%,,,,,,88.58%,86.87%,,,,,84.49%,86.62%,,,,,,,,,,,,94.85%,,,,,,,,,,,,,,60.92%,,,,,
2026-04-20 20:30,,,,,,,,,,,,,,33.23%,,12.13%,,,,,,87.70%,86.90%,,,,,85.25%,86.33%,,,,,,,,,,,,95.00%,,,,,,,,,,,,,,61.02%,,,,,
2026-04-20 21:30,,,,,,,,,,,,,,32.61%,,21.79%,,,,,,83.42%,87.01%,,,,,86.33%,86.48%,,,,,,,,,,,,94.91%,,,,,,,,,,,,,,60.27%,,,,,
2026-04-20 22:30,,,,,,,,,,,,,,32.56%,,21.43%,,,,,,88.98%,86.71%,,,,,86.96%,86.61%,,,,,,,,,,,,95.03%,,,,,,,,,,,,,,59.53%,,,,,
2026-04-20 23:30,,,,,,,,,,,,,,30.99%,,,,,,,,,87.06%,,,,,87.07%,86.25%,,,,,,,,,,,,95.18%,,,,,,,,,,,,,,,,,,,
2026-04-21 00:30,,,,,,,,,,,,,,30.94%,,,,,,,,,86.94%,,,,,86.79%,86.22%,,,,,,,,,,,,95.16%,,,,,,,,,,,,,,,,,,,
2026-04-21 01:30,,,,,,,,,,,,,,33.27%,,,,,,,,,87.00%,,,,,86.85%,86.48%,,,,,,,,,,,,95.14%,,,,,,,,,,,,,,,,,,,
2026-04-21 02:30,,,,,,,,,,,,,,37.42%,,,,,,,,,87.32%,,,,,87.00%,86.45%,,,,,,,,,,,,95.06%,,,,,,,,,,,,,,,,,,,
2026-04-21 03:30,,,,,,,,,,,,,,33.49%,,,,,,,,,87.82%,,,,,87.23%,86.09%,,,,,,,,,,,,95.13%,,,,,,,,,,,,,,,,,,,
2026-04-21 04:30,,,,,,,,,,,,,,32.67%,,,,,,,,,87.82%,,,,,87.39%,86.28%,,,,,,,,,,,,95.08%,,,,,,,,,,,,,,,,,,,
2026-04-21 05:30,,,,,,,,,,,,,,32.99%,,,,,,,,,87.93%,,,,,87.82%,86.34%,,,,,,,,,,,,95.22%,,,,,,,,,,,,,,,,,,,
2026-04-21 06:30,,,,,,,,,,,,,,33.05%,,,,,,,,,87.77%,,,,,88.11%,86.41%,,,,,,,,,,,,95.37%,,,,,,,,,,,,,,,,,,,
2026-04-21 07:30,,,,,,,,,,,,,,34.24%,,,,,,,,,87.94%,,,,,88.41%,86.44%,,,,,,,,,,,,95.24%,,,,,,,,,,,,,,,,,,,
2026-04-21 08:30,,,,,,,,21.66%,,,,,,33.57%,,,,,,,,,87.93%,,,,,88.46%,86.26%,,,,,,,,,,,,95.39%,,,,,,,,,86.03%,,,,,,,,,,
2026-04-21 09:30,,,,,,,,2.76%,,,,,,33.86%,,,,,,,,,88.05%,,,,,88.50%,86.11%,,,,,,,,,,,,95.29%,,,,,,,,,85.20%,,,,,,,,,,
2026-04-21 10:30,,,,,,,,,,,,,,36.34%,,,,,,,,,87.85%,,,,,88.61%,86.78%,,,,,,,,,,,,95.21%,,,,,,,,,,,,,,,,,,,
2026-04-21 11:30,,,,,,,,,,,,,,35.49%,,,,,,,,,87.89%,,,,,88.66%,86.65%,,,,,,,,,,,,95.27%,,,,,,,,,,,,,,,,,,53.61%,
2026-04-21 12:30,,,,,,,,,,,,,,37.10%,,,,,,,,,87.90%,,,,,88.40%,87.07%,,,,,,,,,,,,95.42%,,,,,,,,,,,,,,,,,,52.98%,
2026-04-21 13:30,,,,,,,,,,,,,,38.45%,,,,,,,,,87.99%,,,,,88.39%,87.47%,,,,,,,,,,,,95.44%,,,,,,,,,,,,,,,,,,53.10%,
2026-04-21 14:30,,,,,,,,,,,,,,38.17%,,,,,,,,,87.97%,,,,,88.66%,85.62%,,,,,,,,,,,,95.44%,,,,,,,,,,,,,,,,,,53.17%,
2026-04-21 15:30,,,,,,,,,,,,,,38.29%,,,,,,,,,87.86%,,,,,87.94%,83.31%,,,,,,,,,,,,95.58%,,,,,,,,,,,,,,,,,,53.37%,
2026-04-21 16:30,,,,,,,,,,,,,,34.87%,,,,,,,,,87.79%,,,,,86.79%,82.90%,,,,,,,,,,,,95.50%,,,,,,,,,,,,,,,,,,53.33%,
2026-04-21 17:30,,,,,,,,,,,,,,35.46%,,,,,,,,,87.82%,,,,,82.83%,83.25%,,,,,,,,,,,,95.16%,,,,,,,,,,,,,,,,,,53.64%,
2026-04-21 18:30,,,,,,,,,,,,,,35.37%,,70.67%,,,,,,91.02%,87.73%,,,,,86.27%,83.26%,,,,,,,,,,,,95.52%,,,,,,,,,,,,,,59.64%,,,,53.69%,
2026-04-21 19:30,,,,,,,,,,,,,,34.98%,,37.89%,,,,,,89.96%,87.95%,,,,,76.69%,82.38%,,,,,,,,,,,,95.96%,,,,,,,,,,,,,,59.72%,,,,53.72%,
2026-04-21 20:30,,,,,,,,25.41%,,,,,,35.04%,,,,,,,,,87.83%,,,,,77.31%,82.71%,,,,,,,,,,,,95.85%,,,,,,,,,85.25%,,,,,,,,,53.66%,
2026-04-21 21:30,,,,,,,,4.17%,,,,,,34.67%,,,,,,,,,88.08%,,,,,81.58%,82.65%,,,,,,,,,,,,95.97%,,,,,,,,,84.02%,,,,,,,,,,
2026-04-21 22:30,,,,,,,,2.79%,,,,,,32.50%,,,,,,,,,87.85%,,,,,82.98%,82.48%,,,,,,,,,,,,96.13%,,,,,,,,,83.72%,,,,,,,,,,
2026-04-21 23:30,,,,,,,,2.70%,,,,,,34.51%,,,,,,,,,88.07%,,,,,83.47%,82.95%,,,,,,,,,,,,96.02%,,,,,,,,,83.72%,,,,,,,,,,
2026-04-22 00:30,,,,,,,,2.39%,,,,,,33.46%,,,,,,,,,88.10%,,,,,84.39%,82.77%,,,,,,,,,,,,95.84%,,,,,,,,,83.72%,,,,,,,,,,
2026-04-22 01:30,,,,,,,,,,,,,,33.54%,,,,,,,,,87.94%,,,,,85.01%,82.78%,,,,,,,,,,,,96.00%,,,,,,,,,,,,,,,,,,,
2026-04-22 02:30,,,,,,,,,,,,,,35.98%,,,,,,,,,87.95%,,,,,85.32%,82.96%,,,,,,,,,,,,96.04%,,,,,,,,,,,,,,,,,,,
2026-04-22 03:30,,,,,,,,,,,,,,32.92%,,,,,,,,,87.60%,,,,,84.53%,82.98%,,,,,,,,,,,,96.02%,,,,,,,,,,,,,,,,,,,
2026-04-22 04:30,,,,,,,,,,,,,,33.24%,,,,,,,,,87.69%,,,,,85.15%,82.96%,,,,,,,,,,,,96.18%,,,,,,,,,,,,,,,,,,,
2026-04-22 05:30,,,,,,,,,,,,,,33.85%,,,,,,,,,87.75%,,,,,86.94%,83.05%,,,,,,,,,,,,96.29%,,,,,,,,,,,,,,,,,,,
2026-04-22 06:30,,,,,,,,,,,,,,31.96%,,,,,,,,,87.67%,,,,,88.22%,82.85%,,,,,,,,,,,,96.43%,,,,,,,,,,,,,,,,,,,
2026-04-22 07:30,,,,,,,,,,,,,,32.58%,,,,,,,,,87.81%,,,,,91.26%,83.13%,,,,,,,,,,,,96.48%,,,,,,,,,,,,,,,,,,,
2026-04-22 08:30,,,,,,,,14.44%,,,,,,32.79%,,,,,,,,,87.67%,,,,,91.77%,83.10%,,,,,,,,,,,,96.62%,,,,,,,,,83.73%,,,,,,,,,,
2026-04-22 09:30,,,,,,,,2.93%,,,,,,32.44%,,,,,,,,,87.80%,,,,,92.20%,83.22%,,,,,,,,,,,,96.52%,,,,,,,,,83.76%,,,,,,,,,,
2026-04-22 10:30,,,,,,,,,,,,,,33.24%,,,,,,,,,87.68%,,,,,92.33%,83.85%,,,,,,,,,,,,96.64%,,,,,,,,,,,,,,,,,,53.61%,
2026-04-22 11:30,,,,,,,,9.90%,,,,,,35.58%,,,,,,,,,87.75%,,,,,92.48%,84.63%,,,,,,,,,,,,96.78%,,,,,,,,,83.73%,,,,,,,,,53.50%,
2026-04-22 12:30,,,,,,,,3.35%,,,,,,32.75%,,,,,,,,,87.85%,,,,,88.08%,83.90%,,,,,,,,,,,,97.48%,,,,,,,,,83.73%,,,,,,,,,53.50%,
2026-04-22 13:30,,,,,,,,,,,,,,32.80%,,,,,,,,,87.85%,,,,,85.73%,83.86%,,,,,,,,,,,,97.65%,,,,,,,,,,,,,,,,,,53.81%,
2026-04-22 14:30,,,,,,,,,,,,,,32.32%,,,,,,,,,87.89%,,,,,81.20%,82.97%,,,,,,,,,,,,97.65%,,,,,,,,,,,,,,,,,,53.89%,
2026-04-22 15:30,,,,,,,,,,,,,,33.41%,,47.11%,,,,,,89.33%,87.93%,,,,,84.76%,82.98%,,,,,,,,,,,,97.51%,,,,,,,,,,,,,,59.84%,,,,53.89%,
2026-04-22 16:30,,,,,,,,,,,,,,34.19%,,26.50%,,,,,,88.22%,87.71%,,,,,90.38%,83.09%,,,,,,,,,,,,97.55%,,,,,,,,,,,,,,59.96%,,,,53.89%,
2026-04-22 17:30,,,,,,,,,,,,,,35.67%,,34.72%,,,,,,88.56%,87.79%,,,,,87.83%,83.03%,,,,,,,,,,,,98.49%,,,,,,,,,,,,,,59.84%,,,,53.90%,
2026-04-22 18:30,,,,,,,,,,,,,,36.40%,,,,,,,,,87.63%,,,,,89.04%,82.91%,,,,,,,,,,,,98.76%,,,,,,,,,,,,,,,,,,53.90%,
2026-04-22 19:30,,,,,,,,,,,,,,38.02%,,73.67%,,,,,,83.81%,87.65%,,,,,94.52%,83.52%,,,,,,,,,,,,98.82%,,,,,,,,,,,,,,60.55%,,,,53.90%,
2026-04-22 20:30,,,,,,,,,,,,,,33.33%,,47.19%,,,,,,90.21%,87.59%,,,,,95.59%,83.59%,,,,,,,,,,,,98.94%,,,,,,,,,,,,,,60.57%,,,,53.90%,
2026-04-22 21:30,,,,,,,,,,,,,,30.96%,,,,,,,,,88.03%,,,,,94.12%,83.36%,,,,,,,,,,,,98.84%,,,,,,,,,,,,,,,,,,,
2026-04-22 22:30,,,,,,,,,,,,,,33.36%,,,,,,,,,87.69%,,,,,91.50%,83.75%,,,,,,,,,,,,98.62%,,,,,,,,,,,,,,,,,,,
2026-04-22 23:30,,,,,,,,,,,,,,33.48%,,,,,,,,,87.85%,,,,,88.67%,83.69%,,,,,,,,,,,,98.70%,,,,,,,,,,,,,,,,,,,
2026-04-23 00:30,,,,,,,,,,,,,,34.60%,,,,,,,,,87.69%,,,,,91.96%,83.98%,,,,,,,,,,,,99.01%,,,,,,,,,,,,,,,,,,,
2026-04-23 01:30,,,,,,,,,,,,,,33.56%,,,,,,,,,87.84%,,,,,94.52%,83.71%,,,,,,,,,,,,98.99%,,,,,,,,,,,,,,,,,,,
2026-04-23 02:30,,,,,,,,,,,,,,35.08%,,,,,,,,,87.81%,,,,,93.29%,83.83%,,,,,,,,,,,,99.14%,,,,,,,,,,,,,,,,,,,
2026-04-23 03:30,,,,,,,,,,,,,,35.09%,,,,,,,,,87.67%,,,,,93.48%,83.69%,,,,,,,,,,,,99.23%,,,,,,,,,,,,,,,,,,,
2026-04-23 04:30,,,,,,,,,,,,,,32.52%,,,,,,,,,87.60%,,,,,95.20%,83.88%,,,,,,,,,,,,99.13%,,,,,,,,,,,,,,,,,,,
2026-04-23 05:30,,,,,,,,,,,,,,34.36%,,,,,,,,,87.77%,,,,,94.96%,84.08%,,,,,,,,,,,,98.99%,,,,,,,,,,,,,,,,,,,
2026-04-23 06:30,,,,,,,,,,,,,,32.55%,,,,,,,,,87.63%,,,,,93.62%,83.79%,,,,,,,,,,,,99.12%,,,,,,,,,,,,,,,,,,,
2026-04-23 07:30,,,,,,,,,,,,,,31.48%,,,,,,,,,87.56%,,,,,92.38%,83.52%,,,,,,,,,,,,99.09%,,,,,,,,,,,,,,,,,,,
2026-04-23 08:30,,,,,,,,16.62%,,,,,,34.23%,,,,,,,,,87.59%,,,,,93.84%,83.86%,,,,,,,,,,,,99.12%,,,,,,,,,83.74%,,,,,,,,,,
2026-04-23 09:30,,,,,,,,4.12%,,,,,,31.32%,,,,,,,,,87.64%,,,,,94.92%,83.62%,,,,,,,,,,,,99.28%,,,,,,,,,83.83%,,,,,,,,,,
2026-04-23 10:30,,,,,,,,,,,,,,34.19%,,,,,,,,,87.63%,,,,,94.76%,84.02%,,,,,,,,,,,,99.33%,,,,,,,,,,,,,,,,,,,
2026-04-23 11:30,,,,,,,,,,,,,,31.57%,,,,,,,,,87.71%,,,,,94.99%,83.55%,,,,,,,,,,,,99.28%,,,,,,,,,,,,,,,,,,,
2026-04-23 12:30,,,,,,,,,,,,,,33.34%,,27.12%,,,,,,85.79%,87.54%,,,,,94.77%,83.76%,,,,,,,,,,,,99.47%,,,,,,,,,,,,,,60.65%,,,,,
2026-04-23 13:30,,,,,,,,,,,,,,43.72%,,27.79%,,,,,,84.55%,87.56%,,,,,90.20%,84.08%,,,,,,,,,,,,99.62%,,,,,,,,,,,,,,60.68%,,,,,
2026-04-23 14:30,,,,,,,,,,,,,,36.10%,,43.81%,,,,,,89.07%,87.50%,,,,,72.22%,83.95%,,,,,,,,,,,,99.06%,,,,,,,,,,,,,,60.66%,,,,,
2026-04-23 15:30,,,,,,,,,,,,,,33.28%,,39.59%,,,,,,88.50%,87.44%,,,,,82.11%,83.95%,,,,,,,,,,,,99.07%,,,,,,,,,,,,,,60.75%,,,,,
2026-04-23 16:30,,,,,,,,18.51%,,,,,,31.59%,,31.08%,,,,,,88.24%,87.34%,,,,,90.05%,83.55%,,,,,,,,,,,,98.93%,,,,,,,,,83.77%,,,,,60.05%,,,,,
2026-04-23 17:30,,,,,,,,4.99%,,,,,,35.91%,,14.82%,,,,,,87.91%,87.44%,,,,,91.65%,84.16%,,,,,,,,,,,,98.84%,,,,,,,,,83.68%,,,,,59.40%,,,,,
2026-04-23 18:30,,,,,,,,2.79%,,,,,,34.76%,,13.77%,,,,,,86.45%,87.29%,,,,,89.23%,83.95%,,,,,,,,,,,,99.00%,,,,,,,,,83.67%,,,,,60.69%,,,,,
2026-04-23 19:30,,,,,,,,3.02%,,,,,,34.79%,,12.44%,,,,,,86.94%,87.37%,,,,,78.88%,84.55%,,,,,,,,,,,,99.06%,,,,,,,,,83.67%,,,,,60.69%,,,,,
2026-04-23 20:30,,,,,,,,2.93%,,,,,,31.16%,,,,,,,,,87.30%,,,,,77.07%,84.47%,,,,,,,,,,,,98.73%,,,,,,,,,83.67%,,,,,,,,,,
2026-04-23 21:30,,,,,,,,3.06%,,,,,,31.95%,,0.08%,,,,,,94.74%,87.50%,,,,,86.18%,84.40%,,,,,,,,,,,,98.89%,,,,,,,,,83.70%,,,,,60.69%,,,,,
2026-04-23 22:30,,,,,,,,3.03%,,,,,,31.57%,,,,,,,,,87.18%,,,,,92.79%,84.13%,,,,,,,,,,,,99.03%,,,,,,,,,83.71%,,,,,,,,,,
2026-04-23 23:30,,,,,,,,,,,,,,31.49%,,,,,,,,,87.54%,,,,,93.23%,84.32%,,,,,,,,,,,,98.97%,,,,,,,,,,,,,,,,,,,
2026-04-24 00:30,,,,,,,,,,,,,,34.21%,,,,,,,,,87.45%,,,,,94.50%,84.63%,,,,,,,,,,,,99.04%,,,,,,,,,,,,,,,,,,,
2026-04-24 01:30,,,,,,,,,,,,,,33.06%,,,,,,,,,87.47%,,,,,94.68%,84.82%,,,,,,,,,,,,99.21%,,,,,,,,,,,,,,,,,,,
2026-04-24 02:30,,,,,,,,,,,,,,31.92%,,,,,,,,,87.64%,,,,,94.23%,84.62%,,,,,,,,,,,,99.24%,,,,,,,,,,,,,,,,,,,
2026-04-24 03:30,,,,,,,,,,,,,,36.78%,,,,,,,,,87.35%,,,,,93.77%,84.83%,,,,,,,,,,,,98.93%,,,,,,,,,,,,,,,,,,,
2026-04-24 04:30,,,,,,,,,,,,,,31.88%,,,,,,,,,87.33%,,,,,95.10%,84.75%,,,,,,,,,,,,99.08%,,,,,,,,,,,,,,,,,,,
2026-04-24 05:30,,,,,,,,,,,,,,32.69%,,,,,,,,,87.53%,,,,,94.30%,84.88%,,,,,,,,,,,,99.20%,,,,,,,,,,,,,,,,,,,
2026-04-24 06:30,,,,,,,,,,,,,,34.04%,,,,,,,,,87.51%,,,,,94.33%,85.05%,,,,,,,,,,,,99.13%,,,,,,,,,,,,,,,,,,,
2026-04-24 07:30,,,,,,,,,,,,,,32.19%,,,,,,,,,87.61%,,,,,94.77%,84.70%,,,,,,,,,,,,99.29%,,,,,,,,,,,,,,,,,,,
2026-04-24 08:30,,,,,,,,16.56%,,,,,,32.73%,,,,,,,,,87.61%,,,,,94.88%,84.74%,,,,,,,,,,,,99.44%,,,,,,,,,83.67%,,,,,,,,,,
2026-04-24 09:30,,,,,,,,2.08%,,,,,,31.40%,,59.02%,,,,,,88.02%,87.68%,,,,,93.94%,84.48%,,,,,,,,,,,,99.35%,,,,,,,,,83.61%,,,,,59.50%,,,,,
2026-04-24 10:30,,,,,,,,,,,,,,35.21%,,35.10%,,,,,,90.86%,87.58%,,,,,92.45%,84.79%,,,,,,,,,,,,99.25%,,,,,,,,,,,,,,59.48%,,,,53.78%,
2026-04-24 11:30,,,,,,,,,,,,,,35.17%,,,,,,,,,87.70%,,,,,91.57%,84.43%,,,,,,,,,,,,99.32%,,,,,,,,,,,,,,,,,,53.90%,
2026-04-24 12:30,,,,,,,,,,,,,,34.56%,,,,,,,,,87.60%,,,,,91.60%,84.20%,,,,,,,,,,,,99.30%,,,,,,,,,,,,,,,,,,53.88%,
2026-04-24 13:30,,,,,,,,,,,,,,34.94%,,49.14%,,,,,,90.05%,87.67%,,,,,91.40%,84.61%,,,,,,,,,,,,99.33%,,,,,,,,,,,,,,59.38%,,,,53.40%,
2026-04-24 14:30,,,,,,,,,,,,,,38.35%,,,,,,,,,87.60%,,,,,92.34%,84.92%,,,,,,,,,,,,99.48%,,,,,,,,,,,,,,,,,,53.04%,
2026-04-24 15:30,,,,,,,,,,,,,,38.63%,,16.08%,,,,,,86.84%,87.69%,,,,,90.11%,84.71%,,,,,,,,,,,,99.52%,,,,,,,,,,,,,,59.28%,,,,53.11%,
2026-04-24 16:30,,,,,,,,,,,,,,37.28%,4.03%,11.64%,,,,,,84.90%,87.66%,,,,,88.86%,84.44%,,,,,,,,,,,,99.45%,,,,,,,,,,,,,,59.20%,,,,53.22%,
2026-04-24 17:30,,,,,,,,,,,,,,39.02%,11.79%,29.34%,,,,,,88.22%,87.74%,,,,,90.15%,84.69%,,,,,,,,,,,,99.47%,,,,,,,,,,,,,,59.20%,,,,53.23%,
2026-04-24 18:30,,,,,,,,,,,,,,41.63%,,31.41%,,,,,,90.45%,87.77%,,,,,90.77%,84.79%,,,,,,,,,,,,99.44%,,,,,,,,,,,,,,60.16%,,,,53.23%,
2026-04-24 19:30,,,,,,,,,,,,,,36.87%,,49.50%,,,,,,91.31%,87.69%,,,,,91.09%,84.98%,,,,,,,,,,,,99.31%,,,,,,,,,,,,,,60.12%,,,,53.23%,
2026-04-24 20:30,,,,,,,,,,,,,,31.56%,,27.33%,,,,,,90.40%,87.56%,,,,,91.69%,84.97%,,,,,,,,,,,,99.46%,,,,,,,,,,,,,,59.37%,,,,53.24%,
2026-04-24 21:30,,,,,,,,,,,,,,32.66%,,,,,,,,,87.85%,,,,,92.42%,84.88%,,,,,,,,,,,,99.62%,,,,,,,,,,,,,,,,,,,
2026-04-24 22:30,,,,,,,,,,,,,,33.49%,,,,,,,,,87.56%,,,,,92.81%,85.16%,,,,,,,,,,,,99.55%,,,,,,,,,,,,,,,,,,,
2026-04-24 23:30,,,,,,,,,,,,,,34.35%,,,,,,,,,87.92%,,,,,93.03%,85.09%,,,,,,,,,,,,99.62%,,,,,,,,,,,,,,,,,,,
2026-04-25 00:30,,,,,,,,,,,,,,32.94%,,,,,,,,,87.77%,,,,,94.12%,84.77%,,,,,,,,,,,,99.71%,,,,,,,,,,,,,,,,,,,
2026-04-25 01:30,,,,,,,,,,,,,,32.79%,,,,,,,,,87.69%,,,,,91.75%,84.73%,,,,,,,,,,,,99.51%,,,,,,,,,,,,,,,,,,,
2026-04-25 02:30,,,,,,,,,,,,,,32.15%,,,,,,,,,87.87%,,,,,90.79%,84.83%,,,,,,,,,,,,99.59%,,,,,,,,,,,,,,,,,,,
2026-04-25 03:30,,,,,,,,,,,,,,36.41%,,,,,,,,,87.44%,,,,,92.38%,84.29%,,,,,,,,,,,,99.73%,,,,,,,,,,,,,,,,,,,
2026-04-25 04:30,,,,,,,,,,,,,,34.34%,,,,,,,,,87.55%,,,,,91.85%,84.55%,,,,,,,,,,,,99.84%,,,,,,,,,,,,,,,,,,,
2026-04-25 05:30,,,,,,,,,,,,,,35.22%,,,,,,,,,87.67%,,,,,94.29%,84.71%,,,,,,,,,,,,99.92%,,,,,,,,,,,,,,,,,,,
2026-04-25 06:30,,,,,,,,,,,,,,31.63%,,,,,,,,,87.64%,,,,,94.19%,84.07%,,,,,,,,,,,,99.70%,,,,,,,,,,,,,,,,,,,
2026-04-25 07:30,,,,,,,,,,,,,,33.29%,,,,,,,,,87.70%,,,,,92.08%,84.49%,,,,,,,,,,,,99.38%,,,,,,,,,,,,,,,,,,,
2026-04-25 08:30,,,,,,,,17.54%,,,,,,34.56%,,,,,,,,,87.62%,,,,,90.31%,84.75%,,,,,,,,,,,,99.31%,,,,,,,,,83.57%,,,,,,,,,,
2026-04-25 09:30,,,,,,,,3.34%,,,,,,32.46%,,,,,,,,,87.85%,,,,,88.20%,84.44%,,,,,,,,,,,,99.17%,,,,,,,,,83.74%,,,,,,,,,,
2026-04-25 10:30,,,,,,,,,,,,,,33.07%,,,,,,,,,87.77%,,,,,87.86%,84.25%,,,,,,,,,,,,99.16%,,,,,,,,,,,,,,,,,,,
2026-04-25 11:30,,,,,,,,,,,,,,34.53%,,,,,,,,,87.79%,,,,,87.57%,84.09%,,,,,,,,,,,,99.18%,,,,,,,,,,,,,,,,,,,
2026-04-25 12:30,,,,,,,,,,,,,,34.92%,,,,,,,,,87.72%,,,,,87.19%,83.94%,,,,,,,,,,,,99.28%,,,,,,,,,,,,,,,,,,,
2026-04-25 13:30,,,,,,,,,,,,,,38.20%,,,,,,,,,87.81%,,,,,86.72%,83.83%,,,,,,,,,,,,99.27%,,,,,,,,,,,,,,,,,,,
2026-04-25 14:30,,,,,,,,,,,,,,33.79%,,,,,,,,,87.66%,,,,,86.99%,84.05%,,,,,,,,,,,,99.09%,,,,,,,,,,,,,,,,,,,
2026-04-25 15:30,,,,,,,,,,,,,,34.35%,,,,,,,,,87.77%,,,,,87.88%,84.52%,,,,,,,,,,,,99.12%,,,,,,,,,,,,,,,,,,,
2026-04-25 16:30,,,,,,,,,,,,,,34.57%,,58.35%,,,,,,90.30%,87.71%,,,,,89.41%,84.34%,,,,,,,,,,,,99.23%,,,,,,,,,,,,,,59.29%,,,,,
2026-04-25 17:30,,,,,,,,,,,,,,36.24%,,33.82%,,,,,,89.77%,87.95%,,,,,88.90%,84.61%,,,,,,,,,,,,99.25%,,,,,,,,,,,,,,59.39%,,,,,
2026-04-25 18:30,,,,,,,,,,,,,,36.49%,,36.74%,,,,,,88.88%,87.78%,,,,,89.67%,84.38%,,,,,,,,,,,,99.36%,,,,,,,,,,,,,,59.18%,,,,,
2026-04-25 19:30,,,,,,,,,,,,,,36.53%,,25.38%,,,,,,87.28%,87.87%,,,,,90.72%,84.75%,,,,,,,,,,,,99.39%,,,,,,,,,,,,,,58.47%,,,,,
2026-04-25 20:30,,,,,,,,,,,,,,34.28%,,,,,,,,,87.90%,,,,,90.40%,84.92%,,,,,,,,,,,,99.38%,,,,,,,,,,,,,,,,,,,
2026-04-25 21:30,,,,,,,,,,,,,,34.73%,,,,,,,,,87.82%,,,,,90.88%,84.76%,,,,,,,,,,,,99.24%,,,,,,,,,,,,,,,,,,,
2026-04-25 22:30,,,,,,,,,,,,,,32.83%,,,,,,,,,87.39%,,,,,89.55%,84.56%,,,,,,,,,,,,99.36%,,,,,,,,,,,,,,,,,,,
2026-04-25 23:30,,,,,,,,,,,,,,33.72%,,,,,,,,,87.70%,,,,,89.06%,84.62%,,,,,,,,,,,,99.39%,,,,,,,,,,,,,,,,,,,
2026-04-26 00:30,,,,,,,,,,,,,,33.08%,,,,,,,,,87.69%,,,,,88.61%,84.65%,,,,,,,,,,,,99.47%,,,,,,,,,,,,,,,,,,,
2026-04-26 01:30,,,,,,,,,,,,,,33.95%,,,,,,,,,87.78%,,,,,87.71%,84.77%,,,,,,,,,,,,99.55%,,,,,,,,,,,,,,,,,,,
2026-04-26 02:30,,,,,,,,,,,,,,31.49%,,,,,,,,,87.81%,,,,,88.82%,84.42%,,,,,,,,,,,,99.63%,,,,,,,,,,,,,,,,,,,
2026-04-26 03:30,,,,,,,,,,,,,,37.99%,,,,,,,,,87.52%,,,,,89.92%,84.71%,,,,,,,,,,,,99.42%,,,,,,,,,,,,,,,,,,,
2026-04-26 04:30,,,,,,,,,,,,,,32.08%,,,,,,,,,87.58%,,,,,91.42%,84.35%,,,,,,,,,,,,99.45%,,,,,,,,,,,,,,,,,,,
2026-04-26 05:30,,,,,,,,,,,,,,42.00%,,,,,,,,,87.85%,,,,,92.51%,84.13%,,,,,,,,,,,,99.60%,,,,,,,,,,,,,,,,,,,
2026-04-26 06:30,,,,,,,,,,,,,,32.23%,,,,,,,,,87.82%,,,,,93.44%,84.37%,,,,,,,,,,,,99.49%,,,,,,,,,,,,,,,,,,,
2026-04-26 07:30,,,,,,,,,,,,,,34.74%,,,,,,,,,87.97%,,,,,93.89%,84.78%,,,,,,,,,,,,99.63%,,,,,,,,,,,,,,,,,,,
2026-04-26 08:30,,,,,,,,16.28%,,,,,,33.41%,,,,,,,,,87.87%,,,,,94.14%,84.48%,,,,,,,,,,,,99.78%,,,,,,,,,83.84%,,,,,,,,,,
2026-04-26 09:30,,,,,,,,3.07%,,,,,,32.27%,,,,,,,,,88.17%,,,,,93.72%,84.50%,,,,,,,,,,,,99.90%,,,,,,,,,84.20%,,,,,,,,,,
2026-04-26 10:30,,,,,,,,,,,,,,33.47%,,,,,,,,,87.94%,,,,,90.25%,84.54%,,,,,,,,,,,,99.78%,,,,,,,,,,,,,,,,,,,
2026-04-26 11:30,,,,,,,,,,,,,,33.22%,,,,,,,,,88.01%,,,,,90.97%,84.77%,,,,,,,,,,,,99.43%,,,,,,,,,,,,,,,,,,,
2026-04-26 12:30,,,,,,,,,,,,,,33.98%,,,,,,,,,88.02%,,,,,81.42%,84.48%,,,,,,,,,,,,98.68%,,,,,,,,,,,,,,,,,,,
2026-04-26 13:30,,,,,,,,,,,,,,32.98%,,,,,,,,,88.08%,,,,,74.31%,84.05%,,,,,,,,,,,,98.21%,,,,,,,,,,,,,,,,,,,
2026-04-26 14:30,,,,,,,,,,,,,,34.50%,,,,,,,,,87.88%,,,,,74.98%,84.17%,,,,,,,,,,,,98.08%,,,,,,,,,,,,,,,,,,,
2026-04-26 15:30,,,,,,,,,,,,,,35.24%,,,,,,,,,87.79%,,,,,75.88%,84.07%,,,,,,,,,,,,98.24%,,,,,,,,,,,,,,,,,,,
2026-04-26 16:30,,,,,,,,,,,,,,38.23%,,,,,,,,,87.67%,,,,,77.39%,84.48%,,,,,,,,,,,,98.37%,,,,,,,,,,,,,,,,,,,
2026-04-26 17:30,,,,,,,,,,,,,,38.23%,,,,,,,,,87.76%,,,,,77.78%,84.47%,,,,,,,,,,,,98.29%,,,,,,,,,,,,,,,,,,,
2026-04-26 18:30,,,,,,,,,,,,,,40.04%,,,,,,,,,87.63%,,,,,78.65%,84.70%,,,,,,,,,,,,98.08%,,,,,,,,,,,,,,,,,,,
2026-04-26 19:30,,,,,,,,,,,,,,35.05%,,,,,,,,,87.73%,,,,,79.28%,84.48%,,,,,,,,,,,,98.46%,,,,,,,,,,,,,,,,,,,
2026-04-26 20:30,,,,,,,,,,,,,,32.41%,,,,,,,,,87.67%,,,,,79.24%,84.75%,,,,,,,,,,,,98.47%,,,,,,,,,,,,,,,,,,,
2026-04-26 21:30,,,,,,,,,,,,,,31.17%,,,,,,,,,87.99%,,,,,79.98%,84.45%,,,,,,,,,,,,98.37%,,,,,,,,,,,,,,,,,,,
2026-04-26 22:30,,,,,,,,,,,,,,32.87%,,,,,,,,,87.82%,,,,,80.50%,84.66%,,,,,,,,,,,,98.52%,,,,,,,,,,,,,,,,,,,
2026-04-26 23:30,,,,,,,,,,,,,,31.21%,,,,,,,,,88.01%,,,,,80.50%,84.57%,,,,,,,,,,,,98.61%,,,,,,,,,,,,,,,,,,,
2026-04-27 00:30,,,,,,,,,,,,,,32.56%,,,,,,,,,87.94%,,,,,81.27%,81.31%,,,,,,,,,,,,98.53%,,,,,,,,,,,,,,,,,,,
2026-04-27 01:30,,,,,,,,,,,,,,32.26%,,,,,,,,,87.80%,,,,,81.56%,79.55%,,,,,,,,,,,,98.49%,,,,,,,,,,,,,,,,,,,
2026-04-27 02:30,,,,,,,,,,,,,,34.91%,,,,,,,,,87.85%,,,,,81.70%,78.39%,,,,,,,,,,,,98.55%,,,,,,,,,,,,,,,,,,,
2026-04-27 03:30,,,,,,,,,,,,,,32.24%,,,,,,,,,87.84%,,,,,82.68%,77.91%,,,,,,,,,,,,98.44%,,,,,,,,,,,,,,,,,,,
2026-04-27 04:30,,,,,,,,,,,,,,32.19%,,,,,,,,,87.80%,,,,,83.32%,77.45%,,,,,,,,,,,,98.58%,,,,,,,,,,,,,,,,,,,
2026-04-27 05:30,,,,,,,,,,,,,,31.42%,,,,,,,,,87.94%,,,,,84.05%,77.57%,,,,,,,,,,,,98.73%,,,,,,,,,,,,,,,,,,,
2026-04-27 06:30,,,,,,,,,,,,,,31.53%,,,,,,,,,87.89%,,,,,85.06%,77.69%,,,,,,,,,,,,98.70%,,,,,,,,,,,,,,,,,,,
2026-04-27 07:30,,,,,,,,,,,,,,32.71%,,,,,,,,,88.06%,,,,,85.68%,78.14%,,,,,,,,,,,,98.74%,,,,,,,,,,,,,,,,,,,
2026-04-27 08:30,,,,,,,,11.62%,,,,,,31.31%,,,,,,,,,87.86%,,,,,85.67%,77.99%,,,,,,,,,,,,98.78%,,,,,,,,,83.98%,,,,,,,,,,
2026-04-27 09:30,,,,,,,,2.53%,,,,,,30.90%,,,,,,,,,87.95%,,,,,85.40%,77.79%,,,,,,,,,,,,98.66%,,,,,,,,,84.00%,,,,,,,,,,
2026-04-27 10:30,,,,,,,,,,,,,,34.61%,,,,,,,,,87.83%,,,,,84.87%,78.01%,,,,,,,,,,,,98.64%,,,,,,,,,,,,,,,,,,53.55%,
2026-04-27 11:30,,,,,,,,,,,,,,33.68%,,,,,,,,,88.03%,,,,,85.05%,77.83%,,,,,,,,,,,,98.79%,,,,,,,,,,,,,,,,,,53.17%,
2026-04-27 12:30,,,,,,,,,,,,,,34.22%,,,,,,,,,87.99%,,,,,85.54%,77.92%,,,,,,,,,,,,98.91%,,,,,,,,,,,,,,,,,,53.26%,
2026-04-27 13:30,,,,,,,,,,,,,,34.49%,,,,,,,,,88.19%,,,,,86.36%,77.41%,,,,,,,,,,,,98.79%,,,,,,,,,,,,,,,,,,53.29%,
2026-04-27 14:30,,,,,,,,,,,,,,27.91%,,,,,,,,,86.54%,,,,,86.44%,66.92%,,,,,,,,,,,,98.93%,,,,,,,,,,,,,,,,,,53.29%,
2026-04-27 15:30,,,,,,,,,,,,,,25.39%,,,,,,,,,86.24%,,,,,86.98%,66.97%,,,,,,,,,,,,99.05%,,,,,,,,,,,,,,,,,,53.29%,
2026-04-27 16:30,,,,,,,,,,,,,,26.09%,,,,,,,,,86.23%,,,,,87.91%,67.03%,,,,,,,,,,,,98.69%,,,,,,,,,,,,,,,,,,53.29%,
2026-04-27 17:30,,,,,,,,,,,,,,27.22%,,,,,,,,,86.37%,,,,,88.20%,67.36%,,,,,,,,,,,,98.77%,,,,,,,,,,,,,,,,,,53.30%,
2026-04-27 18:30,,,,,,,,,,,,,,27.50%,,,,,,,,,86.38%,,,,,88.78%,67.47%,,,,,,,,,,,,98.93%,,,,,,,,,,,,,,,,,,53.30%,
2026-04-27 19:30,,,,,,,,,,,,,,26.65%,,,,,,,,,86.54%,,,,,88.76%,67.80%,,,,,,,,,,,,98.91%,,,,,,,,,,,,,,,,,,53.30%,
2026-04-27 20:30,,,,,,,,,,,,,,25.31%,,,,,,,,,86.44%,,,,,88.70%,68.07%,,,,,,,,,,,,98.94%,,,,,,,,,,,,,,,,,,53.23%,
2026-04-27 21:30,,,,,,,,,,,,,,25.50%,,,,,,,,,86.63%,,,,,89.71%,68.23%,,,,,,,,,,,,99.08%,,,,,,,,,,,,,,,,,,,
2026-04-27 22:30,,,,,,,,,,,,,,25.10%,,,,,,,,,86.26%,,,,,90.50%,68.34%,,,,,,,,,,,,99.16%,,,,,,,,,,,,,,,,,,,
2026-04-27 23:30,,,,,,,,,,,,,,25.39%,,,,,,,,,86.61%,,,,,90.43%,68.54%,,,,,,,,,,,,98.89%,,,,,,,,,,,,,,,,,,,
2026-04-28 00:30,,,,,,,,,,,,,,24.91%,,,,,,,,,86.74%,,,,,90.95%,68.66%,,,,,,,,,,,,99.38%,,,,,,,,,,,,,,,,,,,
2026-04-28 01:30,,,,,,,,,,,,,,25.37%,,,,,,,,,86.53%,,,,,91.45%,68.73%,,,,,,,,,,,,99.79%,,,,,,,,,,,,,,,,,,,
2026-04-28 02:30,,,,,,,,,,,,,,31.24%,,,,,,,,,86.75%,,,,,91.60%,68.62%,,,,,,,,,,,,99.88%,,,,,,,,,,,,,,,,,,,
2026-04-28 03:30,,,,,,,,,,,,,,25.55%,,,,,,,,,86.58%,,,,,91.62%,67.16%,,,,,,,,,,,,99.95%,,,,,,,,,,,,,,,,,,,
2026-04-28 04:30,,,,,,,,,,,,,,25.72%,,,,,,,,,86.65%,,,,,93.18%,67.54%,,,,,,,,,,,,99.99%,,,,,,,,,,,,,,,,,,,
2026-04-28 05:30,,,,,,,,,,,,,,25.43%,,,,,,,,,86.72%,,,,,93.21%,67.54%,,,,,,,,,,,,100.00%,,,,,,,,,,,,,,,,,,,
2026-04-28 06:30,,,,,,,,,,,,,,25.32%,,,,,,,,,86.66%,,,,,93.45%,67.42%,,,,,,,,,,,,100.00%,,,,,,,,,,,,,,,,,,,
2026-04-28 07:30,,,,,,,,,,,,,,24.77%,,,,,,,,,86.78%,,,,,95.09%,66.96%,,,,,,,,,,,,100.00%,,,,,,,,,,,,,,,,,,,
2026-04-28 08:30,,,,,,,,14.78%,,,,,,25.37%,,,,,,,,,86.71%,,,,,84.44%,67.17%,,,,,,,,,,,,99.86%,,,,,,,,,83.89%,,,,,,,,,,
2026-04-28 09:30,,,,,,,,3.54%,,,,,,25.97%,,,,,,,,,86.80%,,,,,64.53%,67.16%,,,,,,,,,,,,99.05%,,,,,,,,,84.06%,,,,,,,,,,
2026-04-28 10:30,,,,,,,,,,,,,,26.52%,3.69%,,,,,,,,86.70%,,,,,64.97%,67.35%,,,,,,,,,,,,99.07%,,,,,,,,,,,,,,,,,,53.16%,
2026-04-28 11:30,,,,,,,,,,,,,,27.29%,20.05%,,,,,,,,86.79%,,,,,70.63%,67.34%,,,,,,,,,,,,92.47%,,,,,,,,,,,,,,,,,,53.16%,
2026-04-28 12:30,,,,,,,,,,,,,,27.88%,20.79%,,,,,,,,86.64%,,,,,63.22%,67.37%,,,,,,,,,,,,91.72%,,,,,,,,,,,,,,,,,,53.40%,
2026-04-28 13:30,,,,,,,,,,,,,,28.60%,13.87%,,,,,,,,86.61%,,,,,78.34%,67.50%,,,,,,,,,,,,93.37%,,,,,,,,,,,,,,,,,,53.25%,
2026-04-28 14:30,,,,,,,,,,,,,,29.13%,19.59%,,,,,,,,86.59%,,,,,80.52%,67.61%,,,,,,,,,,,,93.80%,,,,,,,,,,,,,,,,,,52.42%,
2026-04-28 15:30,,,,,,,,,,,,,,29.20%,17.85%,,,,,,,,86.76%,,,,,78.23%,67.61%,,,,,,,,,,,,94.85%,,,,,,,,,,,,,,,,,,52.21%,
2026-04-28 16:30,,,,,,,,,,,,,,29.74%,19.63%,,,,,,,,86.64%,,,,,85.57%,67.80%,,,,,,,,,,,,95.71%,,,,,,,,,,,,,,,,,,52.09%,
2026-04-28 17:30,,,,,,,,,,,,,,30.40%,18.47%,,,,,,,,86.82%,,,,,86.46%,67.99%,,,,,,,,,,,,96.35%,,,,,,,,,,,,,,,,,,52.09%,
2026-04-28 18:30,,,,,,,,,,,,,,30.82%,17.24%,,,,,,,,86.60%,,,,,81.51%,68.00%,,,,,,,,,,,,94.07%,,,,,,,,,,,,,,,,,,52.10%,
2026-04-28 19:30,,,,,,,,,,,,,,28.75%,17.53%,,,,,,,,86.54%,,,,,87.20%,68.08%,,,,,,,,,,,,93.68%,,,,,,,,,,,,,,,,,,52.10%,
2026-04-28 20:30,,,,,,,,20.56%,,,,,,25.35%,18.40%,,,,,,,,86.49%,,,,,,68.14%,,,,,,,,,,,,,,,,,,,,,84.28%,,,,,,,,,52.10%,
2026-04-28 21:30,,,,,,,,10.78%,,,,,,25.55%,17.22%,,,,,,,,86.82%,,,,,,68.32%,,,,,,,,,,,,,,,,,,,,,83.85%,,,,,,,,,,
2026-04-28 22:30,,,,,,,,4.74%,,,,,,25.52%,19.28%,,,,,,,,86.53%,,,,,,68.32%,,,,,,,,,,,,,,,,,,,,,83.77%,,,,,,,,,,
2026-04-28 23:30,,,,,,,,4.48%,,,,,,25.52%,18.26%,,,,,,,,86.74%,,,,,,68.43%,,,,,,,,,,,,,,,,,,,,,83.80%,,,,,,,,,,
2026-04-29 00:30,,,,,,,,6.86%,,,,,,25.31%,18.29%,,,,,,,,86.85%,,,,,,68.35%,,,,,,,,,,,,,,,,,,,,,83.83%,,,,,,,,,,
2026-04-29 01:30,,,,,,,,5.41%,,,,,,25.07%,17.62%,,,,,,,,86.73%,,,,,,68.42%,,,,,,,,,,,,,,,,,,,,,83.90%,,,,,,,,,,
2026-04-29 02:30,,,,,,,,5.06%,,,,,,29.11%,17.53%,,,,,,,,86.94%,,,,,,68.64%,,,,,,,,,,,,,,,,,,,,,84.19%,,,,,,,,,,
2026-04-29 03:30,,,,,,,,6.77%,,,,,,25.55%,16.70%,,,,,,,,86.19%,,,,,,68.44%,,,,,,,,,,,,,,,,,,,,,84.19%,,,,,,,,,,
2026-04-29 04:30,,,,,,,,,,,,,,25.58%,16.96%,,,,,,,,86.17%,,,,,,68.67%,,,,,,,,,,,,,,,,,,,,,,,,,,,,,,,
2026-04-29 05:30,,,,,,,,,,,,,,25.54%,18.25%,,,,,,,,86.35%,,,,,,68.38%,,,,,,,,,,,,,,,,,,,,,,,,,,,,,,,
2026-04-29 06:30,,,,,,,,,,,,,,25.38%,18.07%,,,,,,,,86.33%,,,,,,68.43%,,,,,,,,,,,,,,,,,,,,,,,,,,,,,,,
2026-04-29 07:30,,,,,,,,,,,,,,24.90%,18.56%,,,,,,,,86.27%,,,,,,67.86%,,,,,,,,,,,,,,,,,,,,,,,,,,,,,,,
2026-04-29 08:30,,,,,,,,10.58%,,,,,,25.19%,18.63%,,,,,,,,86.21%,,,,,,67.81%,,,,,,,,,,,,,,,,,,,,,84.28%,,,,,,,,,,
2026-04-29 09:30,,,,,,,,2.95%,,,,,,25.77%,18.68%,,,,,,,,86.34%,,,,,,67.80%,,,,,,,,,,,,,,,,,,,,,84.31%,,,,,,,,,52.03%,
2026-04-29 10:30,,,,,,,,,,,,,,26.37%,18.20%,,,,,,,,86.19%,,,,,,67.87%,,,,,,,,,,,,,,,,,,,,,,,,,,,,,,52.04%,
2026-04-29 11:30,,,,,,,,,,,,,,27.23%,4.21%,,,,,,,,86.26%,,,,,,68.08%,,,,,,,,,,,,,,,,,,,,,,,,,,,,,,52.82%,
2026-04-29 12:30,,,,,,,,,,,,,,27.55%,3.86%,,,,,,,,86.26%,,,,,89.40%,68.06%,,,,,,,,,,,,93.26%,,,,,,,,,,,,,,,,,,53.29%,
2026-04-29 13:30,,,,,,,,,,,,,,28.32%,23.05%,,,,,,,,86.39%,,,,,85.02%,68.33%,,,,,,,,,,,,94.00%,,,,,,,,,,,,,,,,,,53.29%,
2026-04-29 14:30,,,,,,,,,,,,,,28.85%,,,,,,,,,86.39%,,,,,84.98%,68.25%,,,,,,,,,,,,94.10%,,,,,,,,,,,,,,,,,,53.29%,
2026-04-29 15:30,,,,,,,,,,,,,,29.28%,,,,,,,,,86.46%,,,,,84.37%,68.29%,,,,,,,,,,,,94.25%,,,,,,,,,,,,,,,,,,53.29%,
2026-04-29 16:30,,,,,,,,,,,,,,29.50%,,,,,,,,,86.28%,,,,,83.22%,68.36%,,,,,,,,,,,,94.18%,,,,,,,,,,,,,,,,,,53.29%,
2026-04-29 17:30,,,,,,,,,,,,,,30.12%,4.40%,,,,,,,,86.37%,,,,,81.26%,68.53%,,,,,,,,,,,,94.58%,,,,,,,,,,,,,,,,,,53.29%,
2026-04-29 18:30,,,,,,,,,,,,,,30.84%,3.34%,,,,,,,,86.39%,,,,,85.93%,68.75%,,,,,,,,,,,,94.90%,,,,,,,,,,,,,,,,,,53.30%,
2026-04-29 19:30,,,,,,,,,,,,,,28.56%,3.40%,,,,,,,,86.48%,,,,,88.05%,69.00%,,,,,,,,,,,,94.73%,,,,,,,,,,,,,,,,,,53.30%,
2026-04-29 20:30,,,,,,,,,,,,,,25.29%,,,,,,,,,86.47%,,,,,88.08%,69.04%,,,,,,,,,,,,94.81%,,,,,,,,,,,,,,,,,,53.31%,
2026-04-29 21:30,,,,,,,,,,,,,,25.41%,,,,,,,,,86.64%,,,,,88.38%,69.10%,,,,,,,,,,,,94.68%,,,,,,,,,,,,,,,,,,,
2026-04-29 22:30,,,,,,,,,,,,,,25.54%,,,,,,,,,86.29%,,,,,89.53%,69.07%,,,,,,,,,,,,94.63%,,,,,,,,,,,,,,,,,,,
2026-04-29 23:30,,,,,,,,,,,,,,25.51%,,,,,,,,,86.61%,,,,,90.35%,69.13%,,,,,,,,,,,,94.68%,,,,,,,,,,,,,,,,,,,
2026-04-30 00:30,,,,,,,,,,,,,,25.61%,,,,,,,,,86.44%,,,,,90.59%,69.01%,,,,,,,,,,,,94.82%,,,,,,,,,,,,,,,,,,,
2026-04-30 01:30,,,,,,,,,,,,,,25.52%,,,,,,,,,86.55%,,,,,91.23%,69.14%,,,,,,,,,,,,94.84%,,,,,,,,,,,,,,,,,,,
2026-04-30 02:30,,,,,,,,,,,,,,28.56%,,,,,,,,,86.69%,,,,,92.44%,68.85%,,,,,,,,,,,,94.91%,,,,,,,,,,,,,,,,,,,
2026-04-30 03:30,,,,,,,,,,,,,,25.90%,,,,,,,,,86.62%,,,,,92.75%,69.30%,,,,,,,,,,,,95.15%,,,,,,,,,,,,,,,,,,,
2026-04-30 04:30,,,,,,,,,,,,,,25.94%,,,,,,,,,86.74%,,,,,93.12%,69.35%,,,,,,,,,,,,95.00%,,,,,,,,,,,,,,,,,,,
2026-04-30 05:30,,,,,,,,,,,,,,25.48%,,,,,,,,,86.85%,,,,,93.25%,69.20%,,,,,,,,,,,,94.86%,,,,,,,,,,,,,,,,,,,
2026-04-30 06:30,,,,,,,,,,,,,,25.59%,,,,,,,,,86.71%,,,,,93.76%,69.17%,,,,,,,,,,,,95.00%,,,,,,,,,,,,,,,,,,,
2026-04-30 07:30,,,,,,,,,,,,,,25.05%,,,,,,,,,87.02%,,,,,93.60%,68.99%,,,,,,,,,,,,95.14%,,,,,,,,,,,,,,,,,,,
2026-04-30 08:30,,,,,,,,17.86%,,,,,,25.44%,,,,,,,,,86.93%,,,,,93.32%,68.77%,,,,,,,,,,,,95.03%,,,,,,,,,84.32%,,,,,,,,,,
2026-04-30 09:30,,,,,,,,3.07%,,,,,,25.91%,,,,,,,,,87.11%,,,,,93.99%,68.88%,,,,,,,,,,,,95.27%,,,,,,,,,84.31%,,,,,,,,,,
2026-04-30 10:30,,,,,,,,,,,,,,24.54%,,,,,,,,,87.12%,,,,,94.15%,69.01%,,,,,,,,,,,,95.43%,,,,,,,,,,,,,,,,,,53.26%,
2026-04-30 11:30,,,,,,,,,,,,,,25.38%,48.00%,,,,,,,,87.01%,,,,,89.13%,68.83%,,,,,,,,,,,,95.22%,,,,,,,,,,,,,,,,,,53.27%,
2026-04-30 12:30,,,,,,,,,,,,,,25.62%,25.39%,,,,,,,,86.96%,,,,,83.00%,68.89%,,,,,,,,,,,,95.19%,,,,,,,,,,,,,,,,,,53.28%,
2026-04-30 13:30,,,,,,,,,,,,,,26.69%,23.38%,,,,,,,,86.98%,,,,,88.70%,68.98%,,,,,,,,,,,,95.51%,,,,,,,,,,,,,,,,,,53.29%,
2026-04-30 14:30,,,,,,,,,,,,,,27.23%,,,,,,,,,86.91%,,,,,89.47%,68.98%,,,,,,,,,,,,95.98%,,,,,,,,,,,,,,,,,,53.30%,
2026-04-30 15:30,,,,,,,,,,,,,,27.64%,,,,,,,,,87.01%,,,,,88.85%,69.12%,,,,,,,,,,,,96.00%,,,,,,,,,,,,,,,,,,53.31%,
2026-04-30 16:30,,,,,,,,,,,,,,27.98%,,,,,,,,,86.94%,,,,,87.29%,69.21%,,,,,,,,,,,,96.21%,,,,,,,,,,,,,,,,,,53.31%,
2026-04-30 17:30,,,,,,,,,,,,,,28.48%,,,,,,,,,86.90%,,,,,91.05%,69.15%,,,,,,,,,,,,96.34%,,,,,,,,,,,,,,,,,,53.31%,
2026-04-30 18:30,,,,,,,,,,,,,,29.25%,,,,,,,,,86.70%,,,,,89.53%,69.37%,,,,,,,,,,,,96.20%,,,,,,,,,,,,,,,,,,53.31%,
2026-04-30 19:30,,,,,,,,35.63%,,,,,,27.55%,,,,,,,,,86.80%,,,,,82.85%,69.69%,,,,,,,,,,,,96.16%,,,,,,,,,84.12%,,,,,,,,,53.31%,
2026-04-30 20:30,,,,,,,,7.69%,,,,,,25.04%,,,,,,,,,86.85%,,,,,83.09%,69.94%,,,,,,,,,,,,96.26%,,,,,,,,,84.06%,,,,,,,,,53.32%,
2026-04-30 21:30,,,,,,,,9.16%,,,,,,24.99%,,,,,,,,,87.08%,,,,,84.69%,69.95%,,,,,,,,,,,,96.16%,,,,,,,,,83.74%,,,,,,,,,,
2026-04-30 22:30,,,,,,,,4.11%,,,,,,24.99%,,,,,,,,,86.77%,,,,,86.86%,70.02%,,,,,,,,,,,,96.30%,,,,,,,,,83.76%,,,,,,,,,,
2026-04-30 23:30,,,,,,,,3.35%,,,,,,25.28%,,,,,,,,,87.17%,,,,,88.22%,70.06%,,,,,,,,,,,,96.44%,,,,,,,,,83.75%,,,,,,,,,,
2026-05-01 00:30,,,,,,,,3.16%,,,,,,24.78%,,,,,,,,,87.13%,,,,,88.68%,69.96%,,,,,,,,,,,,96.32%,,,,,,,,,83.75%,,,,,,,,,,
2026-05-01 01:30,,,,,,,,,,,,,,25.15%,,,,,,,,,87.17%,,,,,89.26%,70.03%,,,,,,,,,,,,96.40%,,,,,,,,,,,,,,,,,,,
2026-05-01 02:30,,,,,,,,,,,,,,26.35%,,,,,,,,,87.08%,,,,,89.59%,70.20%,,,,,,,,,,,,96.29%,,,,,,,,,,,,,,,,,,,
2026-05-01 03:30,,,,,,,,,,,,,,27.57%,,,,,,,,,86.86%,,,,,90.13%,69.72%,,,,,,,,,,,,96.23%,,,,,,,,,,,,,,,,,,,
2026-05-01 04:30,,,,,,,,,,,,,,25.26%,,,,,,,,,86.93%,,,,,90.51%,70.07%,,,,,,,,,,,,96.40%,,,,,,,,,,,,,,,,,,,
2026-05-01 05:30,,,,,,,,,,,,,,25.23%,,,,,,,,,87.15%,,,,,90.87%,69.88%,,,,,,,,,,,,96.96%,,,,,,,,,,,,,,,,,,,
2026-05-01 06:30,,,,,,,,,,,,,,35.57%,,,,,,,,,87.01%,,,,,91.17%,69.78%,,,,,,,,,,,,96.96%,,,,,,,,,,,,,,,,,,,
2026-05-01 07:30,,,,,,,,,,,,,,24.27%,,,,,,,,,87.08%,,,,,91.62%,69.40%,,,,,,,,,,,,96.94%,,,,,,,,,,,,,,,,,,,
2026-05-01 08:30,,,,,,,,12.64%,,,,,,25.11%,,,,,,,,,87.01%,,,,,92.15%,69.41%,,,,,,,,,,,,97.08%,,,,,,,,,83.73%,,,,,,,,,,
2026-05-01 09:30,,,,,,,,3.16%,,,,,,25.49%,,,,,,,,,87.10%,,,,,92.92%,69.34%,,,,,,,,,,,,96.89%,,,,,,,,,83.72%,,,,,,,,,,
2026-05-01 10:30,,,,,,,,,,,,,,25.96%,,,,,,,,,87.06%,,,,,92.21%,69.11%,,,,,,,,,,,,96.80%,,,,,,,,,,,,,,,,,,,
2026-05-01 11:30,,,,,,,,,,,,,,26.68%,,,,,,,,,87.19%,,,,,92.99%,69.13%,,,,,,,,,,,,96.95%,,,,,,,,,,,,,,,,,,,
2026-05-01 12:30,,,,,,,,,,,,,,27.13%,,,,,,,,,87.12%,,,,,92.99%,69.09%,,,,,,,,,,,,97.08%,,,,,,,,,,,,,,,,,,,
2026-05-01 13:30,,,,,,,,,,,,,,27.97%,,,,,,,,,87.16%,,,,,92.70%,69.54%,,,,,,,,,,,,96.96%,,,,,,,,,,,,,,,,,,,
2026-05-01 14:30,,,,,,,,,,,,,,28.60%,,,,,,,,,87.08%,,,,,93.18%,69.55%,,,,,,,,,,,,97.11%,,,,,,,,,,,,,,,,,,,
2026-05-01 15:30,,,,,,,,,,,,,,28.71%,,,,,,,,,87.11%,,,,,92.86%,69.43%,,,,,,,,,,,,97.26%,,,,,,,,,,,,,,,,,,,
2026-05-01 16:30,,,,,,,,,,,,,,29.27%,,,,,,,,,87.02%,,,,,93.23%,69.41%,,,,,,,,,,,,96.92%,,,,,,,,,,,,,,,,,,,
2026-05-01 17:30,,,,,,,,,,,,,,30.09%,,,,,,,,,87.16%,,,,,92.91%,69.55%,,,,,,,,,,,,96.90%,,,,,,,,,,,,,,,,,,,
2026-05-01 18:30,,,,,,,,,,,,,,30.58%,,,,,,,,,87.10%,,,,,92.95%,69.71%,,,,,,,,,,,,97.05%,,,,,,,,,,,,,,,,,,,
2026-05-01 19:30,,,,,,,,,,,,,,28.31%,,,,,,,,,87.18%,,,,,93.21%,69.99%,,,,,,,,,,,,97.02%,,,,,,,,,,,,,,,,,,,
2026-05-01 20:30,,,,,,,,,,,,,,25.25%,,,,,,,,,87.15%,,,,,93.71%,70.24%,,,,,,,,,,,,97.06%,,,,,,,,,,,,,,,,,,,
2026-05-01 21:30,,,,,,,,,,,,,,25.06%,,,,,,,,,87.26%,,,,,93.78%,70.17%,,,,,,,,,,,,97.19%,,,,,,,,,,,,,,,,,,,
2026-05-01 22:30,,,,,,,,,,,,,,24.89%,,,,,,,,,86.97%,,,,,94.22%,70.19%,,,,,,,,,,,,97.23%,,,,,,,,,,,,,,,,,,,
2026-05-01 23:30,,,,,,,,,,,,,,25.12%,,,,,,,,,87.13%,,,,,92.47%,70.20%,,,,,,,,,,,,97.06%,,,,,,,,,,,,,,,,,,,
2026-05-02 00:30,,,,,,,,,,,,,,24.83%,,,,,,,,,87.05%,,,,,93.28%,70.15%,,,,,,,,,,,,96.86%,,,,,,,,,,,,,,,,,,,
2026-05-02 01:30,,,,,,,,,,,,,,25.15%,,,,,,,,,87.07%,,,,,93.17%,70.21%,,,,,,,,,,,,96.97%,,,,,,,,,,,,,,,,,,,
2026-05-02 02:30,,,,,,,,,,,,,,25.35%,,,,,,,,,87.27%,,,,,93.08%,70.23%,,,,,,,,,,,,97.09%,,,,,,,,,,,,,,,,,,,
2026-05-02 03:30,,,,,,,,,,,,,,28.66%,,,,,,,,,86.62%,,,,,91.92%,70.07%,,,,,,,,,,,,97.16%,,,,,,,,,,,,,,,,,,,
2026-05-02 04:30,,,,,,,,,,,,,,25.25%,,,,,,,,,86.63%,,,,,92.27%,69.83%,,,,,,,,,,,,97.19%,,,,,,,,,,,,,,,,,,,
2026-05-02 05:30,,,,,,,,,,,,,,25.50%,,,,,,,,,86.76%,,,,,92.70%,69.95%,,,,,,,,,,,,97.29%,,,,,,,,,,,,,,,,,,,
2026-05-02 06:30,,,,,,,,,,,,,,35.48%,,,,,,,,,86.65%,,,,,92.45%,70.02%,,,,,,,,,,,,97.07%,,,,,,,,,,,,,,,,,,,
2026-05-02 07:30,,,,,,,,,,,,,,24.59%,,,,,,,,,86.70%,,,,,91.97%,69.55%,,,,,,,,,,,,97.12%,,,,,,,,,,,,,,,,,,,
2026-05-02 08:30,,,,,,,,17.81%,,,,,,25.16%,,,,,,,,,86.68%,,,,,91.94%,69.79%,,,,,,,,,,,,97.14%,,,,,,,,,83.98%,,,,,,,,,,
2026-05-02 09:30,,,,,,,,2.93%,,,,,,25.75%,,,,,,,,,86.74%,,,,,92.00%,69.68%,,,,,,,,,,,,97.23%,,,,,,,,,84.02%,,,,,,,,,,
2026-05-02 10:30,,,,,,,,,,,,,,26.18%,,,,,,,,,86.56%,,,,,92.53%,69.67%,,,,,,,,,,,,97.25%,,,,,,,,,,,,,,,,,,,
2026-05-02 11:30,,,,,,,,,,,,,,27.25%,,,,,,,,,86.70%,,,,,91.99%,69.81%,,,,,,,,,,,,97.40%,,,,,,,,,,,,,,,,,,,
2026-05-02 12:30,,,,,,,,,,,,,,27.50%,,,,,,,,,86.78%,,,,,92.11%,69.73%,,,,,,,,,,,,97.35%,,,,,,,,,,,,,,,,,,,
2026-05-02 13:30,,,,,,,,,,,,,,28.25%,,,,,,,,,86.90%,,,,,91.28%,69.90%,,,,,,,,,,,,97.27%,,,,,,,,,,,,,,,,,,,
2026-05-02 14:30,,,,,,,,,,,,,,28.67%,,,,,,,,,86.82%,,,,,91.43%,69.71%,,,,,,,,,,,,97.29%,,,,,,,,,,,,,,,,,,,
2026-05-02 15:30,,,,,,,,,,,,,,29.05%,,,,,,,,,86.83%,,,,,92.07%,69.82%,,,,,,,,,,,,97.40%,,,,,,,,,,,,,,,,,,,
2026-05-02 16:30,,,,,,,,,,,,,,29.54%,,,,,,,,,86.80%,,,,,91.79%,69.84%,,,,,,,,,,,,97.40%,,,,,,,,,,,,,,,,,,,
2026-05-02 17:30,,,,,,,,,,,,,,30.20%,,,,,,,,,86.88%,,,,,91.75%,70.04%,,,,,,,,,,,,97.49%,,,,,,,,,,,,,,,,,,,
2026-05-02 18:30,,,,,,,,,,,,,,30.65%,,,,,,,,,86.78%,,,,,91.88%,70.13%,,,,,,,,,,,,97.49%,,,,,,,,,,,,,,,,,,,
2026-05-02 19:30,,,,,,,,,,,,,,28.51%,,,,,,,,,86.72%,,,,,92.03%,70.11%,,,,,,,,,,,,97.34%,,,,,,,,,,,,,,,,,,,
2026-05-02 20:30,,,,,,,,,,,,,,25.38%,,,,,,,,,86.69%,,,,,92.57%,70.20%,,,,,,,,,,,,97.34%,,,,,,,,,,,,,,,,,,,
2026-05-02 21:30,,,,,,,,,,,,,,25.77%,,,,,,,,,87.01%,,,,,93.03%,70.35%,,,,,,,,,,,,97.45%,,,,,,,,,,,,,,,,,,,
2026-05-02 22:30,,,,,,,,,,,,,,25.38%,,,,,,,,,86.79%,,,,,92.60%,70.37%,,,,,,,,,,,,97.47%,,,,,,,,,,,,,,,,,,,
2026-05-02 23:30,,,,,,,,,,,,,,25.33%,,,,,,,,,87.01%,,,,,92.43%,69.22%,,,,,,,,,,,,97.56%,,,,,,,,,,,,,,,,,,,
2026-05-03 00:30,,,,,,,,,,,,,,25.37%,,,,,,,,,86.89%,,,,,90.87%,69.34%,,,,,,,,,,,,97.65%,,,,,,,,,,,,,,,,,,,
2026-05-03 01:30,,,,,,,,,,,,,,25.39%,,,,,,,,,86.78%,,,,,90.29%,69.40%,,,,,,,,,,,,97.47%,,,,,,,,,,,,,,,,,,,
2026-05-03 02:30,,,,,,,,,,,,,,28.80%,,,,,,,,,86.86%,,,,,91.97%,68.71%,,,,,,,,,,,,97.41%,,,,,,,,,,,,,,,,,,,
2026-05-03 03:30,,,,,,,,,,,,,,25.27%,,,,,,,,,87.13%,,,,,92.22%,68.53%,,,,,,,,,,,,97.55%,,,,,,,,,,,,,,,,,,,
2026-05-03 04:30,,,,,,,,,,,,,,25.21%,,,,,,,,,87.19%,,,,,91.50%,68.44%,,,,,,,,,,,,97.47%,,,,,,,,,,,,,,,,,,,
2026-05-03 05:30,,,,,,,,,,,,,,25.33%,,,,,,,,,87.33%,,,,,92.08%,68.14%,,,,,,,,,,,,97.55%,,,,,,,,,,,,,,,,,,,
2026-05-03 06:30,,,,,,,,,,,,,,25.29%,,,,,,,,,87.33%,,,,,92.49%,68.16%,,,,,,,,,,,,97.70%,,,,,,,,,,,,,,,,,,,
2026-05-03 07:30,,,,,,,,,,,,,,24.58%,,,,,,,,,87.40%,,,,,92.36%,67.62%,,,,,,,,,,,,97.70%,,,,,,,,,,,,,,,,,,,
2026-05-03 08:30,,,,,,,,14.38%,,,,,,24.64%,,,,,,,,,87.34%,,,,,93.05%,67.67%,,,,,,,,,,,,97.69%,,,,,,,,,84.04%,,,,,,,,,,
2026-05-03 09:30,,,,,,,,3.12%,,,,,,24.80%,,,,,,,,,87.54%,,,,,92.60%,67.71%,,,,,,,,,,,,97.68%,,,,,,,,,84.00%,,,,,,,,,,
2026-05-03 10:30,,,,,,,,,,,,,,25.23%,,,,,,,,,87.45%,,,,,91.67%,67.69%,,,,,,,,,,,,97.80%,,,,,,,,,,,,,,,,,,,
2026-05-03 11:30,,,,,,,,,,,,,,25.82%,,,,,,,,,87.50%,,,,,92.18%,67.70%,,,,,,,,,,,,97.74%,,,,,,,,,,,,,,,,,,,
2026-05-03 12:30,,,,,,,,,,,,,,26.49%,,,,,,,,,87.49%,,,,,92.90%,67.60%,,,,,,,,,,,,97.89%,,,,,,,,,,,,,,,,,,,
2026-05-03 13:30,,,,,,,,,,,,,,27.22%,,,,,,,,,87.50%,,,,,93.59%,67.56%,,,,,,,,,,,,98.01%,,,,,,,,,,,,,,,,,,,
2026-05-03 14:30,,,,,,,,,,,,,,27.52%,,,,,,,,,87.43%,,,,,91.73%,67.64%,,,,,,,,,,,,97.88%,,,,,,,,,,,,,,,,,,,
2026-05-03 15:30,,,,,,,,,,,,,,28.01%,,,,,,,,,87.33%,,,,,91.75%,67.95%,,,,,,,,,,,,98.02%,,,,,,,,,,,,,,,,,,,
2026-05-03 16:30,,,,,,,,,,,,,,28.33%,,,,,,,,,87.09%,,,,,92.05%,68.18%,,,,,,,,,,,,97.91%,,,,,,,,,,,,,,,,,,,
2026-05-03 17:30,,,,,,,,,,,,,,29.11%,,,,,,,,,87.13%,,,,,92.31%,68.07%,,,,,,,,,,,,97.75%,,,,,,,,,,,,,,,,,,,
2026-05-03 18:30,,,,,,,,,,,,,,29.73%,,,,,,,,,87.13%,,,,,91.28%,68.02%,,,,,,,,,,,,97.84%,,,,,,,,,,,,,,,,,,,
2026-05-03 19:30,,,,,,,,,,,,,,27.97%,,,,,,,,,87.13%,,,,,91.80%,68.05%,,,,,,,,,,,,97.98%,,,,,,,,,,,,,,,,,,,
2026-05-03 20:30,,,,,,,,,,,,,,25.08%,,,,,,,,,87.03%,,,,,91.67%,68.35%,,,,,,,,,,,,97.97%,,,,,,,,,,,,,,,,,,,
2026-05-03 21:30,,,,,,,,,,,,,,25.16%,,,,,,,,,87.28%,,,,,91.56%,68.35%,,,,,,,,,,,,97.99%,,,,,,,,,,,,,,,,,,,
2026-05-03 22:30,,,,,,,,,,,,,,25.30%,,,,,,,,,86.94%,,,,,92.16%,68.37%,,,,,,,,,,,,98.13%,,,,,,,,,,,,,,,,,,,
2026-05-03 23:30,,,,,,,,,,,,,,25.07%,,,,,,,,,87.32%,,,,,92.29%,68.43%,,,,,,,,,,,,98.00%,,,,,,,,,,,,,,,,,,,
2026-05-04 00:30,,,,,,,,,,,,,,29.39%,,,,,,,,,87.29%,,,,,93.37%,68.61%,,,,,,,,,,,,97.85%,,,,,,,,,,,,,,,,,,,
2026-05-04 01:30,,,,,,,,,,,,,,25.22%,,,,,,,,,87.38%,,,,,92.89%,68.62%,,,,,,,,,,,,97.99%,,,,,,,,,,,,,,,,,,,
2026-05-04 02:30,,,,,,,,,,,,,,29.07%,,,,,,,,,87.35%,,,,,92.94%,68.32%,,,,,,,,,,,,98.12%,,,,,,,,,,,,,,,,,,,
2026-05-04 03:30,,,,,,,,,,,,,,25.48%,,,,,,,,,86.96%,,,,,92.22%,68.31%,,,,,,,,,,,,97.99%,,,,,,,,,,,,,,,,,,,
2026-05-04 04:30,,,,,,,,,,,,,,25.09%,,,,,,,,,87.08%,,,,,91.84%,68.36%,,,,,,,,,,,,98.13%,,,,,,,,,,,,,,,,,,,
2026-05-04 05:30,,,,,,,,,,,,,,25.12%,,,,,,,,,87.17%,,,,,91.29%,68.26%,,,,,,,,,,,,98.16%,,,,,,,,,,,,,,,,,,,
2026-05-04 06:30,,,,,,,,,,,,,,25.15%,,,,,,,,,87.12%,,,,,92.37%,68.06%,,,,,,,,,,,,97.87%,,,,,,,,,,,,,,,,,,,
2026-05-04 07:30,,,,,,,,,,,,,,24.72%,,,,,,,,,87.33%,,,,,92.63%,67.77%,,,,,,,,,,,,97.80%,,,,,,,,,,,,,,,,,,,
2026-05-04 08:30,,,,,,,,10.84%,,,,,,25.09%,,,,,,,,,87.30%,,,,,91.94%,67.87%,,,,,,,,,,,,97.95%,,,,,,,,,83.61%,,,,,,,,,,
2026-05-04 09:30,,,,,,,,3.29%,,,,,,25.74%,,,,,,,,,87.36%,,,,,91.77%,68.05%,,,,,,,,,,,,97.92%,,,,,,,,,83.66%,,,,,,,,,,
2026-05-04 10:30,,,,,,,,,,,,,,26.22%,,,,,,,,,87.25%,,,,,92.48%,67.93%,,,,,,,,,,,,97.95%,,,,,,,,,,,,,,,,,,,
2026-05-04 11:30,,,,,,,,,,,,,,26.77%,,,,,,,,,87.33%,,,,,92.57%,67.87%,,,,,,,,,,,,98.09%,,,,,,,,,,,,,,,,,,,
2026-05-04 12:30,,,,,,,,,,,,,,27.26%,7.24%,,,,,,,,87.33%,,,,,92.07%,68.07%,,,,,,,,,,,,98.13%,,,,,,,,,,,,,,,,,,53.28%,
2026-05-04 13:30,,,,,,,,15.44%,,,,,,28.08%,,,,,,,,,87.43%,,,,,87.23%,68.23%,,,,,,,,,,,,98.06%,,,,,,,,,83.77%,,,,,,,,,53.10%,
2026-05-04 14:30,,,,,,,,6.30%,,,,,,28.42%,,,,,,,,,87.26%,,,,,83.30%,68.06%,,,,,,,,,,,,97.97%,,,,,,,,,83.88%,,,,,,,,,53.08%,
2026-05-04 15:30,,,,,,,,4.67%,,,,,,28.87%,,,,,,,,,87.34%,,,,,84.57%,68.20%,,,,,,,,,,,,98.07%,,,,,,,,,83.94%,,,,,,,,,53.09%,
2026-05-04 16:30,,,,,,,,4.62%,,,,,,29.31%,,,,,,,,,87.26%,,,,,85.97%,68.12%,,,,,,,,,,,,97.95%,,,,,,,,,83.97%,,,,,,,,,53.09%,
2026-05-04 17:30,,,,,,,,4.23%,,,,,,29.78%,,,,,,,,,87.58%,,,,,86.11%,68.27%,,,,,,,,,,,,98.06%,,,,,,,,,83.97%,,,,,,,,,53.17%,
2026-05-04 18:30,,,,,,,,,,,,,,30.23%,,,,,,,,,87.34%,,,,,86.95%,68.52%,,,,,,,,,,,,98.22%,,,,,,,,,,,,,,,,,,53.27%,
2026-05-04 19:30,,,,,,,,,,,,,,28.25%,,,,,,,,,87.32%,,,,,87.79%,68.65%,,,,,,,,,,,,98.10%,,,,,,,,,,,,,,,,,,53.28%,
2026-05-04 20:30,,,,,,,,,,,,,,24.98%,,,,,,,,,87.10%,,,,,87.38%,68.87%,,,,,,,,,,,,98.20%,,,,,,,,,,,,,,,,,,53.28%,
2026-05-04 21:30,,,,,,,,,,,,,,25.15%,,,,,,,,,87.41%,,,,,87.91%,68.82%,,,,,,,,,,,,98.06%,,,,,,,,,,,,,,,,,,,
2026-05-04 22:30,,,,,,,,,,,,,,25.00%,4.73%,,,,,,,,87.23%,,,,,89.86%,68.83%,,,,,,,,,,,,98.02%,,,,,,,,,,,,,,,,,,,
2026-05-04 23:30,,,,,,,,,,,,,,25.01%,3.83%,,,,,,,,87.52%,,,,,90.88%,68.66%,,,,,,,,,,,,98.09%,,,,,,,,,,,,,,,,,,,
2026-05-05 00:30,,,,,,,,,,,,,,25.04%,3.59%,,,,,,,,87.20%,,,,,90.83%,68.80%,,,,,,,,,,,,98.27%,,,,,,,,,,,,,,,,,,,
2026-05-05 01:30,,,,,,,,,,,,,,25.20%,3.58%,,,,,,,,87.23%,,,,,91.24%,68.89%,,,,,,,,,,,,98.29%,,,,,,,,,,,,,,,,,,,
2026-05-05 02:30,,,,,,,,,,,,,,28.20%,3.57%,,,,,,,,87.41%,,,,,91.42%,68.71%,,,,,,,,,,,,98.27%,,,,,,,,,,,,,,,,,,,
2026-05-05 03:30,,,,,,,,,,,,,,25.56%,3.56%,,,,,,,,87.24%,,,,,92.06%,69.02%,,,,,,,,,,,,98.41%,,,,,,,,,,,,,,,,,,,
2026-05-05 04:30,,,,,,,,,,,,,,25.18%,3.58%,,,,,,,,87.37%,,,,,92.36%,69.02%,,,,,,,,,,,,98.31%,,,,,,,,,,,,,,,,,,,
2026-05-05 05:30,,,,,,,,,,,,,,25.32%,3.61%,,,,,,,,87.46%,,,,,91.92%,68.97%,,,,,,,,,,,,98.14%,,,,,,,,,,,,,,,,,,,
2026-05-05 06:30,,,,,,,,,,,,,,25.10%,3.58%,,,,,,,,87.62%,,,,,91.67%,68.81%,,,,,,,,,,,,98.29%,,,,,,,,,,,,,,,,,,,
2026-05-05 07:30,,,,,,,,11.01%,,,,,,24.89%,3.78%,,,,,,,,87.60%,,,,,91.88%,68.59%,,,,,,,,,,,,98.43%,,,,,,,,,83.97%,,,,,,,,,,
2026-05-05 08:30,,,,,,,,4.07%,,,,,,25.06%,3.76%,,,,,,,,87.79%,,,,,93.14%,68.53%,,,,,,,,,,,,98.34%,,,,,,,,,83.97%,,,,,,,,,,
2026-05-05 09:30,,,,,,,,5.86%,,,,,,25.65%,3.59%,,,,,,,,87.80%,,,,,91.16%,68.47%,,,,,,,,,,,,98.85%,,,,,,,,,83.98%,,,,,,,,,,
2026-05-05 10:30,,,,,,,,7.60%,,,,,,26.27%,10.65%,,,,,,,,87.70%,,,,,92.21%,68.49%,,,,,,,,,,,,98.98%,,,,,,,,,84.28%,,,,,,,,,,
2026-05-05 11:30,,,,,,,,,,,,,,26.84%,47.62%,,,,,,,,87.74%,,,,,92.25%,68.46%,,,,,,,,,,,,98.75%,,,,,,,,,,,,,,,,,,53.31%,
2026-05-05 12:30,,,,,,,,6.53%,,,,,,27.30%,,,,,,,,,87.67%,,,,,90.75%,68.49%,,,,,,,,,,,,98.55%,,,,,,,,,84.30%,,,,,,,,,53.51%,
2026-05-05 13:30,99.58%,,,,,,,10.16%,,,,,,24.08%,,,,,,,,,87.68%,,,,,85.51%,68.10%,68.55%,,,,,,,,57.72%,57.38%,57.38%,97.86%,,,,93.43%,93.43%,,,,84.32%,,61.18%,,,,,54.05%,59.72%,53.39%,
2026-05-05 14:30,99.40%,,,,,,,6.28%,,,,,,24.71%,,,,,,,,,87.62%,,,,,78.83%,77.62%,64.88%,,,,,,,,59.72%,59.72%,59.71%,97.83%,,,,91.31%,91.30%,,,,84.34%,,61.59%,,,,,55.20%,58.65%,53.37%,
2026-05-05 15:30,98.89%,,,,,,,6.26%,,,,,,31.21%,,,,,,,,,87.62%,,,,,78.44%,87.95%,65.81%,,,,,,38.69%,,59.85%,59.84%,59.84%,97.86%,99.36%,,,91.30%,91.30%,,,,84.34%,,61.15%,,,,,55.42%,58.65%,53.30%,
2026-05-05 16:30,98.00%,,,,,,,5.66%,,,,,,31.78%,4.92%,,,,,,,,87.45%,,,,,81.94%,87.61%,,,,,,,36.97%,,60.03%,60.04%,60.04%,98.01%,99.63%,,,91.31%,91.31%,,,,84.35%,,61.13%,,,,,55.52%,58.66%,52.85%,
2026-05-05 17:30,98.27%,,,,,,,,,,,,,32.19%,21.79%,,,,,,,,87.60%,,,,,85.09%,87.34%,,,,,,,37.01%,,59.97%,59.97%,59.97%,98.03%,99.63%,,,91.32%,91.32%,,,,,,61.14%,,,,,55.17%,58.66%,52.81%,
2026-05-05 18:30,98.05%,,,,,,,,,,,,,32.79%,35.28%,,,,,,,,87.56%,,,,,81.32%,87.28%,,,,,,,37.14%,,59.97%,59.97%,59.97%,97.90%,99.63%,,,91.32%,91.32%,,,,,,61.14%,,,,,55.45%,58.66%,52.82%,
2026-05-05 19:30,96.68%,,,,,,,,,,,,,30.84%,,,,,,,,,87.36%,,,,,74.78%,87.37%,,,,,,,37.26%,,59.87%,59.87%,59.87%,97.53%,99.64%,,,91.33%,91.33%,,,,,,61.14%,,,,,55.55%,58.66%,,
2026-05-05 20:30,,,,,,,,,,,,,,27.98%,,,,,,,,,87.33%,,,,,22.21%,87.66%,,,,,,,,,,59.82%,59.80%,95.26%,,,,91.33%,91.33%,,,,,,,,,,,,,,
2026-05-05 21:30,,,,,,,,,,,,,,28.03%,,,,,,,,,87.48%,,,,,53.37%,87.55%,,,,,,,,,,,,94.63%,,,,,,,,,,,,,,,,,,,
2026-05-05 22:30,,,,,,,,,,,,,,27.91%,,,,,,,,,87.20%,,,,,72.31%,87.54%,,,,,,,,,,,,94.44%,,,,,,,,,,,,,,,,,,,
2026-05-05 23:30,,,,,,,,,,,,,,27.62%,,,,,,,,,87.68%,,,,,74.05%,87.58%,,,,,,,,,,,,94.48%,,,,,,,,,,,,,,,,,,,
2026-05-06 00:30,,,,,,,,,,,,,,27.81%,,,,,,,,,87.61%,,,,,73.95%,87.69%,,,,,,,,,,,,94.51%,,,,,,,,,,,,,,,,,,,
2026-05-06 01:30,,,,,,,,,,,,,,27.12%,,,,,,,,,87.58%,,,,,74.21%,87.61%,,,,,,,,,,,,94.53%,,,,,,,,,,,,,,,,,,,
2026-05-06 02:30,,,,,,,,,,,,,,31.26%,,,,,,,,,87.57%,,,,,74.30%,87.71%,,,,,,,,,,,,94.55%,,,,,,,,,,,,,,,,,,,
2026-05-06 03:30,,,,,,,,,,,,,,28.36%,,,,,,,,,87.05%,,,,,73.63%,87.73%,,,,,,,,,,,,94.58%,,,,,,,,,,,,,,,,,,,
2026-05-06 04:30,,,,,,,,,,,,,,28.00%,,,,,,,,,87.03%,,,,,74.13%,87.74%,,,,,,,,,,,,94.61%,,,,,,,,,,,,,,,,,,,
2026-05-06 05:30,,,,,,,,,,,,,,27.96%,,,,,,,,,87.18%,,,,,74.17%,87.88%,,,,,,,,,,,,94.63%,,,,,,,,,,,,,,,,,,,
2026-05-06 06:30,,,,,,,,,,,,,,27.72%,,,,,,,,,87.11%,,,,,74.14%,87.64%,,,,,,,,,,,,94.66%,,,,,,,,,,,,,,,,,,,
2026-05-06 07:30,,,,,,,,,,,,,,26.46%,,,,,,,,,87.15%,,,,,74.30%,87.01%,,,,,,,,,,,,94.68%,,,,,,,,,,,,,,,,,,,
2026-05-06 08:30,,,,,,,,13.89%,,,,,,26.08%,,,,,,,,,87.10%,,,,,73.79%,86.72%,,,,,,,,,,,,94.70%,,,,,,,,,84.31%,,,,,,,,,,
2026-05-06 09:30,,,,,,,,2.69%,,,,,,26.72%,,,,,,,,,87.21%,,,,,73.20%,86.69%,,,,,,,,,,,,94.74%,,,,,,,,,84.26%,,,,,,,,,,
2026-05-06 10:30,,,,,,,,,,,,,,27.22%,4.43%,,,,,,,,87.14%,,,,,69.92%,86.52%,,,,,,,,,,,,94.87%,,,,,,,,,,,,,,,,,,,
2026-05-06 11:30,,,,,,,,,,,,,,27.72%,25.31%,,,,,,,,87.32%,,,,,70.14%,86.43%,,,,,,,,,,,,94.90%,,,,,,,,,,,,,,,,,,52.85%,
2026-05-06 12:30,,,,,,,,,,,,,,28.25%,13.87%,,,,,,,,87.32%,,,,,68.74%,86.34%,,,,,,,,,,,,94.97%,,,,,,,,,,,,,,,,,,52.84%,
2026-05-06 13:30,,,,,,,,,,,,,,29.09%,,,,,,,,,87.33%,,,,,68.19%,86.50%,,,,,,,,,,,,95.02%,,,,,,,,,,,,,,,,,,52.81%,
2026-05-06 14:30,,,,,,,,,,,,,,29.45%,19.77%,,,,,,,,87.25%,,,,,70.56%,86.57%,,,,,,,,,,,,95.11%,,,,,,,,,,,,,,,,,,52.82%,
2026-05-06 15:30,,,,,,,,,,,,,,29.94%,28.05%,,,,,,,,87.41%,,,,,72.91%,86.62%,,,,,,,,,,,,95.07%,,,,,,,,,,,,,,,,,,52.82%,
2026-05-06 16:30,,,,,,,,,,,,,,30.44%,22.81%,,,,,,,,87.35%,,,,,75.82%,86.54%,,,,,,,,,,,,94.95%,,,,,,,,,,,,,,,,,,52.83%,
2026-05-06 17:30,,,,,,,,,,,,,,30.75%,23.17%,,,,,,,,87.45%,,,,,82.38%,86.70%,,,,,,,,,,,,96.33%,,,,,,,,,,,,,,,,,,52.83%,
2026-05-06 18:30,,,,,,,,,,,,,,31.63%,23.33%,,,,,,,,87.20%,,,,,81.42%,86.81%,,,,,,,,,,,,96.37%,,,,,,,,,,,,,,,,,,52.83%,
2026-05-06 19:30,,,,,,,,,,,,,,29.92%,,,,,,,,,87.23%,,,,,81.73%,86.95%,,,,,,,,,,,,96.42%,,,,,,,,,,,,,,,,,,52.84%,
2026-05-06 20:30,,,,,,,,,,,,,,27.33%,,,,,,,,,87.16%,,,,,86.15%,87.06%,,,,,,,,,,,,96.54%,,,,,,,,,,,,,,,,,,52.84%,
2026-05-06 21:30,,,,,,,,,,,,,,27.52%,,,,,,,,,87.36%,,,,,,87.20%,,,,,,,,,,,,,,,,,,,,,,,,,,,,,,,
2026-05-06 22:30,,,,,,,,,,,,,,26.80%,,,,,,,,,87.17%,,,,,,87.04%,,,,,,,,,,,,,,,,,,,,,,,,,,,,,,,
2026-05-06 23:30,,,,,,,,,,,,,,26.84%,,,,,,,,,87.42%,,,,,,86.96%,,,,,,,,,,,,,,,,,,,,,,,,,,,,,,,
2026-05-07 00:30,,,,,,,,,,,,,,26.78%,,,,,,,,,87.34%,,,,,,86.88%,,,,,,,,,,,,,,,,,,,,,,,,,,,,,,,
2026-05-07 01:30,,,,,,,,,,,,,,26.48%,,,,,,,,,87.25%,,,,,,86.81%,,,,,,,,,,,,,,,,,,,,,,,,,,,,,,,
2026-05-07 02:30,,,,,,,,,,,,,,30.30%,,,,,,,,,87.38%,,,,,,86.80%,,,,,,,,,,,,,,,,,,,,,,,,,,,,,,,
2026-05-07 03:30,,,,,,,,,,,,,,26.86%,,,,,,,,,86.93%,,,,,,86.59%,,,,,,,,,,,,,,,,,,,,,,,,,,,,,,,
2026-05-07 04:30,,,,,,,,,,,,,,26.61%,,,,,,,,,87.15%,,,,,,86.58%,,,,,,,,,,,,,,,,,,,,,,,,,,,,,,,
2026-05-07 05:30,,,,,,,,,,,,,,26.68%,,,,,,,,,87.26%,,,,,,86.58%,,,,,,,,,,,,,,,,,,,,,,,,,,,,,,,
2026-05-07 06:30,,,,,,,,,,,,,,26.52%,,,,,,,,,87.35%,,,,,,86.57%,,,,,,,,,,,,,,,,,,,,,,,,,,,,,,,
2026-05-07 07:30,,,,,,,,,,,,,,25.99%,,,,,,,,,87.37%,,,,,,86.16%,,,,,,,,,,,,,,,,,,,,,,,,,,,,,,,
2026-05-07 08:30,,,,,,,,19.10%,,,,,,26.61%,,,,,,,,,87.42%,,,,,,86.30%,,,,,,,,,,,,,,,,,,,,,84.32%,,,,,,,,,,
2026-05-07 09:30,,,,,,,,2.81%,,,,,,27.14%,,,,,,,,,87.62%,,,,,,86.23%,,,,,,,,,,,,,,,,,,,,,84.33%,,,,,,,,,,
2026-05-07 10:30,,,,,,,,,,,,,,27.54%,,,,,,,,,87.54%,,,,,,86.37%,,,,,,,,,,,,,,,,,,,,,,,,,,,,,,,
2026-05-07 11:30,,,,,,,,,,,,,,28.43%,,,,,,,,,87.65%,,,,,,86.45%,,,,,,,,,,,,,,,,,,,,,,,,,,,,,,52.84%,
2026-05-07 12:30,,,,,,,,,,,,,,28.75%,26.89%,,,,,,,,87.59%,,,,,,86.33%,,,,,,,,,,,,,,,,,,,,,,,,,,,,,,52.81%,
2026-05-07 13:30,,,,,,,,,,,,,,29.40%,63.52%,,,,,,,,87.76%,,,,,86.22%,86.32%,,,,,,,,,,,,96.49%,,,,,,,,,,,,,,,,,,52.81%,
2026-05-07 14:30,,,,,,,,,,,,,,29.95%,6.06%,,,,,,,,87.50%,,,,,91.57%,86.34%,,,,,,,,,,,,96.11%,,,,,,,,,,,,,,,,,,52.82%,
2026-05-07 15:30,,,,,,,,,,,,,,30.30%,,,,,,,,,87.36%,,,,,88.12%,86.48%,,,,,,,,,,,,96.07%,,,,,,,,,,,,,,,,,,52.82%,
2026-05-07 16:30,,,,,,,,,,,,,,30.77%,,,,,,,,,87.15%,,,,,90.02%,86.44%,,,,,,,,,,,,96.11%,,,,,,,,,,,,,,,,,,52.82%,
2026-05-07 17:30,,,,,,,,,,,,,,31.64%,27.50%,,,,,,,,87.24%,,,,,85.76%,86.42%,,,,,,,,,,,,96.12%,,,,,,,,,,,,,,,,,,52.82%,
2026-05-07 18:30,,,,,,,,,,,,,,31.92%,21.63%,,,,,,,,87.25%,,,,,83.48%,86.47%,,,,,,,,,,,,96.18%,,,,,,,,,,,,,,,,,,,
2026-05-07 19:30,,,,,,,,,,,,,,30.25%,,,,,,,,,87.32%,,,,,83.12%,86.70%,,,,,,,,,,,,96.21%,,,,,,,,,,,,,,,,,,,
2026-05-07 20:30,,,,,,,,,,,,,,26.43%,,,,,,,,,87.41%,,,,,84.08%,86.84%,,,,,,,,,,,,96.23%,,,,,,,,,,,,,,,,,,,
2026-05-07 21:30,,,,,,,,,,,,,,26.89%,,,,,,,,,87.68%,,,,,85.78%,86.88%,,,,,,,,,,,,96.25%,,,,,,,,,,,,,,,,,,,
2026-05-07 22:30,,,,,,,,,,,,,,26.76%,,,,,,,,,87.38%,,,,,86.45%,86.88%,,,,,,,,,,,,96.27%,,,,,,,,,,,,,,,,,,,
2026-05-07 23:30,,,,,,,,,,,,,,26.76%,,,,,,,,,87.76%,,,,,86.78%,86.93%,,,,,,,,,,,,96.29%,,,,,,,,,,,,,,,,,,,
2026-05-08 00:30,,,,,,,,,,,,,,27.14%,,,,,,,,,87.51%,,,,,87.14%,87.12%,,,,,,,,,,,,96.31%,,,,,,,,,,,,,,,,,,,
2026-05-08 01:30,,,,,,,,,,,,,,27.18%,,,,,,,,,87.42%,,,,,87.46%,87.09%,,,,,,,,,,,,96.33%,,,,,,,,,,,,,,,,,,,
2026-05-08 02:30,,,,,,,,,,,,,,31.07%,,,,,,,,,87.50%,,,,,86.30%,87.20%,,,,,,,,,,,,96.36%,,,,,,,,,,,,,,,,,,,
2026-05-08 03:30,,,,,,,,,,,,,,27.72%,,,,,,,,,87.27%,,,,,86.25%,87.21%,,,,,,,,,,,,96.37%,,,,,,,,,,,,,,,,,,,
2026-05-08 04:30,,,,,,,,,,,,,,27.42%,,,,,,,,,87.17%,,,,,86.56%,87.13%,,,,,,,,,,,,96.40%,,,,,,,,,,,,,,,,,,,
2026-05-08 05:30,,,,,,,,,,,,,,27.58%,,,,,,,,,87.33%,,,,,86.73%,87.20%,,,,,,,,,,,,96.42%,,,,,,,,,,,,,,,,,,,
2026-05-08 06:30,,,,,,,,,,,,,,27.40%,,,,,,,,,87.38%,,,,,87.84%,87.26%,,,,,,,,,,,,96.44%,,,,,,,,,,,,,,,,,,,
2026-05-08 07:30,,,,,,,,,,,,,,26.45%,,,,,,,,,87.47%,,,,,88.14%,87.09%,,,,,,,,,,,,96.47%,,,,,,,,,,,,,,,,,,,
2026-05-08 08:30,,,,,,,,15.65%,,,,,,27.19%,,,,,,,,,87.39%,,,,,88.30%,87.14%,,,,,,,,,,,,96.29%,,,,,,,,,84.22%,,,,,,,,,,
2026-05-08 09:30,,,,,,,,2.96%,,,,,,27.79%,,,,,,,,,87.64%,,,,,88.79%,87.24%,,,,,,,,,,,,96.23%,,,,,,,,,84.19%,,,,,,,,,,
2026-05-08 10:30,,,,,,,,,,,,,,28.43%,30.99%,,,,,,,,87.63%,,,,,90.55%,87.27%,,,,,,,,,,,,96.26%,,,,,,,,,,,,,,,,,,,
2026-05-08 11:30,,,,,,,,,,,,,,29.04%,26.32%,,,,,,,,87.58%,,,,,83.93%,87.20%,,,,,,,,,,,,96.30%,,,,,,,,,,,,,,,,,,52.84%,
2026-05-08 12:30,,,,,,,,,,,,,,29.49%,23.38%,,,,,,,,87.49%,,,,,78.80%,87.24%,,,,,,,,,,,,96.33%,,,,,,,,,,,,,,,,,,52.79%,
2026-05-08 13:30,,,,,,,,,,,,,,30.39%,34.26%,,,,,,,,87.53%,,,,,79.33%,87.30%,,,,,,,,,,,,96.35%,,,,,,,,,,,,,,,,,,52.79%,
2026-05-08 14:30,,,,,,,,,,,,,,31.31%,,,,,,,,,87.46%,,,,,80.58%,87.32%,,,,,,,,,,,,96.38%,,,,,,,,,,,,,,,,,,52.79%,
2026-05-08 15:30,,,,,,,,,,,,,,31.31%,,,,,,,,,87.63%,,,,,81.08%,87.30%,,,,,,,,,,,,96.40%,,,,,,,,,,,,,,,,,,52.80%,
2026-05-08 16:30,,,,,,,,,,,,,,31.87%,,,,,,,,,87.63%,,,,,81.46%,87.45%,,,,,,,,,,,,96.41%,,,,,,,,,,,,,,,,,,52.80%,
2026-05-08 17:30,,,,,,,,,,,,,,32.16%,,,,,,,,,87.58%,,,,,81.48%,87.32%,,,,,,,,,,,,96.40%,,,,,,,,,,,,,,,,,,52.81%,
2026-05-08 18:30,,,,,,,,,,,,,,32.59%,,,,,,,,,87.49%,,,,,81.79%,87.10%,,,,,,,,,,,,96.42%,,,,,,,,,,,,,,,,,,52.81%,
2026-05-08 19:30,,,,,,,,,,,,,,31.41%,,,,,,,,,87.48%,,,,,82.20%,87.46%,,,,,,,,,,,,96.44%,,,,,,,,,,,,,,,,,,52.81%,
2026-05-08 20:30,,,,,,,,,,,,,,27.63%,,,,,,,,,87.47%,,,,,82.73%,87.55%,,,,,,,,,,,,96.47%,,,,,,,,,,,,,,,,,,52.82%,
2026-05-08 21:30,,,,,,,,,,,,,,27.93%,,,,,,,,,87.61%,,,,,83.67%,87.57%,,,,,,,,,,,,96.49%,,,,,,,,,,,,,,,,,,,
2026-05-08 22:30,,,,,,,,,,,,,,27.66%,,,,,,,,,87.19%,,,,,84.02%,87.58%,,,,,,,,,,,,96.51%,,,,,,,,,,,,,,,,,,,
2026-05-08 23:30,,,,,,,,,,,,,,27.71%,,,,,,,,,87.46%,,,,,84.40%,87.63%,,,,,,,,,,,,96.54%,,,,,,,,,,,,,,,,,,,
2026-05-09 00:30,,,,,,,,,,,,,,27.84%,,,,,,,,,87.32%,,,,,84.72%,87.71%,,,,,,,,,,,,96.68%,,,,,,,,,,,,,,,,,,,
2026-05-09 01:30,,,,,,,,,,,,,,28.06%,,,,,,,,,87.41%,,,,,90.83%,87.57%,,,,,,,,,,,,97.25%,,,,,,,,,,,,,,,,,,,
2026-05-09 02:30,,,,,,,,,,,,,,30.25%,,,,,,,,,87.48%,,,,,91.07%,87.58%,,,,,,,,,,,,97.36%,,,,,,,,,,,,,,,,,,,
2026-05-09 03:30,,,,,,,,,,,,,,28.77%,,,,,,,,,87.22%,,,,,91.19%,87.01%,,,,,,,,,,,,97.33%,,,,,,,,,,,,,,,,,,,
2026-05-09 04:30,,,,,,,,,,,,,,27.92%,,,,,,,,,87.28%,,,,,91.00%,87.40%,,,,,,,,,,,,97.36%,,,,,,,,,,,,,,,,,,,
2026-05-09 05:30,,,,,,,,,,,,,,28.05%,,,,,,,,,87.57%,,,,,90.80%,87.27%,,,,,,,,,,,,97.39%,,,,,,,,,,,,,,,,,,,
2026-05-09 06:30,,,,,,,,,,,,,,27.79%,,,,,,,,,87.55%,,,,,91.11%,87.33%,,,,,,,,,,,,97.38%,,,,,,,,,,,,,,,,,,,
2026-05-09 07:30,,,,,,,,,,,,,,26.21%,,,,,,,,,87.62%,,,,,91.54%,86.92%,,,,,,,,,,,,97.42%,,,,,,,,,,,,,,,,,,,
2026-05-09 08:30,,,,,,,,16.18%,,,,,,26.58%,,,,,,,,,87.60%,,,,,91.31%,86.89%,,,,,,,,,,,,97.40%,,,,,,,,,84.32%,,,,,,,,,,
2026-05-09 09:30,,,,,,,,2.69%,,,,,,27.16%,,,,,,,,,87.69%,,,,,91.31%,86.98%,,,,,,,,,,,,97.44%,,,,,,,,,84.32%,,,,,,,,,,
2026-05-09 10:30,,,,,,,,,,,,,,27.53%,,,,,,,,,87.69%,,,,,89.99%,86.95%,,,,,,,,,,,,97.53%,,,,,,,,,,,,,,,,,,,
2026-05-09 11:30,,,,,,,,,,,,,,28.22%,,,,,,,,,87.68%,,,,,90.05%,86.97%,,,,,,,,,,,,97.57%,,,,,,,,,,,,,,,,,,,
2026-05-09 12:30,,,,,,,,,,,,,,28.94%,,,,,,,,,87.70%,,,,,90.06%,86.98%,,,,,,,,,,,,97.66%,,,,,,,,,,,,,,,,,,,
2026-05-09 13:30,,,,,,,,,,,,,,29.55%,,,,,,,,,87.73%,,,,,90.08%,87.02%,,,,,,,,,,,,97.66%,,,,,,,,,,,,,,,,,,,
2026-05-09 14:30,,,,,,,,,,,,,,30.01%,,,,,,,,,87.58%,,,,,90.59%,86.98%,,,,,,,,,,,,97.68%,,,,,,,,,,,,,,,,,,,
2026-05-09 15:30,,,,,,,,,,,,,,30.33%,,,,,,,,,87.69%,,,,,90.62%,86.76%,,,,,,,,,,,,97.71%,,,,,,,,,,,,,,,,,,,
2026-05-09 16:30,,,,,,,,,,,,,,30.85%,,,,,,,,,87.69%,,,,,90.78%,86.94%,,,,,,,,,,,,97.70%,,,,,,,,,,,,,,,,,,,
2026-05-09 17:30,,,,,,,,,,,,,,31.55%,,,,,,,,,87.63%,,,,,91.01%,87.08%,,,,,,,,,,,,97.72%,,,,,,,,,,,,,,,,,,,
2026-05-09 18:30,,,,,,,,,,,,,,32.34%,,,,,,,,,87.45%,,,,,90.91%,87.17%,,,,,,,,,,,,97.76%,,,,,,,,,,,,,,,,,,,
2026-05-09 19:30,,,,,,,,,,,,,,30.94%,,,,,,,,,87.59%,,,,,91.37%,87.26%,,,,,,,,,,,,97.77%,,,,,,,,,,,,,,,,,,,
2026-05-09 20:30,,,,,,,,,,,,,,27.42%,,,,,,,,,87.47%,,,,,91.02%,87.35%,,,,,,,,,,,,97.78%,,,,,,,,,,,,,,,,,,,
2026-05-09 21:30,,,,,,,,,,,,,,26.97%,,,,,,,,,87.84%,,,,,91.02%,86.88%,,,,,,,,,,,,97.81%,,,,,,,,,,,,,,,,,,,
2026-05-09 22:30,,,,,,,,,,,,,,26.58%,,,,,,,,,87.61%,,,,,90.85%,86.23%,,,,,,,,,,,,97.84%,,,,,,,,,,,,,,,,,,,
2026-05-09 23:30,,,,,,,,,,,,,,26.88%,,,,,,,,,88.00%,,,,,90.67%,85.80%,,,,,,,,,,,,97.82%,,,,,,,,,,,,,,,,,,,
2026-05-10 00:30,,,,,,,,,,,,,,25.85%,,,,,,,,,87.85%,,,,,92.04%,83.24%,,,,,,,,,,,,97.82%,,,,,,,,,,,,,,,,,,,
2026-05-10 01:30,,,,,,,,,,,,,,25.77%,,,,,,,,,87.76%,,,,,92.63%,82.63%,,,,,,,,,,,,97.74%,,,,,,,,,,,,,,,,,,,
2026-05-10 02:30,,,,,,,,,,,,,,29.40%,,,,,,,,,87.64%,,,,,92.93%,82.16%,,,,,,,,,,,,97.76%,,,,,,,,,,,,,,,,,,,
2026-05-10 03:30,,,,,,,,,,,,,,26.04%,,,,,,,,,87.42%,,,,,93.05%,82.40%,,,,,,,,,,,,97.78%,,,,,,,,,,,,,,,,,,,
2026-05-10 04:30,,,,,,,,,,,,,,25.96%,,,,,,,,,87.52%,,,,,92.97%,82.29%,,,,,,,,,,,,97.80%,,,,,,,,,,,,,,,,,,,
2026-05-10 05:30,,,,,,,,,,,,,,26.06%,,,,,,,,,87.68%,,,,,92.82%,82.25%,,,,,,,,,,,,97.58%,,,,,,,,,,,,,,,,,,,
2026-05-10 06:30,,,,,,,,,,,,,,36.51%,,,,,,,,,87.68%,,,,,92.94%,82.40%,,,,,,,,,,,,97.61%,,,,,,,,,,,,,,,,,,,
2026-05-10 07:30,,,,,,,,,,,,,,25.36%,,,,,,,,,87.65%,,,,,93.53%,82.16%,,,,,,,,,,,,97.63%,,,,,,,,,,,,,,,,,,,
2026-05-10 08:30,,,,,,,,14.92%,,,,,,25.80%,,,,,,,,,87.49%,,,,,93.68%,82.27%,,,,,,,,,,,,97.65%,,,,,,,,,84.24%,,,,,,,,,,
2026-05-10 09:30,,,,,,,,2.97%,,,,,,26.43%,,,,,,,,,87.64%,,,,,93.92%,81.90%,,,,,,,,,,,,97.68%,,,,,,,,,84.25%,,,,,,,,,,
2026-05-10 10:30,,,,,,,,,,,,,,26.71%,,,,,,,,,87.60%,,,,,93.69%,81.99%,,,,,,,,,,,,97.70%,,,,,,,,,,,,,,,,,,,
2026-05-10 11:30,,,,,,,,,,,,,,27.45%,,,,,,,,,87.75%,,,,,93.42%,81.95%,,,,,,,,,,,,97.72%,,,,,,,,,,,,,,,,,,,
2026-05-10 12:30,,,,,,,,,,,,,,28.11%,,,,,,,,,87.84%,,,,,93.61%,82.11%,,,,,,,,,,,,97.73%,,,,,,,,,,,,,,,,,,,
2026-05-10 13:30,,,,,,,,,,,,,,29.02%,,,,,,,,,87.93%,,,,,93.79%,82.22%,,,,,,,,,,,,97.76%,,,,,,,,,,,,,,,,,,,
2026-05-10 14:30,,,,,,,,,,,,,,29.21%,,,,,,,,,87.84%,,,,,93.71%,82.11%,,,,,,,,,,,,97.78%,,,,,,,,,,,,,,,,,,,
2026-05-10 15:30,,,,,,,,,,,,,,29.60%,,,,,,,,,87.86%,,,,,93.80%,82.05%,,,,,,,,,,,,97.81%,,,,,,,,,,,,,,,,,,,
2026-05-10 16:30,,,,,,,,,,,,,,30.23%,,,,,,,,,87.85%,,,,,93.71%,82.19%,,,,,,,,,,,,97.82%,,,,,,,,,,,,,,,,,,,
2026-05-10 17:30,,,,,,,,,,,,,,30.50%,,,,,,,,,87.80%,,,,,93.62%,82.21%,,,,,,,,,,,,97.81%,,,,,,,,,,,,,,,,,,,
2026-05-10 18:30,,,,,,,,,,,,,,30.94%,,,,,,,,,87.57%,,,,,93.61%,82.15%,,,,,,,,,,,,97.83%,,,,,,,,,,,,,,,,,,,
2026-05-10 19:30,,,,,,,,,,,,,,29.79%,,,,,,,,,87.60%,,,,,93.97%,82.49%,,,,,,,,,,,,97.58%,,,,,,,,,,,,,,,,,,,
2026-05-10 20:30,,,,,,,,,,,,,,26.01%,,,,,,,,,87.40%,,,,,92.64%,82.51%,,,,,,,,,,,,97.58%,,,,,,,,,,,,,,,,,,,
2026-05-10 21:30,,,,,,,,,,,,,,25.73%,,,,,,,,,87.71%,,,,,92.79%,82.38%,,,,,,,,,,,,97.61%,,,,,,,,,,,,,,,,,,,
2026-05-10 22:30,,,,,,,,,,,,,,25.83%,,,,,,,,,87.39%,,,,,93.03%,82.58%,,,,,,,,,,,,97.63%,,,,,,,,,,,,,,,,,,,
2026-05-10 23:30,,,,,,,,,,,,,,25.87%,,,,,,,,,87.78%,,,,,92.71%,82.55%,,,,,,,,,,,,97.40%,,,,,,,,,,,,,,,,,,,
2026-05-11 00:30,,,,,,,,,,,,,,25.73%,,,,,,,,,87.76%,,,,,92.87%,82.54%,,,,,,,,,,,,97.39%,,,,,,,,,,,,,,,,,,,
2026-05-11 01:30,,,,,,,,,,,,,,25.79%,,,,,,,,,87.81%,,,,,93.00%,82.73%,,,,,,,,,,,,97.42%,,,,,,,,,,,,,,,,,,,
2026-05-11 02:30,,,,,,,,,,,,,,26.56%,,,,,,,,,87.89%,,,,,93.05%,82.93%,,,,,,,,,,,,97.43%,,,,,,,,,,,,,,,,,,,
2026-05-11 03:30,,,,,,,,,,,,,,29.29%,,,,,,,,,87.20%,,,,,92.88%,82.74%,,,,,,,,,,,,97.45%,,,,,,,,,,,,,,,,,,,
2026-05-11 04:30,,,,,,,,,,,,,,26.07%,,,,,,,,,87.27%,,,,,92.64%,82.68%,,,,,,,,,,,,97.47%,,,,,,,,,,,,,,,,,,,
2026-05-11 05:30,,,,,,,,,,,,,,26.03%,,,,,,,,,87.32%,,,,,92.47%,82.74%,,,,,,,,,,,,97.50%,,,,,,,,,,,,,,,,,,,
2026-05-11 06:30,,,,,,,,,,,,,,36.46%,,,,,,,,,87.33%,,,,,92.53%,82.72%,,,,,,,,,,,,97.52%,,,,,,,,,,,,,,,,,,,
2026-05-11 07:30,,,,,,,,,,,,,,25.46%,,,,,,,,,87.38%,,,,,92.98%,82.61%,,,,,,,,,,,,97.69%,,,,,,,,,,,,,,,,,,,
2026-05-11 08:30,,,,,,,,11.33%,,,,,,25.77%,,,,,,,,,87.22%,,,,,86.86%,82.47%,,,,,,,,,,,,98.30%,,,,,,,,,84.33%,,,,,,,,,,
2026-05-11 09:30,,,,,,,,3.69%,,,,,,26.13%,,,,,,,,,87.26%,,,,,89.95%,82.50%,,,,,,,,,,,,98.70%,,,,,,,,,84.34%,,,,,,,,,,
2026-05-11 10:30,,,,,,,,,,,,,,30.29%,,,,,,,,,87.09%,,,,,85.47%,83.00%,,,,,,,,,,,,98.76%,,,,,,,,,,,,,,,,,,53.03%,
2026-05-11 11:30,,,,,,,,,,,,,,33.34%,,,,,,,,,87.20%,,,,,91.67%,83.64%,,,,,,,,,,,,99.33%,,,,,,,,,,,,,,,,,,53.09%,
2026-05-11 12:30,,,,,,,,,,,,,,35.03%,,,,,,,,,87.29%,,,,,90.89%,84.06%,,,,,,,,,,,,99.58%,,,,,,,,,,,,,,,,,,53.11%,
2026-05-11 13:30,,,,,,,,,,,,,,37.07%,,,,,,,,,87.28%,,,,,85.83%,84.55%,,,,,,,,,,,,99.59%,,,,,,,,,,,,,,,,,,53.12%,
2026-05-11 14:30,,,,,,,,,,,,,,37.66%,,,,,,,,,87.18%,,,,,84.48%,84.02%,,,,,,,,,,,,98.06%,,,,,,,,,,,,,,,,,,53.12%,
2026-05-11 15:30,,,,,,,,,,,,,,37.64%,,,,,,,,,87.26%,,,,,79.90%,83.82%,,,,,,,,,,,,98.05%,,,,,,,,,,,,,,,,,,53.12%,
2026-05-11 16:30,,,,,,,,,,,,,,38.80%,,,,,,,,,87.19%,,,,,81.14%,83.42%,,,,,,,,,,,,98.06%,,,,,,,,,,,,,,,,,,53.13%,
2026-05-11 17:30,,,,,,,,,,,,,,39.38%,,,,,,,,,87.27%,,,,,82.78%,83.28%,,,,,,,,,,,,98.85%,,,,,,,,,,,,,,,,,,53.13%,
2026-05-11 18:30,,,,,,,,,,,,,,40.36%,,,,,,,,,87.08%,,,,,88.01%,83.20%,,,,,,,,,,,,99.05%,,,,,,,,,,,,,,,,,,53.13%,
2026-05-11 19:30,,,,,,,,,,,,,,38.08%,,,,,,,,,87.19%,,,,,85.12%,83.10%,,,,,,,,,,,,99.08%,,,,,,,,,,,,,,,,,,53.14%,
2026-05-11 20:30,,,,,,,,,,,,,,31.63%,,,,,,,,,87.12%,,,,,,82.50%,,,,,,,,,,,,,,,,,,,,,,,,,,,,,,53.14%,
2026-05-11 21:30,,,,,,,,,,,,,,33.51%,,,,,,,,,87.39%,,,,,,82.76%,,,,,,,,,,,,,,,,,,,,,,,,,,,,,,,
2026-05-11 22:30,,,,,,,,,,,,,,32.02%,,,,,,,,,87.18%,,,,,,82.88%,,,,,,,,,,,,,,,,,,,,,,,,,,,,,,,
2026-05-11 23:30,,,,,,,,,,,,,,32.57%,,,,,,,,,87.35%,,,,,,83.11%,,,,,,,,,,,,,,,,,,,,,,,,,,,,,,,
2026-05-12 00:30,,,,,,,,,,,,,,31.80%,,,,,,,,,87.15%,,,,,,83.18%,,,,,,,,,,,,,,,,,,,,,,,,,,,,,,,
2026-05-12 01:30,,,,,,,,,,,,,,30.89%,,,,,,,,,87.15%,,,,,,82.44%,,,,,,,,,,,,,,,,,,,,,,,,,,,,,,,
2026-05-12 02:30,,,,,,,,,,,,,,35.65%,,,,,,,,,87.35%,,,,,,82.34%,,,,,,,,,,,,,,,,,,,,,,,,,,,,,,,
2026-05-12 03:30,,,,,,,,,,,,,,31.68%,,,,,,,,,87.44%,,,,,,82.60%,,,,,,,,,,,,,,,,,,,,,,,,,,,,,,,
2026-05-12 04:30,,,,,,,,,,,,,,31.82%,,,,,,,,,87.52%,,,,,,82.50%,,,,,,,,,,,,,,,,,,,,,,,,,,,,,,,
2026-05-12 05:30,,,,,,,,,,,,,,31.53%,,,,,,,,,87.48%,,,,,,82.44%,,,,,,,,,,,,,,,,,,,,,,,,,,,,,,,
2026-05-12 06:30,,,,,,,,,,,,,,32.04%,,,,,,,,,87.49%,,,,,,82.52%,,,,,,,,,,,,,,,,,,,,,,,,,,,,,,,
2026-05-12 07:30,,,,,,,,,,,,,,32.05%,,,,,,,,,87.59%,,,,,89.72%,82.74%,,,,,,,,,,,,99.08%,,,,,,,,,,,,,,,,,,,
2026-05-12 08:30,,,,,,,,14.62%,,,,,,32.31%,,,,,,,,,87.63%,,,,,91.90%,82.26%,,,,,,,,,,,,98.98%,,,,,,,,,84.31%,,,,,,,,,,
2026-05-12 09:30,,,,,,,,3.97%,,,,,,32.43%,,,,,,,,,87.67%,,,,,91.44%,82.50%,,,,,,,,,,,,98.50%,,,,,,,,,84.69%,,,,,,,,,,
2026-05-12 10:30,,,,,,,,62.88%,,,,,,31.49%,,,,,,,,,87.66%,,,,,90.77%,81.83%,,,,,,,,,,,,98.55%,,,,,,,,,84.79%,,,,,,,,,,
2026-05-12 11:30,,,,,,,,12.21%,,,,,,32.19%,,,,,,,,,87.74%,,,,,93.26%,81.96%,,,,,,,,,,,,98.68%,,,,,,,,,84.37%,,,,,,,,,,
2026-05-12 12:30,,,,,,,,6.50%,,,,,,33.12%,,,,,,,,,87.64%,,,,,91.69%,81.85%,,,,,,,,,,,,98.96%,,,,,,,,,84.53%,,,,,,,,,,
2026-05-12 13:30,,,,,,,,5.64%,,,,,,34.34%,,,,,,,,,87.72%,,,,,87.69%,81.98%,,,,,,,,,,,,99.39%,,,,,,,,,84.54%,,,,,,,,,53.20%,
2026-05-12 14:30,,,,,,,,9.43%,,,,,,36.06%,,,,,,,,,87.70%,,,,,90.20%,81.89%,,,,,,,,,,,,99.50%,,,,,,,,,84.54%,,,,,,,,,52.89%,
2026-05-12 15:30,,,,,,,,,,,,,,37.66%,,,,,,,,,87.74%,,,,,92.76%,82.23%,,,,,,,,,,,,99.55%,,,,,,,,,,,,,,,,,,52.87%,
2026-05-12 16:30,,,,,,,,4.61%,,,,,,37.22%,,,,,,,,,87.71%,,,,,94.01%,82.27%,,,,,,,,,,,,99.45%,,,,,,,,,84.51%,,,,,,,,,52.88%,
2026-05-12 17:30,,,,,,,,3.72%,,,,,,37.55%,,,,,,,,,87.70%,,,,,92.29%,82.16%,,,,,,,,,,,,99.73%,,,,,,,,,84.50%,,,,,,,,,52.88%,
2026-05-12 18:30,,,,,,,,,,,,,,38.85%,28.09%,,,,,,,,87.51%,,,,,91.38%,82.42%,,,,,,,,,,,,99.85%,,,,,,,,,,,,,,,,,,52.88%,
2026-05-12 19:30,,,,,,,,,,,,,,36.76%,21.47%,,,,,,,,87.52%,,,,,92.87%,82.74%,,,,,,,,,,,,99.58%,,,,,,,,,,,,,,,,,,52.88%,
2026-05-12 20:30,,,,,,,,,,,,,,33.87%,,,,,,,,,87.41%,,,,,91.46%,82.69%,,,,,,,,,,,,99.80%,,,,,,,,,,,,,,,,,,52.88%,
2026-05-12 21:30,,,,,,,,,,,,,,32.64%,,,,,,,,,87.57%,,,,,91.84%,82.71%,,,,,,,,,,,,99.83%,,,,,,,,,,,,,,,,,,,
2026-05-12 22:30,,,,,,,,,,,,,,32.66%,,,,,,,,,87.23%,,,,,91.45%,82.96%,,,,,,,,,,,,99.86%,,,,,,,,,,,,,,,,,,,
2026-05-12 23:30,,,,,,,,,,,,,,31.61%,,,,,,,,,87.50%,,,,,92.72%,82.38%,,,,,,,,,,,,99.94%,,,,,,,,,,,,,,,,,,,
2026-05-13 00:30,,,,,,,,,,,,,,32.57%,,,,,,,,,87.49%,,,,,93.02%,82.71%,,,,,,,,,,,,100.00%,,,,,,,,,,,,,,,,,,,
2026-05-13 01:30,,,,,,,,,,,,,,32.83%,,,,,,,,,87.47%,,,,,85.01%,83.11%,,,,,,,,,,,,99.91%,,,,,,,,,,,,,,,,,,,
2026-05-13 02:30,,,,,,,,,,,,,,36.01%,,,,,,,,,87.61%,,,,,83.46%,82.78%,,,,,,,,,,,,99.52%,,,,,,,,,,,,,,,,,,,
2026-05-13 03:30,,,,,,,,,,,,,,30.70%,,,,,,,,,87.43%,,,,,83.91%,69.89%,,,,,,,,,,,,99.51%,,,,,,,,,,,,,,,,,,,
2026-05-13 04:30,,,,,,,,,,,,,,25.14%,,,,,,,,,85.72%,,,,,84.43%,60.90%,,,,,,,,,,,,99.53%,,,,,,,,,,,,,,,,,,,
2026-05-13 05:30,,,,,,,,,,,,,,25.80%,,,,,,,,,85.73%,,,,,86.19%,62.43%,,,,,,,,,,,,99.57%,,,,,,,,,,,,,,,,,,,
2026-05-13 06:30,,,,,,,,,,,,,,26.45%,,,,,,,,,85.55%,,,,,85.58%,62.39%,,,,,,,,,,,,99.76%,,,,,,,,,,,,,,,,,,,
2026-05-13 07:30,,,,,,,,,,,,,,26.22%,,,,,,,,,85.84%,,,,,84.77%,62.30%,,,,,,,,,,,,98.67%,,,,,,,,,,,,,,,,,,,
2026-05-13 08:30,,,,,,,,17.33%,,,,,,26.77%,,,,,,,,,86.08%,,,,,83.87%,62.60%,,,,,,,,,,,,99.28%,,,,,,,,,84.35%,,,,,,,,,,
2026-05-13 09:30,,,,,,,,3.57%,,,,,,27.16%,,,,,,,,,86.02%,,,,,71.92%,62.60%,,,,,,,,,,,,99.93%,,,,,,,,,84.42%,,,,,,,,,,
2026-05-13 10:30,,,,,,,,5.74%,,,,,,27.51%,,,,,,,,,85.97%,,,,,83.79%,62.86%,,,,,,,,,,,,99.99%,,,,,,,,,84.37%,,,,,,,,,,
2026-05-13 11:30,,,,,,,,3.18%,,,,,,28.08%,,,,,,,,,85.98%,,,,,84.41%,62.93%,,,,,,,,,,,,100.00%,,,,,,,,,84.09%,,,,,,,,,52.92%,
2026-05-13 12:30,,,,,,,,,,,,,,28.45%,,,,,,,,,85.81%,,,,,77.75%,62.99%,,,,,,,,,,,,99.92%,,,,,,,,,,,,,,,,,,52.93%,
2026-05-13 13:30,,,,,,,,,,,,,,28.82%,,,,,,,,,85.99%,,,,,60.99%,63.36%,,,,,,,,,,,,98.54%,,,,,,,,,,,,,,,,,,53.31%,
2026-05-13 14:30,,,,,,,,,,,,,,29.05%,,,,,,,,,85.90%,,,,,70.98%,63.52%,,,,,,,,,,,,95.82%,,,,,,,,,,,,,,,,,,53.34%,
2026-05-13 15:30,,,,,,,,,,,,,,29.23%,,,,,,,,,86.03%,,,,,70.61%,63.47%,,,,,,,,,,,,95.92%,,,,,,,,,,,,,,,,,,52.77%,
2026-05-13 16:30,,,,,,,,,,,,,,29.71%,,,,,,,,,86.05%,,,,,68.96%,63.64%,,,,,,,,,,,,95.94%,,,,,,,,,,,,,,,,,,52.74%,
2026-05-13 17:30,,,,,,,,,,,,,,29.95%,,,,,,,,,86.19%,,,,,77.61%,63.81%,,,,,,,,,,,,96.09%,,,,,,,,,,,,,,,,,,52.71%,
2026-05-13 18:30,,,,,,,,,,,,,,30.43%,,,,,,,,,86.13%,,,,,84.51%,64.09%,,,,,,,,,,,,96.28%,,,,,,,,,,,,,,,,,,52.73%,
2026-05-13 19:30,,,,,,,,,,,,,,30.95%,,,,,,,,,86.07%,,,,,81.59%,64.06%,,,,,,,,,,,,95.86%,,,,,,,,,,,,,,,,,,52.74%,
2026-05-13 20:30,,,,,,,,,,,,,,28.39%,,,,,,,,,86.17%,,,,,88.49%,63.97%,,,,,,,,,,,,96.03%,,,,,,,,,,,,,,,,,,52.75%,
2026-05-13 21:30,,,,,,,,,,,,,,27.20%,,,,,,,,,86.44%,,,,,86.03%,64.07%,,,,,,,,,,,,96.71%,,,,,,,,,,,,,,,,,,,
2026-05-13 22:30,,,,,,,,,,,,,,27.35%,,,,,,,,,86.09%,,,,,89.07%,64.25%,,,,,,,,,,,,97.53%,,,,,,,,,,,,,,,,,,,
2026-05-13 23:30,,,,,,,,,,,,,,27.62%,,,,,,,,,86.39%,,,,,88.00%,64.30%,,,,,,,,,,,,97.98%,,,,,,,,,,,,,,,,,,,
2026-05-14 00:30,,,,,,,,,,,,,,28.15%,,,,,,,,,86.56%,,,,,89.46%,64.37%,,,,,,,,,,,,97.95%,,,,,,,,,,,,,,,,,,,
2026-05-14 01:30,,,,,,,,,,,,,,27.39%,,,,,,,,,86.33%,,,,,91.88%,64.71%,,,,,,,,,,,,98.09%,,,,,,,,,,,,,,,,,,,
2026-05-14 02:30,,,,,,,,,,,,,,28.43%,,,,,,,,,86.39%,,,,,93.01%,64.66%,,,,,,,,,,,,98.11%,,,,,,,,,,,,,,,,,,,
2026-05-14 03:30,,,,,,,,,,,,,,35.48%,,,,,,,,,86.32%,,,,,94.49%,64.89%,,,,,,,,,,,,98.20%,,,,,,,,,,,,,,,,,,,
2026-05-14 04:30,,,,,,,,,,,,,,27.08%,,,,,,,,,86.35%,,,,,94.56%,63.76%,,,,,,,,,,,,98.31%,,,,,,,,,,,,,,,,,,,
2026-05-14 05:30,,,,,,,,,,,,,,27.33%,,,,,,,,,86.43%,,,,,94.41%,64.29%,,,,,,,,,,,,98.36%,,,,,,,,,,,,,,,,,,,
2026-05-14 06:30,,,,,,,,,,,,,,27.43%,,,,,,,,,86.47%,,,,,94.68%,64.15%,,,,,,,,,,,,98.65%,,,,,,,,,,,,,,,,,,,
2026-05-14 07:30,,,,,,,,,,,,,,25.91%,,,,,,,,,86.55%,,,,,94.53%,64.34%,,,,,,,,,,,,98.51%,,,,,,,,,,,,,,,,,,,
2026-05-14 08:30,,,,,,,,16.38%,,,,,,25.74%,,,,,,,,,86.52%,,,,,94.55%,64.48%,,,,,,,,,,,,98.65%,,,,,,,,,84.09%,,,,,,,,,,
2026-05-14 09:30,,,,,,,,2.69%,,,,,,25.86%,,,,,,,,,86.66%,,,,,94.51%,64.50%,,,,,,,,,,,,98.74%,,,,,,,,,84.08%,,,,,,,,,,
2026-05-14 10:30,,,,,,,,25.04%,,,,,,26.30%,,,,,,,,,86.40%,,,,,87.52%,64.61%,,,,,,,,,,,,99.39%,,,,,,,,,84.08%,,,,,,,,,52.72%,
2026-05-14 11:30,,,,,,,,4.94%,,,,,,26.44%,,,,,,,,,86.48%,,,,,90.00%,64.59%,,,,,,,,,,,,99.46%,,,,,,,,,84.46%,,,,,,,,,52.74%,
2026-05-14 12:30,,,,,,,,,,,,,,26.94%,,,,,,,,,86.51%,,,,,90.00%,64.73%,,,,,,,,,,,,99.26%,,,,,,,,,,,,,,,,,,52.75%,
2026-05-14 13:30,,,,,,,,,,,,,,27.57%,,,,,,,,,86.68%,,,,,93.26%,64.82%,,,,,,,,,,,,98.72%,,,,,,,,,,,,,,,,,,52.77%,
2026-05-14 14:30,,,,,,,,,,,,,,27.60%,,,,,,,,,86.72%,,,,,91.93%,64.81%,,,,,,,,,,,,99.74%,,,,,,,,,,,,,,,,,,52.77%,
2026-05-14 15:30,,,,,,,,,,,,,,28.11%,,,,,,,,,86.81%,,,,,92.98%,64.90%,,,,,,,,,,,,100.00%,,,,,,,,,,,,,,,,,,52.86%,
2026-05-14 16:30,,,,,,,,,,,,,,28.62%,,,,,,,,,86.69%,,,,,48.04%,64.85%,68.88%,,,,,,,,,,,95.68%,,,,,,,,,,,60.06%,,,,,,,52.91%,
2026-05-14 17:30,,,,,,,,,,,,,,28.68%,,,,,,,,,86.71%,,,,,48.89%,65.03%,66.78%,,,,,,,,,,,96.31%,,,,,,,,,,,60.55%,,,,,,,52.91%,
2026-05-14 18:30,,,,,,,,,,,,,,29.12%,,,,,,,,,86.44%,,,,,63.63%,65.21%,68.12%,,,,,,,,,,,96.29%,,,,,,,,,,,60.07%,,,,,,,52.92%,
2026-05-14 19:30,,,,,,,,,,,,,,29.29%,,,,,,,,,86.46%,,,,,74.66%,65.20%,68.23%,,,,,,,,,,,96.27%,,,,,,,,,,,60.04%,,,,,,,52.92%,
2026-05-14 20:30,,,,,,,,,,,,,,29.80%,,,,,,,,,86.42%,,,,,75.06%,65.48%,,,,,,,,,,,,96.33%,,,,,,,,,,,,,,,,,,52.92%,
2026-05-14 21:30,,,,,,,,,,,,,,30.13%,,,,,,,,,86.58%,,,,,81.77%,65.41%,,,,,,,,,,,,96.53%,,,,,,,,,,,,,,,,,,,
2026-05-14 22:30,,,,,,,,,,,,,,30.27%,,,,,,,,,86.40%,,,,,,65.28%,,,,,,,,,,,,,,,,,,,,,,,,,,,,,,,
2026-05-14 23:30,,,,,,,,,,,,,,30.49%,,,,,,,,,86.62%,,,,,,65.64%,,,,,,,,,,,,,,,,,,,,,,,,,,,,,,,
2026-05-15 00:30,,,,,,,,,,,,,,30.68%,,,,,,,,,86.56%,,,,,,65.42%,,,,,,,,,,,,,,,,,,,,,,,,,,,,,,,
2026-05-15 01:30,,,,,,,,,,,,,,31.22%,,,,,,,,,86.53%,,,,,,65.63%,,,,,,,,,,,,,,,,,,,,,,,,,,,,,,,
2026-05-15 02:30,,,,,,,,,,,,,,33.07%,,,,,,,,,86.80%,,,,,,65.80%,,,,,,,,,,,,,,,,,,,,,,,,,,,,,,,
2026-05-15 03:30,,,,,,,,,,,,,,33.72%,,,,,,,,,86.73%,,,,,,65.48%,,,,,,,,,,,,,,,,,,,,,,,,,,,,,,,
2026-05-15 04:30,,,,,,,,,,,,,,32.21%,,,,,,,,,86.91%,,,,,,65.92%,,,,,,,,,,,,,,,,,,,,,,,,,,,,,,,
2026-05-15 05:30,,,,,,,,,,,,,,32.79%,,,,,,,,,86.89%,,,,,,65.93%,,,,,,,,,,,,,,,,,,,,,,,,,,,,,,,
2026-05-15 06:30,,,,,,,,,,,,,,43.03%,,,,,,,,,86.84%,,,,,,65.73%,,,,,,,,,,,,,,,,,,,,,,,,,,,,,,,
2026-05-15 07:30,,,,,,,,,,,,,,32.91%,,,,,,,,,87.04%,,,,,,65.75%,,,,,,,,,,,,,,,,,,,,,,,,,,,,,,,
2026-05-15 08:30,,,,,,,,13.82%,,,,,,33.22%,,,,,,,,,86.99%,,,,,89.87%,66.05%,,,,,,,,,,,,98.02%,,,,,,,,,84.67%,,,,,,,,,53.04%,
2026-05-15 09:30,,,,,,,,2.57%,,,,,,33.49%,,,,,,,,,87.04%,,,,,90.88%,66.14%,,,,,,,,,,,,98.18%,,,,,,,,,84.46%,,,,,,,,,53.34%,
2026-05-15 10:30,,,,,,,,,,,,,,33.81%,,,,,,,,,87.02%,,,,,80.70%,66.21%,,,,,,,,,,,,98.49%,,,,,,,,,,,,,,,,,,53.13%,
2026-05-15 11:30,,,,,,,,,,,,,,34.23%,,,,,,,,,87.05%,,,,,85.74%,66.43%,,,,,,,,,,,,99.09%,,,,,,,,,,,,,,,,,,53.01%,
2026-05-15 12:30,,,,,,,,,,,,,,34.53%,,,,,,,,,87.10%,,,,,84.23%,66.42%,,,,,,,,,,,,99.82%,,,,,,,,,,,,,,,,,,53.02%,
2026-05-15 13:30,,,,,,,,,,,,,,35.06%,,,,,,,,,87.22%,,,,,85.72%,66.59%,,,,,,,,,,,,99.69%,,,,,,,,,,,,,,,,,,53.02%,
2026-05-15 14:30,,,,,,,,,,,,,,35.02%,,,,,,,,,87.01%,,,,,87.17%,66.77%,,,,,,,,,,,,99.88%,,,,,,,,,,,,,,,,,,53.02%,
2026-05-15 15:30,,,,,,,,,,,,,,35.44%,,,,,,,,,87.03%,,,,,85.56%,66.90%,,,,,,,,,,,,99.96%,,,,,,,,,,,,,,,,,,52.98%,
2026-05-15 16:30,,,,,,,,,,,,,,35.56%,,,,,,,,,87.05%,,,,,85.02%,66.89%,,,,,,,,,,,,99.55%,,,,,,,,,,,,,,,,,,52.88%,
2026-05-15 17:30,,,,,,,,,,,,,,36.02%,,,,,,,,,87.15%,,,,,85.71%,67.23%,,,,,,,,,,,,99.79%,,,,,,,,,,,,,,,,,,53.70%,
2026-05-15 18:30,,,,,,,,,,,,,,36.16%,,,,,,,,,86.95%,,,,,80.49%,67.07%,,,,,,,,,,,,99.46%,,,,,,,,,,,,,,,,,,53.81%,
2026-05-15 19:30,,,,,,,,,,,,,,36.66%,,,,,,,,,87.07%,,,,,63.00%,67.26%,,,,,,,,,,,,98.42%,,,,,,,,,,,,,,,,,,53.81%,
2026-05-15 20:30,,,,,,,,6.50%,,,,,,37.05%,,,,,,,,,87.04%,,,,,,67.40%,,,,,,,,,,,,,,,,,,,,,84.57%,,,,,,,,,53.81%,
2026-05-15 21:30,,,,,,,,5.01%,,,,,,36.88%,,,,,,,,,87.37%,,,,,,67.35%,,,,,,,,,,,,,,,,,,,,,84.75%,,,,,,,,,,
2026-05-15 22:30,,,,,,,,,,,,,,37.27%,,,,,,,,,86.92%,,,,,,67.34%,,,,,,,,,,,,,,,,,,,,,,,,,,,,,,53.55%,
2026-05-15 23:30,,,,,,,,,,,,,,37.52%,,,,,,,,,87.09%,,,,,,67.54%,,,,,,,,,,,,,,,,,,,,,,,,,,,,,,53.52%,
2026-05-16 00:30,,,,,,,,,,,,,,37.36%,,,,,,,,,87.18%,,,,,,67.46%,,,,,,,,,,,,,,,,,,,,,,,,,,,,,,53.50%,
2026-05-16 01:30,,,,,,,,,,,,,,37.55%,,,,,,,,,87.08%,,,,,,67.66%,,,,,,,,,,,,,,,,,,,,,,,,,,,,,,53.50%,
2026-05-16 02:30,,,,,,,,,,,,,,38.68%,,,,,,,,,87.17%,,,,,,67.65%,,,,,,,,,,,,,,,,,,,,,,,,,,,,,,53.51%,
2026-05-16 03:30,,,,,,,,,,,,,,41.34%,,,,,,,,,86.79%,,,,,,67.74%,,,,,,,,,,,,,,,,,,,,,,,,,,,,,,53.51%,
2026-05-16 04:30,,,,,,,,,,,,,,38.58%,,,,,,,,,86.66%,,,,,,68.07%,,,,,,,,,,,,,,,,,,,,,,,,,,,,,,53.53%,
2026-05-16 05:30,,,,,,,,,,,,,,39.09%,,,,,,,,,86.78%,,,,,,68.30%,,,,,,,,,,,,,,,,,,,,,,,,,,,,,,53.52%,
2026-05-16 06:30,,,,,,,,,,,,,,39.29%,,,,,,,,,86.86%,,,,,,68.23%,,,,,,,,,,,,,,,,,,,,,,,,,,,,,,53.52%,
2026-05-16 07:30,,,,,,,,,,,,,,39.28%,,,,,,,,,86.97%,,,,,,68.36%,,,,,,,,,,,,,,,,,,,,,,,,,,,,,,53.53%,
2026-05-16 08:30,,,,,,,,7.86%,,,,,,39.66%,,,,,,,,,86.90%,,,,,,68.41%,,,,,,,,,,,,,,,,,,,,,84.76%,,,,,,,,,53.53%,
2026-05-16 09:30,,,,,,,,2.59%,,,,,,39.94%,,,,,,,,,87.05%,,,,,,68.32%,,,,,,,,,,,,,,,,,,,,,84.76%,,,,,,,,,53.55%,
2026-05-16 10:30,,,,,,,,,,,,,,40.43%,,,,,,,,,87.00%,,,,,,68.34%,,,,,,,,,,,,,,,,,,,,,,,,,,,,,,53.54%,
2026-05-16 11:30,,,,,,,,,,,,,,38.94%,,,,,,,,,87.15%,,,,,,68.28%,,,,,,,,,,,,,,,,,,,,,,,,,,,,,,53.54%,
2026-05-16 12:30,,,,,,,,,,,,,,28.27%,,,,,,,,,87.31%,,,,,,67.51%,,,,,,,,,,,,,,,,,,,,,,,,,,,,,,53.54%,
2026-05-16 13:30,,,,,,,,,,,,,,28.67%,,,,,,,,,87.12%,,,,,,67.51%,,,,,,,,,,,,,,,,,,,,,,,,,,,,,,53.55%,
2026-05-16 14:30,,,,,,,,,,,,,,29.05%,,,,,,,,,87.05%,,,,,,67.43%,,,,,,,,,,,,,,,,,,,,,,,,,,,,,,53.55%,
2026-05-16 15:30,,,,,,,,,,,,,,27.98%,,,,,,,,,87.30%,,,,,,67.50%,,,,,,,,,,,,,,,,,,,,,,,,,,,,,,53.55%,
2026-05-16 16:30,,,,,,,,,,,,,,25.73%,,,,,,,,,87.15%,,,,,,67.31%,,,,,,,,,,,,,,,,,,,,,,,,,,,,,,53.55%,
2026-05-16 17:30,,,,,,,,,,,,,,25.99%,,,,,,,,,87.24%,,,,,,67.45%,,,,,,,,,,,,,,,,,,,,,,,,,,,,,,53.55%,
2026-05-16 18:30,,,,,,,,,,,,,,26.39%,,,,,,,,,87.30%,,,,,,67.42%,,,,,,,,,,,,,,,,,,,,,,,,,,,,,,53.56%,
2026-05-16 19:30,,,,,,,,,,,,,,27.07%,,,,,,,,,87.16%,,,,,,67.50%,,,,,,,,,,,,,,,,,,,,,,,,,,,,,,53.56%,
2026-05-16 20:30,,,,,,,,,,,,,,27.18%,,,,,,,,,87.11%,,,,,,67.55%,,,,,,,,,,,,,,,,,,,,,,,,,,,,,,53.56%,
2026-05-16 21:30,,,,,,,,,,,,,,27.65%,,,,,,,,,87.40%,,,,,,67.35%,,,,,,,,,,,,,,,,,,,,,,,,,,,,,,,
2026-05-16 22:30,,,,,,,,,,,,,,27.73%,,,,,,,,,86.90%,,,,,,67.52%,,,,,,,,,,,,,,,,,,,,,,,,,,,,,,,
2026-05-16 23:30,,,,,,,,,,,,,,28.16%,,,,,,,,,87.09%,,,,,,67.68%,,,,,,,,,,,,,,,,,,,,,,,,,,,,,,,
2026-05-17 00:30,,,,,,,,,,,,,,28.58%,,,,,,,,,87.02%,,,,,,67.68%,,,,,,,,,,,,,,,,,,,,,,,,,,,,,,,
2026-05-17 01:30,,,,,,,,,,,,,,28.71%,,,,,,,,,86.95%,,,,,,67.64%,,,,,,,,,,,,,,,,,,,,,,,,,,,,,,,
2026-05-17 02:30,,,,,,,,,,,,,,29.82%,,,,,,,,,87.12%,,,,,,68.02%,,,,,,,,,,,,,,,,,,,,,,,,,,,,,,,
2026-05-17 03:30,,,,,,,,,,,,,,32.90%,,,,,,,,,86.58%,,,,,,67.84%,,,,,,,,,,,,,,,,,,,,,,,,,,,,,,,
2026-05-17 04:30,,,,,,,,,,,,,,30.17%,,,,,,,,,86.64%,,,,,,68.25%,,,,,,,,,,,,,,,,,,,,,,,,,,,,,,,
2026-05-17 05:30,,,,,,,,,,,,,,30.53%,,,,,,,,,86.77%,,,,,,68.54%,,,,,,,,,,,,,,,,,,,,,,,,,,,,,,,
2026-05-17 06:30,,,,,,,,,,,,,,25.48%,,,,,,,,,86.79%,,,,,,68.39%,,,,,,,,,,,,,,,,,,,,,,,,,,,,,,,
2026-05-17 07:30,,,,,,,,,,,,,,24.72%,,,,,,,,,86.97%,,,,,,68.35%,,,,,,,,,,,,,,,,,,,,,,,,,,,,,,,
2026-05-17 08:30,,,,,,,,19.37%,,,,,,24.87%,,,,,,,,,86.92%,,,,,,68.11%,,,,,,,,,,,,,,,,,,,,,84.85%,,,,,,,,,,
2026-05-17 09:30,,,,,,,,14.82%,,,,,,25.46%,,,,,,,,,86.95%,,,,,,68.19%,,,,,,,,,,,,,,,,,,,,,91.92%,,,,,,,,,,
2026-05-17 10:30,,,,,,,,,,,,,,25.76%,,,,,,,,,86.90%,,,,,,67.85%,,,,,,,,,,,,,,,,,,,,,,,,,,,,,,,
2026-05-17 11:30,,,,,,,,,,,,,,26.15%,,,,,,,,,86.94%,,,,,,67.93%,,,,,,,,,,,,,,,,,,,,,,,,,,,,,,,
2026-05-17 12:30,,,,,,,,,,,,,,26.61%,,,,,,,,,86.89%,,,,,,67.94%,,,,,,,,,,,,,,,,,,,,,,,,,,,,,,,
2026-05-17 13:30,,,,,,,,,,,,,,27.35%,,,,,,,,,86.99%,,,,,,68.10%,,,,,,,,,,,,,,,,,,,,,,,,,,,,,,,
2026-05-17 14:30,,,,,,,,,,,,,,27.32%,,,,,,,,,86.95%,,,,,,68.33%,,,,,,,,,,,,,,,,,,,,,,,,,,,,,,,
2026-05-17 15:30,,,,,,,,,,,,,,27.45%,,,,,,,,,87.02%,,,,,,68.31%,,,,,,,,,,,,,,,,,,,,,,,,,,,,,,,
2026-05-17 16:30,,,,,,,,,,,,,,27.73%,,,,,,,,,86.96%,,,,,,68.47%,,,,,,,,,,,,,,,,,,,,,,,,,,,,,,,
2026-05-17 17:30,,,,,,,,,,,,,,28.05%,,,,,,,,,87.06%,,,,,,68.56%,,,,,,,,,,,,,,,,,,,,,,,,,,,,,,53.54%,
2026-05-17 18:30,,,,,,,,,,,,,,28.68%,,,,,,,,,86.88%,,,,,,68.54%,,,,,,,,,,,,,,,,,,,,,,,,,,,,,,53.47%,
2026-05-17 19:30,,,,,,,,,,,,,,28.98%,,,,,,,,,86.93%,,,,,,68.48%,,,,,,,,,,,,,,,,,,,,,,,,,,,,,,,
2026-05-17 20:30,,,,,,,,,,,,,,29.36%,,,,,,,,,86.91%,,,,,,68.51%,,,,,,,,,,,,,,,,,,,,,,,,,,,,,,,
2026-05-17 21:30,,,,,,,,,,,,,,30.12%,,,,,,,,,86.97%,,,,,,68.84%,,,,,,,,,,,,,,,,,,,,,,,,,,,,,,,
2026-05-17 22:30,,,,,,,,,,,,,,30.11%,,,,,,,,,86.72%,,,,,,68.97%,,,,,,,,,,,,,,,,,,,,,,,,,,,,,,,
2026-05-17 23:30,,,,,,,,,,,,,,30.26%,,,,,,,,,86.96%,,,,,,69.07%,,,,,,,,,,,,,,,,,,,,,,,,,,,,,,,
2026-05-18 00:30,,,,,,,,,,,,,,30.55%,,,,,,,,,86.94%,,,,,,69.14%,,,,,,,,,,,,,,,,,,,,,,,,,,,,,,,
2026-05-18 01:30,,,,,,,,,,,,,,30.88%,,,,,,,,,86.65%,,,,,,69.11%,,,,,,,,,,,,,,,,,,,,,,,,,,,,,,,
2026-05-18 02:30,,,,,,,,,,,,,,34.74%,,,,,,,,,86.83%,,,,,,68.24%,,,,,,,,,,,,,,,,,,,,,,,,,,,,,,,
2026-05-18 03:30,,,,,,,,,,,,,,31.57%,,,,,,,,,87.01%,,,,,,68.17%,,,,,,,,,,,,,,,,,,,,,,,,,,,,,,,
2026-05-18 04:30,,,,,,,,,,,,,,31.96%,,,,,,,,,86.99%,,,,,,68.30%,,,,,,,,,,,,,,,,,,,,,,,,,,,,,,,
2026-05-18 05:30,,,,,,,,,,,,,,32.40%,,,,,,,,,87.08%,,,,,,68.50%,,,,,,,,,,,,,,,,,,,,,,,,,,,,,,,
2026-05-18 06:30,,,,,,,,,,,,,,32.62%,,,,,,,,,86.96%,,,,,,68.60%,,,,,,,,,,,,,,,,,,,,,,,,,,,,,,,
2026-05-18 07:30,,,,,,,,,,,,,,32.72%,,,,,,,,,87.08%,,,,,,68.74%,,,,,,,,,,,,,,,,,,,,,,,,,,,,,,,
2026-05-18 08:30,,,,,,,,16.57%,,,,,,32.80%,,,,,,,,,87.05%,,,,,,68.84%,,,,,,,,,,,,,,,,,,,,,90.82%,,,,,,,,,,
2026-05-18 09:30,,,,,,,,3.23%,,,,,,33.22%,,,,,,,,,87.16%,,,,,,68.92%,,,,,,,,,,,,,,,,,,,,,87.46%,,,,,,,,,,
2026-05-18 10:30,,,,,,,,,,,,,,34.08%,,,,,,,,,87.04%,,,,,,68.99%,,,,,,,,,,,,,,,,,,,,,,,,,,,,,,,
2026-05-18 11:30,,,,,,,,,,,,,,33.88%,,,,,,,,,87.06%,,,,,,68.97%,,,,,,,,,,,,,,,,,,,,,,,,,,,,,,,
2026-05-18 12:30,,,,,,,,,,,,,,34.64%,,,,,,,,,87.06%,,,,,,68.92%,,,,,,,,,,,,,,,,,,,,,,,,,,,,,,,
2026-05-18 13:30,,,,,,,,,,,,,,34.72%,,,,,,,,,87.16%,,,,,,69.01%,,,,,,,,,,,,,,,,,,,,,,,,,,,,,,,
2026-05-18 14:30,,,,,,,,,,,,,,34.84%,,,,,,,,,87.06%,,,,,,69.01%,,,,,,,,,,,,,,,,,,,,,,,,,,,,,,,
2026-05-18 15:30,,,,,,,,,,,,,,35.07%,,,,,,,,,87.21%,,,,,,69.07%,,,,,,,,,,,,,,,,,,,,,,,,,,,,,,,
2026-05-18 16:30,,,,,,,,,,,,,,35.18%,,,,,,,,,87.17%,,,,,,68.85%,,,,,,,,,,,,,,,,,,,,,,,,,,,,,,53.40%,
2026-05-18 17:30,,,,,,,,,,,,,,35.88%,,,,,,,,,87.20%,,,,,,69.08%,,,,,,,,,,,,,,,,,,,,,,,,,,,,,,,
2026-05-18 18:30,,,,,,,,,,,,,,36.19%,,,,,,,,,87.09%,,,,,,69.05%,,,,,,,,,,,,,,,,,,,,,,,,,,,,,,,
2026-05-18 19:30,,,,,,,,,,,,,,36.31%,,,,,,,,,87.26%,,,,,,69.03%,,,,,,,,,,,,,,,,,,,,,,,,,,,,,,,
2026-05-18 20:30,,,,,,,,,,,,,,36.52%,,,,,,,,,87.14%,,,,,,68.79%,,,,,,,,,,,,,,,,,,,,,,,,,,,,,,,
2026-05-18 21:30,,,,,,,,,,,,,,37.00%,,,,,,,,,87.17%,,,,,,68.90%,,,,,,,,,,,,,,,,,,,,,,,,,,,,,,,
2026-05-18 22:30,,,,,,,,,,,,,,37.08%,,,,,,,,,86.77%,,,,,,68.86%,,,,,,,,,,,,,,,,,,,,,,,,,,,,,,,
2026-05-18 23:30,,,,,,,,,,,,,,37.53%,,,,,,,,,87.20%,,,,,,68.85%,,,,,,,,,,,,,,,,,,,,,,,,,,,,,,,
2026-05-19 00:30,,,,,,,,,,,,,,37.52%,,,,,,,,,87.19%,,,,,,68.98%,,,,,,,,,,,,,,,,,,,,,,,,,,,,,,,
2026-05-19 01:30,,,,,,,,,,,,,,38.10%,,,,,,,,,87.05%,,,,,,69.12%,,,,,,,,,,,,,,,,,,,,,,,,,,,,,,,
2026-05-19 02:30,,,,,,,,,,,,,,41.58%,,,,,,,,,87.26%,,,,,,69.07%,,,,,,,,,,,,,,,,,,,,,,,,,,,,,,,
2026-05-19 03:30,,,,,,,,,,,,,,39.06%,,,,,,,,,87.10%,,,,,,69.35%,,,,,,,,,,,,,,,,,,,,,,,,,,,,,,,
2026-05-19 04:30,,,,,,,,,,,,,,39.14%,,,,,,,,,87.04%,,,,,,69.31%,,,,,,,,,,,,,,,,,,,,,,,,,,,,,,,
2026-05-19 05:30,,,,,,,,,,,,,,39.36%,,,,,,,,,87.12%,,,,,,69.28%,,,,,,,,,,,,,,,,,,,,,,,,,,,,,,,
2026-05-19 06:30,,,,,,,,,,,,,,39.57%,,,,,,,,,87.02%,,,,,,69.35%,,,,,,,,,,,,,,,,,,,,,,,,,,,,,,,
2026-05-19 07:30,,,,,,,,,,,,,,39.97%,,,,,,,,,87.20%,,,,,,69.68%,,,,,,,,,,,,,,,,,,,,,,,,,,,,,,,
2026-05-19 08:30,,,,,,,,26.89%,,,,,,39.80%,,,,,,,,,87.10%,,,,,,69.09%,,,,,,,,,,,,,,,,,,,,,92.66%,,,,,,,,,,
2026-05-19 09:30,,,,,,,,3.43%,,,,,,40.28%,,,,,,,,,87.08%,,,,,,69.53%,,,,,,,,,,,,,,,,,,,,,96.36%,,,,,,,,,,
2026-05-19 10:30,,,,,,,,,,,,,,37.22%,,,,,,,,,87.12%,,,,,,69.53%,,,,,,,,,,,,,,,,,,,,,,,,,,,,,,,
2026-05-19 11:30,,,,,,,,,,,,,,37.84%,,,,,,,,,87.13%,,,,,,69.61%,,,,,,,,,,,,,,,,,,,,,,,,,,,,,,,
2026-05-19 12:30,,,,,,,,,,,,,,37.84%,,,,,,,,,87.08%,,,,,,69.58%,,,,,,,,,,,,,,,,,,,,,,,,,,,,,,,
2026-05-19 13:30,,,,,,,,,,,,,,38.25%,,,,,,,,,87.24%,,,,,,69.59%,,,,,,,,,,,,,,,,,,,,,,,,,,,,,,,
2026-05-19 14:30,,,,,,,,,,,,,,38.75%,,,,,,,,,87.12%,,,,,,69.53%,,,,,,,,,,,,,,,,,,,,,,,,,,,,,,,
2026-05-19 15:30,,,,,,,,,,,,,,38.98%,,,,,,,,,87.20%,,,,,,69.65%,,,,,,,,,,,,,,,,,,,,,,,,,,,,,,,
2026-05-19 16:30,,,,,,,,,,,,,,39.03%,,,,,,,,,87.17%,,,,,,69.82%,,,,,,,,,,,,,,,,,,,,,,,,,,,,,,,
2026-05-19 17:30,,,,,,,,,,,,,,39.44%,,,,,,,,,87.28%,,,,,,70.08%,,,,,,,,,,,,,,,,,,,,,,,,,,,,,,,
2026-05-19 18:30,,,,,,,,,,,,,,39.85%,,,,,,,,,87.22%,,,,,,70.33%,,,,,,,,,,,,,,,,,,,,,,,,,,,,,,,
2026-05-19 19:30,,,,,,,,,,,,,,39.99%,,,,,,,,,87.35%,,,,,,70.31%,,,,,,,,,,,,,,,,,,,,,,,,,,,,,,,
2026-05-19 20:30,,,,,,,,,,,,,,40.37%,,,,,,,,,87.32%,,,,,,70.43%,,,,,,,,,,,,,,,,,,,,,,,,,,,,,,,
2026-05-19 21:30,,,,,,,,,,,,,,36.96%,,,,,,,,,87.47%,,,,,,69.95%,,,,,,,,,,,,,,,,,,,,,,,,,,,,,,,
2026-05-19 22:30,,,,,,,,,,,,,,25.72%,,,,,,,,,87.13%,,,,,,68.28%,,,,,,,,,,,,,,,,,,,,,,,,,,,,,,,
2026-05-19 23:30,,,,,,,,,,,,,,26.17%,,,,,,,,,87.46%,,,,,,68.45%,,,,,,,,,,,,,,,,,,,,,,,,,,,,,,,
2026-05-20 00:30,,,,,,,,,,,,,,26.31%,,,,,,,,,87.29%,,,,,,68.29%,,,,,,,,,,,,,,,,,,,,,,,,,,,,,,,
2026-05-20 01:30,,,,,,,,,,,,,,25.74%,,,,,,,,,87.16%,,,,,,68.30%,,,,,,,,,,,,,,,,,,,,,,,,,,,,,,,
2026-05-20 02:30,,,,,,,,,,,,,,29.79%,,,,,,,,,87.32%,,,,,,67.97%,,,,,,,,,,,,,,,,,,,,,,,,,,,,,,,
2026-05-20 03:30,,,,,,,,,,,,,,26.56%,,,,,,,,,86.99%,,,,,,68.43%,,,,,,,,,,,,,,,,,,,,,,,,,,,,,,,
2026-05-20 04:30,,,,,,,,,,,,,,26.99%,,,,,,,,,87.04%,,,,,,68.52%,,,,,,,,,,,,,,,,,,,,,,,,,,,,,,,
2026-05-20 05:30,,,,,,,,,,,,,,25.05%,,,,,,,,,87.09%,,,,,,68.68%,,,,,,,,,,,,,,,,,,,,,,,,,,,,,,,
2026-05-20 06:30,,,,,,,,,,,,,,24.91%,,,,,,,,,87.01%,,,,,,68.46%,,,,,,,,,,,,,,,,,,,,,,,,,,,,,,,
2026-05-20 07:30,,,,,,,,,,,,,,25.04%,,,,,,,,,87.30%,,,,,,68.66%,,,,,,,,,,,,,,,,,,,,,,,,,,,,,,,
2026-05-20 08:30,,,,,,,,14.67%,,,,,,24.82%,,,,,,,,,87.08%,,,,,,68.73%,,,,,,,,,,,,,,,,,,,,,95.30%,,,,,,,,,,
2026-05-20 09:30,,,,,,,,2.11%,,,,,,25.29%,,,,,,,,,87.21%,,,,,,68.67%,,,,,,,,,,,,,,,,,,,,,95.30%,,,,,,,,,,
2026-05-20 10:30,,,,,,,,,,,,,,25.40%,,,,,,,,,87.13%,,,,,,68.43%,,,,,,,,,,,,,,,,,,,,,,,,,,,,,,,
2026-05-20 11:30,,,,,,,,,,,,,,25.82%,,,,,,,,,87.21%,,,,,,68.75%,,,,,,,,,,,,,,,,,,,,,,,,,,,,,,,
2026-05-20 12:30,,,,,,,,,,,,,,26.15%,,,,,,,,,87.28%,,,,,,68.74%,,,,,,,,,,,,,,,,,,,,,,,,,,,,,,,
2026-05-20 13:30,,,,,,,,,,,,,,26.47%,,,,,,,,,87.32%,,,,,,68.76%,,,,,,,,,,,,,,,,,,,,,,,,,,,,,,,
2026-05-20 14:30,,,,,,,,,,,,,,27.18%,,,,,,,,,87.21%,,,,,,68.79%,,,,,,,,,,,,,,,,,,,,,,,,,,,,,,,
2026-05-20 15:30,,,,,,,,,,,,,,27.26%,,,,,,,,,87.61%,,,,,,68.87%,,,,,,,,,,,,,,,,,,,,,,,,,,,,,,,
2026-05-20 16:30,,,,,,,,,,,,,,27.45%,,,,,,,,,87.30%,,,,,,68.81%,,,,,,,,,,,,,,,,,,,,,,,,,,,,,,,
2026-05-20 17:30,,,,,,,,,,,,,,27.84%,,,,,,,,,87.46%,,,,,,68.95%,,,,,,,,,,,,,,,,,,,,,,,,,,,,,,,
2026-05-20 18:30,,,,,,,,,,,,,,28.38%,,,,,,,,,87.18%,,,,,,68.95%,,,,,,,,,,,,,,,,,,,,,,,,,,,,,,,
2026-05-20 19:30,,,,,,,,,,,,,,28.54%,,,,,,,,,87.28%,,,,,,68.99%,,,,,,,,,,,,,,,,,,,,,,,,,,,,,,,
2026-05-20 20:30,,,,,,,,,,,,,,28.93%,,,,,,,,,87.19%,,,,,,69.17%,,,,,,,,,,,,,,,,,,,,,,,,,,,,,,,
2026-05-20 21:30,,,,,,,,,,,,,,29.16%,,,,,,,,,87.40%,,,,,,69.11%,,,,,,,,,,,,,,,,,,,,,,,,,,,,,,,
2026-05-20 22:30,,,,,,,,14.35%,,,,,,29.56%,,,,,,,,,87.10%,,,,,,69.16%,,,,,,,,,,,,,,,,,,,,,90.43%,,,,,,,,,,
2026-05-20 23:30,,,,,,,,3.02%,,,,,,30.01%,,,,,,,,,87.37%,,,,,,68.86%,,,,,,,,,,,,,,,,,,,,,87.16%,,,,,,,,,,
2026-05-21 00:30,,,,,,,,,,,,,,30.26%,,,,,,,,,87.29%,,,,,,68.81%,,,,,,,,,,,,,,,,,,,,,,,,,,,,,,,
2026-05-21 01:30,,,,,,,,,,,,,,30.72%,,,,,,,,,87.21%,,,,,,68.89%,,,,,,,,,,,,,,,,,,,,,,,,,,,,,,,
2026-05-21 02:30,,,,,,,,,,,,,,38.44%,,,,,,,,,86.78%,,,,,,66.76%,,,,,,,,,,,,,,,,,,,,,,,,,,,,,,,
2026-05-21 03:30,,,,,,,,,,,,,,32.71%,,,,,,,,,86.04%,,,,,,65.47%,,,,,,,,,,,,,,,,,,,,,,,,,,,,,,,
2026-05-21 04:30,,,,,,,,,,,,,,31.46%,,,,,,,,,86.16%,,,,,,65.94%,,,,,,,,,,,,,,,,,,,,,,,,,,,,,,,
2026-05-21 05:30,,,,,,,,,,,,,,32.23%,,,,,,,,,86.27%,,,,,,66.24%,,,,,,,,,,,,,,,,,,,,,,,,,,,,,,,
2026-05-21 06:30,,,,,,,,,,,,,,32.11%,,,,,,,,,86.26%,,,,,,66.47%,,,,,,,,,,,,,,,,,,,,,,,,,,,,,,,
2026-05-21 07:30,,,,,,,,,,,,,,32.44%,,,,,,,,,86.32%,,,,,,66.58%,,,,,,,,,,,,,,,,,,,,,,,,,,,,,,,
2026-05-21 08:30,,,,,,,,8.28%,,,,,,32.71%,,,,,,,,,86.32%,,,,,,66.68%,,,,,,,,,,,,,,,,,,,,,88.23%,,,,,,,,,,
2026-05-21 09:30,,,,,,,,3.01%,,,,,,33.27%,,,,,,,,,86.37%,,,,,,66.44%,,,,,,,,,,,,,,,,,,,,,88.38%,,,,,,,,,,
2026-05-21 10:30,,,,,,,,,,,,,,33.37%,,,,,,,,,86.26%,,,,,,66.68%,,,,,,,,,,,,,,,,,,,,,,,,,,,,,,,
2026-05-21 11:30,,,,,,,,,,,,,,33.72%,,,,,,,,,86.31%,,,,,,66.75%,,,,,,,,,,,,,,,,,,,,,,,,,,,,,,,
2026-05-21 12:30,,,,,,,,,,,,,,34.00%,,,,,,,,,86.40%,,,,,,66.76%,,,,,,,,,,,,,,,,,,,,,,,,,,,,,,,
2026-05-21 13:30,,,,,,,,,,,,,,27.55%,,,,,,,,,86.53%,,,,,,66.45%,,,,,,,,,,,,,,,,,,,,,,,,,,,,,,53.70%,
2026-05-21 14:30,,,,53.07%,,,,,,,,,,27.81%,,,,,,,,,86.32%,,,,,,66.50%,,,,,,,,,,,,,,,,,,,,,,,,,,,,,,,
2026-05-21 15:30,,,,49.01%,,,,,,,,,,27.50%,,,,,,,,,86.30%,,,,,,66.47%,,,,,,,,,,,,,,,,,,,,,,,,,,,,,,,
2026-05-21 16:30,,,,48.64%,,,,,,,,,,27.46%,,,,,,,,,86.33%,,,,,,66.50%,,,,,,,,,,,,,,,,,,,,,,,,,,,,,,,
2026-05-21 17:30,,,,38.59%,,,,,,,,,,22.66%,,,,,,,,,86.50%,,,,,,65.74%,,,,,,,,,,,,,,,,,,,,,,,,,,,,,,,
2026-05-21 18:30,,,,35.75%,,,,,,,,,,21.06%,,,,,,,,,86.11%,,,,,,65.96%,,,,,,,,,,,,,,,,,,,,,,,,,,,,,,,
2026-05-21 19:30,,,,36.06%,,,,14.85%,,,,,,23.98%,,,,,,,,,86.18%,,,,,,66.22%,,,,,,,,,,,,,,,,,,,,,88.48%,,,,,,,,,,
2026-05-21 20:30,,,,,,,,7.83%,,,,,,26.76%,,,,,,,,,86.17%,,,,,,66.90%,,,,,,,,,,,,,,,,,,,,,88.98%,,,,,,,,,,
2026-05-21 21:30,,,,,,,,16.90%,,,,,,27.32%,,,,,,,,,86.39%,,,,,,66.96%,,,,,,,,,,,,,,,,,,,,,94.26%,,,,,,,,,,
2026-05-21 22:30,,,,,,,,10.46%,,,,,,27.55%,,,,,,,,,86.00%,,,,,,67.09%,,,,,,,,,,,,,,,,,,,,,92.49%,,,,,,,,,,
2026-05-21 23:30,,,,,,,,,,,,,,27.87%,,,,,,,,,86.36%,,,,,,66.95%,,,,,,,,,,,,,,,,,,,,,,,,,,,,,,,
2026-05-22 00:30,,,,,,,,,,,,,,28.19%,,,,,,,,,86.49%,,,,,,66.98%,,,,,,,,,,,,,,,,,,,,,,,,,,,,,,,
2026-05-22 01:30,,,,,,,,,,,,,,28.66%,,,,,,,,,86.50%,,,,,,67.13%,,,,,,,,,,,,,,,,,,,,,,,,,,,,,,,
2026-05-22 02:30,,,,,,,,,,,,,,31.25%,,,,,,,,,86.55%,,,,,,66.88%,,,,,,,,,,,,,,,,,,,,,,,,,,,,,,,
2026-05-22 03:30,,,,,,,,,,,,,,29.37%,,,,,,,,,86.28%,,,,,,67.35%,,,,,,,,,,,,,,,,,,,,,,,,,,,,,,,
2026-05-22 04:30,,,,,,,,,,,,,,29.67%,,,,,,,,,86.35%,,,,,,67.04%,,,,,,,,,,,,,,,,,,,,,,,,,,,,,,,
2026-05-22 05:30,,,,,,,,,,,,,,29.64%,,,,,,,,,86.48%,,,,,,66.93%,,,,,,,,,,,,,,,,,,,,,,,,,,,,,,,
2026-05-22 06:30,,,,,,,,,,,,,,39.61%,,,,,,,,,86.43%,,,,,,66.93%,,,,,,,,,,,,,,,,,,,,,,,,,,,,,,,
2026-05-22 07:30,,,,,,,,,,,,,,30.13%,,,,,,,,,86.56%,,,,,,67.28%,,,,,,,,,,,,,,,,,,,,,,,,,,,,,,,
2026-05-22 08:30,,,,,,,,35.25%,,,,,,29.66%,,,,,,,,,86.59%,,,,,,67.37%,,,,,,,,,,,,,,,,,,,,,89.99%,,,,,,,,,,
2026-05-22 09:30,,,,,,,,8.58%,,,,,,30.53%,,,,,,,,,86.51%,,,,,,67.32%,,,,,,,,,,,,,,,,,,,,,85.00%,,,,,,,,,,
2026-05-22 10:30,,,,,,,,,,,,,,30.74%,,,,,,,,,86.35%,,,,,,67.29%,,,,,,,,,,,,,,,,,,,,,,,,,,,,,,,
2026-05-22 11:30,,,,,,,,,,,,,,30.90%,,,,,,,,,86.45%,,,,,,67.31%,,,,,,,,,,,,,,,,,,,,,,,,,,,,,,53.70%,
2026-05-22 12:30,,,,,,,,,,,,,,31.56%,,,,,,,,,86.43%,,,,,,67.32%,,,,,,,,,,,,,,,,,,,,,,,,,,,,,,54.37%,
2026-05-22 13:30,,,,,,,,,,,,,,31.61%,,,,,,,,,86.42%,,,,,,67.29%,,,,,,,,,,,,,,,,,,,,,,,,,,,,,,54.51%,
2026-05-22 14:30,,,,,,,,,,,,,,26.88%,,,,,,,,,86.39%,,,,,,67.18%,,,,,,,,,,,,,,,,,,,,,,,,,,,,,,54.51%,
2026-05-22 15:30,,,,,,,,,,,,,,26.18%,,,,,,,,,86.43%,,,,,,67.19%,,,,,,,,,,,,,,,,,,,,,,,,,,,,,,54.52%,
2026-05-22 16:30,,,,,,,,,,,,,,26.21%,,,,,,,,,86.44%,,,,,,67.20%,,,,,,,,,,,,,,,,,,,,,,,,,,,,,,54.54%,
2026-05-22 17:30,,,,,,,,,,,,,,26.64%,,,,,,,,,86.44%,,,,,,66.81%,,,,,,,,,,,,,,,,,,,,,,,,,,,,,,54.52%,
2026-05-22 18:30,,,,,,,,,,,,,,26.82%,,,,,,,,,86.22%,,,,,,65.54%,,,,,,,,,,,,,,,,,,,,,,,,,,,,,,54.52%,
2026-05-22 19:30,,,,,,,,,,,,,,27.13%,,,,,,,,,86.45%,,,,,,65.57%,,,,,,,,,,,,,,,,,,,,,,,,,,,,,,54.52%,
2026-05-22 20:30,,,,,,,,,,,,,,27.69%,,,,,,,,,86.36%,,,,,,65.42%,,,,,,,,,,,,,,,,,,,,,,,,,,,,,,54.53%,
2026-05-22 21:30,,,,,,,,,,,,,,27.98%,,,,,,,,,86.48%,,,,,,65.60%,,,,,,,,,,,,,,,,,,,,,,,,,,,,,,,
2026-05-22 22:30,,,,,,,,,,,,,,28.27%,,,,,,,,,86.21%,,,,,,65.71%,,,,,,,,,,,,,,,,,,,,,,,,,,,,,,,
2026-05-22 23:30,,,,,,,,,,,,,,28.73%,,,,,,,,,86.40%,,,,,,65.75%,,,,,,,,,,,,,,,,,,,,,,,,,,,,,,,
2026-05-23 00:30,,,,,,,,,,,,,,28.97%,,,,,,,,,86.50%,,,,,,65.66%,,,,,,,,,,,,,,,,,,,,,,,,,,,,,,,
2026-05-23 01:30,,,,,,,,,,,,,,25.88%,,,,,,,,,86.41%,,,,,,65.66%,,,,,,,,,,,,,,,,,,,,,,,,,,,,,,,
2026-05-23 02:30,,,,,,,,,,,,,,25.38%,,,,,,,,,86.14%,,,,,,65.80%,,,,,,,,,,,,,,,,,,,,,,,,,,,,,,,
2026-05-23 03:30,,,,,,,,,,,,,,28.27%,,,,,,,,,80.30%,,,,,,65.66%,,,,,,,,,,,,,,,,,,,,,,,,,,,,,,,
2026-05-23 04:30,,,,,,,,,,,,,,25.26%,,,,,,,,,80.30%,,,,,,66.25%,,,,,,,,,,,,,,,,,,,,,,,,,,,,,,,
2026-05-23 05:30,,,,,,,,,,,,,,25.69%,,,,,,,,,80.48%,,,,,,67.27%,,,,,,,,,,,,,,,,,,,,,,,,,,,,,,,
2026-05-23 06:30,,,,,,,,,,,,,,36.55%,,,,,,,,,80.38%,,,,,,67.63%,,,,,,,,,,,,,,,,,,,,,,,,,,,,,,,
2026-05-23 07:30,,,,,,,,,,,,,,26.18%,,,,,,,,,80.53%,,,,,,67.73%,,,,,,,,,,,,,,,,,,,,,,,,,,,,,,,
2026-05-23 08:30,,,,,,,,15.34%,,,,,,26.29%,,,,,,,,,80.45%,,,,,,67.40%,,,,,,,,,,,,,,,,,,,,,84.11%,,,,,,,,,,
2026-05-23 09:30,,,,,,,,3.78%,,,,,,27.02%,,,,,,,,,80.59%,,,,,,67.56%,,,,,,,,,,,,,,,,,,,,,84.13%,,,,,,,,,,
2026-05-23 10:30,,,,,,,,,,,,,,27.27%,,,,,,,,,80.56%,,,,,,67.71%,,,,,,,,,,,,,,,,,,,,,,,,,,,,,,,
2026-05-23 11:30,,,,,,,,,,,,,,27.80%,,,,,,,,,80.57%,,,,,,67.88%,,,,,,,,,,,,,,,,,,,,,,,,,,,,,,,
2026-05-23 12:30,,,,,,,,,,,,,,28.16%,,,,,,,,,80.48%,,,,,,67.92%,,,,,,,,,,,,,,,,,,,,,,,,,,,,,,,
2026-05-23 13:30,,,,,,,,,,,,,,28.46%,,,,,,,,,80.49%,,,,,,67.90%,,,,,,,,,,,,,,,,,,,,,,,,,,,,,,,
2026-05-23 14:30,,,,,,,,,,,,,,28.87%,,,,,,,,,80.53%,,,,,,68.05%,,,,,,,,,,,,,,,,,,,,,,,,,,,,,,,
2026-05-23 15:30,,,,,,,,,,,,,,28.59%,,,,,,,,,80.66%,,,,,,68.16%,,,,,,,,,,,,,,,,,,,,,,,,,,,,,,,
2026-05-23 16:30,,,,,,,,,,,,,,28.33%,,,,,,,,,80.66%,,,,,,68.20%,,,,,,,,,,,,,,,,,,,,,,,,,,,,,,,
2026-05-23 17:30,,,,,,,,,,,,,,27.07%,,,,,,,,,80.74%,,,,,,68.53%,,,,,,,,,,,,,,,,,,,,,,,,,,,,,,,
2026-05-23 18:30,,,,,,,,,,,,,,25.08%,,,,,,,,,80.47%,,,,,,68.57%,,,,,,,,,,,,,,,,,,,,,,,,,,,,,,,
2026-05-23 19:30,,,,,,,,,,,,,,25.14%,,,,,,,,,80.89%,,,,,,68.27%,,,,,,,,,,,,,,,,,,,,,,,,,,,,,,,
2026-05-23 20:30,,,,,,,,,,,,,,25.60%,,,,,,,,,80.52%,,,,,,68.40%,,,,,,,,,,,,,,,,,,,,,,,,,,,,,,,
2026-05-23 21:30,,,,,,,,,,,,,,26.01%,,,,,,,,,80.77%,,,,,,68.14%,,,,,,,,,,,,,,,,,,,,,,,,,,,,,,,
2026-05-23 22:30,,,,,,,,,,,,,,26.12%,,,,,,,,,80.43%,,,,,,68.11%,,,,,,,,,,,,,,,,,,,,,,,,,,,,,,,
2026-05-23 23:30,,,,,,,,,,,,,,26.74%,,,,,,,,,80.74%,,,,,,67.50%,,,,,,,,,,,,,,,,,,,,,,,,,,,,,,,
2026-05-24 00:30,,,,,,,,,,,,,,26.87%,,,,,,,,,80.76%,,,,,,67.28%,,,,,,,,,,,,,,,,,,,,,,,,,,,,,,,
2026-05-24 01:30,,,,,,,,,,,,,,27.79%,,,,,,,,,80.63%,,,,,,67.39%,,,,,,,,,,,,,,,,,,,,,,,,,,,,,,,
2026-05-24 02:30,,,,,,,,,,,,,,27.87%,,,,,,,,,81.34%,,,,,,67.41%,,,,,,,,,,,,,,,,,,,,,,,,,,,,,,,
2026-05-24 03:30,,,,,,,,,,,,,,31.31%,,,,,,,,,86.65%,,,,,,66.52%,,,,,,,,,,,,,,,,,,,,,,,,,,,,,,,
2026-05-24 04:30,,,,,,,,,,,,,,28.25%,,,,,,,,,86.79%,,,,,,66.14%,,,,,,,,,,,,,,,,,,,,,,,,,,,,,,,
2026-05-24 05:30,,,,,,,,,,,,,,29.17%,,,,,,,,,86.82%,,,,,,66.40%,,,,,,,,,,,,,,,,,,,,,,,,,,,,,,,
2026-05-24 06:30,,,,,,,,,,,,,,38.47%,,,,,,,,,86.82%,,,,,,66.29%,,,,,,,,,,,,,,,,,,,,,,,,,,,,,,,
2026-05-24 07:30,,,,,,,,,,,,,,30.65%,,,,,,,,,86.94%,,,,,,66.39%,,,,,,,,,,,,,,,,,,,,,,,,,,,,,,,
2026-05-24 08:30,,,,,,,,12.16%,,,,,,29.94%,,,,,,,,,86.92%,,,,,,66.52%,,,,,,,,,,,,,,,,,,,,,84.19%,,,,,,,,,,
2026-05-24 09:30,,,,,,,,3.99%,,,,,,30.16%,,,,,,,,,87.03%,,,,,,66.56%,,,,,,,,,,,,,,,,,,,,,84.13%,,,,,,,,,,
2026-05-24 10:30,,,,,,,,,,,,,,30.40%,,,,,,,,,87.02%,,,,,,66.70%,,,,,,,,,,,,,,,,,,,,,,,,,,,,,,,
2026-05-24 11:30,,,,,,,,,,,,,,30.71%,,,,,,,,,87.05%,,,,,,66.65%,,,,,,,,,,,,,,,,,,,,,,,,,,,,,,,
2026-05-24 12:30,,,,,,,,,,,,,,31.14%,,,,,,,,,87.01%,,,,,,66.88%,,,,,,,,,,,,,,,,,,,,,,,,,,,,,,,
2026-05-24 13:30,,,,,,,,,,,,,,31.49%,,,,,,,,,86.90%,,,,,,67.00%,,,,,,,,,,,,,,,,,,,,,,,,,,,,,,,
2026-05-24 14:30,,,,,,,,,,,,,,31.89%,,,,,,,,,86.82%,,,,,,66.93%,,,,,,,,,,,,,,,,,,,,,,,,,,,,,,,
2026-05-24 15:30,,,,,,,,,,,,,,32.13%,,,,,,,,,86.94%,,,,,,67.12%,,,,,,,,,,,,,,,,,,,,,,,,,,,,,,,
2026-05-24 16:30,,,,,,,,,,,,,,32.05%,,,,,,,,,86.91%,,,,,,67.22%,,,,,,,,,,,,,,,,,,,,,,,,,,,,,,,
2026-05-24 17:30,,,,,,,,,,,,,,32.44%,,,,,,,,,87.03%,,,,,,67.38%,,,,,,,,,,,,,,,,,,,,,,,,,,,,,,,
2026-05-24 18:30,,,,,,,,,,,,,,32.77%,,,,,,,,,86.84%,,,,,,67.47%,,,,,,,,,,,,,,,,,,,,,,,,,,,,,,,
2026-05-24 19:30,,,,,,,,,,,,,,32.94%,,,,,,,,,86.89%,,,,,,67.46%,,,,,,,,,,,,,,,,,,,,,,,,,,,,,,,
2026-05-24 20:30,,,,,,,,,,,,,,33.57%,,,,,,,,,86.89%,,,,,,67.52%,,,,,,,,,,,,,,,,,,,,,,,,,,,,,,,
2026-05-24 21:30,,,,,,,,,,,,,,33.26%,,,,,,,,,87.02%,,,,,,67.66%,,,,,,,,,,,,,,,,,,,,,,,,,,,,,,,
2026-05-24 22:30,,,,,,,,,,,,,,33.66%,,,,,,,,,86.47%,,,,,,67.66%,,,,,,,,,,,,,,,,,,,,,,,,,,,,,,,
2026-05-24 23:30,,,,,,,,,,,,,,33.94%,,,,,,,,,86.73%,,,,,,67.85%,,,,,,,,,,,,,,,,,,,,,,,,,,,,,,,
2026-05-25 00:30,,,,,,,,,,,,,,34.16%,,,,,,,,,86.75%,,,,,,67.91%,,,,,,,,,,,,,,,,,,,,,,,,,,,,,,,
2026-05-25 01:30,,,,,,,,,,,,,,34.61%,,,,,,,,,86.66%,,,,,,68.02%,,,,,,,,,,,,,,,,,,,,,,,,,,,,,,,
2026-05-25 02:30,,,,,,,,,,,,,,35.08%,,,,,,,,,86.66%,,,,,,68.40%,,,,,,,,,,,,,,,,,,,,,,,,,,,,,,,
2026-05-25 03:30,,,,,,,,,,,,,,38.21%,,,,,,,,,86.16%,,,,,,68.75%,,,,,,,,,,,,,,,,,,,,,,,,,,,,,,,
2026-05-25 04:30,,,,,,,,,,,,,,35.50%,,,,,,,,,86.27%,,,,,,68.71%,,,,,,,,,,,,,,,,,,,,,,,,,,,,,,,
2026-05-25 05:30,,,,,,,,,,,,,,35.95%,,,,,,,,,86.38%,,,,,,68.79%,,,,,,,,,,,,,,,,,,,,,,,,,,,,,,,
2026-05-25 06:30,,,,,,,,,,,,,,36.14%,,,,,,,,,86.36%,,,,,,68.89%,,,,,,,,,,,,,,,,,,,,,,,,,,,,,,,
2026-05-25 07:30,,,,,,,,,,,,,,36.30%,,,,,,,,,86.37%,,,,,,68.89%,,,,,,,,,,,,,,,,,,,,,,,,,,,,,,,
2026-05-25 08:30,,,,,,,,14.04%,,,,,,36.76%,,,,,,,,,86.24%,,,,,,68.76%,,,,,,,,,,,,,,,,,,,,,84.08%,,,,,,,,,,
2026-05-25 09:30,,,,,,,,2.67%,,,,,,36.80%,,,,,,,,,86.45%,,,,,,68.79%,,,,,,,,,,,,,,,,,,,,,84.01%,,,,,,,,,,
2026-05-25 10:30,,,,,,,,,,,,,,37.25%,,,,,,,,,86.31%,,,,,,69.04%,,,,,,,,,,,,,,,,,,,,,,,,,,,,,,,
2026-05-25 11:30,,,,,,,,,,,,,,37.78%,,,,,,,,,86.35%,,,,,,69.16%,,,,,,,,,,,,,,,,,,,,,,,,,,,,,,53.73%,
2026-05-25 12:30,,,,,,,,,,,,,,37.89%,,,,,,,,,86.23%,,,,,84.16%,69.22%,,,,,,,,,,,,96.93%,,,,,,,,,,,,,,,,,,53.61%,
2026-05-25 13:30,,,,,,,,,,,,,,38.33%,,,,,,,,,86.32%,,,,,86.52%,69.29%,,,,,,,,,,,,96.57%,,,,,,,,,,,,,,,,,,53.60%,
2026-05-25 14:30,,,,,,,,,,,,,,38.81%,,,,,,,,,86.29%,,,,,87.04%,69.29%,,,,,,,,,,,,96.59%,,,,,,,,,,,,,,,,,,53.61%,
2026-05-25 15:30,,,,,,,,,,,,,,38.67%,,,,,,,,,86.45%,,,,,57.07%,69.27%,,,,,,,,,,,,96.11%,,,,,,,,,,,,,,,,,,53.61%,
2026-05-25 16:30,,,,,,,,,,,,,,38.99%,,,,,,,,,86.39%,,,,,,69.38%,,,,,,,,,,,,,,,,,,,,,,,,,,,,,,53.61%,
2026-05-25 17:30,,,,,,,,,,,,,,39.16%,,,,,,,,,86.26%,,,,,,69.23%,,,,,,,,,,,,,,,,,,,,,,,,,,,,,,53.61%,
2026-05-25 18:30,,,,,,,,,,,,,,39.48%,,,,,,,,,86.24%,,,,,,69.32%,,,,,,,,,,,,,,,,,,,,,,,,,,,,,,53.61%,
2026-05-25 19:30,,,,,,,,,,,,,,40.06%,,,,,,,,,86.29%,,,,,,69.44%,,,,,,,,,,,,,,,,,,,,,,,,,,,,,,53.61%,
2026-05-25 20:30,,,,,,,,,,,,,,40.07%,,,,,,,,,86.25%,,,,,,69.54%,,,,,,,,,,,,,,,,,,,,,,,,,,,,,,53.62%,
2026-05-25 21:30,,,,,,,,,,,,,,40.63%,,,,,,,,,86.58%,,,,,,69.54%,,,,,,,,,,,,,,,,,,,,,,,,,,,,,,,
2026-05-25 22:30,,,,,,,,,,,,,,40.73%,,,,,,,,,86.32%,,,,,,69.64%,,,,,,,,,,,,,,,,,,,,,,,,,,,,,,,
2026-05-25 23:30,,,,,,,,,,,,,,41.25%,,,,,,,,,86.50%,,,,,,69.69%,,,,,,,,,,,,,,,,,,,,,,,,,,,,,,,
2026-05-26 00:30,,,,,,,,,,,,,,26.06%,,,,,,,,,86.49%,,,,,,68.37%,,,,,,,,,,,,,,,,,,,,,,,,,,,,,,,
2026-05-26 01:30,,,,,,,,,,,,,,24.93%,,,,,,,,,86.47%,,,,,,68.38%,,,,,,,,,,,,,,,,,,,,,,,,,,,,,,,
2026-05-26 02:30,,,,,,,,,,,,,,27.96%,,,,,,,,,86.45%,,,,,,68.42%,,,,,,,,,,,,,,,,,,,,,,,,,,,,,,,
2026-05-26 03:30,,,,,,,,,,,,,,25.79%,,,,,,,,,86.32%,,,,,,68.61%,,,,,,,,,,,,,,,,,,,,,,,,,,,,,,,
2026-05-26 04:30,,,,,,,,,,,,,,26.19%,,,,,,,,,86.25%,,,,,,68.65%,,,,,,,,,,,,,,,,,,,,,,,,,,,,,,,
2026-05-26 05:30,,,,,,,,,,,,,,26.28%,,,,,,,,,86.33%,,,,,,68.61%,,,,,,,,,,,,,,,,,,,,,,,,,,,,,,,
2026-05-26 06:30,,,,,,,,,,,,,,35.55%,,,,,,,,,86.25%,,,,,,68.48%,,,,,,,,,,,,,,,,,,,,,,,,,,,,,,,
2026-05-26 07:30,,,,,,,,,,,,,,27.52%,,,,,,,,,86.32%,,,,,,68.55%,,,,,,,,,,,,,,,,,,,,,,,,,,,,,,,
2026-05-26 08:30,,,,,,,,7.46%,,,,,,25.20%,,,,,,,,,86.30%,,,,,,68.65%,,,,,,,,,,,,,,,,,,,,,83.97%,,,,,,,,,,
2026-05-26 09:30,,,,,,,,3.83%,,,,,,25.62%,,,,,,,,,86.33%,,,,,,68.57%,,,,,,,,,,,,,,,,,,,,,83.91%,,,,,,,,,,
2026-05-26 10:30,,,,,,,,2.02%,,,,,,26.05%,,,,,,,,,86.22%,,,,,36.66%,68.63%,,,,,,,,,,,,95.37%,,,,,,,,,83.91%,,,,,,,,,53.60%,
2026-05-26 11:30,,,,,,,,2.18%,,,,,,26.32%,,,,,,,,,86.39%,,,,,40.79%,68.64%,,,,,,,,,,,,95.52%,,,,,,,,,83.92%,,,,,,,,,53.41%,
2026-05-26 12:30,,,,,,,,2.06%,,,,,,26.77%,,,,,,,,,86.42%,,,,,76.60%,68.61%,,,,,,,,,,,,95.57%,,,,,,,,,83.92%,,,,,,,,,53.42%,
2026-05-26 13:30,,,,,,,,,,,,,,26.96%,,,,,,,,,86.48%,,,,,82.18%,68.63%,,,,,,,,,,,,95.62%,,,,,,,,,,,,,,,,,,53.43%,
2026-05-26 14:30,,,,,,,,,,,,,,27.48%,,,,,,,,,86.39%,,,,,82.91%,68.74%,,,,,,,,,,,,95.76%,,,,,,,,,,,,,,,,,,53.43%,
2026-05-26 15:30,,,,,,,,,,,,,,27.66%,,,,,,,,,86.43%,,,,,83.06%,68.68%,,,,,,,,,,,,95.86%,,,,,,,,,,,,,,,,,,53.44%,
2026-05-26 16:30,,,,,,,,,,,,,,27.89%,,,,,,,,,86.49%,,,,,83.90%,68.70%,,,,,,,,,,,,95.98%,,,,,,,,,,,,,,,,,,53.44%,
2026-05-26 17:30,,,,,,,,,,,,,,28.22%,,,,,,,,,86.64%,,,,,83.89%,68.79%,,,,,,,,,,,,96.19%,,,,,,,,,,,,,,,,,,53.44%,
2026-05-26 18:30,,,,,,,,,,,,,,28.65%,,,,,,,,,86.44%,,,,,83.58%,68.80%,,,,,,,,,,,,96.17%,,,,,,,,,,,,,,,,,,53.45%,
2026-05-26 19:30,,,,,,,,,,,,,,26.31%,,,,,,,,,86.50%,,,,,84.76%,68.69%,,,,,,,,,,,,96.19%,,,,,,,,,,,,,,,,,,53.45%,
2026-05-26 20:30,,,,,,,,,,,,,,26.03%,,,,,,,,,86.57%,,,,,85.16%,68.88%,,,,,,,,,,,,96.27%,,,,,,,,,,,,,,,,,,53.45%,
2026-05-26 21:30,,,,,,,,,,,,,,26.59%,,,,,,,,,86.72%,,,,,84.40%,68.76%,,,,,,,,,,,,96.32%,,,,,,,,,,,,,,,,,,,
2026-05-26 22:30,,,,,,,,,,,,,,26.67%,,,,,,,,,86.39%,,,,,84.68%,68.70%,,,,,,,,,,,,96.56%,,,,,,,,,,,,,,,,,,,
2026-05-26 23:30,,,,,,,,,,,,,,27.09%,,,,,,,,,86.68%,,,,,85.54%,68.76%,,,,,,,,,,,,96.49%,,,,,,,,,,,,,,,,,,,
2026-05-27 00:30,,,,,,,,,,,,,,27.45%,,,,,,,,,86.54%,,,,,86.30%,68.74%,,,,,,,,,,,,96.53%,,,,,,,,,,,,,,,,,,,
2026-05-27 01:30,,,,,,,,,,,,,,27.87%,,,,,,,,,86.59%,,,,,88.09%,68.68%,,,,,,,,,,,,96.64%,,,,,,,,,,,,,,,,,,,
2026-05-27 02:30,,,,,,,,,,,,,,29.14%,,,,,,,,,86.80%,,,,,88.37%,68.83%,,,,,,,,,,,,96.58%,,,,,,,,,,,,,,,,,,,
2026-05-27 03:30,,,,,,,,,,,,,,31.15%,,,,,,,,,86.63%,,,,,89.29%,68.89%,,,,,,,,,,,,96.63%,,,,,,,,,,,,,,,,,,,
2026-05-27 04:30,,,,,,,,,,,,,,28.93%,,,,,,,,,86.52%,,,,,90.25%,68.62%,,,,,,,,,,,,96.90%,,,,,,,,,,,,,,,,,,,
2026-05-27 05:30,,,,,,,,,,,,,,28.79%,,,,,,,,,86.60%,,,,,90.57%,68.70%,,,,,,,,,,,,96.78%,,,,,,,,,,,,,,,,,,,
2026-05-27 06:30,,,,,,,,,,,,,,36.12%,,,,,,,,,86.59%,,,,,91.64%,68.68%,,,,,,,,,,,,97.00%,,,,,,,,,,,,,,,,,,,
2026-05-27 07:30,,,,,,,,,,,,,,30.05%,,,,,,,,,86.66%,,,,,91.98%,68.78%,,,,,,,,,,,,96.98%,,,,,,,,,,,,,,,,,,,
2026-05-27 08:30,,,,,,,,8.51%,,,,,,28.84%,,,,,,,,,86.69%,,,,,92.57%,68.93%,,,,,,,,,,,,97.17%,,,,,,,,,83.90%,,,,,,,,,,
2026-05-27 09:30,,,,,,,,1.65%,,,,,,29.19%,,,,,,,,,86.73%,,,,,93.25%,68.88%,,,,,,,,,,,,97.01%,,,,,,,,,83.91%,,,,,,,,,,
2026-05-27 10:30,,,,,,,,,,,,,,28.98%,,,,,,,,,86.69%,,,,,91.71%,68.96%,,,,,,,,,,,,97.16%,,,,,,,,,,,,,,,,,,53.45%,
2026-05-27 11:30,,,,,,,,,,,,,,29.32%,,,,,,,,,86.79%,,,,,92.36%,68.80%,,,,,,,,,,,,97.33%,,,,,,,,,,,,,,,,,,53.43%,
2026-05-27 12:30,,,,,,,,,,,,,,29.93%,,,,,,,,,86.79%,,,,,93.10%,68.89%,,,,,,,,,,,,97.35%,,,,,,,,,,,,,,,,,,53.44%,
2026-05-27 13:30,,,,,,,,,,,,,,30.12%,,,,,,,,,86.93%,,,,,89.34%,68.91%,,,,,,,,,,,,97.64%,,,,,,,,,,,,,,,,,,53.45%,
2026-05-27 14:30,,,,,,,,,,,,,,30.51%,,,,,,,,,86.86%,,,,,92.36%,68.72%,,,,,,,,,,,,99.24%,,,,,,,,,,,,,,,,,,53.45%,
2026-05-27 15:30,,,,,,,,,,,,,,30.58%,,,,,,,,,86.55%,,,,,93.04%,68.57%,,,,,,,,,,,,99.52%,,,,,,,,,,,,,,,,,,53.45%,
2026-05-27 16:30,,,,,,,,,,,,,,30.71%,,,,,,,,,86.45%,,,,,88.11%,68.68%,,,,,,,,,,,,99.25%,,,,,,,,,,,,,,,,,,53.45%,
2026-05-27 17:30,,,,,,,,,,,,,,31.24%,,,,,,,,,86.69%,,,,,90.72%,69.02%,,,,,,,,,,,,99.23%,,,,,,,,,,,,,,,,,,53.45%,
2026-05-27 18:30,,,,,,,,,,,,,,31.53%,,,,,,,,,86.55%,,,,,89.54%,69.07%,,,,,,,,,,,,99.40%,,,,,,,,,,,,,,,,,,53.46%,
2026-05-27 19:30,,,,,,,,,,,,,,31.84%,,,,,,,,,86.65%,,,,,73.49%,69.05%,,,,,,,,,,,,97.47%,,,,,,,,,,,,,,,,,,53.46%,
2026-05-27 20:30,,,,,,,,,,,,,,32.13%,,,,,,,,,86.62%,,,,,75.00%,69.01%,,,,,,,,,,,,97.78%,,,,,,,,,,,,,,,,,,53.46%,
2026-05-27 21:30,,,,,,,,,,,,,,32.61%,,,,,,,,,86.90%,,,,,76.53%,69.23%,,,,,,,,,,,,97.39%,,,,,,,,,,,,,,,,,,,
2026-05-27 22:30,,,,,,,,,,,,,,32.76%,,,,,,,,,86.48%,,,,,77.71%,69.30%,,,,,,,,,,,,97.53%,,,,,,,,,,,,,,,,,,,
2026-05-27 23:30,,,,,,,,,,,,,,33.08%,,,,,,,,,86.84%,,,,,79.36%,69.18%,,,,,,,,,,,,97.64%,,,,,,,,,,,,,,,,,,,
2026-05-28 00:30,,,,,,,,,,,,,,33.12%,,,,,,,,,86.80%,,,,,80.40%,69.31%,,,,,,,,,,,,97.74%,,,,,,,,,,,,,,,,,,,
2026-05-28 01:30,,,,,,,,,,,,,,33.73%,,,,,,,,,86.65%,,,,,81.51%,69.49%,,,,,,,,,,,,97.81%,,,,,,,,,,,,,,,,,,,
2026-05-28 02:30,,,,,,,,,,,,,,36.92%,,,,,,,,,86.64%,,,,,82.72%,69.58%,,,,,,,,,,,,97.87%,,,,,,,,,,,,,,,,,,,
2026-05-28 03:30,,,,,,,,,,,,,,34.67%,,,,,,,,,86.70%,,,,,84.11%,69.47%,,,,,,,,,,,,97.93%,,,,,,,,,,,,,,,,,,,
2026-05-28 04:30,,,,,,,,,,,,,,34.74%,,,,,,,,,86.65%,,,,,85.21%,69.40%,,,,,,,,,,,,98.04%,,,,,,,,,,,,,,,,,,,
2026-05-28 05:30,,,,,,,,,,,,,,35.00%,,,,,,,,,86.92%,,,,,84.16%,69.58%,,,,,,,,,,,,98.11%,,,,,,,,,,,,,,,,,,,
2026-05-28 06:30,,,,,,,,,,,,,,33.11%,,,,,,,,,86.89%,,,,,86.90%,69.44%,,,,,,,,,,,,97.92%,,,,,,,,,,,,,,,,,,,
2026-05-28 07:30,,,,,,,,,,,,,,26.45%,,,,,,,,,87.02%,,,,,88.49%,68.91%,,,,,,,,,,,,98.76%,,,,,,,,,,,,,,,,,,,
2026-05-28 08:30,,,,,,,,7.98%,,,,,,26.34%,,,,,,,,,86.98%,,,,,89.24%,68.89%,,,,,,,,,,,,98.65%,,,,,,,,,83.77%,,,,,,,,,,
2026-05-28 09:30,,,,,,,,1.49%,,,,,,26.71%,,,,,,,,,87.10%,,,,,89.91%,68.89%,,,,,,,,,,,,98.76%,,,,,,,,,83.73%,,,,,,,,,,
2026-05-28 10:30,,,,,,,,,,,,,,27.39%,,,,,,,,,87.09%,,,,,90.38%,68.92%,,,,,,,,,,,,98.61%,,,,,,,,,,,,,,,,,,,
2026-05-28 11:30,,,,,,,,,,,,,,27.60%,,,,,,,,,87.13%,,,,,63.15%,68.84%,,,,,,,,,,,,97.27%,,,,,,,,,,,,,,,,,,53.46%,
2026-05-28 12:30,,,,,,,,,,,,,,27.78%,,,,,,,,,87.03%,,,,,75.51%,68.73%,,,,,,,,,,,,97.72%,,,,,,,,,,,,,,,,,,53.45%,
2026-05-28 13:30,,,,,,,,,,,,,,28.28%,,,,,,,,,87.16%,,,,,76.62%,68.86%,,,,,,,,,,,,97.52%,,,,,,,,,,,,,,,,,,53.45%,
2026-05-28 14:30,,,,,,,,,,,,,,28.82%,,,,,,,,,87.18%,,,,,73.92%,68.89%,,,,,,,,,,,,97.24%,,,,,,,,,,,,,,,,,,53.46%,
2026-05-28 15:30,,,,,,,,,,,,,,29.07%,,,,,,,,,87.31%,,,,,73.17%,68.99%,,,,,,,,,,,,96.65%,,,,,,,,,,,,,,,,,,53.46%,
2026-05-28 16:30,,,,,,,,,,,,,,29.06%,,,,,,,,,87.16%,,,,,74.53%,68.92%,,,,,,,,,,,,96.51%,,,,,,,,,,,,,,,,,,53.47%,
2026-05-28 17:30,,,,,,,,,,,,,,29.66%,,,,,,,,,87.19%,,,,,75.44%,68.88%,,,,,,,,,,,,96.71%,,,,,,,,,,,,,,,,,,,
2026-05-28 18:30,,,,,,,,,,,,,,29.93%,,,,,,,,,86.85%,,,,,76.82%,69.05%,,,,,,,,,,,,96.66%,,,,,,,,,,,,,,,,,,,
2026-05-28 19:30,,,,,,,,,,,,,,30.54%,,,,,,,,,86.86%,,,,,79.68%,69.07%,,,,,,,,,,,,97.09%,,,,,,,,,,,,,,,,,,,
2026-05-28 20:30,,,,,,,,,,,,,,30.92%,,,,,,,,,86.80%,,,,,89.26%,69.12%,,,,,,,,,,,,97.75%,,,,,,,,,,,,,,,,,,,
2026-05-28 21:30,,,,,,,,,,,,,,31.00%,,,,,,,,,87.00%,,,,,92.44%,69.14%,,,,,,,,,,,,98.29%,,,,,,,,,,,,,,,,,,,
2026-05-28 22:30,,,,,,,,,,,,,,30.62%,,,,,,,,,86.65%,,,,,93.37%,69.18%,,,,,,,,,,,,98.54%,,,,,,,,,,,,,,,,,,,
2026-05-28 23:30,,,,,,,,,,,,,,25.18%,,,,,,,,,87.01%,,,,,93.29%,69.00%,,,,,,,,,,,,98.68%,,,,,,,,,,,,,,,,,,,
2026-05-29 00:30,,,,,,,,,,,,,,25.51%,,,,,,,,,86.80%,,,,,92.90%,69.12%,,,,,,,,,,,,98.76%,,,,,,,,,,,,,,,,,,,
2026-05-29 01:30,,,,,,,,,,,,,,25.53%,,,,,,,,,86.71%,,,,,93.66%,68.99%,,,,,,,,,,,,98.73%,,,,,,,,,,,,,,,,,,,
2026-05-29 02:30,,,,,,,,,,,,,,29.31%,,,,,,,,,87.06%,,,,,94.42%,69.31%,,,,,,,,,,,,98.84%,,,,,,,,,,,,,,,,,,,
2026-05-29 03:30,,,,,,,,,,,,,,26.11%,,,,,,,,,86.37%,,,,,92.67%,69.06%,,,,,,,,,,,,98.71%,,,,,,,,,,,,,,,,,,,
2026-05-29 04:30,,,,,,,,,,,,,,26.61%,,,,,,,,,86.42%,,,,,93.01%,69.13%,,,,,,,,,,,,98.77%,,,,,,,,,,,,,,,,,,,
2026-05-29 05:30,,,,,,,,,,,,,,26.78%,,,,,,,,,86.72%,,,,,92.46%,69.10%,,,,,,,,,,,,98.74%,,,,,,,,,,,,,,,,,,,
2026-05-29 06:30,,,,,,,,,,,,,,27.04%,,,,,,,,,86.73%,,,,,93.84%,69.14%,,,,,,,,,,,,98.92%,,,,,,,,,,,,,,,,,,,
2026-05-29 07:30,,,,,,,,,,,,,,27.41%,,,,,,,,,86.84%,,,,,93.84%,69.06%,,,,,,,,,,,,98.99%,,,,,,,,,,,,,,,,,,,
2026-05-29 08:30,,,,,,,,8.77%,,,,,,27.54%,,,,,,,,,86.80%,,,,,92.87%,69.24%,,,,,,,,,,,,99.45%,,,,,,,,,83.87%,,,,,,,,,,
2026-05-29 09:30,,,,,,,,1.99%,,,,,,28.19%,,,,,,,,,86.91%,,,,,94.15%,69.25%,,,,,,,,,,,,99.56%,,,,,,,,,84.13%,,,,,,,,,,
2026-05-29 10:30,,,,,,,,,,,,,,28.55%,,,,,,,,,86.91%,,,,,92.11%,69.27%,,,,,,,,,,,,99.62%,,,,,,,,,,,,,,,,,,53.48%,
2026-05-29 11:30,,,,,,,,,,,,,,29.03%,,,,,,,,,86.96%,,,,,92.06%,69.36%,,,,,,,,,,,,99.79%,,,,,,,,,,,,,,,,,,53.46%,
2026-05-29 12:30,,,,,,,,,,,,,,29.42%,,,,,,,,,86.93%,,,,,92.95%,69.28%,,,,,,,,,,,,99.70%,,,,,,,,,,,,,,,,,,53.46%,
2026-05-29 13:30,,,,,,,,,,,,,,29.73%,,,,,,,,,87.06%,,,,,88.65%,69.32%,,,,,,,,,,,,98.29%,,,,,,,,,,,,,,,,,,53.47%,
2026-05-29 14:30,,,,,,,,,,,,,,30.27%,,,,,,,,,86.97%,,,,,88.55%,69.26%,,,,,,,,,,,,98.57%,,,,,,,,,,,,,,,,,,53.46%,
2026-05-29 15:30,,,,,,,,,,,,,,30.14%,,,,,,,,,87.03%,,,,,90.07%,69.30%,,,,,,,,,,,,99.15%,,,,,,,,,,,,,,,,,,53.46%,
2026-05-29 16:30,,,,,,,,,,,,,,30.32%,,,,,,,,,86.96%,,,,,87.65%,69.24%,,,,,,,,,,,,99.17%,,,,,,,,,,,,,,,,,,53.47%,
2026-05-29 17:30,,,,,,,,,,,,,,30.37%,,,,,,,,,86.97%,,,,,87.90%,69.26%,,,,,,,,,,,,99.06%,,,,,,,,,,,,,,,,,,53.47%,
2026-05-29 18:30,,,,,,,,,,,,,,30.09%,,,,,,,,,86.84%,,,,,88.85%,69.30%,,,,,,,,,,,,99.26%,,,,,,,,,,,,,,,,,,53.47%,
2026-05-29 19:30,,,,,,,,,,,,,,30.50%,,,,,,,,,86.85%,,,,,91.18%,69.41%,,,,,,,,,,,,99.89%,,,,,,,,,,,,,,,,,,53.47%,
2026-05-29 20:30,,,,,,,,,,,,,,30.64%,,,,,,,,,86.79%,,,,,89.09%,69.27%,,,,,,,,,,,,99.20%,,,,,,,,,,,,,,,,,,53.47%,
2026-05-29 21:30,,,,,,,,,,,,,,31.10%,,,,,,,,,86.97%,,,,,92.10%,69.41%,,,,,,,,,,,,99.81%,,,,,,,,,,,,,,,,,,,
2026-05-29 22:30,,,,,,,,,,,,,,31.36%,,,,,,,,,86.72%,,,,,37.98%,69.47%,,,,,,,,,,,,97.36%,,,,,,,,,,,,,,,,,,,
2026-05-29 23:30,,,,,,,,,,,,,,31.69%,,,,,,,,,86.95%,,,,,37.51%,69.56%,,,,,,,,,,,,97.24%,,,,,,,,,,,,,,,,,,,
2026-05-30 00:30,,,,,,,,,,,,,,32.04%,,,,,,,,,86.86%,,,,,41.16%,69.71%,,,,,,,,,,,,97.09%,,,,,,,,,,,,,,,,,,,
2026-05-30 01:30,,,,,,,,,,,,,,32.38%,,,,,,,,,86.76%,,,,,42.76%,69.76%,,,,,,,,,,,,97.09%,,,,,,,,,,,,,,,,,,,
2026-05-30 02:30,,,,,,,,,,,,,,33.25%,,,,,,,,,86.70%,,,,,44.58%,70.02%,,,,,,,,,,,,97.09%,,,,,,,,,,,,,,,,,,,
2026-05-30 03:30,,,,,,,,,,,,,,35.03%,,,,,,,,,86.85%,,,,,45.10%,70.28%,,,,,,,,,,,,97.09%,,,,,,,,,,,,,,,,,,,
2026-05-30 04:30,,,,,,,,,,,,,,32.60%,,,,,,,,,86.96%,,,,,45.27%,70.03%,,,,,,,,,,,,97.09%,,,,,,,,,,,,,,,,,,,
2026-05-30 05:30,,,,,,,,,,,,,,32.67%,,,,,,,,,87.09%,,,,,44.84%,69.77%,,,,,,,,,,,,97.10%,,,,,,,,,,,,,,,,,,,
2026-05-30 06:30,,,,,,,,,,,,,,43.76%,,,,,,,,,87.01%,,,,,46.08%,69.84%,,,,,,,,,,,,97.10%,,,,,,,,,,,,,,,,,,,
2026-05-30 07:30,,,,,,,,,,,,,,33.02%,,,,,,,,,87.13%,,,,,47.68%,69.98%,,,,,,,,,,,,97.10%,,,,,,,,,,,,,,,,,,,
2026-05-30 08:30,,,,,,,,8.42%,,,,,,33.22%,,,,,,,,,87.06%,,,,,46.86%,69.98%,,,,,,,,,,,,97.11%,,,,,,,,,84.13%,,,,,,,,,,
2026-05-30 09:30,,,,,,,,1.76%,,,,,,29.55%,,,,,,,,,87.24%,,,,,45.56%,69.66%,,,,,,,,,,,,97.22%,,,,,,,,,84.12%,,,,,,,,,,
2026-05-30 10:30,,,,,,,,,,,,,,25.41%,,,,,,,,,87.17%,,,,,44.57%,69.47%,,,,,,,,,,,,97.23%,,,,,,,,,,,,,,,,,,,
2026-05-30 11:30,,,,,,,,,,,,,,25.86%,,,,,,,,,87.28%,,,,,44.65%,69.47%,,,,,,,,,,,,97.23%,,,,,,,,,,,,,,,,,,,
2026-05-30 12:30,,,,,,,,,,,,,,26.35%,,,,,,,,,87.23%,,,,,45.46%,69.16%,,,,,,,,,,,,97.24%,,,,,,,,,,,,,,,,,,,
2026-05-30 13:30,,,,,,,,,,,,,,26.62%,,,,,,,,,87.37%,,,,,47.30%,69.17%,,,,,,,,,,,,97.24%,,,,,,,,,,,,,,,,,,,
2026-05-30 14:30,,,,,,,,,,,,,,27.46%,,,,,,,,,87.23%,,,,,46.73%,69.17%,,,,,,,,,,,,97.25%,,,,,,,,,,,,,,,,,,,
2026-05-30 15:30,,,,,,,,,,,,,,,,,,,,,,,,,,,,46.34%,,,,,,,,,,,,,97.25%,,,,,,,,,,,,,,,,,,,
2026-05-30 16:30,,,,,,,,,,,,,,,,,,,,,,,,,,,,46.58%,,,,,,,,,,,,,97.25%,,,,,,,,,,,,,,,,,,,
2026-05-30 17:30,,,,,,,,,,,,,,,,,,,,,,,,,,,,46.58%,,,,,,,,,,,,,97.25%,,,,,,,,,,,,,,,,,,,
2026-05-30 18:30,,,,,,,,,,,,,,,,,,,,,,,,,,,,47.41%,,,,,,,,,,,,,97.29%,,,,,,,,,,,,,,,,,,,
2026-05-30 19:30,,,,,,,,,,,,,,,,,,,,,,,,,,,,47.38%,,,,,,,,,,,,,97.31%,,,,,,,,,,,,,,,,,,,
2026-05-30 20:30,,,,,,,,,,,,,,,,,,,,,,,,,,,,47.41%,,,,,,,,,,,,,97.32%,,,,,,,,,,,,,,,,,,,
2026-05-30 21:30,,,,,,,,,,,,,,,,,,,,,,,,,,,,47.51%,,,,,,,,,,,,,97.32%,,,,,,,,,,,,,,,,,,,
2026-05-30 22:30,,,,,,,,,,,,,,,,,,,,,,,,,,,,47.54%,,,,,,,,,,,,,97.32%,,,,,,,,,,,,,,,,,,,
2026-05-30 23:30,,,,,,,,,,,,,,,,,,,,,,,,,,,,47.72%,,,,,,,,,,,,,97.32%,,,,,,,,,,,,,,,,,,,
2026-05-31 00:30,,,,,,,,,,,,,,,,,,,,,,,,,,,,47.02%,,,,,,,,,,,,,97.33%,,,,,,,,,,,,,,,,,,,
2026-05-31 01:30,,,,,,,,,,,,,,,,,,,,,,,,,,,,46.80%,,,,,,,,,,,,,97.33%,,,,,,,,,,,,,,,,,,,
2026-05-31 02:30,,,,,,,,,,,,,,,,,,,,,,,,,,,,46.73%,,,,,,,,,,,,,97.34%,,,,,,,,,,,,,,,,,,,
2026-05-31 03:30,,,,,,,,,,,,,,,,,,,,,,,,,,,,46.87%,,,,,,,,,,,,,97.34%,,,,,,,,,,,,,,,,,,,
2026-05-31 04:30,,,,,,,,,,,,,,,,,,,,,,,,,,,,47.49%,,,,,,,,,,,,,97.44%,,,,,,,,,,,,,,,,,,,
2026-05-31 05:30,,,,,,,,,,,,,,,,,,,,,,,,,,,,47.34%,,,,,,,,,,,,,97.46%,,,,,,,,,,,,,,,,,,,
2026-05-31 06:30,,,,,,,,,,,,,,,,,,,,,,,,,,,,47.39%,,,,,,,,,,,,,97.46%,,,,,,,,,,,,,,,,,,,
2026-05-31 07:30,,,,,,,,,,,,,,,,,,,,,,,,,,,,49.92%,,,,,,,,,,,,,97.46%,,,,,,,,,,,,,,,,,,,
2026-05-31 08:30,,,,,,,,6.16%,,,,,,,,,,,,,,,,,,,,50.39%,,,,,,,,,,,,,97.47%,,,,,,,,,84.23%,,,,,,,,,,
2026-05-31 09:30,,,,,,,,1.60%,,,,,,,,,,,,,,,,,,,,50.51%,,,,,,,,,,,,,97.43%,,,,,,,,,84.52%,,,,,,,,,,
2026-05-31 10:30,,,,,,,,,,,,,,,,,,,,,,,,,,,,50.54%,,,,,,,,,,,,,97.19%,,,,,,,,,,,,,,,,,,,
2026-05-31 11:30,,,,,,,,,,,,,,,,,,,,,,,,,,,,50.45%,,,,,,,,,,,,,97.21%,,,,,,,,,,,,,,,,,,,
2026-05-31 12:30,,,,,,,,,,,,,,,,,,,,,,,,,,,,49.51%,,,,,,,,,,,,,97.22%,,,,,,,,,,,,,,,,,,,
2026-05-31 13:30,,,,,,,,,,,,,,,,,,,,,,,,,,,,48.98%,,,,,,,,,,,,,97.22%,,,,,,,,,,,,,,,,,,,
2026-05-31 14:30,,,,,,,,,,,,,,,,,,,,,,,,,,,,48.86%,,,,,,,,,,,,,97.23%,,,,,,,,,,,,,,,,,,,
2026-05-31 15:30,,,,,,,,,,,,,,,,,,,,,,,,,,,,48.92%,,,,,,,,,,,,,97.23%,,,,,,,,,,,,,,,,,,,
2026-05-31 16:30,,,,,,,,,,,,,,,,,,,,,,,,,,,,48.83%,,,,,,,,,,,,,97.22%,,,,,,,,,,,,,,,,,,,
2026-05-31 17:30,,,,,,,,,,,,,,,,,,,,,,,,,,,,48.66%,,,,,,,,,,,,,97.21%,,,,,,,,,,,,,,,,,,,
2026-05-31 18:30,,,,,,,,,,,,,,,,,,,,,,,,,,,,48.75%,,,,,,,,,,,,,97.22%,,,,,,,,,,,,,,,,,,,
2026-05-31 19:30,,,,,,,,,,,,,,,,,,,,,,,,,,,,48.72%,,,,,,,,,,,,,97.22%,,,,,,,,,,,,,,,,,,,
2026-05-31 20:30,,,,,,,,,,,,,,,,,,,,,,,,,,,,48.44%,,,,,,,,,,,,,97.23%,,,,,,,,,,,,,,,,,,,
2026-05-31 21:30,,,,,,,,,,,,,,,,,,,,,,,,,,,,48.45%,,,,,,,,,,,,,97.23%,,,,,,,,,,,,,,,,,,,
2026-05-31 22:30,,,,,,,,,,,,,,,,,,,,,,,,,,,,48.52%,,,,,,,,,,,,,97.23%,,,,,,,,,,,,,,,,,,,
2026-05-31 23:30,,,,,,,,,,,,,,,,,,,,,,,,,,,,48.66%,,,,,,,,,,,,,97.23%,,,,,,,,,,,,,,,,,,,
2026-06-01 00:30,,,,,,,,,,,,,,,,,,,,,,,,,,,,48.72%,,,,,,,,,,,,,97.23%,,,,,,,,,,,,,,,,,,,
2026-06-01 01:30,,,,,,,,,,,,,,,,,,,,,,,,,,,,48.30%,,,,,,,,,,,,,97.24%,,,,,,,,,,,,,,,,,,,
2026-06-01 02:30,,,,,,,,,,,,,,,,,,,,,,,,,,,,47.82%,,,,,,,,,,,,,97.24%,,,,,,,,,,,,,,,,,,,
2026-06-01 03:30,,,,,,,,,,,,,,,,,,,,,,,,,,,,47.92%,,,,,,,,,,,,,97.24%,,,,,,,,,,,,,,,,,,,
2026-06-01 04:30,,,,,,,,,,,,,,,,,,,,,,,,,,,,47.97%,,,,,,,,,,,,,97.25%,,,,,,,,,,,,,,,,,,,
2026-06-01 05:30,,,,,,,,,,,,,,,,,,,,,,,,,,,,48.42%,,,,,,,,,,,,,97.25%,,,,,,,,,,,,,,,,,,,
2026-06-01 06:30,,,,,,,,,,,,,,,,,,,,,,,,,,,,48.62%,,,,,,,,,,,,,97.26%,,,,,,,,,,,,,,,,,,,
2026-06-01 07:30,,,,,,,,,,,,,,,,,,,,,,,,,,,,49.09%,,,,,,,,,,,,,97.26%,,,,,,,,,,,,,,,,,,,
2026-06-01 08:30,,,,,,,,8.56%,,,,,,,,,,,,,,,,,,,,51.33%,,,,,,,,,,,,,97.26%,,,,,,,,,84.43%,,,,,,,,,,
2026-06-01 09:30,,,,,,,,1.81%,,,,,,,,,,,,,,,,,,,,51.46%,,,,,,,,,,,,,97.27%,,,,,,,,,84.43%,,,,,,,,,,
2026-06-01 10:30,,,,,,,,,,,,,,,,,,,,,,,,,,,,51.51%,,,,,,,,,,,,,97.27%,,,,,,,,,,,,,,,,,,53.54%,
2026-06-01 11:30,,,,,,,,,,,,,,4.93%,,,,,,,,,,,,,,51.88%,57.90%,,,,,,,,,,,,97.27%,,,,,,,,,,,,,,,,,,53.58%,
2026-06-01 12:30,,,,,,,,,,,,,,15.05%,,,,,,,,,87.40%,,,,,49.34%,61.47%,,,,,,,,,,,,97.28%,,,,,,,,,,,,,,,,,,53.59%,
2026-06-01 13:30,,,,,,,,,,,,,,27.76%,,,,,,,,,87.41%,,,,,48.93%,67.86%,,,,,,,,,,,,97.28%,,,,,,,,,,,,,,,,,,53.59%,
2026-06-01 14:30,,,,,,,,,,,,,,28.49%,,,,,,,,,87.41%,,,,,50.51%,67.88%,,,,,,,,,,,,97.29%,,,,,,,,,,,,,,,,,,53.60%,
2026-06-01 15:30,,,,,,,,,,,,,,29.31%,,,,,,,,,87.70%,,,,,49.02%,67.90%,,,,,,,,,,,,97.30%,,,,,,,,,,,,,,,,,,53.61%,
2026-06-01 16:30,,,,,,,,,,,,,,30.72%,,,,,,,,,87.56%,,,,,51.28%,68.28%,,,,,,,,,,,,97.29%,,,,,,,,,,,,,,,,,,53.61%,
2026-06-01 17:30,,,,,,,,,,,,,,31.78%,,,,,,,,,87.64%,,,,,56.53%,68.07%,,,,,,,,,,,,97.29%,,,,,,,,,,,,,,,,,,53.62%,
2026-06-01 18:30,,,,,,,,,,,,,,29.86%,,,,,,,,,87.53%,,,,,54.74%,67.97%,,,,,,,,,,,,97.29%,,,,,,,,,,,,,,,,,,53.62%,
2026-06-01 19:30,,,,,,,,9.94%,,,,,,30.49%,,,,,,,,,87.42%,,,,,53.28%,68.09%,,,,,,,,,,,,97.29%,,,,,,,,,84.45%,,,,,,,,,53.63%,
2026-06-01 20:30,,,,,,,,2.73%,,,,,,31.93%,,,,,,,,,87.43%,,,,,54.10%,64.47%,,,,,,,,,,,,97.30%,,,,,,,,,84.46%,,,,,,,,,53.63%,
2026-06-01 21:30,,,,,,,,3.86%,,,,,,31.18%,,,,,,,,,87.61%,,,,,55.13%,64.07%,,,,,,,,,,,,97.30%,,,,,,,,,84.47%,,,,,,,,,,
2026-06-01 22:30,,,,,,,,2.49%,,,,,,31.78%,,,,,,,,,87.17%,,,,,55.45%,64.86%,,,,,,,,,,,,97.31%,,,,,,,,,84.47%,,,,,,,,,,
2026-06-01 23:30,,,,,,,,2.05%,,,,,,30.89%,,,,,,,,,87.55%,,,,,55.86%,64.47%,,,,,,,,,,,,97.31%,,,,,,,,,84.46%,,,,,,,,,,
2026-06-02 00:30,,,,,,,,,,,,,,31.66%,,,,,,,,,87.41%,,,,,56.25%,64.74%,,,,,,,,,,,,97.31%,,,,,,,,,,,,,,,,,,,
2026-06-02 01:30,,,,,,,,,,,,,,31.37%,,,,,,,,,87.47%,,,,,56.90%,64.95%,,,,,,,,,,,,97.31%,,,,,,,,,,,,,,,,,,,
2026-06-02 02:30,,,,,,,,,,,,,,33.01%,,,,,,,,,87.56%,,,,,57.16%,65.05%,,,,,,,,,,,,97.32%,,,,,,,,,,,,,,,,,,,
2026-06-02 03:30,,,,,,,,,,,,,,36.15%,,,,,,,,,87.10%,,,,,57.69%,65.10%,,,,,,,,,,,,97.48%,,,,,,,,,,,,,,,,,,,
2026-06-02 04:30,,,,,,,,,,,,,,28.81%,,,,,,,,,87.08%,,,,,57.71%,65.05%,,,,,,,,,,,,97.52%,,,,,,,,,,,,,,,,,,,
2026-06-02 05:30,,,,,,,,,,,,,,29.03%,,,,,,,,,87.23%,,,,,58.19%,64.99%,,,,,,,,,,,,97.55%,,,,,,,,,,,,,,,,,,,
2026-06-02 06:30,,,,,,,,,,,,,,40.52%,,,,,,,,,87.27%,,,,,58.05%,64.97%,,,,,,,,,,,,97.56%,,,,,,,,,,,,,,,,,,,
2026-06-02 07:30,,,,,,,,,,,,,,29.16%,,,,,,,,,87.41%,,,,,58.22%,64.90%,,,,,,,,,,,,97.56%,,,,,,,,,,,,,,,,,,,
2026-06-02 08:30,,,,,,,,4.81%,,,,,,29.34%,,,,,,,,,87.33%,,,,,58.47%,65.00%,,,,,,,,,,,,97.57%,,,,,,,,,84.45%,,,,,,,,,,
2026-06-02 09:30,,,,,,,,1.52%,,,,,,29.59%,,,,,,,,,87.46%,,,,,59.25%,65.19%,,,,,,,,,,,,97.62%,,,,,,,,,84.47%,,,,,,,,,,
2026-06-02 10:30,,,,,,,,,,,,,,28.74%,,,,,,,,,87.45%,,,,,58.24%,65.20%,,,,,,,,,,,,97.62%,,,,,,,,,,,,,,,,,,53.57%,
2026-06-02 11:30,,,,,,,,,,,,,,29.77%,,,,,,,,,87.45%,,,,,58.71%,65.43%,,,,,,,,,,,,97.64%,,,,,,,,,,,,,,,,,,53.49%,
2026-06-02 12:30,,,,,,,,,,,,,,31.25%,,,,,,,,,87.46%,,,,,58.86%,65.72%,,,,,,,,,,,,97.73%,,,,,,,,,,,,,,,,,,53.49%,
2026-06-02 13:30,,,,,,,,,,,,,,31.64%,,,,,,,,,87.55%,,,,,72.75%,65.77%,,,,,,,,,,,,97.67%,,,,,,,,,,,,,,,,,,53.50%,
2026-06-02 14:30,,,,,,,,,,,,,,31.33%,,,,,,,,,87.57%,,,,,90.61%,65.67%,,,,,,,,,,,,96.04%,,,,,,,,,,,,,,,,,,53.50%,
2026-06-02 15:30,,,,,,,,,,,,,,27.30%,,,,,,,,,87.53%,,,,,88.33%,65.58%,,,,,,,,,,,,96.01%,,,,,,,,,,,,,,,,,,53.50%,
2026-06-02 16:30,,,,,,,,,,,,,,26.17%,,,,,,,,,87.50%,,,,,85.71%,65.66%,,,,,,,,,,,,96.08%,,,,,,,,,,,,,,,,,,53.50%,
2026-06-02 17:30,,,,,,,,,,,,,,28.56%,,,,,,,,,87.58%,,,,,88.08%,66.14%,,,,,,,,,,,,96.06%,,,,,,,,,,,,,,,,,,53.51%,
2026-06-02 18:30,,,,,,,,,,,,,,28.09%,,,,,,,,,87.45%,,,,,90.32%,66.01%,,,,,,,,,,,,97.25%,,,,,,,,,,,,,,,,,,53.51%,
2026-06-02 19:30,,,,,,,,,,,,,,28.11%,41.65%,,,,,,,,87.48%,,,,,88.09%,66.05%,,,,,,,,,,,,97.83%,,,,,,,,,,,,,,,,,,53.51%,
2026-06-02 20:30,,,,,,,,,,,,,,27.80%,99.29%,,,,,,,,87.28%,,,,,90.19%,66.08%,,,,,,,,,,,,97.95%,,,,,,,,,,,,,,,,,,53.51%,
2026-06-02 21:30,,,,,,,,,,,,,,30.36%,,,,,,,,,87.54%,,,,,92.04%,66.44%,,,,,,,,,,,,98.05%,,,,,,,,,,,,,,,,,,,
2026-06-02 22:30,,,,,,,,,,,,,,29.15%,,,,,,,,,87.15%,,,,,93.47%,66.50%,,,,,,,,,,,,98.17%,,,,,,,,,,,,,,,,,,,
2026-06-02 23:30,,,,,,,,,,,,,,30.21%,,,,,,,,,87.41%,,,,,93.78%,66.55%,,,,,,,,,,,,98.27%,,,,,,,,,,,,,,,,,,,
2026-06-03 00:30,,,,,,,,,,,,,,30.07%,,,,,,,,,87.17%,,,,,94.19%,66.33%,,,,,,,,,,,,98.41%,,,,,,,,,,,,,,,,,,,
2026-06-03 01:30,,,,,,,,,,,,,,31.91%,,,,,,,,,87.28%,,,,,95.27%,66.69%,,,,,,,,,,,,98.50%,,,,,,,,,,,,,,,,,,,
2026-06-03 02:30,,,,,,,,,,,,,,32.63%,,,,,,,,,87.64%,,,,,94.50%,67.03%,,,,,,,,,,,,98.41%,,,,,,,,,,,,,,,,,,,
2026-06-03 03:30,,,,,,,,,,,,,,34.25%,,,,,,,,,87.74%,,,,,93.14%,66.35%,,,,,,,,,,,,98.47%,,,,,,,,,,,,,,,,,,,
2026-06-03 04:30,,,,,,,,,,,,,,31.87%,,,,,,,,,87.80%,,,,,93.54%,66.18%,,,,,,,,,,,,98.60%,,,,,,,,,,,,,,,,,,,
2026-06-03 05:30,,,,,,,,,,,,,,31.34%,,,,,,,,,88.00%,,,,,94.36%,66.12%,,,,,,,,,,,,98.71%,,,,,,,,,,,,,,,,,,,
2026-06-03 06:30,,,,,,,,,,,,,,33.32%,,,,,,,,,87.89%,,,,,94.56%,66.31%,,,,,,,,,,,,98.82%,,,,,,,,,,,,,,,,,,,
2026-06-03 07:30,,,,,,,,,,,,,,32.16%,,,,,,,,,88.07%,,,,,93.79%,66.49%,,,,,,,,,,,,98.94%,,,,,,,,,,,,,,,,,,,
2026-06-03 08:30,,,,,,,,9.25%,,,,,,33.28%,,,,,,,,,88.01%,,,,,94.16%,66.57%,,,,,,,,,,,,99.08%,,,,,,,,,84.43%,,,,,,,,,,
2026-06-03 09:30,,,,,,,,1.48%,,,,,,32.28%,,,,,,,,,88.09%,,,,,94.42%,66.63%,,,,,,,,,,,,99.22%,,,,,,,,,84.26%,,,,,,,,,,
2026-06-03 10:30,,,,,,,,,,,,,,32.54%,,,,,,,,,88.04%,,,,,93.95%,66.85%,,,,,,,,,,,,99.45%,,,,,,,,,,,,,,,,,,53.50%,
2026-06-03 11:30,,,,,,,,,,,,,,34.24%,,,,,,,,,88.06%,,,,,90.25%,66.76%,,,,,,,,,,,,98.20%,,,,,,,,,,,,,,,,,,53.49%,
2026-06-03 12:30,,,,,,,,,,,,,,34.80%,,,,,,,,,88.17%,,,,,90.59%,67.08%,,,,,,,,,,,,97.84%,,,,,,,,,,,,,,,,,,53.50%,
2026-06-03 13:30,,,,,,,,,,,,,,33.60%,,,,,,,,,87.98%,,,,,91.97%,66.99%,,,,,,,,,,,,98.05%,,,,,,,,,,,,,,,,,,53.50%,
2026-06-03 14:30,,,,,,,,,,,,,,34.81%,60.74%,,,,,,,,88.06%,,,,,90.52%,66.96%,,,,,,,,,,,,98.23%,,,,,,,,,,,,,,,,,,53.51%,
2026-06-03 15:30,,,,,,,,,,,,,,33.20%,78.78%,,,,,,,,88.12%,,,,,82.37%,67.03%,,,,,,,,,,,,98.25%,,,,,,,,,,,,,,,,,,53.51%,
2026-06-03 16:30,,,,,,,,,,,,,,34.54%,85.40%,,,,,,,,88.03%,,,,,87.43%,67.19%,,,,,,,,,,,,98.24%,,,,,,,,,,,,,,,,,,53.51%,
2026-06-03 17:30,,,,,,,,,,,,,,34.74%,80.33%,,,,,,,,88.17%,,,,,88.59%,67.47%,,,,,,,,,,,,98.22%,,,,,,,,,,,,,,,,,,53.51%,
2026-06-03 18:30,,,,,,,,,,,,,,36.95%,49.09%,,,,,,,,88.03%,,,,,88.37%,67.71%,,,,,,,,,,,,98.51%,,,,,,,,,,,,,,,,,,53.52%,
2026-06-03 19:30,,,,,,,,,,,,,,37.25%,6.03%,,,,,,,,88.10%,,,,,86.28%,67.98%,,,,,,,,,,,,99.13%,,,,,,,,,,,,,,,,,,53.52%,
2026-06-03 20:30,,,,,,,,,,,,,,37.64%,5.59%,,,,,,,,88.08%,,,,,89.21%,67.97%,,,,,,,,,,,,99.49%,,,,,,,,,,,,,,,,,,53.52%,
2026-06-03 21:30,,,,,,,,,,,,,,38.27%,5.54%,,,,,,,,88.32%,,,,,90.04%,68.22%,,,,,,,,,,,,99.62%,,,,,,,,,,,,,,,,,,,
2026-06-03 22:30,,,,,,,,,,,,,,38.18%,,,,,,,,,88.05%,,,,,90.09%,68.25%,,,,,,,,,,,,99.64%,,,,,,,,,,,,,,,,,,,
2026-06-03 23:30,,,,,,,,,,,,,,38.08%,,,,,,,,,88.32%,,,,,91.15%,68.27%,,,,,,,,,,,,99.75%,,,,,,,,,,,,,,,,,,,
2026-06-04 00:30,,,,,,,,,,,,,,38.96%,,,,,,,,,88.25%,,,,,89.84%,68.34%,,,,,,,,,,,,99.95%,,,,,,,,,,,,,,,,,,,
2026-06-04 01:30,,,,,,,,,,,,,,37.52%,,,,,,,,,88.14%,,,,,93.93%,68.26%,,,,,,,,,,,,100.00%,,,,,,,,,,,,,,,,,,,
2026-06-04 02:30,,,,,,,,,,,,,,37.51%,,,,,,,,,88.15%,,,,,93.76%,68.49%,,,,,,,,,,,,100.00%,,,,,,,,,,,,,,,,,,,
2026-06-04 03:30,,,,,,,,,,,,,,40.12%,,,,,,,,,88.20%,,,,,93.60%,68.72%,,,,,,,,,,,,100.00%,,,,,,,,,,,,,,,,,,,
2026-06-04 04:30,,,,,,,,,,,,,,38.89%,,,,,,,,,88.24%,,,,,49.90%,68.58%,,,,,,,,,,,,96.81%,,,,,,,,,,,,,,,,,,,
2026-06-04 05:30,,,,,,,,,,,,,,41.22%,,,,,,,,,88.26%,,,,,51.61%,65.46%,,,,,,,,,,,,96.52%,,,,,,,,,,,,,,,,,,,
2026-06-04 06:30,,,,,,,,,,,,,,40.39%,,,,,,,,,88.21%,,,,,57.41%,65.36%,,,,,,,,,,,,96.52%,,,,,,,,,,,,,,,,,,,
2026-06-04 07:30,,,,,,,,,,,,,,39.85%,,,,,,,,,88.24%,,,,,58.80%,65.58%,,,,,,,,,,,,96.52%,,,,,,,,,,,,,,,,,,,
2026-06-04 08:30,,,,,,,,7.07%,,,,,,40.19%,,,,,,,,,88.19%,,,,,59.57%,65.81%,,,,,,,,,,,,96.52%,,,,,,,,,84.10%,,,,,,,,,,
2026-06-04 09:30,,,,,,,,1.16%,,,,,,42.26%,,,,,,,,,88.29%,,,,,59.19%,65.73%,,,,,,,,,,,,96.91%,,,,,,,,,83.92%,,,,,,,,,,
2026-06-04 10:30,,,,,,,,,,,,,,41.07%,,,,,,,,,88.25%,,,,,59.86%,65.85%,,,,,,,,,,,,96.95%,,,,,,,,,,,,,,,,,,53.52%,
2026-06-04 11:30,,,,,,,,,,,,,,44.31%,,,,,,,,,88.41%,,,,,61.01%,66.22%,,,,,,,,,,,,96.95%,,,,,,,,,,,,,,,,,,53.51%,
2026-06-04 12:30,,,,,,,,,,,,,,43.93%,,,,,,,,,88.42%,,,,,61.30%,66.20%,,,,,,,,,,,,96.96%,,,,,,,,,,,,,,,,,,53.52%,
2026-06-04 13:30,,,,,,,,,,,,,,39.29%,,,,,,,,,88.56%,,,,,63.54%,66.01%,,,,,,,,,,,,96.96%,,,,,,,,,,,,,,,,,,53.53%,
2026-06-04 14:30,,,,,,,,,,,,,,39.60%,,,,,,,,,88.42%,,,,,66.49%,66.10%,,,,,,,,,,,,96.97%,,,,,,,,,,,,,,,,,,53.53%,
2026-06-04 15:30,,,,,,,,,,,,,,41.76%,,,,,,,,,88.46%,,,,,65.02%,66.35%,,,,,,,,,,,,96.97%,,,,,,,,,,,,,,,,,,53.53%,
2026-06-04 16:30,,,,,,,,,,,,,,41.01%,,,,,,,,,88.46%,,,,,63.26%,66.30%,,,,,,,,,,,,96.95%,,,,,,,,,,,,,,,,,,53.53%,
2026-06-04 17:30,,,,,,,,,,,,,,46.47%,82.22%,,,,,,,,88.41%,,,,,63.38%,66.92%,,,,,,,,,,,,96.94%,,,,,,,,,,,,,,,,,,53.54%,
2026-06-04 18:30,,,,,,,,,,,,,,43.83%,98.61%,,,,,,,,88.25%,,,,,66.12%,66.80%,,,,,,,,,,,,96.96%,,,,,,,,,,,,,,,,,,53.54%,
2026-06-04 19:30,,,,,,,,,,,,,,42.25%,97.86%,,,,,,,,88.30%,,,,,70.19%,66.80%,,,,,,,,,,,,96.96%,,,,,,,,,,,,,,,,,,53.55%,
2026-06-04 20:30,,,,,,,,,,,,,,42.70%,97.88%,,,,,,,,88.21%,,,,,66.05%,66.96%,,,,,,,,,,,,96.96%,,,,,,,,,,,,,,,,,,53.55%,
2026-06-04 21:30,,,,,,,,,,,,,,41.90%,98.05%,,,,,,,,88.48%,,,,,63.64%,66.85%,,,,,,,,,,,,96.96%,,,,,,,,,,,,,,,,,,,
2026-06-04 22:30,,,,,,,,,,,,,,41.98%,97.80%,,,,,,,,88.00%,,,,,64.93%,66.97%,,,,,,,,,,,,96.96%,,,,,,,,,,,,,,,,,,,
2026-06-04 23:30,,,,,,,,,,,,,,44.11%,98.69%,,,,,,,,88.13%,,,,,70.54%,67.26%,,,,,,,,,,,,96.96%,,,,,,,,,,,,,,,,,,,
2026-06-05 00:30,,,,,,,,,,,,,,41.31%,98.20%,,,,,,,,87.91%,,,,,70.80%,67.04%,,,,,,,,,,,,96.97%,,,,,,,,,,,,,,,,,,,
2026-06-05 01:30,,,,,,,,,,,,,,43.02%,98.76%,,,,,,,,88.08%,,,,,71.09%,67.25%,,,,,,,,,,,,96.97%,,,,,,,,,,,,,,,,,,,
2026-06-05 02:30,,,,,,,,,,,,,,44.86%,98.69%,,,,,,,,88.10%,,,,,71.24%,67.42%,,,,,,,,,,,,96.97%,,,,,,,,,,,,,,,,,,,
2026-06-05 03:30,,,,,,,,,,,,,,43.99%,99.58%,,,,,,,,88.07%,,,,,72.28%,67.62%,,,,,,,,,,,,96.97%,,,,,,,,,,,,,,,,,,,
2026-06-05 04:30,,,,,,,,,,,,,,42.98%,99.81%,,,,,,,,87.97%,,,,,74.02%,67.54%,,,,,,,,,,,,96.81%,,,,,,,,,,,,,,,,,,,
2026-06-05 05:30,,,,,,,,,,,,,,43.08%,,,,,,,,,88.14%,,,,,75.09%,67.68%,,,,,,,,,,,,96.50%,,,,,,,,,,,,,,,,,,,
2026-06-05 06:30,,,,,,,,,,,,,,43.14%,,,,,,,,,88.14%,,,,,75.29%,67.64%,,,,,,,,,,,,96.51%,,,,,,,,,,,,,,,,,,,
2026-06-05 07:30,,,,,,,,,,,,,,45.60%,,,,,,,,,88.27%,,,,,75.48%,67.89%,,,,,,,,,,,,96.51%,,,,,,,,,,,,,,,,,,,
2026-06-05 08:30,,,,,,,,8.99%,,,,,,44.95%,,,,,,,,,88.19%,,,,,75.50%,68.09%,,,,,,,,,,,,96.51%,,,,,,,,,83.99%,,,,,,,,,,
2026-06-05 09:30,,,,,,,,1.66%,,,,,,29.29%,,,,,,,,,88.26%,,,,,74.73%,66.22%,,,,,,,,,,,,96.61%,,,,,,,,,84.06%,,,,,,,,,,
2026-06-05 10:30,,,,,,,,,,,,,,26.35%,10.29%,,,,,,,,88.17%,,,,,74.65%,65.83%,,,,,,,,,,,,96.62%,,,,,,,,,,,,,,,,,,53.55%,
2026-06-05 11:30,,,,,,,,,,,,,,28.43%,5.75%,,,,,,,,88.31%,,,,,74.07%,66.03%,,,,,,,,,,,,96.63%,,,,,,,,,,,,,,,,,,53.53%,
2026-06-05 12:30,,,,,,,,,,,,,,28.80%,,,,,,,,,88.29%,,,,,72.93%,66.22%,,,,,,,,,,,,96.67%,,,,,,,,,,,,,,,,,,53.55%,
2026-06-05 13:30,,,,,,,,,,,,,,29.68%,,,,,,,,,88.32%,,,,,68.92%,66.32%,,,,,,,,,,,,96.68%,,,,,,,,,,,,,,,,,,53.54%,
2026-06-05 14:30,,,,,,,,,,,,,,28.36%,,,,,,,,,88.36%,,,,,70.40%,66.03%,,,,,,,,,,,,96.68%,,,,,,,,,,,,,,,,,,53.54%,
2026-06-05 15:30,,,,,,,,,,,,,,29.35%,,,,,,,,,88.60%,,,,,68.10%,66.22%,,,,,,,,,,,,96.67%,,,,,,,,,,,,,,,,,,53.55%,
2026-06-05 16:30,,,,,,,,,,,,,,27.60%,,,,,,,,,88.49%,,,,,70.80%,66.12%,,,,,,,,,,,,96.68%,,,,,,,,,,,,,,,,,,53.55%,
2026-06-05 17:30,,,,,,,,,,,,,,28.53%,,,,,,,,,88.53%,,,,,73.86%,66.41%,,,,,,,,,,,,96.60%,,,,,,,,,,,,,,,,,,53.55%,
2026-06-05 18:30,,,,,,,,,,,,,,27.11%,,,,,,,,,88.32%,,,,,73.89%,66.17%,,,,,,,,,,,,96.61%,,,,,,,,,,,,,,,,,,53.55%,
2026-06-05 19:30,,,,,,,,,,,,,,28.75%,,,,,,,,,88.53%,,,,,74.16%,66.44%,,,,,,,,,,,,96.61%,,,,,,,,,,,,,,,,,,53.55%,
2026-06-05 20:30,,,,,,,,,,,,,,28.32%,,,,,,,,,88.68%,,,,,74.30%,66.51%,,,,,,,,,,,,96.62%,,,,,,,,,,,,,,,,,,53.55%,
2026-06-05 21:30,,,,,,,,,,,,,,30.27%,,,,,,,,,88.58%,,,,,74.25%,66.87%,,,,,,,,,,,,96.61%,,,,,,,,,,,,,,,,,,,
2026-06-05 22:30,,,,,,,,,,,,,,29.75%,,,,,,,,,88.11%,,,,,74.47%,66.89%,,,,,,,,,,,,96.62%,,,,,,,,,,,,,,,,,,,
2026-06-05 23:30,,,,,,,,,,,,,,29.53%,,,,,,,,,88.47%,,,,,74.99%,66.93%,,,,,,,,,,,,96.62%,,,,,,,,,,,,,,,,,,,
2026-06-06 00:30,,,,,,,,,,,,,,31.11%,,,,,,,,,88.18%,,,,,75.10%,67.04%,,,,,,,,,,,,96.62%,,,,,,,,,,,,,,,,,,,
2026-06-06 01:30,,,,,,,,,,,,,,30.34%,,,,,,,,,88.26%,,,,,75.08%,66.89%,,,,,,,,,,,,96.62%,,,,,,,,,,,,,,,,,,,
2026-06-06 02:30,,,,,,,,,,,,,,31.90%,,,,,,,,,88.50%,,,,,75.33%,67.13%,,,,,,,,,,,,96.62%,,,,,,,,,,,,,,,,,,,
2026-06-06 03:30,,,,,,,,,,,,,,33.72%,,,,,,,,,87.72%,,,,,75.43%,67.27%,,,,,,,,,,,,96.62%,,,,,,,,,,,,,,,,,,,
2026-06-06 04:30,,,,,,,,,,,,,,32.90%,,,,,,,,,87.82%,,,,,75.47%,67.43%,,,,,,,,,,,,96.62%,,,,,,,,,,,,,,,,,,,
2026-06-06 05:30,,,,,,,,,,,,,,31.87%,,,,,,,,,87.97%,,,,,77.41%,67.25%,,,,,,,,,,,,96.42%,,,,,,,,,,,,,,,,,,,
2026-06-06 06:30,,,,,,,,,,,,,,42.67%,,,,,,,,,88.08%,,,,,77.20%,67.18%,,,,,,,,,,,,96.39%,,,,,,,,,,,,,,,,,,,
2026-06-06 07:30,,,,,,,,,,,,,,34.38%,,,,,,,,,88.16%,,,,,77.17%,67.48%,,,,,,,,,,,,96.39%,,,,,,,,,,,,,,,,,,,
2026-06-06 08:30,,,,,,,,8.99%,,,,,,32.27%,,,,,,,,,88.07%,,,,,77.21%,67.10%,,,,,,,,,,,,96.39%,,,,,,,,,84.29%,,,,,,,,,,
2026-06-06 09:30,,,,,,,,1.58%,,,,,,33.52%,,,,,,,,,88.10%,,,,,77.47%,67.32%,,,,,,,,,,,,96.38%,,,,,,,,,84.29%,,,,,,,,,,
2026-06-06 10:30,,,,,,,,,,,,,,34.98%,,,,,,,,,88.06%,,,,,78.55%,67.59%,,,,,,,,,,,,96.36%,,,,,,,,,,,,,,,,,,,
2026-06-06 11:30,,,,,,,,,,,,,,34.53%,,,,,,,,,88.16%,,,,,78.87%,67.62%,,,,,,,,,,,,96.50%,,,,,,,,,,,,,,,,,,,
2026-06-06 12:30,,,,,,,,,,,,,,34.40%,,,,,,,,,88.22%,,,,,78.55%,67.40%,,,,,,,,,,,,96.66%,,,,,,,,,,,,,,,,,,,
2026-06-06 13:30,,,,,,,,,,,,,,34.12%,,,,,,,,,88.22%,,,,,78.61%,67.43%,,,,,,,,,,,,96.67%,,,,,,,,,,,,,,,,,,,
2026-06-06 14:30,,,,,,,,,,,,,,34.49%,,,,,,,,,88.28%,,,,,78.60%,67.64%,,,,,,,,,,,,96.76%,,,,,,,,,,,,,,,,,,,
2026-06-06 15:30,,,,,,,,,,,,,,33.99%,,,,,,,,,88.30%,,,,,78.38%,67.72%,,,,,,,,,,,,96.66%,,,,,,,,,,,,,,,,,,,
2026-06-06 16:30,,,,,,,,,,,,,,35.01%,,,,,,,,,88.28%,,,,,78.23%,67.97%,,,,,,,,,,,,96.65%,,,,,,,,,,,,,,,,,,,
2026-06-06 17:30,,,,,,,,,,,,,,36.19%,,,,,,,,,88.44%,,,,,78.06%,68.10%,,,,,,,,,,,,96.64%,,,,,,,,,,,,,,,,,,,
2026-06-06 18:30,,,,,,,,,,,,,,35.44%,,,,,,,,,88.20%,,,,,78.33%,68.04%,,,,,,,,,,,,96.64%,,,,,,,,,,,,,,,,,,,
2026-06-06 19:30,,,,,,,,,,,,,,37.99%,,,,,,,,,88.32%,,,,,78.35%,68.35%,,,,,,,,,,,,96.65%,,,,,,,,,,,,,,,,,,,
2026-06-06 20:30,,,,,,,,,,,,,,37.13%,,,,,,,,,88.29%,,,,,78.35%,68.02%,,,,,,,,,,,,96.65%,,,,,,,,,,,,,,,,,,,
2026-06-06 21:30,,,,,,,,,,,,,,36.52%,,,,,,,,,88.27%,,,,,78.42%,67.93%,,,,,,,,,,,,96.65%,,,,,,,,,,,,,,,,,,,
2026-06-06 22:30,,,,,,,,,,,,,,38.57%,,,,,,,,,87.77%,,,,,78.40%,68.24%,,,,,,,,,,,,96.65%,,,,,,,,,,,,,,,,,,,
2026-06-06 23:30,,,,,,,,,,,,,,39.39%,,,,,,,,,88.08%,,,,,78.43%,68.37%,,,,,,,,,,,,96.65%,,,,,,,,,,,,,,,,,,,
2026-06-07 00:30,,,,,,,,,,,,,,38.52%,,,,,,,,,88.07%,,,,,78.54%,68.89%,,,,,,,,,,,,96.66%,,,,,,,,,,,,,,,,,,,
2026-06-07 01:30,,,,,,,,,,,,,,37.93%,,,,,,,,,88.13%,,,,,78.26%,68.72%,,,,,,,,,,,,96.64%,,,,,,,,,,,,,,,,,,,
2026-06-07 02:30,,,,,,,,,,,,,,38.91%,,,,,,,,,88.37%,,,,,78.19%,68.87%,,,,,,,,,,,,96.64%,,,,,,,,,,,,,,,,,,,
2026-06-07 03:30,,,,,,,,,,,,,,40.17%,,,,,,,,,87.57%,,,,,78.36%,68.37%,,,,,,,,,,,,96.64%,,,,,,,,,,,,,,,,,,,
2026-06-07 04:30,,,,,,,,,,,,,,36.13%,,,,,,,,,87.56%,,,,,78.47%,67.68%,,,,,,,,,,,,96.64%,,,,,,,,,,,,,,,,,,,
2026-06-07 05:30,,,,,,,,,,,,,,36.26%,,,,,,,,,87.57%,,,,,78.84%,67.98%,,,,,,,,,,,,96.64%,,,,,,,,,,,,,,,,,,,
2026-06-07 06:30,,,,,,,,,,,,,,49.27%,,,,,,,,,87.60%,,,,,80.08%,68.13%,,,,,,,,,,,,96.65%,,,,,,,,,,,,,,,,,,,
2026-06-07 07:30,,,,,,,,,,,,,,36.83%,,,,,,,,,87.68%,,,,,80.06%,68.00%,,,,,,,,,,,,96.65%,,,,,,,,,,,,,,,,,,,
2026-06-07 08:30,,,,,,,,7.04%,,,,,,38.15%,,,,,,,,,87.74%,,,,,80.01%,68.18%,,,,,,,,,,,,96.65%,,,,,,,,,84.34%,,,,,,,,,,
2026-06-07 09:30,,,,,,,,1.69%,,,,,,36.65%,,,,,,,,,87.76%,,,,,80.10%,68.04%,,,,,,,,,,,,96.65%,,,,,,,,,84.33%,,,,,,,,,,
2026-06-07 10:30,,,,,,,,,,,,,,37.83%,,,,,,,,,87.77%,,,,,79.30%,68.24%,,,,,,,,,,,,96.66%,,,,,,,,,,,,,,,,,,,
2026-06-07 11:30,,,,,,,,,,,,,,38.41%,,,,,,,,,87.80%,,,,,79.67%,68.41%,,,,,,,,,,,,96.66%,,,,,,,,,,,,,,,,,,,
2026-06-07 12:30,,,,,,,,,,,,,,38.00%,,,,,,,,,87.87%,,,,,80.12%,68.41%,,,,,,,,,,,,96.66%,,,,,,,,,,,,,,,,,,,
2026-06-07 13:30,,,,,,,,,,,,,,40.38%,,,,,,,,,87.92%,,,,,80.21%,68.72%,,,,,,,,,,,,96.67%,,,,,,,,,,,,,,,,,,,
2026-06-07 14:30,,,,,,,,,,,,,,39.50%,,,,,,,,,87.83%,,,,,80.25%,68.56%,,,,,,,,,,,,96.67%,,,,,,,,,,,,,,,,,,,
2026-06-07 15:30,,,,,,,,,,,,,,40.56%,,,,,,,,,87.92%,,,,,80.22%,68.80%,,,,,,,,,,,,96.67%,,,,,,,,,,,,,,,,,,,
2026-06-07 16:30,,,,,,,,,,,,,,39.78%,,,,,,,,,87.95%,,,,,80.26%,68.72%,,,,,,,,,,,,96.66%,,,,,,,,,,,,,,,,,,,
2026-06-07 17:30,,,,,,,,,,,,,,41.23%,,,,,,,,,88.00%,,,,,79.87%,68.92%,,,,,,,,,,,,96.65%,,,,,,,,,,,,,,,,,,,
2026-06-07 18:30,,,,,,,,,,,,,,37.67%,,,,,,,,,87.79%,,,,,80.01%,68.69%,,,,,,,,,,,,96.65%,,,,,,,,,,,,,,,,,,,
2026-06-07 19:30,,,,,,,,,,,,,,28.08%,,,,,,,,,87.84%,,,,,80.02%,67.95%,,,,,,,,,,,,96.66%,,,,,,,,,,,,,,,,,,,
2026-06-07 20:30,,,,,,,,,,,,,,28.41%,,,,,,,,,87.83%,,,,,80.12%,68.21%,,,,,,,,,,,,96.66%,,,,,,,,,,,,,,,,,,,
2026-06-07 21:30,,,,,,,,,,,,,,29.35%,,,,,,,,,87.98%,,,,,79.99%,68.11%,,,,,,,,,,,,96.66%,,,,,,,,,,,,,,,,,,,
2026-06-07 22:30,,,,,,,,,,,,,,28.92%,,,,,,,,,87.63%,,,,,80.05%,67.61%,,,,,,,,,,,,96.66%,,,,,,,,,,,,,,,,,,,
2026-06-07 23:30,,,,,,,,,,,,,,29.34%,,,,,,,,,87.95%,,,,,80.27%,67.82%,,,,,,,,,,,,96.66%,,,,,,,,,,,,,,,,,,,
2026-06-08 00:30,,,,,,,,,,,,,,29.62%,,,,,,,,,87.76%,,,,,80.40%,67.79%,,,,,,,,,,,,96.66%,,,,,,,,,,,,,,,,,,,
2026-06-08 01:30,,,,,,,,,,,,,,32.81%,,,,,,,,,87.58%,,,,,80.18%,68.28%,,,,,,,,,,,,96.66%,,,,,,,,,,,,,,,,,,,
2026-06-08 02:30,,,,,,,,,,,,,,34.22%,,,,,,,,,87.88%,,,,,79.89%,68.11%,,,,,,,,,,,,96.65%,,,,,,,,,,,,,,,,,,,
2026-06-08 03:30,,,,,,,,,,,,,,31.18%,,,,,,,,,88.19%,,,,,80.24%,68.62%,,,,,,,,,,,,96.65%,,,,,,,,,,,,,,,,,,,
2026-06-08 04:30,,,,,,,,,,,,,,28.86%,,,,,,,,,88.13%,,,,,80.00%,68.82%,,,,,,,,,,,,96.66%,,,,,,,,,,,,,,,,,,,
2026-06-08 05:30,,,,,,,,,,,,,,29.04%,,,,,,,,,88.25%,,,,,80.09%,68.92%,,,,,,,,,,,,96.66%,,,,,,,,,,,,,,,,,,,
2026-06-08 06:30,,,,,,,,,,,,,,29.26%,,,,,,,,,88.33%,,,,,80.74%,68.56%,,,,,,,,,,,,96.66%,,,,,,,,,,,,,,,,,,,
2026-06-08 07:30,,,,,,,,,,,,,,29.86%,,,,,,,,,88.35%,,,,,81.28%,68.82%,,,,,,,,,,,,96.67%,,,,,,,,,,,,,,,,,,,
2026-06-08 08:30,,,,,,,,5.21%,,,,,,30.52%,,,,,,,,,88.26%,,,,,81.33%,68.93%,,,,,,,,,,,,96.66%,,,,,,,,,84.34%,,,,,,,,,,
2026-06-08 09:30,,,,,,,,1.44%,,,,,,30.43%,,,,,,,,,88.54%,,,,,80.96%,68.77%,,,,,,,,,,,,96.73%,,,,,,,,,84.31%,,,,,,,,,,
2026-06-08 10:30,,,,,,,,,,,,,,30.83%,,,,,,,,,88.34%,,,,,80.44%,68.73%,,,,,,,,,,,,96.78%,,,,,,,,,,,,,,,,,,,
2026-06-08 11:30,,,,,,,,,,,,,,30.11%,48.07%,,,,,,,,88.43%,,,,,80.61%,68.68%,,,,,,,,,,,,96.79%,,,,,,,,,,,,,,,,,,,
2026-06-08 12:30,,,,,,,,,,,,,,29.93%,72.49%,,,,,,,,88.36%,,,,,79.92%,68.44%,,,,,,,,,,,,96.79%,,,,,,,,,,,,,,,,,,,
2026-06-08 13:30,,,,,,,,,,,,,,31.50%,,,,,,,,,88.40%,,,,,80.12%,68.92%,,,,,,,,,,,,96.80%,,,,,,,,,,,,,,,,,,,
2026-06-08 14:30,,,,,,,,,,,,,,30.65%,,,,,,,,,88.41%,,,,,80.16%,68.93%,,,,,,,,,,,,96.80%,,,,,,,,,,,,,,,,,,53.57%,
2026-06-08 15:30,,,,51.84%,,,,,,,,,,27.72%,,,,,,,,,88.35%,,,,,80.42%,68.30%,,,,,,,,,,,,96.80%,,,,,,,,,,,,,,,,,,53.59%,
2026-06-08 16:30,,,,57.04%,,,,,,,,,,28.04%,,,,,,,,,88.41%,,,,,80.29%,68.43%,,,,,,,,,,,,96.81%,,,,,,,,,,,,,,,,,,53.59%,
2026-06-08 17:30,,,,59.89%,,,,,,,,,,30.24%,,,,,,,,,88.46%,,,,,79.78%,68.82%,,,,,,,,,,,,96.83%,,,,,,,,,,,,,,,,,,53.60%,
2026-06-08 18:30,,,,64.06%,,,,,,,,,,30.48%,,,,,,,,,88.39%,,,,,80.04%,68.62%,,,,,,,,,,,,96.83%,,,,,,,,,,,,,,,,,,53.60%,
2026-06-08 19:30,,,,60.97%,,,,,,,,,,31.98%,,,,,,,,,88.35%,,,,,80.06%,68.80%,,,,,,,,,,,,96.84%,,,,,,,,,,,,,,,,,,53.60%,
2026-06-08 20:30,,,,,,,,,,,,,,33.23%,,,,,,,,,88.37%,,,,,80.04%,68.99%,,,,,,,,,,,,96.84%,,,,,,,,,,,,,,,,,,,
2026-06-08 21:30,,,,,,,,,,,,,,34.38%,,,,,,,,,88.56%,,,,,80.00%,69.22%,,,,,,,,,,,,96.84%,,,,,,,,,,,,,,,,,,,
2026-06-08 22:30,,,,,,,,,,,,,,32.83%,,,,,,,,,88.26%,,,,,80.16%,69.14%,,,,,,,,,,,,96.84%,,,,,,,,,,,,,,,,,,,
2026-06-08 23:30,,,,,,,,,,,,,,34.14%,,,,,,,,,88.41%,,,,,80.27%,69.12%,,,,,,,,,,,,96.84%,,,,,,,,,,,,,,,,,,,
2026-06-09 00:30,,,,,,,,,,,,,,33.97%,,,,,,,,,88.37%,,,,,80.32%,69.25%,,,,,,,,,,,,96.85%,,,,,,,,,,,,,,,,,,,
2026-06-09 01:30,,,,,,,,,,,,,,32.26%,,,,,,,,,88.24%,,,,,80.34%,69.04%,,,,,,,,,,,,96.84%,,,,,,,,,,,,,,,,,,,
2026-06-09 02:30,,,,,,,,,,,,,,35.13%,,,,,,,,,87.98%,,,,,80.35%,68.52%,,,,,,,,,,,,96.83%,,,,,,,,,,,,,,,,,,,
2026-06-09 03:30,,,,,,,,,,,,,,33.68%,,,,,,,,,87.80%,,,,,80.54%,68.44%,,,,,,,,,,,,96.81%,,,,,,,,,,,,,,,,,,,
2026-06-09 04:30,,,,,,,,,,,,,,32.24%,,,,,,,,,87.87%,,,,,80.60%,67.98%,,,,,,,,,,,,96.65%,,,,,,,,,,,,,,,,,,,
2026-06-09 05:30,,,,,,,,,,,,,,34.88%,,,,,,,,,87.98%,,,,,80.61%,68.46%,,,,,,,,,,,,96.65%,,,,,,,,,,,,,,,,,,,
2026-06-09 06:30,,,,,,,,,,,,,,35.73%,,,,,,,,,88.00%,,,,,80.53%,68.58%,,,,,,,,,,,,96.66%,,,,,,,,,,,,,,,,,,,
2026-06-09 07:30,,,,,,,,,,,,,,35.23%,,,,,,,,,88.08%,,,,,81.61%,68.66%,,,,,,,,,,,,96.66%,,,,,,,,,,,,,,,,,,,
2026-06-09 08:30,,,,,,,,8.45%,,,,,,36.58%,,,,,,,,,88.13%,,,,,81.70%,68.76%,,,,,,,,,,,,96.66%,,,,,,,,,84.31%,,,,,,,,,,
2026-06-09 09:30,,,,,,,,1.58%,,,,,,37.82%,,,,,,,,,88.21%,,,,,81.94%,68.74%,,,,,,,,,,,,96.66%,,,,,,,,,84.32%,,,,,,,,,,
2026-06-09 10:30,,,,,,,,,,,,,,36.91%,,,,,,,,,88.14%,,,,,81.90%,68.88%,,,,,,,,,,,,96.66%,,,,,,,,,,,,,,,,,,,
2026-06-09 11:30,,,,,,,,,,,,,,36.98%,,,,,,,,,88.30%,,,,,82.30%,68.75%,,,,,,,,,,,,96.66%,,,,,,,,,,,,,,,,,,,
2026-06-09 12:30,,,,,,,,,,,,,,38.89%,,,,,,,,,88.32%,,,,,78.34%,67.88%,,,,,,,,,,,,97.32%,,,,,,,,,,,,,,,,,,,
2026-06-09 13:30,,,,,,,,,,,,,,41.19%,,,,,,,,,88.24%,,,,,62.07%,65.23%,,,,,,,,,,,,97.32%,,,,,,,,,,,,,,,,,,,
2026-06-09 14:30,,,,57.67%,,,,,,,,,,28.14%,,,,,,,,,88.30%,,,,,59.18%,63.73%,,,,,,,,,,,,97.90%,,,,,,,,,,,,,,,,,,,
2026-06-09 15:30,,,,70.63%,,,,,,,,,,33.89%,,,,,,,,,88.19%,,,,,67.73%,64.69%,,,,,,,,,,,,97.97%,,,,,,,,,,,,,,,,,,,
2026-06-09 16:30,,,,44.02%,,,,,,,,,,27.44%,,,,,,,,,87.59%,,,,,52.75%,59.98%,,,,,,,,,,,,98.15%,,,,,,,,,,,,,,,,,,,
2026-06-09 17:30,,,,42.46%,,,,,,,,,,18.67%,,,,,,,,,86.59%,,,,,58.05%,60.79%,,,,,,,,,,,,97.98%,,,,,,,,,,,,,,,,,,,
2026-06-09 18:30,,,,39.54%,,,,,,,,,,18.88%,,,,,,,,,86.55%,,,,,55.51%,60.63%,,,,,,,,,,,,97.98%,,,,,,,,,,,,,,,,,,,
2026-06-09 19:30,,,,51.48%,,,,,,,,,,21.72%,,,,,,,,,86.60%,,,,,55.40%,61.33%,,,,,,,,,,,,97.99%,,,,,,,,,,,,,,,,,,,
2026-06-09 20:30,,,,,,,,,,,,,,25.33%,,,,,,,,,86.68%,,,,,54.65%,62.36%,,,,,,,,,,,,98.00%,,,,,,,,,,,,,,,,,,,
2026-06-09 21:30,,,,,,,,,,,,,,25.35%,,,,,,,,,86.90%,,,,,55.13%,62.67%,,,,,,,,,,,,98.00%,,,,,,,,,,,,,,,,,,,
2026-06-09 22:30,,,,,,,,,,,,,,25.19%,,,,,,,,,86.56%,,,,,56.40%,62.85%,,,,,,,,,,,,98.01%,,,,,,,,,,,,,,,,,,,
2026-06-09 23:30,,,,,,,,,,,,,,25.40%,,,,,,,,,86.95%,,,,,57.41%,62.90%,,,,,,,,,,,,98.01%,,,,,,,,,,,,,,,,,,,
2026-06-10 00:30,,,,,,,,,,,,,,25.41%,,,,,,,,,87.04%,,,,,58.13%,62.82%,,,,,,,,,,,,98.01%,,,,,,,,,,,,,,,,,,,
2026-06-10 01:30,,,,,,,,,,,,,,25.60%,,,,,,,,,87.04%,,,,,58.01%,62.93%,,,,,,,,,,,,98.01%,,,,,,,,,,,,,,,,,,,
2026-06-10 02:30,,,,,,,,,,,,,,26.15%,,,,,,,,,87.14%,,,,,58.11%,63.17%,,,,,,,,,,,,98.15%,,,,,,,,,,,,,,,,,,,
2026-06-10 03:30,,,,,,,,,,,,,,33.56%,,,,,,,,,86.79%,,,,,58.26%,63.63%,,,,,,,,,,,,98.21%,,,,,,,,,,,,,,,,,,,
2026-06-10 04:30,,,,,,,,,,,,,,25.78%,,,,,,,,,86.77%,,,,,58.36%,63.00%,,,,,,,,,,,,98.22%,,,,,,,,,,,,,,,,,,,
2026-06-10 05:30,,,,,,,,,,,,,,25.95%,,,,,,,,,87.00%,,,,,58.91%,63.25%,,,,,,,,,,,,98.22%,,,,,,,,,,,,,,,,,,,
2026-06-10 06:30,,,,,,,,,,,,,,25.58%,,,,,,,,,86.87%,,,,,58.99%,63.22%,,,,,,,,,,,,98.22%,,,,,,,,,,,,,,,,,,,
2026-06-10 07:30,,,,,,,,,,,,,,25.88%,,,,,,,,,87.07%,,,,,59.43%,63.40%,,,,,,,,,,,,98.22%,,,,,,,,,,,,,,,,,,,
2026-06-10 08:30,,,,,,,,8.80%,,,,,,26.38%,,,,,,,,,87.07%,,,,,60.98%,63.48%,,,,,,,,,,,,98.22%,,,,,,,,,84.33%,,,,,,,,,,
2026-06-10 09:30,,,,,,,,2.33%,,,,,,27.05%,,,,,,,,,87.62%,,,,,61.01%,63.58%,,,,,,,,,,,,98.22%,,,,,,,,,84.97%,,,,,,,,,,
2026-06-10 10:30,,,,,,,,,,,,,,28.22%,,,,,,,,,86.94%,,,,,61.30%,63.83%,,,,,,,,,,,,98.21%,,,,,,,,,,,,,,,,,,,
2026-06-10 11:30,,,,,,,,,,,,,,28.26%,,,,,,,,,87.12%,,,,,66.87%,63.75%,,,,,,,,,,,,98.23%,,,,,,,,,,,,,,,,,,,
2026-06-10 12:30,,,,51.90%,,,,,,,,,,27.92%,,,,,,,,,87.06%,,,,,68.16%,63.62%,,,,,,,,,,,,98.14%,,,,,,,,,,,,,,,,,,,
2026-06-10 13:30,,,,40.88%,,,,6.54%,,,,,,21.93%,,,,,,,,,87.02%,,,,,70.89%,62.95%,,,,,,,,,,,,98.12%,,,,,,,,,85.51%,,,,,,,,,,
2026-06-10 14:30,,,,53.67%,,,,3.28%,,,,,,29.26%,,,,,,,,,86.97%,,,,,72.11%,64.01%,,,,,,,,,,,,98.37%,,,,,,,,,85.06%,,,,,,,,,,
2026-06-10 15:30,,,,53.74%,,,,2.85%,,,,,,30.18%,,,,,,,,,87.18%,,,,,68.83%,63.97%,,,,,,,,,,,,98.38%,,,,,,,,,85.08%,,,,,,,,,,
2026-06-10 16:30,,,,53.32%,,,,3.47%,,,,,,30.81%,,,,,,,,,87.12%,,,,,68.27%,63.96%,,,,,,,,,,,,98.37%,,,,,,,,,85.08%,,,,,,,,,53.73%,
2026-06-10 17:30,,,,52.20%,,,,,,,,,,30.82%,,,,,,,,,87.19%,,,,,74.90%,64.06%,,,,,,,,,,,,98.37%,,,,,,,,,,,,,,,,,,53.51%,
2026-06-10 18:30,,,,42.08%,,,,,,,,,,27.06%,,,,,,,,,87.20%,,,,,73.77%,63.64%,,,,,,,,,,,,98.38%,,,,,,,,,,,,,,,,,,,
2026-06-10 19:30,,,,30.94%,,,,,,,,,,21.85%,,,,,,,,,87.25%,,,,,69.56%,63.33%,,,,,,,,,,,,98.61%,,,,,,,,,,,,,,,,,,,
2026-06-10 20:30,,,,,,,,,,,,,,25.45%,,,,,,,,,87.10%,,,,,45.91%,64.18%,,,,,,,,,,,,98.71%,,,,,,,,,,,,,,,,,,,
2026-06-10 21:30,,,,,,,,,,,,,,25.79%,,,,,,,,,87.03%,,,,,23.64%,64.17%,,,,,,,,,,,,98.84%,,,,,,,,,,,,,,,,,,,
2026-06-10 22:30,,,,,,,,,,,,,,24.97%,,,,,,,,,86.52%,,,,,23.81%,64.10%,,,,,,,,,,,,98.84%,,,,,,,,,,,,,,,,,,,
2026-06-10 23:30,,,,,,,,,,,,,,25.08%,,,,,,,,,86.80%,,,,,23.83%,64.22%,,,,,,,,,,,,98.84%,,,,,,,,,,,,,,,,,,,
2026-06-11 00:30,,,,,,,,,,,,,,24.79%,,,,,,,,,86.99%,,,,,23.94%,64.22%,,,,,,,,,,,,98.85%,,,,,,,,,,,,,,,,,,,
2026-06-11 01:30,,,,,,,,,,,,,,25.03%,,,,,,,,,87.06%,,,,,24.12%,64.24%,,,,,,,,,,,,98.74%,,,,,,,,,,,,,,,,,,,
2026-06-11 02:30,,,,,,,,,,,,,,27.70%,,,,,,,,,86.91%,,,,,24.76%,64.32%,,,,,,,,,,,,98.54%,,,,,,,,,,,,,,,,,,,
2026-06-11 03:30,,,,,,,,,,,,,,24.98%,,,,,,,,,87.13%,,,,,25.52%,64.42%,,,,,,,,,,,,98.40%,,,,,,,,,,,,,,,,,,,
2026-06-11 04:30,,,,,,,,,,,,,,25.12%,,,,,,,,,87.16%,,,,,25.90%,64.61%,,,,,,,,,,,,98.35%,,,,,,,,,,,,,,,,,,,
2026-06-11 05:30,,,,,,,,,,,,,,25.10%,,,,,,,,,87.31%,,,,,26.10%,64.67%,,,,,,,,,,,,98.35%,,,,,,,,,,,,,,,,,,,
2026-06-11 06:30,,,,,,,,,,,,,,24.79%,,,,,,,,,87.24%,,,,,26.10%,64.66%,,,,,,,,,,,,98.35%,,,,,,,,,,,,,,,,,,,
2026-06-11 07:30,,,,,,,,,,,,,,25.42%,,,,,,,,,87.14%,,,,,26.10%,64.80%,,,,,,,,,,,,98.35%,,,,,,,,,,,,,,,,,,,
2026-06-11 08:30,,,,,,,,7.69%,,,,,,25.62%,,,,,,,,,87.05%,,,,,26.15%,64.78%,,,,,,,,,,,,98.35%,,,,,,,,,85.15%,,,,,,,,,,
2026-06-11 09:30,,,,,,,,1.51%,,,,,,26.31%,,,,,,,,,87.17%,,,,,26.19%,64.88%,,,,,,,,,,,,98.36%,,,,,,,,,85.20%,,,,,,,,,,
2026-06-11 10:30,,,,,,,,,,,,,,26.64%,,,,,,,,,87.11%,,,,,26.77%,64.90%,,,,,,,,,,,,98.42%,,,,,,,,,,,,,,,,,,,
2026-06-11 11:30,,,,,,,,,,,,,,27.66%,,,,,,,,,87.23%,,,,,45.61%,65.09%,,,,,,,,,,,,98.44%,,,,,,,,,,,,,,,,,,,
2026-06-11 12:30,,,,,,,,,,,,,,28.58%,,,,,,,,,87.27%,,,,,61.75%,66.86%,,,,,,,,,,,,98.39%,,,,,,,,,,,,,,,,,,,
2026-06-11 13:30,,,,,,,,,,,,,,28.50%,,,,,,,,,87.19%,,,,,56.64%,65.84%,,,,,,,,,,,,98.39%,,,,,,,,,,,,,,,,,,,
2026-06-11 14:30,,,,,,,,,,,,,,29.90%,,,,,,,,,86.99%,,,,,53.01%,66.26%,,,,,,,,,,,,98.39%,,,,,,,,,,,,,,,,,,,
2026-06-11 15:30,,,,,,,,,,,,,,29.58%,,,,,,,,,87.02%,,,,,54.70%,66.29%,,,,,,,,,,,,98.53%,,,,,,,,,,,,,,,,,,,
2026-06-11 16:30,,,,,,,,,,,,,,30.18%,,,,,,,,,87.14%,,,,,58.71%,66.48%,,,,,,,,,,,,98.95%,,,,,,,,,,,,,,,,,,,
2026-06-11 17:30,,,,,,,,,,,,,,30.96%,,,,,,,,,87.16%,,,,,58.60%,66.19%,,,,,,,,,,,,98.94%,,,,,,,,,,,,,,,,,,,
2026-06-11 18:30,,,,,,,,,,,,,,30.36%,,,,,,,,,87.12%,,,,,58.85%,66.08%,,,,,,,,,,,,98.94%,,,,,,,,,,,,,,,,,,,
2026-06-11 19:30,,,,,,,,,,,,,,25.04%,,,,,,,,,87.09%,,,,,60.18%,66.00%,,,,,,,,,,,,98.94%,,,,,,,,,,,,,,,,,,,
2026-06-11 20:30,,,,,,,,,,,,,,25.24%,,,,,,,,,87.00%,,,,,61.13%,66.16%,,,,,,,,,,,,98.94%,,,,,,,,,,,,,,,,,,,
2026-06-11 21:30,,,,,,,,,,,,,,25.03%,,,,,,,,,87.30%,,,,,60.90%,66.33%,,,,,,,,,,,,98.94%,,,,,,,,,,,,,,,,,,,
2026-06-11 22:30,,,,,,,,,,,,,,24.76%,,,,,,,,,86.93%,,,,,61.30%,66.44%,,,,,,,,,,,,98.94%,,,,,,,,,,,,,,,,,,,
2026-06-11 23:30,,,,,,,,,,,,,,25.24%,,,,,,,,,87.34%,,,,,61.98%,66.47%,,,,,,,,,,,,98.95%,,,,,,,,,,,,,,,,,,,
2026-06-12 00:30,,,,,,,,,,,,,,25.00%,,,,,,,,,87.40%,,,,,62.06%,66.39%,,,,,,,,,,,,98.94%,,,,,,,,,,,,,,,,,,,
2026-06-12 01:30,,,,,,,,,,,,,,25.33%,,,,,,,,,87.15%,,,,,62.07%,66.68%,,,,,,,,,,,,98.95%,,,,,,,,,,,,,,,,,,,
2026-06-12 02:30,,,,,,,,,,,,,,26.84%,,,,,,,,,87.30%,,,,,62.48%,66.89%,,,,,,,,,,,,98.95%,,,,,,,,,,,,,,,,,,,
2026-06-12 03:30,,,,,,,,,,,,,,27.33%,,,,,,,,,86.87%,,,,,62.75%,66.00%,,,,,,,,,,,,98.94%,,,,,,,,,,,,,,,,,,,
2026-06-12 04:30,,,,,,,,,,,,,,25.28%,,,,,,,,,86.99%,,,,,62.81%,66.22%,,,,,,,,,,,,98.92%,,,,,,,,,,,,,,,,,,,
2026-06-12 05:30,,,,,,,,,,,,,,25.54%,,,,,,,,,87.03%,,,,,62.60%,66.29%,,,,,,,,,,,,98.92%,,,,,,,,,,,,,,,,,,,
2026-06-12 06:30,,,,,,,,,,,,,,25.25%,,,,,,,,,87.04%,,,,,63.62%,66.25%,,,,,,,,,,,,98.92%,,,,,,,,,,,,,,,,,,,
2026-06-12 07:30,,,,,,,,,,,,,,25.11%,,,,,,,,,87.00%,,,,,63.98%,66.14%,,,,,,,,,,,,98.93%,,,,,,,,,,,,,,,,,,,
2026-06-12 08:30,,,,,,,,9.11%,,,,,,25.96%,,,,,,,,,87.00%,,,,,63.80%,66.30%,,,,,,,,,,,,98.93%,,,,,,,,,85.00%,,,,,,,,,,
2026-06-12 09:30,,,,,,,,1.61%,,,,,,26.76%,,,,,,,,,87.06%,,,,,63.63%,66.41%,,,,,,,,,,,,98.93%,,,,,,,,,84.90%,,,,,,,,,,
2026-06-12 10:30,,,,,,,,,,,,,,27.05%,,,,,,,,,86.94%,,,,,63.69%,66.35%,,,,,,,,,,,,98.93%,,,,,,,,,,,,,,,,,,,
2026-06-12 11:30,,,,,,,,,,,,,,27.78%,,,,,,,,,87.01%,,,,,65.48%,66.45%,,,,,,,,,,,,98.93%,,,,,,,,,,,,,,,,,,,
2026-06-12 12:30,,,,,,,,,,,,,,28.14%,,,,,,,,,87.01%,,,,,65.22%,66.48%,,,,,,,,,,,,98.93%,,,,,,,,,,,,,,,,,,,
2026-06-12 13:30,,,,,,,,,,,,,,29.03%,,,,,,,,,87.12%,,,,,64.51%,66.53%,,,,,,,,,,,,98.94%,,,,,,,,,,,,,,,,,,,
2026-06-12 14:30,,,,,,,,,,,,,,29.70%,,,,,,,,,87.14%,,,,,66.07%,66.70%,,,,,,,,,,,,99.02%,,,,,,,,,,,,,,,,,,,
2026-06-12 15:30,,,,,,,,,,,,,,29.81%,,,,,,,,,87.13%,,,,,89.35%,66.64%,,,,,,,,,,,,99.88%,,,,,,,,,,,,,,,,,,,
2026-06-12 16:30,,,,,,,,,,,,,,30.46%,,,,,,,,,87.13%,,,,,89.47%,66.81%,,,,,,,,,,,,96.98%,,,,,,,,,,,,,,,,,,,
2026-06-12 17:30,,,,,,,,,,,,,,31.16%,,,,,,,,,87.06%,,,,,88.21%,66.91%,,,,,,,,,,,,97.84%,,,,,,,,,,,,,,,,,,,
2026-06-12 18:30,,,,,,,,,,,,,,30.67%,,,,,,,,,86.84%,,,,,88.21%,67.06%,,,,,,,,,,,,98.57%,,,,,,,,,,,,,,,,,,,
2026-06-12 19:30,,,,,,,,,,,,,,25.32%,,,,,,,,,86.92%,,,,,89.67%,67.06%,,,,,,,,,,,,99.01%,,,,,,,,,,,,,,,,,,,
2026-06-12 20:30,,,,,,,,,,,,,,25.18%,,,,,,,,,86.87%,,,,,89.94%,67.14%,,,,,,,,,,,,99.32%,,,,,,,,,,,,,,,,,,,
2026-06-12 21:30,,,,,,,,,,,,,,25.26%,,,,,,,,,87.12%,,,,,88.32%,67.26%,,,,,,,,,,,,99.47%,,,,,,,,,,,,,,,,,,,
2026-06-12 22:30,,,,,,,,,,,,,,25.03%,,,,,,,,,86.85%,,,,,87.71%,67.33%,,,,,,,,,,,,99.42%,,,,,,,,,,,,,,,,,,,
2026-06-12 23:30,,,,,,,,,,,,,,25.47%,,,,,,,,,87.17%,,,,,92.63%,67.43%,,,,,,,,,,,,99.31%,,,,,,,,,,,,,,,,,,,
2026-06-13 00:30,,,,,,,,,,,,,,25.23%,,,,,,,,,87.11%,,,,,89.62%,67.39%,,,,,,,,,,,,99.64%,,,,,,,,,,,,,,,,,,,
2026-06-13 01:30,,,,,,,,,,,,,,25.44%,,,,,,,,,87.14%,,,,,84.75%,67.62%,,,,,,,,,,,,100.00%,,,,,,,,,,,,,,,,,,,
2026-06-13 02:30,,,,,,,,,,,,,,28.42%,,,,,,,,,87.13%,,,,,82.61%,67.56%,,,,,,,,,,,,100.00%,,,,,,,,,,,,,,,,,,,
2026-06-13 03:30,,,,,,,,,,,,,,25.58%,,,,,,,,,87.36%,,,,,83.26%,67.49%,,,,,,,,,,,,100.00%,,,,,,,,,,,,,,,,,,,
2026-06-13 04:30,,,,,,,,,,,,,,25.55%,,,,,,,,,87.28%,,,,,82.14%,67.66%,,,,,,,,,,,,100.00%,,,,,,,,,,,,,,,,,,,
2026-06-13 05:30,,,,,,,,,,,,,,25.44%,,,,,,,,,87.33%,,,,,82.23%,67.78%,,,,,,,,,,,,100.00%,,,,,,,,,,,,,,,,,,,
2026-06-13 06:30,,,,,,,,,,,,,,35.71%,,,,,,,,,87.29%,,,,,82.37%,67.61%,,,,,,,,,,,,100.00%,,,,,,,,,,,,,,,,,,,
2026-06-13 07:30,,,,,,,,,,,,,,26.58%,,,,,,,,,87.38%,,,,,82.56%,67.64%,,,,,,,,,,,,100.00%,,,,,,,,,,,,,,,,,,,
2026-06-13 08:30,,,,,,,,9.35%,,,,,,25.76%,,,,,,,,,87.30%,,,,,82.75%,67.57%,,,,,,,,,,,,100.00%,,,,,,,,,85.80%,,,,,,,,,,
2026-06-13 09:30,,,,,,,,6.06%,,,,,,26.63%,,,,,,,,,87.45%,,,,,81.87%,67.53%,,,,,,,,,,,,100.00%,,,,,,,,,93.70%,,,,,,,,,,
2026-06-13 10:30,,,,,,,,,,,,,,27.21%,,,,,,,,,87.42%,,,,,81.66%,67.73%,,,,,,,,,,,,100.00%,,,,,,,,,,,,,,,,,,,
2026-06-13 11:30,,,,,,,,,,,,,,27.70%,,,,,,,,,87.40%,,,,,82.02%,67.72%,,,,,,,,,,,,100.00%,,,,,,,,,,,,,,,,,,,
2026-06-13 12:30,,,,,,,,,,,,,,27.14%,,,,,,,,,87.57%,,,,,83.46%,67.83%,,,,,,,,,,,,100.00%,,,,,,,,,,,,,,,,,,,
2026-06-13 13:30,,,,,,,,,,,,,,27.56%,,,,,,,,,87.60%,,,,,84.22%,67.91%,,,,,,,,,,,,100.00%,,,,,,,,,,,,,,,,,,,
2026-06-13 14:30,,,,,,,,,,,,,,27.99%,,,,,,,,,87.63%,,,,,84.91%,67.97%,,,,,,,,,,,,100.00%,,,,,,,,,,,,,,,,,,,
2026-06-13 15:30,,,,,,,,,,,,,,28.30%,,,,,,,,,87.70%,,,,,79.50%,68.09%,,,,,,,,,,,,100.00%,,,,,,,,,,,,,,,,,,,
2026-06-13 16:30,,,,,,,,,,,,,,28.39%,,,,,,,,,87.69%,,,,,80.19%,68.22%,,,,,,,,,,,,100.00%,,,,,,,,,,,,,,,,,,,
2026-06-13 17:30,,,,,,,,,,,,,,28.88%,,,,,,,,,87.70%,,,,,79.85%,68.16%,,,,,,,,,,,,100.00%,,,,,,,,,,,,,,,,,,,
2026-06-13 18:30,,,,,,,,,,,,,,29.05%,,,,,,,,,87.46%,,,,,78.54%,68.17%,,,,,,,,,,,,100.00%,,,,,,,,,,,,,,,,,,,
2026-06-13 19:30,,,,,,,,,,,,,,29.53%,,,,,,,,,87.52%,,,,,77.49%,68.27%,,,,,,,,,,,,100.00%,,,,,,,,,,,,,,,,,,,
2026-06-13 20:30,,,,,,,,,,,,,,28.90%,,,,,,,,,87.45%,,,,,77.68%,68.25%,,,,,,,,,,,,100.00%,,,,,,,,,,,,,,,,,,,
2026-06-13 21:30,,,,,,,,,,,,,,25.23%,,,,,,,,,87.68%,,,,,78.06%,68.09%,,,,,,,,,,,,100.00%,,,,,,,,,,,,,,,,,,,
2026-06-13 22:30,,,,,,,,,,,,,,25.48%,,,,,,,,,87.50%,,,,,78.08%,68.31%,,,,,,,,,,,,100.00%,,,,,,,,,,,,,,,,,,,
2026-06-13 23:30,,,,,,,,,,,,,,25.93%,,,,,,,,,87.63%,,,,,76.52%,68.31%,,,,,,,,,,,,100.00%,,,,,,,,,,,,,,,,,,,
2026-06-14 00:30,,,,,,,,,,,,,,25.81%,,,,,,,,,87.44%,,,,,72.55%,68.35%,,,,,,,,,,,,100.00%,,,,,,,,,,,,,,,,,,,
2026-06-14 01:30,,,,,,,,,,,,,,26.37%,,,,,,,,,87.44%,,,,,72.60%,68.39%,,,,,,,,,,,,100.00%,,,,,,,,,,,,,,,,,,,
2026-06-14 02:30,,,,,,,,,,,,,,30.02%,,,,,,,,,87.73%,,,,,72.70%,68.68%,,,,,,,,,,,,100.00%,,,,,,,,,,,,,,,,,,,
2026-06-14 03:30,,,,,,,,,,,,,,27.19%,,,,,,,,,86.92%,,,,,71.76%,68.57%,,,,,,,,,,,,100.00%,,,,,,,,,,,,,,,,,,,
2026-06-14 04:30,,,,,,,,,,,,,,27.55%,,,,,,,,,86.98%,,,,,71.79%,68.73%,,,,,,,,,,,,100.00%,,,,,,,,,,,,,,,,,,,
2026-06-14 05:30,,,,,,,,,,,,,,27.82%,,,,,,,,,87.16%,,,,,72.52%,68.80%,,,,,,,,,,,,100.00%,,,,,,,,,,,,,,,,,,,
2026-06-14 06:30,,,,,,,,,,,,,,28.21%,,,,,,,,,87.17%,,,,,73.41%,68.91%,,,,,,,,,,,,100.00%,,,,,,,,,,,,,,,,,,,
2026-06-14 07:30,,,,,,,,,,,,,,28.40%,,,,,,,,,87.21%,,,,,73.75%,68.99%,,,,,,,,,,,,100.00%,,,,,,,,,,,,,,,,,,,
2026-06-14 08:30,,,,,,,,10.17%,,,,,,28.78%,,,,,,,,,87.20%,,,,,73.86%,68.91%,,,,,,,,,,,,100.00%,,,,,,,,,91.26%,,,,,,,,,,
2026-06-14 09:30,,,,,,,,2.36%,,,,,,29.31%,,,,,,,,,87.35%,,,,,75.43%,68.97%,,,,,,,,,,,,100.00%,,,,,,,,,88.00%,,,,,,,,,,
2026-06-14 10:30,,,,,,,,,,,,,,29.58%,,,,,,,,,87.26%,,,,,75.59%,68.86%,,,,,,,,,,,,100.00%,,,,,,,,,,,,,,,,,,,
2026-06-14 11:30,,,,,,,,,,,,,,30.07%,,,,,,,,,87.40%,,,,,72.25%,68.86%,,,,,,,,,,,,100.00%,,,,,,,,,,,,,,,,,,,
2026-06-14 12:30,,,,,,,,,,,,,,30.35%,,,,,,,,,87.43%,,,,,71.68%,69.00%,,,,,,,,,,,,100.00%,,,,,,,,,,,,,,,,,,,
2026-06-14 13:30,,,,,,,,,,,,,,31.07%,,,,,,,,,87.34%,,,,,71.43%,69.20%,,,,,,,,,,,,100.00%,,,,,,,,,,,,,,,,,,,
2026-06-14 14:30,,,,,,,,,,,,,,31.02%,,,,,,,,,87.20%,,,,,71.77%,69.34%,,,,,,,,,,,,100.00%,,,,,,,,,,,,,,,,,,,
2026-06-14 15:30,,,,,,,,,,,,,,31.34%,,,,,,,,,87.18%,,,,,72.18%,69.42%,,,,,,,,,,,,100.00%,,,,,,,,,,,,,,,,,,,
2026-06-14 16:30,,,,,,,,,,,,,,31.22%,,,,,,,,,86.98%,,,,,75.35%,69.26%,,,,,,,,,,,,100.00%,,,,,,,,,,,,,,,,,,,
2026-06-14 17:30,,,,,,,,,,,,,,31.83%,,,,,,,,,86.91%,,,,,78.56%,69.37%,,,,,,,,,,,,100.00%,,,,,,,,,,,,,,,,,,,
2026-06-14 18:30,,,,,,,,,,,,,,32.18%,,,,,,,,,86.97%,,,,,74.50%,69.15%,,,,,,,,,,,,100.00%,,,,,,,,,,,,,,,,,,,
2026-06-14 19:30,,,,,,,,,,,,,,32.73%,,,,,,,,,87.11%,,,,,71.15%,69.30%,,,,,,,,,,,,100.00%,,,,,,,,,,,,,,,,,,,
2026-06-14 20:30,,,,,,,,,,,,,,32.60%,,,,,,,,,87.09%,,,,,71.35%,69.21%,,,,,,,,,,,,100.00%,,,,,,,,,,,,,,,,,,,
2026-06-14 21:30,,,,,,,,,,,,,,31.63%,,,,,,,,,87.35%,,,,,72.20%,69.48%,,,,,,,,,,,,100.00%,,,,,,,,,,,,,,,,,,,
2026-06-14 22:30,,,,,,,,,,,,,,32.43%,,,,,,,,,87.21%,,,,,72.20%,70.16%,,,,,,,,,,,,100.00%,,,,,,,,,,,,,,,,,,,
2026-06-14 23:30,,,,,,,,,,,,,,32.04%,,,,,,,,,87.41%,,,,,71.30%,70.16%,,,,,,,,,,,,99.79%,,,,,,,,,,,,,,,,,,,
2026-06-15 00:30,,,,,,,,,,,,,,32.07%,,,,,,,,,87.22%,,,,,69.01%,70.13%,,,,,,,,,,,,99.53%,,,,,,,,,,,,,,,,,,,
2026-06-15 01:30,,,,,,,,,,,,,,32.96%,,,,,,,,,87.31%,,,,,69.02%,70.32%,,,,,,,,,,,,99.52%,,,,,,,,,,,,,,,,,,,
2026-06-15 02:30,,,,,,,,,,,,,,36.23%,,,,,,,,,87.38%,,,,,68.94%,69.77%,,,,,,,,,,,,99.53%,,,,,,,,,,,,,,,,,,,
2026-06-15 03:30,,,,,,,,,,,,,,33.58%,,,,,,,,,87.64%,,,,,68.74%,69.32%,,,,,,,,,,,,99.53%,,,,,,,,,,,,,,,,,,,
2026-06-15 04:30,,,,,,,,,,,,,,33.63%,,,,,,,,,87.61%,,,,,69.63%,69.50%,,,,,,,,,,,,99.51%,,,,,,,,,,,,,,,,,,,
2026-06-15 05:30,,,,,,,,,,,,,,34.21%,,,,,,,,,87.66%,,,,,69.90%,69.55%,,,,,,,,,,,,99.52%,,,,,,,,,,,,,,,,,,,
2026-06-15 06:30,,,,,,,,,,,,,,43.77%,,,,,,,,,87.64%,,,,,69.69%,69.26%,,,,,,,,,,,,99.52%,,,,,,,,,,,,,,,,,,,
2026-06-15 07:30,,,,,,,,,,,,,,35.66%,,,,,,,,,87.69%,,,,,70.81%,69.39%,,,,,,,,,,,,99.53%,,,,,,,,,,,,,,,,,,,
2026-06-15 08:30,,,,,,,,4.66%,,,,,,34.79%,,,,,,,,,87.57%,,,,,69.57%,69.60%,,,,,,,,,,,,99.54%,,,,,,,,,88.69%,,,,,,,,,,
2026-06-15 09:30,,,,,,,,1.47%,,,,,,34.83%,,,,,,,,,87.60%,,,,,69.50%,69.85%,,,,,,,,,,,,99.54%,,,,,,,,,88.51%,,,,,,,,,,
2026-06-15 10:30,,,,,,,,,,,,,,35.14%,,,,,,,,,87.40%,,,,,69.69%,69.69%,,,,,,,,,,,,99.54%,,,,,,,,,,,,,,,,,,,
2026-06-15 11:30,,,,,,,,,,,,,,35.39%,,,,,,,,,87.50%,,,,,72.17%,69.83%,,,,,,,,,,,,99.48%,,,,,,,,,,,,,,,,,,,
2026-06-15 12:30,,,,,,,,,,,,,,35.18%,,,,,,,,,87.50%,,,,,73.13%,70.15%,,,,,,,,,,,,99.57%,,,,,,,,,,,,,,,,,,,
2026-06-15 13:30,,,,,,,,,,,,,,35.52%,,,,,,,,,87.61%,,,,,59.02%,70.13%,,,,,,,,,,,,96.30%,,,,,,,,,,,,,,,,,,,
2026-06-15 14:30,,,,,,,,,,,,,,35.52%,,,,,,,,,87.54%,,,,,60.65%,70.12%,,,,,,,,,,,,96.15%,,,,,,,,,,,,,,,,,,,
2026-06-15 15:30,,,,,,,,,,,,,,35.34%,,,,,,,,,87.61%,,,,,64.82%,70.27%,,,,,,,,,,,,96.25%,,,,,,,,,,,,,,,,,,,
2026-06-15 16:30,,,,,,,,,,,,,,35.81%,,,,,,,,,87.61%,,,,,64.01%,70.50%,,,,,,,,,,,,96.70%,,,,,,,,,,,,,,,,,,,
2026-06-15 17:30,,,,,,,,,,,,,,35.94%,,,,,,,,,87.63%,,,,,77.25%,70.49%,,,,,,,,,,,,96.76%,,,,,,,,,,,,,,,,,,,
2026-06-15 18:30,,,,,,,,,,,,,,36.13%,,,,,,,,,87.75%,,,,,85.01%,70.57%,,,,,,,,,,,,96.79%,,,,,,,,,,,,,,,,,,,
2026-06-15 19:30,,,,,,,,,,,,,,36.75%,,,,,,,,,87.65%,,,,,89.07%,70.82%,,,,,,,,,,,,97.56%,,,,,,,,,,,,,,,,,,,
2026-06-15 20:30,,,,,,,,,,,,,,36.81%,,,,,,,,,87.42%,,,,,85.59%,70.67%,,,,,,,,,,,,98.00%,,,,,,,,,,,,,,,,,,,
2026-06-15 21:30,,,,,,,,,,,,,,36.97%,,,,,,,,,87.70%,,,,,81.71%,70.76%,,,,,,,,,,,,98.25%,,,,,,,,,,,,,,,,,,,
2026-06-15 22:30,,,,,,,,,,,,,,37.13%,,,,,,,,,87.33%,,,,,82.79%,70.77%,,,,,,,,,,,,98.27%,,,,,,,,,,,,,,,,,,,
2026-06-15 23:30,,,,,,,,,,,,,,37.41%,,,,,,,,,87.58%,,,,,83.71%,70.77%,,,,,,,,,,,,98.30%,,,,,,,,,,,,,,,,,,,
2026-06-16 00:30,,,,,,,,,,,,,,38.20%,,,,,,,,,87.48%,,,,,84.20%,70.95%,,,,,,,,,,,,98.33%,,,,,,,,,,,,,,,,,,,
2026-06-16 01:30,,,,,,,,,,,,,,38.29%,,,,,,,,,87.50%,,,,,84.94%,70.97%,,,,,,,,,,,,98.36%,,,,,,,,,,,,,,,,,,,
2026-06-16 02:30,,,,,,,,,,,,,,39.48%,,,,,,,,,87.60%,,,,,85.55%,71.04%,,,,,,,,,,,,98.38%,,,,,,,,,,,,,,,,,,,
2026-06-16 03:30,,,,,,,,,,,,,,42.13%,,,,,,,,,87.09%,,,,,85.87%,70.94%,,,,,,,,,,,,98.25%,,,,,,,,,,,,,,,,,,,
2026-06-16 04:30,,,,,,,,,,,,,,27.46%,,,,,,,,,87.29%,,,,,86.02%,69.15%,,,,,,,,,,,,98.05%,,,,,,,,,,,,,,,,,,,
2026-06-16 05:30,,,,,,,,,,,,,,25.81%,,,,,,,,,87.33%,,,,,85.79%,69.05%,,,,,,,,,,,,98.07%,,,,,,,,,,,,,,,,,,,
2026-06-16 06:30,,,,,,,,,,,,,,34.56%,,,,,,,,,87.40%,,,,,86.36%,69.18%,,,,,,,,,,,,98.10%,,,,,,,,,,,,,,,,,,,
2026-06-16 07:30,,,,,,,,,,,,,,29.39%,,,,,,,,,87.46%,,,,,87.66%,69.32%,,,,,,,,,,,,98.12%,,,,,,,,,,,,,,,,,,,
2026-06-16 08:30,,,,,,,,7.68%,,,,,,26.25%,,,,,,,,,87.47%,,,,,87.97%,69.22%,,,,,,,,,,,,98.15%,,,,,,,,,88.53%,,,,,,,,,,
2026-06-16 09:30,,,,,,,,1.49%,,,,,,26.94%,,,,,,,,,87.57%,,,,,88.82%,69.63%,,,,,,,,,,,,98.17%,,,,,,,,,88.54%,,,,,,,,,,
2026-06-16 10:30,,,,,,,,,,,,,,27.15%,,,,,,,,,87.42%,,,,,89.82%,69.59%,,,,,,,,,,,,98.19%,,,,,,,,,,,,,,,,,,,
2026-06-16 11:30,,,,,,,,,,,,,,27.44%,,,,,,,,,87.49%,,,,,91.17%,69.52%,,,,,,,,,,,,98.22%,,,,,,,,,,,,,,,,,,,
2026-06-16 12:30,,,,,,,,,,,,,,27.82%,,,,,,,,,87.30%,,,,,88.67%,69.62%,,,,,,,,,,,,98.24%,,,,,,,,,,,,,,,,,,,
2026-06-16 13:30,,,,,,,,,,,,,,27.85%,,,,,,,,,87.45%,,,,,89.03%,69.54%,,,,,,,,,,,,98.27%,,,,,,,,,,,,,,,,,,,
2026-06-16 14:30,,,,,,,,,,,,,,28.33%,,,,,,,,,87.40%,,,,,78.00%,69.58%,,,,,,,,,,,,89.15%,,,,,,,,,,,,,,,,,,,
2026-06-16 15:30,,,,,,,,,,,,,,28.48%,,,,,,,,,87.44%,,,,,85.71%,69.48%,,,,,,,,,,,,88.11%,,,,,,,,,,,,,,,,,,,
2026-06-16 16:30,,,,,,,,,,,,,,28.75%,,,,,,,,,87.40%,,,,,80.61%,69.56%,,,,,,,,,,,,88.26%,,,,,,,,,,,,,,,,,,,
2026-06-16 17:30,,,,,,,,,,,,,,29.19%,,,,,,,,,87.37%,,,,,84.28%,69.72%,,,,,,,,,,,,88.40%,,,,,,,,,,,,,,,,,,,
2026-06-16 18:30,,,,,,,,,,,,,,29.38%,,,,,,,,,87.13%,,,,,87.62%,69.76%,,,,,,,,,,,,88.45%,,,,,,,,,,,,,,,,,,,
2026-06-16 19:30,,,,,,,,,,,,,,31.81%,,,,,,,,,87.18%,,,,,94.06%,68.87%,,,,,,,,,,,,89.20%,,,,,,,,,,,,,,,,,,,
2026-06-16 20:30,,,,,,,,,,,,,,25.34%,,,,,,,,,86.03%,,,,,85.78%,65.10%,,,,,,,,,,,,89.47%,,,,,,,,,,,,,,,,,,,
2026-06-16 21:30,,,,,,,,,,,,,,25.66%,,,,,,,,,86.38%,,,,,86.72%,65.30%,,,,,,,,,,,,90.38%,,,,,,,,,,,,,,,,,,,
2026-06-16 22:30,,,,,,,,,,,,,,25.53%,,,,,,,,,86.23%,,,,,88.26%,65.25%,,,,,,,,,,,,90.82%,,,,,,,,,,,,,,,,,,,
2026-06-16 23:30,,,,,,,,,,,,,,25.58%,,,,,,,,,86.58%,,,,,92.21%,65.31%,,,,,,,,,,,,90.78%,,,,,,,,,,,,,,,,,,,
2026-06-17 00:30,,,,,,,,,,,,,,26.46%,,,,,,,,,86.47%,,,,,93.95%,67.49%,,,,,,,,,,,,91.04%,,,,,,,,,,,,,,,,,,,
2026-06-17 01:30,,,,,,,,,,,,,,25.71%,,,,,,,,,86.46%,,,,,93.99%,67.59%,,,,,,,,,,,,91.17%,,,,,,,,,,,,,,,,,,,
2026-06-17 02:30,,,,,,,,,,,,,,31.18%,,,,,,,,,86.47%,,,,,94.79%,67.63%,,,,,,,,,,,,91.27%,,,,,,,,,,,,,,,,,,,
2026-06-17 03:30,,,,,,,,,,,,,,25.95%,,,,,,,,,86.04%,,,,,94.24%,66.22%,,,,,,,,,,,,91.46%,,,,,,,,,,,,,,,,,,,
2026-06-17 04:30,,,,,,,,,,,,,,26.53%,,,,,,,,,86.11%,,,,,94.57%,66.42%,,,,,,,,,,,,91.67%,,,,,,,,,,,,,,,,,,,
2026-06-17 05:30,,,,,,,,,,,,,,27.11%,,,,,,,,,86.17%,,,,,94.55%,66.80%,,,,,,,,,,,,91.81%,,,,,,,,,,,,,,,,,,,
2026-06-17 06:30,,,,,,,,,,,,,,27.35%,,,,,,,,,86.24%,,,,,95.02%,66.86%,,,,,,,,,,,,91.89%,,,,,,,,,,,,,,,,,,,
2026-06-17 07:30,,,,,,,,,,,,,,27.81%,,,,,,,,,86.18%,,,,,93.45%,67.01%,,,,,,,,,,,,92.07%,,,,,,,,,,,,,,,,,,,
2026-06-17 08:30,,,,,,,,8.40%,,,,,,28.40%,,,,,,,,,85.99%,,,,,94.53%,67.09%,,,,,,,,,,,,92.01%,,,,,,,,,88.55%,,,,,,,,,,
2026-06-17 09:30,,,,,,,,2.00%,,,,,,29.09%,,,,,,,,,86.81%,,,,,77.08%,67.12%,,,,,,,,,,,,91.17%,,,,,,,,,88.69%,,,,,,,,,,
2026-06-17 10:30,,,,,,,,,,,,,,29.63%,,,,,,,,,86.91%,,,,,82.38%,66.86%,,,,,,,,,,,,90.59%,,,,,,,,,,,,,,,,,,,
2026-06-17 11:30,,,,,,,,,,,,,,28.55%,,,,,,,,,86.65%,,,,,77.81%,66.97%,,,,,,,,,,,,90.59%,,,,,,,,,,,,,,,,,,,
2026-06-17 12:30,,,,,,,,,,,,,,26.08%,,,,,,,,,86.43%,,,,,74.79%,67.11%,,,,,,,,,,,,90.21%,,,,,,,,,,,,,,,,,,,
2026-06-17 13:30,,,,,,,,,,,,,,26.16%,,,,,,,,,86.57%,,,,,80.93%,67.16%,,,,,,,,,,,,90.10%,,,,,,,,,,,,,,,,,,,
2026-06-17 14:30,,,,,,,,,,,,,,26.13%,,,,,,,,,86.41%,,,,,78.43%,66.89%,,,,,,,,,,,,90.16%,,,,,,,,,,,,,,,,,,,
2026-06-17 15:30,,,,,,,,,,,,,,25.84%,,,,,,,,,86.35%,,,,,80.09%,67.00%,,,,,,,,,,,,90.19%,,,,,,,,,,,,,,,,,,,
2026-06-17 16:30,,,,,,,,,,,,,,25.89%,,,,,,,,,86.37%,,,,,88.19%,67.09%,,,,,,,,,,,,89.96%,,,,,,,,,,,,,,,,,,,
2026-06-17 17:30,,,,,,,,,,,,,,25.90%,,,,,,,,,86.39%,,,,,87.19%,67.16%,,,,,,,,,,,,89.55%,,,,,,,,,,,,,,,,,,,
2026-06-17 18:30,,,,,,,,,,,,,,25.96%,,,,,,,,,86.41%,,,,,86.70%,67.35%,,,,,,,,,,,,89.55%,,,,,,,,,,,,,,,,,,,
2026-06-17 19:30,,,,,,,,,,,,,,26.12%,,,,,,,,,86.67%,,,,,88.56%,67.35%,,,,,,,,,,,,89.68%,,,,,,,,,,,,,,,,,,,
2026-06-17 20:30,,,,,,,,,,,,,,25.97%,,,,,,,,,86.38%,,,,,85.94%,66.09%,,,,,,,,,,,,89.79%,,,,,,,,,,,,,,,,,,,
2026-06-17 21:30,,,,,,,,,,,,,,26.09%,,,,,,,,,86.50%,,,,,92.73%,65.69%,,,,,,,,,,,,89.68%,,,,,,,,,,,,,,,,,,,
2026-06-17 22:30,,,,,,,,,,,,,,25.83%,,,,,,,,,86.05%,,,,,92.88%,65.70%,,,,,,,,,,,,89.76%,,,,,,,,,,,,,,,,,,,
2026-06-17 23:30,,,,,,,,,,,,,,25.92%,,,,,,,,,86.48%,,,,,91.09%,65.59%,,,,,,,,,,,,89.79%,,,,,,,,,,,,,,,,,,,
2026-06-18 00:30,,,,,,,,,,,,,,26.51%,,,,,,,,,86.71%,,,,,91.46%,65.75%,,,,,,,,,,,,89.82%,,,,,,,,,,,,,,,,,,,
2026-06-18 01:30,,,,,,,,,,,,,,26.90%,,,,,,,,,86.51%,,,,,91.46%,66.01%,,,,,,,,,,,,89.85%,,,,,,,,,,,,,,,,,,,
2026-06-18 02:30,,,,,,,,,,,,,,30.72%,,,,,,,,,86.57%,,,,,92.37%,66.06%,,,,,,,,,,,,89.99%,,,,,,,,,,,,,,,,,,,
2026-06-18 03:30,,,,,,,,,,,,,,27.91%,,,,,,,,,86.74%,,,,,90.77%,66.18%,,,,,,,,,,,,89.63%,,,,,,,,,,,,,,,,,,,
2026-06-18 04:30,,,,,,,,,,,,,,28.65%,,,,,,,,,86.73%,,,,,89.60%,66.28%,,,,,,,,,,,,89.63%,,,,,,,,,,,,,,,,,,,
2026-06-18 05:30,,,,,,,,,,,,,,29.18%,,,,,,,,,86.65%,,,,,88.65%,66.52%,,,,,,,,,,,,89.75%,,,,,,,,,,,,,,,,,,,
2026-06-18 06:30,,,,,,,,,,,,,,37.10%,,,,,,,,,86.66%,,,,,89.27%,66.39%,,,,,,,,,,,,89.78%,,,,,,,,,,,,,,,,,,,
2026-06-18 07:30,,,,,,,,,,,,,,33.83%,,,,,,,,,86.64%,,,,,89.49%,66.07%,,,,,,,,,,,,89.80%,,,,,,,,,,,,,,,,,,,
2026-06-18 08:30,,,,,,,,8.70%,,,,,,30.65%,,,,,,,,,86.66%,,,,,89.75%,66.09%,,,,,,,,,,,,89.81%,,,,,,,,,88.88%,,,,,,,,,,
2026-06-18 09:30,,,,,,,,1.67%,,,,,,31.26%,,,,,,,,,86.85%,,,,,89.11%,66.22%,,,,,,,,,,,,89.82%,,,,,,,,,88.61%,,,,,,,,,,
2026-06-18 10:30,,,,,,,,,,,,,,31.51%,,,,,,,,,87.01%,,,,,89.40%,66.09%,,,,,,,,,,,,89.80%,,,,,,,,,,,,,,,,,,,
2026-06-18 11:30,,,,,,,,,,,,,,30.18%,,,,,,,,,86.93%,,,,,89.08%,66.42%,,,,,,,,,,,,89.80%,,,,,,,,,,,,,,,,,,,
2026-06-18 12:30,,,,,,,,,,,,,,26.03%,,,,,,,,,86.97%,,,,,89.03%,66.31%,,,,,,,,,,,,89.83%,,,,,,,,,,,,,,,,,,,
2026-06-18 13:30,,,,,,,,,,,,,,25.97%,,,,,,,,,87.01%,,,,,89.58%,66.41%,,,,,,,,,,,,89.84%,,,,,,,,,,,,,,,,,,,
2026-06-18 14:30,,,,,,,,,,,,,,25.89%,,,,,,,,,86.83%,,,,,92.73%,66.39%,,,,,,,,,,,,89.55%,,,,,,,,,,,,,,,,,,,
2026-06-18 15:30,,,,,,,,,,,,,,25.79%,,,,,,,,,86.66%,,,,,88.30%,66.30%,,,,,,,,,,,,89.39%,,,,,,,,,,,,,,,,,,,
2026-06-18 16:30,,,,,,,,,,,,,,25.72%,,,,,,,,,86.55%,,,,,89.14%,66.25%,,,,,,,,,,,,89.43%,,,,,,,,,,,,,,,,,,,
2026-06-18 17:30,,,,,,,,,,,,,,25.88%,,,,,,,,,86.63%,,,,,88.77%,66.22%,,,,,,,,,,,,89.44%,,,,,,,,,,,,,,,,,,,
2026-06-18 18:30,,,,,,,,,,,,,,25.82%,,,,,,,,,86.65%,,,,,87.79%,66.30%,,,,,,,,,,,,89.47%,,,,,,,,,,,,,,,,,,,
2026-06-18 19:30,,,,,,,,,,,,,,25.97%,,,,,,,,,86.46%,,,,,88.71%,66.58%,,,,,,,,,,,,89.50%,,,,,,,,,,,,,,,,,,,
2026-06-18 20:30,,,,,,,,,,,,,,26.03%,,,,,,,,,86.57%,,,,,88.44%,66.61%,,,,,,,,,,,,89.54%,,,,,,,,,,,,,,,,,,,
2026-06-18 21:30,,,,,,,,,,,,,,26.04%,,,,,,,,,86.82%,,,,,87.21%,66.62%,,,,,,,,,,,,90.08%,,,,,,,,,,,,,,,,,,,
2026-06-18 22:30,,,,,,,,,,,,,,25.99%,,,,,,,,,86.53%,,,,,89.21%,66.68%,,,,,,,,,,,,90.23%,,,,,,,,,,,,,,,,,,,
2026-06-18 23:30,,,,,,,,,,,,,,25.79%,,,,,,,,,86.80%,,,,,89.63%,66.58%,,,,,,,,,,,,90.26%,,,,,,,,,,,,,,,,,,,
2026-06-19 00:30,,,,,,,,,,,,,,26.52%,,,,,,,,,86.85%,,,,,89.57%,66.47%,,,,,,,,,,,,90.28%,,,,,,,,,,,,,,,,,,,
2026-06-19 01:30,,,,,,,,,,,,,,26.78%,,,,,,,,,86.89%,,,,,89.98%,66.48%,,,,,,,,,,,,90.31%,,,,,,,,,,,,,,,,,,,
2026-06-19 02:30,,,,,,,,,,,,,,31.30%,,,,,,,,,86.78%,,,,,90.74%,66.66%,,,,,,,,,,,,90.35%,,,,,,,,,,,,,,,,,,,
2026-06-19 03:30,,,,,,,,,,,,,,28.17%,,,,,,,,,86.61%,,,,,91.01%,66.33%,,,,,,,,,,,,90.38%,,,,,,,,,,,,,,,,,,,
2026-06-19 04:30,,,,,,,,,,,,,,28.65%,,,,,,,,,86.64%,,,,,91.33%,66.54%,,,,,,,,,,,,90.41%,,,,,,,,,,,,,,,,,,,
2026-06-19 05:30,,,,,,,,,,,,,,29.13%,,,,,,,,,86.73%,,,,,91.39%,66.62%,,,,,,,,,,,,90.44%,,,,,,,,,,,,,,,,,,,
2026-06-19 06:30,,,,,,,,,,,,,,30.36%,,,,,,,,,86.83%,,,,,91.76%,66.80%,,,,,,,,,,,,90.47%,,,,,,,,,,,,,,,,,,,
2026-06-19 07:30,,,,,,,,,,,,,,29.98%,,,,,,,,,86.79%,,,,,92.19%,66.50%,,,,,,,,,,,,90.29%,,,,,,,,,,,,,,,,,,,
2026-06-19 08:30,,,,,,,,9.96%,,,,,,30.82%,,,,,,,,,86.69%,,,,,92.11%,66.92%,,,,,,,,,,,,90.26%,,,,,,,,,88.68%,,,,,,,,,,
2026-06-19 09:30,,,,,,,,1.72%,,,,,,31.32%,,,,,,,,,86.79%,,,,,91.78%,66.75%,,,,,,,,,,,,90.28%,,,,,,,,,88.65%,,,,,,,,,,
2026-06-19 10:30,,,,34.38%,,,,,,,,,,31.87%,,,,,,,,,86.76%,,,,,92.05%,66.87%,,,,,,,,,,,,90.30%,,,,,,,,,,,,,,,,,,,
2026-06-19 11:30,,,,53.34%,,,,,,,,,,30.04%,,,,,,,,,86.73%,,,,,92.76%,66.87%,,,,,,,,,,,,90.32%,,,,,,,,,,,,,,,,,,,
2026-06-19 12:30,,,,45.52%,,,,,,,,,,23.57%,,,,,,,,,86.60%,,,,,91.24%,66.64%,,,,,,,,,,,,90.36%,,,,,,,,,,,,,,,,,,,
2026-06-19 13:30,,,,34.39%,,,,,,,,,,19.76%,,,,,,,,,86.65%,,,,,91.75%,66.28%,,,,,,,,,,,,90.39%,,,,,,,,,,,,,,,,,,,
2026-06-19 14:30,,,,35.48%,,,,,,,,,,19.92%,,,,,,,,,86.76%,,,,,94.25%,66.38%,,,,,,,,,,,,90.43%,,,,,,,,,,,,,,,,,,,
2026-06-19 15:30,,,,34.24%,,,,,,,,,,19.69%,,,,,,,,,86.84%,,,,,95.23%,66.36%,,,,,,,,,,,,90.46%,,,,,,,,,,,,,,,,,,,
2026-06-19 16:30,,,,33.60%,,,,,,,,,,19.22%,,,,,,,,,86.69%,,,,,95.08%,66.53%,,,,,,,,,,,,90.49%,,,,,,,,,,,,,,,,,,,
2026-06-19 17:30,,,,32.98%,,,,,,,,,,19.25%,,,,,,,,,86.85%,,,,,83.03%,67.44%,,,,,,,,,,,,90.48%,,,,,,,,,,,,,,,,,,,
2026-06-19 18:30,,,,31.76%,,,,,,,,,,19.11%,,,,,,,,,86.80%,,,,,83.80%,67.48%,,,,,,,,,,,,90.51%,,,,,,,,,,,,,,,,,,,
2026-06-19 19:30,,,,32.35%,,,,,,,,,,21.76%,,,,,,,,,86.93%,,,,,83.17%,68.07%,,,,,,,,,,,,90.55%,,,,,,,,,,,,,,,,,,,
2026-06-19 20:30,,,,,,,,,,,,,,25.64%,,,,,,,,,86.90%,,,,,82.90%,68.79%,,,,,,,,,,,,90.54%,,,,,,,,,,,,,,,,,,,
2026-06-19 21:30,,,,,,,,,,,,,,25.65%,,,,,,,,,87.05%,,,,,83.43%,69.01%,,,,,,,,,,,,90.55%,,,,,,,,,,,,,,,,,,,
2026-06-19 22:30,,,,,,,,,,,,,,25.24%,,,,,,,,,86.66%,,,,,83.94%,68.95%,,,,,,,,,,,,90.54%,,,,,,,,,,,,,,,,,,,
2026-06-19 23:30,,,,,,,,,,,,,,25.68%,,,,,,,,,86.93%,,,,,84.91%,69.04%,,,,,,,,,,,,90.52%,,,,,,,,,,,,,,,,,,,
2026-06-20 00:30,,,,,,,,,,,,,,25.72%,,,,,,,,,86.79%,,,,,87.70%,69.13%,,,,,,,,,,,,90.60%,,,,,,,,,,,,,,,,,,,
2026-06-20 01:30,,,,,,,,,,,,,,25.51%,,,,,,,,,86.89%,,,,,94.16%,68.92%,,,,,,,,,,,,91.11%,,,,,,,,,,,,,,,,,,,
2026-06-20 02:30,,,,,,,,,,,,,,29.07%,,,,,,,,,87.03%,,,,,95.35%,69.00%,,,,,,,,,,,,91.31%,,,,,,,,,,,,,,,,,,,
2026-06-20 03:30,,,,,,,,,,,,,,26.63%,,,,,,,,,86.85%,,,,,95.52%,69.04%,,,,,,,,,,,,91.36%,,,,,,,,,,,,,,,,,,,
2026-06-20 04:30,,,,,,,,,,,,,,26.90%,,,,,,,,,86.85%,,,,,95.18%,68.90%,,,,,,,,,,,,91.63%,,,,,,,,,,,,,,,,,,,
2026-06-20 05:30,,,,,,,,,,,,,,27.38%,,,,,,,,,87.05%,,,,,95.41%,69.15%,,,,,,,,,,,,91.63%,,,,,,,,,,,,,,,,,,,
2026-06-20 06:30,,,,,,,,,,,,,,27.92%,,,,,,,,,86.96%,,,,,94.16%,69.17%,,,,,,,,,,,,91.65%,,,,,,,,,,,,,,,,,,,
2026-06-20 07:30,,,,,,,,,,,,,,28.50%,,,,,,,,,87.08%,,,,,94.18%,69.37%,,,,,,,,,,,,91.54%,,,,,,,,,,,,,,,,,,,
2026-06-20 08:30,,,,,,,,7.83%,,,,,,28.94%,,,,,,,,,87.08%,,,,,94.23%,69.31%,,,,,,,,,,,,91.46%,,,,,,,,,88.72%,,,,,,,,,,
2026-06-20 09:30,,,,,,,,1.70%,,,,,,29.60%,,,,,,,,,87.19%,,,,,93.75%,69.19%,,,,,,,,,,,,91.51%,,,,,,,,,88.99%,,,,,,,,,,
2026-06-20 10:30,,,,,,,,,,,,,,30.18%,,,,,,,,,87.03%,,,,,93.59%,69.30%,,,,,,,,,,,,91.47%,,,,,,,,,,,,,,,,,,,
2026-06-20 11:30,,,,,,,,,,,,,,29.15%,,,,,,,,,87.21%,,,,,93.50%,69.31%,,,,,,,,,,,,91.56%,,,,,,,,,,,,,,,,,,,
2026-06-20 12:30,,,,,,,,,,,,,,25.81%,,,,,,,,,87.08%,,,,,93.60%,69.46%,,,,,,,,,,,,91.78%,,,,,,,,,,,,,,,,,,,
2026-06-20 13:30,,,,,,,,,,,,,,25.90%,,,,,,,,,86.79%,,,,,94.40%,69.57%,,,,,,,,,,,,91.79%,,,,,,,,,,,,,,,,,,,
2026-06-20 14:30,,,,,,,,,,,,,,26.00%,,,,,,,,,86.79%,,,,,93.77%,69.48%,,,,,,,,,,,,91.84%,,,,,,,,,,,,,,,,,,,
2026-06-20 15:30,,,,,,,,,,,,,,25.82%,,,,,,,,,86.94%,,,,,93.57%,69.66%,,,,,,,,,,,,91.88%,,,,,,,,,,,,,,,,,,,
2026-06-20 16:30,,,,,,,,,,,,,,25.77%,,,,,,,,,86.95%,,,,,93.51%,69.51%,,,,,,,,,,,,91.87%,,,,,,,,,,,,,,,,,,,
2026-06-20 17:30,,,,,,,,,,,,,,25.55%,,,,,,,,,86.94%,,,,,93.50%,69.28%,,,,,,,,,,,,91.89%,,,,,,,,,,,,,,,,,,,
2026-06-20 18:30,,,,,,,,,,,,,,25.82%,,,,,,,,,86.87%,,,,,93.54%,69.14%,,,,,,,,,,,,91.94%,,,,,,,,,,,,,,,,,,,
2026-06-20 19:30,,,,,,,,,,,,,,26.40%,,,,,,,,,87.02%,,,,,93.80%,70.05%,,,,,,,,,,,,91.94%,,,,,,,,,,,,,,,,,,,
2026-06-20 20:30,,,,,,,,,,,,,,26.00%,,,,,,,,,87.05%,,,,,94.04%,69.94%,,,,,,,,,,,,92.00%,,,,,,,,,,,,,,,,,,,
2026-06-20 21:30,,,,,,,,,,,,,,25.65%,,,,,,,,,87.37%,,,,,92.96%,69.89%,,,,,,,,,,,,92.06%,,,,,,,,,,,,,,,,,,,
2026-06-20 22:30,,,,,,,,,,,,,,25.90%,,,,,,,,,86.89%,,,,,92.70%,70.48%,,,,,,,,,,,,92.07%,,,,,,,,,,,,,,,,,,,
2026-06-20 23:30,,,,,,,,,,,,,,25.61%,,,,,,,,,87.18%,,,,,92.54%,70.00%,,,,,,,,,,,,92.10%,,,,,,,,,,,,,,,,,,,
2026-06-21 00:30,,,,,,,,,,,,,,26.24%,,,,,,,,,86.89%,,,,,91.55%,69.89%,,,,,,,,,,,,92.11%,,,,,,,,,,,,,,,,,,,
2026-06-21 01:30,,,,,,,,,,,,,,26.59%,,,,,,,,,87.02%,,,,,92.56%,69.99%,,,,,,,,,,,,92.06%,,,,,,,,,,,,,,,,,,,
2026-06-21 02:30,,,,,,,,,,,,,,30.52%,,,,,,,,,87.30%,,,,,92.95%,69.18%,,,,,,,,,,,,92.09%,,,,,,,,,,,,,,,,,,,
2026-06-21 03:30,,,,,,,,,,,,,,28.19%,,,,,,,,,86.43%,,,,,93.12%,68.88%,,,,,,,,,,,,92.12%,,,,,,,,,,,,,,,,,,,
2026-06-21 04:30,,,,,,,,,,,,,,28.48%,,,,,,,,,86.48%,,,,,93.29%,68.84%,,,,,,,,,,,,92.15%,,,,,,,,,,,,,,,,,,,
2026-06-21 05:30,,,,,,,,,,,,,,29.17%,,,,,,,,,86.60%,,,,,93.57%,69.25%,,,,,,,,,,,,92.18%,,,,,,,,,,,,,,,,,,,
2026-06-21 06:30,,,,,,,,,,,,,,29.37%,,,,,,,,,86.74%,,,,,93.57%,69.09%,,,,,,,,,,,,92.22%,,,,,,,,,,,,,,,,,,,
2026-06-21 07:30,,,,,,,,,,,,,,29.98%,,,,,,,,,86.72%,,,,,93.83%,69.16%,,,,,,,,,,,,92.24%,,,,,,,,,,,,,,,,,,,
2026-06-21 08:30,,,,,,,,7.87%,,,,,,30.55%,,,,,,,,,86.67%,,,,,94.21%,69.19%,,,,,,,,,,,,92.27%,,,,,,,,,88.80%,,,,,,,,,,
2026-06-21 09:30,,,,,,,,1.55%,,,,,,31.02%,,,,,,,,,86.77%,,,,,94.13%,69.39%,,,,,,,,,,,,92.46%,,,,,,,,,88.71%,,,,,,,,,,
2026-06-21 10:30,,,,,,,,,,,,,,31.57%,,,,,,,,,86.69%,,,,,93.60%,69.40%,,,,,,,,,,,,92.76%,,,,,,,,,,,,,,,,,,,
2026-06-21 11:30,,,,,,,,,,,,,,30.36%,,,,,,,,,86.80%,,,,,94.11%,69.51%,,,,,,,,,,,,92.79%,,,,,,,,,,,,,,,,,,,
2026-06-21 12:30,,,,,,,,,,,,,,26.05%,,,,,,,,,86.85%,,,,,94.49%,69.83%,,,,,,,,,,,,92.83%,,,,,,,,,,,,,,,,,,,
2026-06-21 13:30,,,,,,,,,,,,,,26.10%,,,,,,,,,86.97%,,,,,94.66%,69.83%,,,,,,,,,,,,92.86%,,,,,,,,,,,,,,,,,,,
2026-06-21 14:30,,,,,,,,,,,,,,26.28%,,,,,,,,,86.92%,,,,,94.99%,69.70%,,,,,,,,,,,,92.89%,,,,,,,,,,,,,,,,,,,
2026-06-21 15:30,,,,,,,,,,,,,,26.09%,,,,,,,,,87.08%,,,,,94.97%,69.77%,,,,,,,,,,,,92.72%,,,,,,,,,,,,,,,,,,,
2026-06-21 16:30,,,,,,,,,,,,,,26.00%,,,,,,,,,87.05%,,,,,95.22%,69.59%,,,,,,,,,,,,92.67%,,,,,,,,,,,,,,,,,,,
2026-06-21 17:30,,,,,,,,,,,,,,25.81%,,,,,,,,,86.98%,,,,,94.94%,69.63%,,,,,,,,,,,,92.58%,,,,,,,,,,,,,,,,,,,
2026-06-21 18:30,,,,,,,,,,,,,,25.94%,,,,,,,,,86.72%,,,,,94.91%,69.70%,,,,,,,,,,,,92.41%,,,,,,,,,,,,,,,,,,,
2026-06-21 19:30,,,,,,,,,,,,,,25.94%,,,,,,,,,86.85%,,,,,95.09%,69.79%,,,,,,,,,,,,92.44%,,,,,,,,,,,,,,,,,,,
2026-06-21 20:30,,,,,,,,,,,,,,25.85%,,,,,,,,,86.75%,,,,,95.33%,69.79%,,,,,,,,,,,,92.47%,,,,,,,,,,,,,,,,,,,
2026-06-21 21:30,,,,,,,,,,,,,,26.01%,,,,,,,,,86.98%,,,,,95.32%,69.94%,,,,,,,,,,,,92.50%,,,,,,,,,,,,,,,,,,,
2026-06-21 22:30,,,,,,,,,,,,,,25.90%,,,,,,,,,86.56%,,,,,95.39%,70.17%,,,,,,,,,,,,92.53%,,,,,,,,,,,,,,,,,,,
2026-06-21 23:30,,,,,,,,,,,,,,25.46%,,,,,,,,,86.75%,,,,,95.10%,69.86%,,,,,,,,,,,,92.55%,,,,,,,,,,,,,,,,,,,
2026-06-22 00:30,,,,,,,,,,,,,,26.29%,,,,,,,,,86.67%,,,,,95.08%,70.00%,,,,,,,,,,,,92.58%,,,,,,,,,,,,,,,,,,,
2026-06-22 01:30,,,,,,,,,,,,,,26.77%,,,,,,,,,86.83%,,,,,94.75%,70.01%,,,,,,,,,,,,92.61%,,,,,,,,,,,,,,,,,,,
2026-06-22 02:30,,,,,,,,,,,,,,30.35%,,,,,,,,,87.05%,,,,,94.95%,70.01%,,,,,,,,,,,,92.64%,,,,,,,,,,,,,,,,,,,
2026-06-22 03:30,,,,,,,,,,,,,,28.16%,,,,,,,,,87.25%,,,,,95.06%,70.11%,,,,,,,,,,,,92.67%,,,,,,,,,,,,,,,,,,,
2026-06-22 04:30,,,,,,,,,,,,,,28.53%,,,,,,,,,87.23%,,,,,95.45%,70.32%,,,,,,,,,,,,92.70%,,,,,,,,,,,,,,,,,,,
2026-06-22 05:30,,,,,,,,,,,,,,28.91%,,,,,,,,,87.33%,,,,,95.42%,70.15%,,,,,,,,,,,,92.73%,,,,,,,,,,,,,,,,,,,
2026-06-22 06:30,,,,,,,,,,,,,,29.56%,,,,,,,,,87.32%,,,,,95.46%,70.01%,,,,,,,,,,,,92.75%,,,,,,,,,,,,,,,,,,,
2026-06-22 07:30,,,,,,,,,,,,,,30.17%,,,,,,,,,87.43%,,,,,95.62%,70.22%,,,,,,,,,,,,92.78%,,,,,,,,,,,,,,,,,,,
2026-06-22 08:30,,,,,,,,7.07%,,,,,,30.57%,,,,,,,,,87.46%,,,,,95.44%,70.23%,,,,,,,,,,,,92.81%,,,,,,,,,88.69%,,,,,,,,,,
2026-06-22 09:30,,,,,,,,1.70%,,,,,,31.18%,,,,,,,,,87.59%,,,,,93.72%,70.30%,,,,,,,,,,,,92.84%,,,,,,,,,88.65%,,,,,,,,,,
2026-06-22 10:30,,,,,,,,,,,,,,31.76%,,,,,,,,,87.50%,,,,,93.78%,70.33%,,,,,,,,,,,,92.87%,,,,,,,,,,,,,,,,,,,
2026-06-22 11:30,,,,,,,,,,,,,,30.54%,,,,,,,,,87.54%,,,,,94.16%,70.32%,,,,,,,,,,,,92.89%,,,,,,,,,,,,,,,,,,,
2026-06-22 12:30,,,,,,,,,,,,,,26.00%,,,,,,,,,87.56%,,,,,94.84%,70.62%,,,,,,,,,,,,92.93%,,,,,,,,,,,,,,,,,,,
2026-06-22 13:30,,,,,,,,,,,,,,26.43%,,,,,,,,,87.64%,,,,,93.20%,70.75%,,,,,,,,,,,,92.95%,,,,,,,,,,,,,,,,,,,
2026-06-22 14:30,,,,,,,,,,,,,,26.35%,,,,,,,,,87.56%,,,,,93.08%,70.76%,,,,,,,,,,,,92.82%,,,,,,,,,,,,,,,,,,,
2026-06-22 15:30,,,,,,,,,,,,,,26.30%,,,,,,,,,87.64%,,,,,92.14%,70.68%,,,,,,,,,,,,93.01%,,,,,,,,,,,,,,,,,,,
2026-06-22 16:30,,,,,,,,,,,,,,25.98%,,,,,,,,,87.60%,,,,,93.28%,70.67%,,,,,,,,,,,,93.22%,,,,,,,,,,,,,,,,,,,
2026-06-22 17:30,,,,,,,,,,,,,,25.61%,,,,,,,,,87.71%,,,,,94.90%,70.75%,,,,,,,,,,,,93.21%,,,,,,,,,,,,,,,,,,,
2026-06-22 18:30,,,,,,,,,,,,,,26.33%,,,,,,,,,87.49%,,,,,95.76%,70.86%,,,,,,,,,,,,93.24%,,,,,,,,,,,,,,,,,,,
2026-06-22 19:30,,,,,,,,,,,,,,25.98%,,,,,,,,,87.57%,,,,,93.86%,70.89%,,,,,,,,,,,,93.27%,,,,,,,,,,,,,,,,,,,
2026-06-22 20:30,,,,,,,,,,,,,,25.78%,,,,,,,,,87.55%,,,,,95.52%,70.82%,,,,,,,,,,,,93.30%,,,,,,,,,,,,,,,,,,,
2026-06-22 21:30,,,,,,,,,,,,,,25.98%,,,,,,,,,87.63%,,,,,95.58%,70.87%,,,,,,,,,,,,93.33%,,,,,,,,,,,,,,,,,,,
2026-06-22 22:30,,,,,,,,,,,,,,25.59%,,,,,,,,,87.32%,,,,,94.93%,70.94%,,,,,,,,,,,,93.36%,,,,,,,,,,,,,,,,,,,
2026-06-22 23:30,,,,,,,,,,,,,,25.57%,,,,,,,,,87.61%,,,,,93.50%,70.65%,,,,,,,,,,,,93.36%,,,,,,,,,,,,,,,,,,,
2026-06-23 00:30,,,,,,,,,,,,,,26.03%,,,,,,,,,87.40%,,,,,94.11%,70.37%,,,,,,,,,,,,93.42%,,,,,,,,,,,,,,,,,,,
2026-06-23 01:30,,,,,,,,,,,,,,26.88%,,,,,,,,,87.47%,,,,,94.60%,70.51%,,,,,,,,,,,,93.47%,,,,,,,,,,,,,,,,,,,
2026-06-23 02:30,,,,,,,,,,,,,,27.53%,,,,,,,,,87.55%,,,,,95.11%,70.37%,,,,,,,,,,,,93.54%,,,,,,,,,,,,,,,,,,,
2026-06-23 03:30,,,,,,,,,,,,,,31.21%,,,,,,,,,87.05%,,,,,95.37%,70.57%,,,,,,,,,,,,93.63%,,,,,,,,,,,,,,,,,,,
2026-06-23 04:30,,,,,,,,,,,,,,28.39%,,,,,,,,,87.07%,,,,,93.56%,70.40%,,,,,,,,,,,,93.97%,,,,,,,,,,,,,,,,,,,
2026-06-23 05:30,,,,,,,,,,,,,,29.09%,,,,,,,,,87.15%,,,,,93.49%,70.58%,,,,,,,,,,,,94.00%,,,,,,,,,,,,,,,,,,,
2026-06-23 06:30,,,,,,,,,,,,,,29.41%,,,,,,,,,87.16%,,,,,93.56%,70.70%,,,,,,,,,,,,94.03%,,,,,,,,,,,,,,,,,,,
2026-06-23 07:30,,,,,,,,,,,,,,29.95%,,,,,,,,,87.36%,,,,,93.80%,70.47%,,,,,,,,,,,,94.06%,,,,,,,,,,,,,,,,,,,
2026-06-23 08:30,,,,,,,,8.62%,,,,,,30.87%,,,,,,,,,87.32%,,,,,93.99%,70.43%,,,,,,,,,,,,94.08%,,,,,,,,,88.66%,,,,,,,,,,
2026-06-23 09:30,,,,,,,,1.67%,,,,,,31.22%,,,,,,,,,87.41%,,,,,94.50%,70.44%,,,,,,,,,,,,93.84%,,,,,,,,,88.68%,,,,,,,,,,
2026-06-23 10:30,,,,,,,,,,,,,,31.79%,,,,,,,,,87.41%,,,,,94.92%,70.58%,,,,,,,,,,,,93.86%,,,,,,,,,,,,,,,,,,,
2026-06-23 11:30,,,,,,,,,,,,,,30.37%,,,,,,,,,87.46%,,,,,93.63%,70.63%,,,,,,,,,,,,93.89%,,,,,,,,,,,,,,,,,,,
2026-06-23 12:30,,,,,,,,,,,,,,25.98%,,,,,,,,,87.52%,,,,,89.66%,70.89%,,,,,,,,,,,,94.33%,,,,,,,,,,,,,,,,,,,
2026-06-23 13:30,,,,,,,,,,,,,,26.23%,,,,,,,,,87.51%,,,,,87.16%,71.12%,,,,,,,,,,,,94.19%,,,,,,,,,,,,,,,,,,,
2026-06-23 14:30,,,,,,,,,,,,,,26.26%,,,,,,,,,87.45%,,,,,92.96%,71.13%,,,,,,,,,,,,94.32%,,,,,,,,,,,,,,,,,,,
2026-06-23 15:30,,,,,,,,,,,,,,26.07%,,,,,,,,,87.55%,,,,,91.16%,70.86%,,,,,,,,,,,,94.35%,,,,,,,,,,,,,,,,,,,
2026-06-23 16:30,,,,,,,,,,,,,,25.94%,,,,,,,,,87.51%,,,,,86.98%,70.74%,,,,,,,,,,,,94.44%,,,,,,,,,,,,,,,,,,,
2026-06-23 17:30,,,,,,,,,,,,,,25.98%,,,,,,,,,87.49%,,,,,85.91%,70.72%,,,,,,,,,,,,94.52%,,,,,,,,,,,,,,,,,,,
2026-06-23 18:30,,,,,,,,,,,,,,25.96%,,,,,,,,,87.43%,,,,,93.64%,70.73%,,,,,,,,,,,,94.55%,,,,,,,,,,,,,,,,,,,
2026-06-23 19:30,,,,,,,,,,,,,,26.17%,,,,,,,,,87.49%,,,,,94.76%,70.91%,,,,,,,,,,,,94.58%,,,,,,,,,,,,,,,,,,,
2026-06-23 20:30,,,,,,,,,,,,,,26.17%,,,,,,,,,87.34%,,,,,95.23%,70.94%,,,,,,,,,,,,94.61%,,,,,,,,,,,,,,,,,,,
2026-06-23 21:30,,,,,,,,,,,,,,26.29%,,,,,,,,,87.30%,,,,,95.14%,70.95%,,,,,,,,,,,,94.64%,,,,,,,,,,,,,,,,,,,
2026-06-23 22:30,,,,,,,,,,,,,,25.92%,,,,,,,,,87.00%,,,,,94.99%,71.11%,,,,,,,,,,,,94.66%,,,,,,,,,,,,,,,,,,,
2026-06-23 23:30,,,,,,,,,,,,,,26.04%,,,,,,,,,87.37%,,,,,94.66%,70.85%,,,,,,,,,,,,94.69%,,,,,,,,,,,,,,,,,,,
2026-06-24 00:30,,,,,,,,,,,,,,26.31%,,,,,,,,,87.29%,,,,,92.36%,70.89%,,,,,,,,,,,,94.71%,,,,,,,,,,,,,,,,,,,
2026-06-24 01:30,,,,,,,,,,,,,,26.00%,,,,,,,,,87.55%,,,,,92.31%,70.40%,,,,,,,,,,,,94.74%,,,,,,,,,,,,,,,,,,,
2026-06-24 02:30,,,,,,,,,,,,,,29.85%,,,,,,,,,87.68%,,,,,92.74%,70.70%,,,,,,,,,,,,94.77%,,,,,,,,,,,,,,,,,,,
2026-06-24 03:30,,,,,,,,,,,,,,27.54%,,,,,,,,,87.14%,,,,,92.78%,70.66%,,,,,,,,,,,,94.79%,,,,,,,,,,,,,,,,,,,
2026-06-24 04:30,,,,,,,,,,,,,,27.80%,,,,,,,,,87.13%,,,,,93.54%,70.60%,,,,,,,,,,,,94.74%,,,,,,,,,,,,,,,,,,,
2026-06-24 05:30,,,,,,,,,,,,,,28.35%,,,,,,,,,87.13%,,,,,94.07%,70.84%,,,,,,,,,,,,94.57%,,,,,,,,,,,,,,,,,,,
2026-06-24 06:30,,,,,,,,,,,,,,37.15%,,,,,,,,,87.03%,,,,,94.46%,70.60%,,,,,,,,,,,,94.61%,,,,,,,,,,,,,,,,,,,
2026-06-24 07:30,,,,,,,,,,,,,,32.49%,,,,,,,,,87.21%,,,,,93.96%,70.62%,,,,,,,,,,,,94.63%,,,,,,,,,,,,,,,,,,,
2026-06-24 08:30,,,,,,,,7.66%,,,,,,29.75%,,,,,,,,,87.10%,,,,,94.39%,70.54%,,,,,,,,,,,,94.66%,,,,,,,,,88.68%,,,,,,,,,,
2026-06-24 09:30,,,,,,,,1.55%,,,,,,30.40%,,,,,,,,,87.23%,,,,,93.41%,70.71%,,,,,,,,,,,,94.69%,,,,,,,,,88.68%,,,,,,,,,,
2026-06-24 10:30,,,,,,,,,,,,,,31.11%,,,,,,,,,87.18%,,,,,91.62%,70.78%,,,,,,,,,,,,94.73%,,,,,,,,,,,,,,,,,,,
2026-06-24 11:30,,,,,,,,,,,,,,29.98%,,,,,,,,,87.28%,,,,,92.02%,70.98%,,,,,,,,,,,,94.74%,,,,,,,,,,,,,,,,,,,
2026-06-24 12:30,,,,,,,,,,,,,,25.47%,,,,,,,,,87.28%,,,,,92.28%,71.05%,,,,,,,,,,,,94.77%,,,,,,,,,,,,,,,,,,,
2026-06-24 13:30,,,,,,,,,,,,,,25.66%,,,,,,,,,87.43%,,,,,92.83%,71.25%,,,,,,,,,,,,94.80%,,,,,,,,,,,,,,,,,,,
2026-06-24 14:30,,,,,,,,,,,,,,25.48%,,,,,,,,,87.47%,,,,,94.55%,71.18%,,,,,,,,,,,,94.83%,,,,,,,,,,,,,,,,,,,
2026-06-24 15:30,,,,,,,,,,,,,,25.44%,,,,,,,,,87.51%,,,,,84.44%,71.06%,,,,,,,,,,,,94.83%,,,,,,,,,,,,,,,,,,,
2026-06-24 16:30,,,,,,,,,,,,,,25.41%,,,,,,,,,87.37%,,,,,86.82%,71.24%,,,,,,,,,,,,94.80%,,,,,,,,,,,,,,,,,,,
2026-06-24 17:30,,,,,,,,,,,,,,25.37%,,,,,,,,,87.71%,,,,,88.97%,71.31%,,,,,,,,,,,,94.79%,,,,,,,,,,,,,,,,,,,
2026-06-24 18:30,,,,,,,,,,,,,,25.46%,,,,,,,,,87.43%,,,,,93.89%,71.22%,,,,,,,,,,,,94.82%,,,,,,,,,,,,,,,,,,,
2026-06-24 19:30,,,,,,,,,,,,,,25.41%,,,,,,,,,87.49%,,,,,92.40%,71.31%,,,,,,,,,,,,94.85%,,,,,,,,,,,,,,,,,,,
2026-06-24 20:30,,,,,,,,,,,,,,25.39%,,,,,,,,,87.27%,,,,,92.29%,71.40%,,,,,,,,,,,,94.89%,,,,,,,,,,,,,,,,,,,
2026-06-24 21:30,,,,,,,,,,,,,,25.49%,,,,,,,,,87.56%,,,,,95.26%,71.50%,,,,,,,,,,,,94.92%,,,,,,,,,,,,,,,,,,,
2026-06-24 22:30,,,,,,,,,,,,,,25.46%,,,,,,,,,87.03%,,,,,95.05%,71.50%,,,,,,,,,,,,94.95%,,,,,,,,,,,,,,,,,,,
2026-06-24 23:30,,,,,,,,,,,,,,25.02%,,,,,,,,,87.48%,,,,,93.86%,71.36%,,,,,,,,,,,,94.97%,,,,,,,,,,,,,,,,,,,
2026-06-25 00:30,,,,,,,,,,,,,,25.68%,,,,,,,,,87.30%,,,,,94.95%,71.31%,,,,,,,,,,,,95.00%,,,,,,,,,,,,,,,,,,,
2026-06-25 01:30,,,,,,,,,,,,,,26.06%,,,,,,,,,87.27%,,,,,94.82%,71.13%,,,,,,,,,,,,94.85%,,,,,,,,,,,,,,,,,,,
2026-06-25 02:30,,,,,,,,,,,,,,29.85%,,,,,,,,,87.60%,,,,,94.72%,71.07%,,,,,,,,,,,,94.78%,,,,,,,,,,,,,,,,,,,
2026-06-25 03:30,,,,,,,,,,,,,,27.93%,,,,,,,,,87.72%,,,,,94.46%,71.09%,,,,,,,,,,,,94.80%,,,,,,,,,,,,,,,,,,,
2026-06-25 04:30,,,,,,,,,,,,,,28.16%,,,,,,,,,87.73%,,,,,94.19%,71.14%,,,,,,,,,,,,94.83%,,,,,,,,,,,,,,,,,,,
2026-06-25 05:30,,,,,,,,,,,,,,28.50%,,,,,,,,,87.84%,,,,,94.60%,70.81%,,,,,,,,,,,,94.85%,,,,,,,,,,,,,,,,,,,
2026-06-25 06:30,,,,,,,,,,,,,,28.95%,,,,,,,,,87.91%,,,,,93.63%,70.80%,,,,,,,,,,,,94.88%,,,,,,,,,,,,,,,,,,,
2026-06-25 07:30,,,,,,,,,,,,,,29.32%,,,,,,,,,87.89%,,,,,93.87%,70.86%,,,,,,,,,,,,94.91%,,,,,,,,,,,,,,,,,,,
2026-06-25 08:30,,,,,,,,9.36%,,,,,,30.17%,,,,,,,,,87.73%,,,,,94.25%,70.98%,,,,,,,,,,,,94.94%,,,,,,,,,88.74%,,,,,,,,,,
2026-06-25 09:30,,,,,,,,2.64%,,,,,,30.34%,,,,,,,,,87.95%,,,,,94.26%,71.15%,,,,,,,,,,,,94.98%,,,,,,,,,89.49%,,,,,,,,,,
2026-06-25 10:30,,,,,,,,,,,,,,31.24%,,,,,,,,,87.94%,,,,,94.09%,71.14%,,,,,,,,,,,,94.82%,,,,,,,,,,,,,,,,,,,
2026-06-25 11:30,,,,,,,,,,,,,,30.39%,,,,,,,,,87.94%,,,,,94.28%,71.26%,,,,,,,,,,,,94.77%,,,,,,,,,,,,,,,,,,,
2026-06-25 12:30,,,,,,,,,,,,,,25.59%,,,,,,,,,87.84%,,,,,94.95%,71.36%,,,,,,,,,,,,94.79%,,,,,,,,,,,,,,,,,,,
2026-06-25 13:30,,,,,,,,,,,,,,25.90%,,,,,,,,,87.76%,,,,,95.11%,71.43%,,,,,,,,,,,,94.82%,,,,,,,,,,,,,,,,,,,
2026-06-25 14:30,,,,,,,,,,,,,,25.87%,,,,,,,,,87.59%,,,,,94.90%,71.42%,,,,,,,,,,,,94.85%,,,,,,,,,,,,,,,,,,,
2026-06-25 15:30,,,,,,,,,,,,,,25.30%,,,,,,,,,87.60%,,,,,90.10%,71.45%,,,,,,,,,,,,95.28%,,,,,,,,,,,,,,,,,,,
2026-06-25 16:30,,,,,,,,,,,,,,25.28%,,,,,,,,,87.69%,,,,,87.97%,71.40%,,,,,,,,,,,,95.76%,,,,,,,,,,,,,,,,,,,
2026-06-25 17:30,,,,,,,,,,,,,,25.39%,,,,,,,,,87.71%,,,,,88.47%,72.25%,,,,,,,,,,,,95.75%,,,,,,,,,,,,,,,,,,,
2026-06-25 18:30,,,,,,,,,,,,,,25.42%,,,,,,,,,87.72%,,,,,86.67%,71.53%,,,,,,,,,,,,95.72%,,,,,,,,,,,,,,,,,,,
2026-06-25 19:30,,,,,,,,,,,,,,25.49%,,,,,,,,,87.73%,,,,,87.28%,71.59%,,,,,,,,,,,,95.74%,,,,,,,,,,,,,,,,,,,
2026-06-25 20:30,,,,,,,,,,,,,8.22%,25.59%,,,,7.19%,,,,,87.75%,,,,,88.05%,71.46%,,,,,,,,,,,,95.77%,,,,,,,,,,,,,,,,,,,
2026-06-25 21:30,,,,,,,,,,,,,8.44%,25.32%,,,,7.63%,,,,,88.03%,,,,,88.75%,71.55%,,,,,,,,,,,,95.80%,,,,,,,,,,,,,,,,,,,
2026-06-25 22:30,,,,,,,,,,,,,9.15%,25.21%,,,,9.05%,,,,,87.72%,,,,,89.86%,71.56%,,,,,,,,,,,,95.61%,,,,,,,,,,,,,,,,,,,
2026-06-25 23:30,,,,,,,,,,,,,7.78%,24.86%,,,,8.64%,,,,,87.94%,,,,,90.58%,71.09%,,,,,,,,,,,,95.57%,,,,,,,,,,,,,,,,,,,
2026-06-26 00:30,,,,,,,,,,,,,,25.28%,,,,,,,,,87.77%,,,,,91.60%,71.06%,,,,,,,,,,,,95.59%,,,,,,,,,,,,,,,,,,,
2026-06-26 01:30,,,,,,,,,,,,,,25.73%,,,,,,,,,87.62%,,,,,93.53%,71.20%,,,,,,,,,,,,95.60%,,,,,,,,,,,,,,,,,,,
2026-06-26 02:30,,,,,,,,,,,,,,30.32%,,,,,,,,,87.68%,,,,,94.67%,71.28%,,,,,,,,,,,,95.63%,,,,,,,,,,,,,,,,,,,
2026-06-26 03:30,,,,,,,,,,,,,,27.13%,,,,,,,,,87.36%,,,,,94.60%,71.09%,,,,,,,,,,,,95.65%,,,,,,,,,,,,,,,,,,,
2026-06-26 04:30,,,,,,,,,,,,,,27.64%,,,,,,,,,87.47%,,,,,96.30%,71.07%,,,,,,,,,,,,95.68%,,,,,,,,,,,,,,,,,,,
2026-06-26 05:30,,,,,,,,,,,,,,28.39%,,,,,,,,,87.55%,,,,,96.04%,71.21%,,,,,,,,,,,,95.71%,,,,,,,,,,,,,,,,,,,
2026-06-26 06:30,,,,,,,,,,,,,,28.67%,,,,,,,,,87.47%,,,,,95.47%,71.34%,,,,,,,,,,,,95.74%,,,,,,,,,,,,,,,,,,,
2026-06-26 07:30,,,,,,,,,,,,,,29.08%,,,,,,,,,87.55%,,,,,95.04%,71.12%,,,,,,,,,,,,95.77%,,,,,,,,,,,,,,,,,,,
2026-06-26 08:30,,,,,,,,10.32%,,,,,,29.68%,,,,,,,,,87.53%,,,,,95.01%,71.13%,,,,,,,,,,,,95.80%,,,,,,,,,89.63%,,,,,,,,,,
2026-06-26 09:30,,,,,,,,1.71%,,,,,,30.41%,,,,,,,,,87.61%,,,,,93.59%,71.09%,,,,,,,,,,,,95.83%,,,,,,,,,89.62%,,,,,,,,,,
2026-06-26 10:30,,,,,,,,,,,,,,31.03%,,,,,,,,,87.51%,,,,,93.21%,71.29%,,,,,,,,,,,,95.86%,,,,,,,,,,,,,,,,,,,
2026-06-26 11:30,,,,,,,,,,,,,,30.24%,,,,,,,,,87.63%,,,,,93.32%,71.41%,,,,,,,,,,,,95.88%,,,,,,,,,,,,,,,,,,,
2026-06-26 12:30,,,,38.21%,,,,,,,,,,25.57%,,,,,,,,,87.62%,,,,,93.52%,71.62%,,,,,,,,,,,,95.58%,,,,,,,,,,,,,,,,,,,
2026-06-26 13:30,,,,40.88%,,,,,,,,,,25.48%,,,,,,,,,87.72%,,,,,93.93%,71.64%,,,,,,,,,,,,95.36%,,,,,,,,,,,,,,,,,,,
2026-06-26 14:30,,,,40.32%,,,,,,,,,,25.58%,,,,,,,,,87.65%,,,,,94.76%,71.54%,,,,,,,,,,,,95.39%,,,,,,,,,,,,,,,,,,,
2026-06-26 15:30,,,,40.58%,,,,,,,,,,25.65%,,,,,,,,,87.82%,,,,,94.45%,71.57%,,,,,,,,,,,,95.47%,,,,,,,,,,,,,,,,,,,
2026-06-26 16:30,,,,40.56%,,,,,,,,,,25.26%,,,,,,,,,87.73%,,,,,94.59%,71.62%,,,,,,,,,,,,95.49%,,,,,,,,,,,,,,,,,,,
2026-06-26 17:30,,,,39.87%,,,,25.22%,,,,,,25.34%,,,,,,,,,87.90%,,,,,94.60%,71.66%,,,,,,,,,,,,95.53%,,,,,,,,,89.09%,,,,,,,,,,
2026-06-26 18:30,,,,39.49%,,,,9.86%,,,,,,25.44%,,,,,,,,,87.62%,,,,,94.66%,71.60%,,,,,,,,,,,,95.57%,,,,,,,,,92.24%,,,,,,,,,,
2026-06-26 19:30,,,,30.95%,,,,4.85%,,,,,,25.32%,,,,,,,,,87.76%,,,,,94.12%,71.63%,,,,,,,,,,,,95.35%,,,,,,,,,89.44%,,,,,,,,,,
2026-06-26 20:30,,,,,,,,1.59%,,,,,,25.03%,,,,,,,,,87.77%,,,,,94.49%,71.21%,,,,,,,,,,,,95.34%,,,,,,,,,89.06%,,,,,,,,,,
2026-06-26 21:30,,,,,,,,,,,,,,25.23%,,,,,,,,,87.82%,,,,,94.97%,71.26%,,,,,,,,,,,,95.37%,,,,,,,,,,,,,,,,,,,
2026-06-26 22:30,,,,,,,,,,,,,,25.71%,,,,,,,,,87.27%,,,,,94.34%,71.29%,,,,,,,,,,,,95.40%,,,,,,,,,,,,,,,,,,,
2026-06-26 23:30,,,,,,,,,,,,,,25.79%,,,,,,,,,87.65%,,,,,92.29%,71.09%,,,,,,,,,,,,95.43%,,,,,,,,,,,,,,,,,,,
2026-06-27 00:30,,,,,,,,,,,,,,26.38%,,,,,,,,,87.52%,,,,,94.16%,70.98%,,,,,,,,,,,,95.50%,,,,,,,,,,,,,,,,,,,
2026-06-27 01:30,,,,,,,,,,,,,,26.81%,,,,,,,,,87.52%,,,,,91.93%,71.09%,,,,,,,,,,,,95.56%,,,,,,,,,,,,,,,,,,,
2026-06-27 02:30,,,,,,,,,,,,,,27.87%,,,,,,,,,87.68%,,,,,91.35%,71.24%,,,,,,,,,,,,95.66%,,,,,,,,,,,,,,,,,,,
2026-06-27 03:30,,,,,,,,,,,,,,30.65%,,,,,,,,,87.27%,,,,,92.75%,71.49%,,,,,,,,,,,,95.83%,,,,,,,,,,,,,,,,,,,
2026-06-27 04:30,,,,,,,,,,,,,,27.74%,,,,,,,,,87.26%,,,,,95.01%,71.45%,,,,,,,,,,,,95.90%,,,,,,,,,,,,,,,,,,,
2026-06-27 05:30,,,,,,,,,,,,,,28.41%,,,,,,,,,87.31%,,,,,94.57%,71.44%,,,,,,,,,,,,95.22%,,,,,,,,,,,,,,,,,,,
2026-06-27 06:30,,,,,,,,,,,,,,35.87%,,,,,,,,,87.33%,,,,,93.78%,71.28%,,,,,,,,,,,,95.28%,,,,,,,,,,,,,,,,,,,
2026-06-27 07:30,,,,,,,,,,,,,,31.84%,,,,,,,,,87.49%,,,,,94.46%,71.36%,,,,,,,,,,,,95.36%,,,,,,,,,,,,,,,,,,,
2026-06-27 08:30,,,,,,,,9.09%,,,,,,28.51%,,,,,,,,,87.34%,,,,,94.09%,71.53%,,,,,,,,,,,,95.34%,,,,,,,,,87.35%,,,,,,,,,,
2026-06-27 09:30,,,,,,,,1.70%,,,,,,28.79%,,,,,,,,,87.41%,,,,,93.85%,71.50%,,,,,,,,,,,,95.39%,,,,,,,,,84.95%,,,,,,,,,,
2026-06-27 10:30,,,,,,,,,,,,,,29.17%,,,,,,,,,87.30%,,,,,93.92%,71.64%,,,,,,,,,,,,95.45%,,,,,,,,,,,,,,,,,,,
2026-06-27 11:30,,,,,,,,,,,,,,29.73%,,,,,,,,,87.32%,,,,,93.11%,71.37%,,,,,,,,,,,,95.44%,,,,,,,,,,,,,,,,,,,
2026-06-27 12:30,,,,,,,,,,,,,,29.98%,,,,,,,,,87.31%,,,,,94.27%,71.37%,,,,,,,,,,,,95.46%,,,,,,,,,,,,,,,,,,,
2026-06-27 13:30,,,,,,,,,,,,,,30.30%,,,,,,,,,87.45%,,,,,94.46%,71.71%,,,,,,,,,,,,95.51%,,,,,,,,,,,,,,,,,,,
2026-06-27 14:30,,,,,,,,,,,,,,30.52%,,,,,,,,,87.52%,,,,,94.36%,71.70%,,,,,,,,,,,,95.52%,,,,,,,,,,,,,,,,,,,
2026-06-27 15:30,,,,,,,,,,,,,,30.64%,,,,,,,,,87.61%,,,,,94.42%,71.44%,,,,,,,,,,,,95.53%,,,,,,,,,,,,,,,,,,,
2026-06-27 16:30,,,,,,,,,,,,,,30.87%,,,,,,,,,87.59%,,,,,93.53%,71.46%,,,,,,,,,,,,95.58%,,,,,,,,,,,,,,,,,,,
2026-06-27 17:30,,,,,,,,,,,,,,31.43%,,,,,,,,,87.70%,,,,,92.98%,71.62%,,,,,,,,,,,,95.60%,,,,,,,,,,,,,,,,,,,
2026-06-27 18:30,,,,,,,,,,,,,,31.62%,,,,,,,,,87.45%,,,,,92.96%,71.56%,,,,,,,,,,,,95.58%,,,,,,,,,,,,,,,,,,,
2026-06-27 19:30,,,,,,,,,,,,,,32.16%,,,,,,,,,87.64%,,,,,93.80%,71.78%,,,,,,,,,,,,95.63%,,,,,,,,,,,,,,,,,,,
2026-06-27 20:30,,,,,,,,,,,,,,32.35%,,,,,,,,,87.35%,,,,,94.32%,72.01%,,,,,,,,,,,,95.68%,,,,,,,,,,,,,,,,,,,
2026-06-27 21:30,,,,,,,,,,,,,,32.92%,,,,,,,,,87.58%,,,,,93.99%,71.89%,,,,,,,,,,,,95.70%,,,,,,,,,,,,,,,,,,,
2026-06-27 22:30,,,,,,,,,,,,,,32.74%,,,,,,,,,87.21%,,,,,94.41%,71.97%,,,,,,,,,,,,95.74%,,,,,,,,,,,,,,,,,,,
2026-06-27 23:30,,,,,,,,,,,,,,32.35%,,,,,,,,,87.51%,,,,,94.69%,72.04%,,,,,,,,,,,,95.78%,,,,,,,,,,,,,,,,,,,
2026-06-28 00:30,,,,,,,,,,,,,,32.28%,,,,,,,,,87.43%,,,,,93.21%,72.03%,,,,,,,,,,,,95.79%,,,,,,,,,,,,,,,,,,,
2026-06-28 01:30,,,,,,,,,,,,,,32.46%,,,,,,,,,87.39%,,,,,94.14%,72.20%,,,,,,,,,,,,95.80%,,,,,,,,,,,,,,,,,,,
2026-06-28 02:30,,,,,,,,,,,,,,36.79%,,,,,,,,,87.50%,,,,,94.39%,72.12%,,,,,,,,,,,,95.83%,,,,,,,,,,,,,,,,,,,
2026-06-28 03:30,,,,,,,,,,,,,,33.49%,,,,,,,,,87.31%,,,,,94.79%,73.86%,,,,,,,,,,,,95.85%,,,,,,,,,,,,,,,,,,,
2026-06-28 04:30,,,,,,,,,,,,,,33.57%,,,,,,,,,87.32%,,,,,94.23%,78.89%,,,,,,,,,,,,95.87%,,,,,,,,,,,,,,,,,,,
2026-06-28 05:30,,,,,,,,,,,,,,33.92%,,,,,,,,,87.37%,,,,,94.89%,79.08%,,,,,,,,,,,,95.90%,,,,,,,,,,,,,,,,,,,
2026-06-28 06:30,,,,,,,,,,,,,,34.02%,,,,,,,,,87.41%,,,,,92.87%,79.01%,,,,,,,,,,,,95.92%,,,,,,,,,,,,,,,,,,,
2026-06-28 07:30,,,,,,,,,,,,,,34.30%,,,,,,,,,87.50%,,,,,93.46%,79.09%,,,,,,,,,,,,95.94%,,,,,,,,,,,,,,,,,,,
2026-06-28 08:30,,,,,,,,10.71%,,,,,,30.97%,,,,,,,,,87.43%,,,,,91.27%,78.79%,,,,,,,,,,,,95.84%,,,,,,,,,85.02%,,,,,,,,,,
2026-06-28 09:30,,,,,,,,1.96%,,,,,,25.85%,,,,,,,,,87.50%,,,,,92.35%,78.35%,,,,,,,,,,,,95.87%,,,,,,,,,85.24%,,,,,,,,,,
2026-06-28 10:30,,,,,,,,,,,,,,26.00%,,,,,,,,,87.44%,,,,,92.99%,78.15%,,,,,,,,,,,,95.88%,,,,,,,,,,,,,,,,,,,
2026-06-28 11:30,,,,,,,,,,,,,,26.57%,,,,,,,,,87.47%,,,,,93.95%,78.07%,,,,,,,,,,,,95.88%,,,,,,,,,,,,,,,,,,,
2026-06-28 12:30,,,,,,,,,,,,,,26.81%,,,,,,,,,87.61%,,,,,94.59%,78.04%,,,,,,,,,,,,95.89%,,,,,,,,,,,,,,,,,,,
2026-06-28 13:30,,,,,,,,,,,,,,27.39%,,,,,,,,,87.64%,,,,,95.10%,78.19%,,,,,,,,,,,,95.91%,,,,,,,,,,,,,,,,,,,
2026-06-28 14:30,,,,,,,,,,,,,,24.98%,,,,,,,,,87.59%,,,,,95.16%,77.95%,,,,,,,,,,,,95.92%,,,,,,,,,,,,,,,,,,,
2026-06-28 15:30,,,,,,,,,,,,,,25.27%,,,,,,,,,87.69%,,,,,94.93%,77.88%,,,,,,,,,,,,95.92%,,,,,,,,,,,,,,,,,,,
2026-06-28 16:30,,,,,,,,,,,,,,25.64%,,,,,,,,,87.61%,,,,,95.61%,77.94%,,,,,,,,,,,,95.97%,,,,,,,,,,,,,,,,,,,
2026-06-28 17:30,,,,,,,,,,,,,,26.23%,,,,,,,,,87.70%,,,,,93.81%,78.72%,,,,,,,,,,,,95.96%,,,,,,,,,,,,,,,,,,,
2026-06-28 18:30,,,,,,,,,,,,,,26.11%,,,,,,,,,87.52%,,,,,92.40%,77.75%,,,,,,,,,,,,95.70%,,,,,,,,,,,,,,,,,,,
2026-06-28 19:30,,,,,,,,,,,,,,26.59%,,,,,,,,,87.57%,,,,,93.99%,77.22%,,,,,,,,,,,,95.67%,,,,,,,,,,,,,,,,,,,
2026-06-28 20:30,,,,,,,,,,,,,,26.77%,,,,,,,,,87.57%,,,,,95.08%,76.99%,,,,,,,,,,,,95.68%,,,,,,,,,,,,,,,,,,,
2026-06-28 21:30,,,,,,,,,,,,,,26.84%,,,,,,,,,87.76%,,,,,94.64%,77.47%,,,,,,,,,,,,95.69%,,,,,,,,,,,,,,,,,,,
2026-06-28 22:30,,,,,,,,,,,,,,27.07%,,,,,,,,,87.37%,,,,,94.91%,77.39%,,,,,,,,,,,,95.55%,,,,,,,,,,,,,,,,,,,
2026-06-28 23:30,,,,,,,,,,,,,,27.28%,,,,,,,,,87.61%,,,,,91.85%,77.58%,,,,,,,,,,,,95.44%,,,,,,,,,,,,,,,,,,,
2026-06-29 00:30,,,,,,,,,,,,,,27.62%,,,,,,,,,87.56%,,,,,94.48%,76.94%,,,,,,,,,,,,95.44%,,,,,,,,,,,,,,,,,,,
2026-06-29 01:30,,,,,,,,,,,,,,28.08%,,,,,,,,,87.63%,,,,,94.58%,76.18%,,,,,,,,,,,,95.44%,,,,,,,,,,,,,,,,,,,
2026-06-29 02:30,,,,,,,,,,,,,,31.86%,,,,,,,,,87.83%,,,,,95.20%,75.69%,,,,,,,,,,,,95.44%,,,,,,,,,,,,,,,,,,,
2026-06-29 03:30,,,,,,,,,,,,,,28.81%,,,,,,,,,87.01%,,,,,95.16%,75.28%,,,,,,,,,,,,95.52%,,,,,,,,,,,,,,,,,,,
2026-06-29 04:30,,,,,,,,,,,,,,28.76%,,,,,,,,,87.02%,,,,,95.93%,75.44%,,,,,,,,,,,,95.86%,,,,,,,,,,,,,,,,,,,
2026-06-29 05:30,,,,,,,,,,,,,,29.39%,,,,,,,,,87.20%,,,,,96.15%,75.52%,,,,,,,,,,,,95.89%,,,,,,,,,,,,,,,,,,,
2026-06-29 06:30,,,,,,,,,,,,,,37.91%,,,,,,,,,87.45%,,,,,94.56%,75.38%,,,,,,,,,,,,96.30%,,,,,,,,,,,,,,,,,,,
2026-06-29 07:30,,,,,,,,,,,,,,33.42%,,,,,,,,,87.22%,,,,,94.34%,75.69%,,,,,,,,,,,,96.30%,,,,,,,,,,,,,,,,,,,
2026-06-29 08:30,,,,,,,,5.05%,,,,,,29.88%,,,,,,,,,87.21%,,,,,94.63%,75.70%,,,,,,,,,,,,96.30%,,,,,,,,,85.04%,,,,,,,,,,
2026-06-29 09:30,,,,,,,,1.44%,,,,,,30.39%,,,,,,,,,87.35%,,,,,92.80%,75.75%,,,,,,,,,,,,96.43%,,,,,,,,,84.80%,,,,,,,,,,
2026-06-29 10:30,,,,,,,,,,,,,,30.66%,,,,,,,,,87.33%,,,,,94.59%,75.95%,,,,,,,,,,,,96.72%,,,,,,,,,,,,,,,,,,,
2026-06-29 11:30,,,,,,,,,,,,,11.21%,28.51%,,,,7.71%,,,,,87.40%,,,,,94.24%,75.77%,,,,,,,,,,,,96.72%,,,,,,,,,,,,,,,,,,,
2026-06-29 12:30,,,,,,,,,,,,,9.33%,25.85%,,,,7.75%,,,,,87.37%,,,,,78.78%,75.47%,,,,,,,,,,,,94.22%,,,,,,,,,,,,,,,,,,,
2026-06-29 13:30,,,,,,,,,,,,,,26.17%,,,,,,,,,87.47%,,,,,82.86%,75.56%,,,,,,,,,,,,94.19%,,,,,,,,,,,,,,,,,,,
2026-06-29 14:30,,,,,,,,,,,,,,26.60%,,,,,,,,,87.30%,,,,,93.80%,75.73%,,,,,,,,,,,,94.28%,,,,,,,,,,,,,,,,,,,
2026-06-29 15:30,,,,,,,,,,,,,,26.92%,,,,,,,,,87.42%,,,,,92.21%,75.73%,,,,,,,,,,,,94.48%,,,,,,,,,,,,,,,,,,,
2026-06-29 16:30,,,,,,,,,,,,,40.57%,27.04%,,,,29.43%,,,,,87.45%,,,,,91.44%,75.81%,,,,,,,,,,,,94.62%,,,,,,,,,,,,,,,,,,,
2026-06-29 17:30,,,,,,,,,,,,,,27.54%,,,,,,,,,87.46%,,,,,90.94%,75.60%,,,,,,,,,,,,94.70%,,,,,,,,,,,,,,,,,,,
2026-06-29 18:30,,,,,,,,,,,,,,27.77%,,,,,,,,,87.41%,,,,,91.09%,75.56%,,,,,,,,,,,,94.85%,,,,,,,,,,,,,,,,,,,
2026-06-29 19:30,,,,,,,,,,,,,,28.22%,,,,,,,,,87.45%,,,,,90.80%,75.85%,,,,,,,,,,,,95.02%,,,,,,,,,,,,,,,,,,,
2026-06-29 20:30,,,,,,,,,,,,,,28.61%,,,,,,,,,87.32%,,,,,90.26%,75.83%,,,,,,,,,,,,95.06%,,,,,,,,,,,,,,,,,,,
2026-06-29 21:30,,,,,,,,,,,,,,28.73%,,,,,,,,,87.59%,,,,,92.52%,75.93%,,,,,,,,,,,,95.15%,,,,,,,,,,,,,,,,,,,
2026-06-29 22:30,,,,,,,,,,,,,,29.01%,,,,,,,,,87.31%,,,,,,76.02%,,,,,,,,,,,,,,,,,,,,,,,,,,,,,,,
2026-06-29 23:30,,,,,,,,,,,,,,29.71%,,,,,,,,,87.60%,,,,,,76.12%,,,,,,,,,,,,,,,,,,,,,,,,,,,,,,,
2026-06-30 00:30,,,,,,,,,,,,,,30.06%,,,,,,,,,87.53%,,,,,,76.31%,,,,,,,,,,,,,,,,,,,,,,,,,,,,,,,
2026-06-30 01:30,,,,,,,,,,,,,,30.22%,,,,,,,,,87.59%,,,,,,76.19%,,,,,,,,,,,,,,,,,,,,,,,,,,,,,,,
2026-06-30 02:30,,,,,,,,,,,,,,31.58%,,,,,,,,,87.77%,,,,,,76.38%,,,,,,,,,,,,,,,,,,,,,,,,,,,,,,,
2026-06-30 03:30,,,,,,,,,,,,,,34.60%,,,,,,,,,87.68%,,,,,,76.67%,,,,,,,,,,,,,,,,,,,,,,,,,,,,,,,
2026-06-30 04:30,,,,,,,,,,,,,,31.70%,,,,,,,,,87.73%,,,,,,76.50%,,,,,,,,,,,,,,,,,,,,,,,,,,,,,,,
2026-06-30 05:30,,,,,,,,,,,,,,31.77%,,,,,,,,,87.83%,,,,,,76.53%,,,,,,,,,,,,,,,,,,,,,,,,,,,,,,,
2026-06-30 06:30,,,,,,,,,,,,,,31.88%,,,,,,,,,87.68%,,,,,,76.61%,,,,,,,,,,,,,,,,,,,,,,,,,,,,,,,
2026-06-30 07:30,,,,,,,,,,,,,,32.44%,,,,,,,,,87.76%,,,,,,76.70%,,,,,,,,,,,,,,,,,,,,,,,,,,,,,,,
2026-06-30 08:30,,,,,,,,10.29%,,,,,,32.52%,,,,,,,,,87.78%,,,,,,76.62%,,,,,,,,,,,,,,,,,,,,,84.84%,,,,,,,,,,
2026-06-30 09:30,,,,,,,,1.76%,,,,,,33.12%,,,,,,,,,88.01%,,,,,,76.61%,,,,,,,,,,,,,,,,,,,,,84.82%,,,,,,,,,,
2026-06-30 10:30,,,,,,,,,,,,,,33.32%,,,,,,,,,87.85%,,,,,,76.87%,,,,,,,,,,,,,,,,,,,,,,,,,,,,,,,
2026-06-30 11:30,,,,,,,,,,,,,,33.60%,,,,,,,,,87.87%,,,,,,76.67%,,,,,,,,,,,,,,,,,,,,,,,,,,,,,,,
2026-06-30 12:30,,,,,,,,,,,,,86.30%,34.94%,,,,49.66%,,,,,87.91%,,,,,85.70%,76.91%,,,,,,,,,,,,94.59%,,,,,,,,,,,,,,,,,,,
2026-06-30 13:30,,,,,,,,,,,,,,34.28%,,,,,,,,,87.81%,,,,,88.66%,76.93%,,,,,,,,,,,,94.71%,,,,,,,,,,,,,,,,,,,
2026-06-30 14:30,,,,,,,,4.43%,,,,,,34.50%,,,,,,,,,87.75%,,,,,90.86%,77.14%,,,,,,,,,,,,94.86%,,,,,,,,,84.84%,,,,,,,,,,
2026-06-30 15:30,,,,,,,,1.39%,,,,,,38.60%,,,,,,,,,87.91%,,,,,89.58%,74.78%,,,,,,,,,,,,94.88%,,,,,,,,,84.84%,,,,,,,,,,
2026-06-30 16:30,,,,,,,,5.38%,,,,,,32.21%,,,,,,,,,86.38%,,,,,88.98%,68.21%,,,,,,,,,,,,94.99%,,,,,,,,,84.85%,,,,,,,,,,
2026-06-30 17:30,,,,,,,,2.68%,,,,,,33.00%,,,,,,,,,86.39%,,,,,87.39%,67.93%,,,,,,,,,,,,95.11%,,,,,,,,,84.92%,,,,,,,,,,
2026-06-30 18:30,,,,,,,,2.65%,,,,,,33.30%,,,,,,,,,86.36%,,,,,88.87%,68.19%,,,,,,,,,,,,95.07%,,,,,,,,,84.92%,,,,,,,,,,
2026-06-30 19:30,,,,,,,,2.96%,,,,,,33.69%,,,,,,,,,86.54%,,,,,90.08%,68.57%,,,,,,,,,,,,94.90%,,,,,,,,,84.93%,,,,,,,,,,
2026-06-30 20:30,,,,,,,,,,,,,,33.72%,,,,,,,,,86.49%,,,,,90.68%,68.65%,,,,,,,,,,,,95.01%,,,,,,,,,,,,,,,,,,,
2026-06-30 21:30,,,,,,,,,,,,,,34.08%,,,,,,,,,86.67%,,,,,90.40%,68.70%,,,,,,,,,,,,95.07%,,,,,,,,,,,,,,,,,,,
2026-06-30 22:30,,,,,,,,,,,,,,34.15%,,,,,,,,,86.39%,,,,,90.69%,68.53%,,,,,,,,,,,,95.05%,,,,,,,,,,,,,,,,,,,
2026-06-30 23:30,,,,,,,,,,,,,,34.52%,,,,,,,,,86.68%,,,,,91.12%,68.88%,,,,,,,,,,,,95.20%,,,,,,,,,,,,,,,,,,,
2026-07-01 00:30,,,,,,,,,,,,,,34.82%,,,,,,,,,83.14%,,,,,91.66%,69.06%,,,,,,,,,,,,95.32%,,,,,,,,,,,,,,,,,,,
2026-07-01 01:30,,,,,,,,,,,,,,35.17%,,,,,,,,,74.89%,,,,,92.23%,69.28%,,,,,,,,,,,,95.22%,,,,,,,,,,,,,,,,,,,
2026-07-01 02:30,,,,,,,,,,,,,,35.30%,,,,,,,,,74.92%,,,,,92.57%,69.28%,,,,,,,,,,,,95.25%,,,,,,,,,,,,,,,,,,,
2026-07-01 03:30,,,,,,,,,,,,,,41.55%,,,,,,,,,75.28%,,,,,93.15%,69.49%,,,,,,,,,,,,95.26%,,,,,,,,,,,,,,,,,,,
2026-07-01 04:30,,,,,,,,,,,,,,36.18%,,,,,,,,,75.20%,,,,,92.13%,69.21%,,,,,,,,,,,,95.22%,,,,,,,,,,,,,,,,,,,
2026-07-01 05:30,,,,,,,,,,,,,,36.36%,,,,,,,,,75.34%,,,,,91.72%,69.47%,,,,,,,,,,,,95.30%,,,,,,,,,,,,,,,,,,,
2026-07-01 06:30,,,,,,,,,,,,,,30.27%,,,,,,,,,75.40%,,,,,94.10%,68.71%,,,,,,,,,,,,95.46%,,,,,,,,,,,,,,,,,,,
2026-07-01 07:30,,,,,,,,,,,,,,25.54%,,,,,,,,,75.44%,,,,,95.42%,68.27%,,,,,,,,,,,,95.47%,,,,,,,,,,,,,,,,,,,
2026-07-01 08:30,,,,,,,,7.99%,,,,,,25.86%,,,,,,,,,75.26%,,,,,95.64%,68.24%,,,,,,,,,,,,95.48%,,,,,,,,,84.90%,,,,,,,,,,
2026-07-01 09:30,,,,,,,,1.61%,,,,,,25.58%,,,,,,,,,75.18%,,,,,95.94%,68.33%,,,,,,,,,,,,95.59%,,,,,,,,,85.09%,,,,,,,,,,
2026-07-01 10:30,,,,,,,,,,,,,,25.11%,,,,,,,,,75.15%,,,,,96.09%,68.50%,,,,,,,,,,,,95.41%,,,,,,,,,,,,,,,,,,,
2026-07-01 11:30,,,,,,,,,,,,,,25.52%,,,,,,,,,75.19%,,,,,94.61%,68.63%,,,,,,,,,,,,95.34%,,,,,,,,,,,,,,,,,,,
2026-07-01 12:30,,,,,,,,,,,,,,25.94%,,,,,,,,,75.16%,,,,,95.36%,68.81%,,,,,,,,,,,,95.49%,,,,,,,,,,,,,,,,,,,
2026-07-01 13:30,,,,,,,,,,,,,,26.10%,,,,,,,,,75.14%,,,,,84.91%,68.81%,,,,,,,,,,,,95.66%,,,,,,,,,,,,,,,,,,,
2026-07-01 14:30,,,,,,,,,,,,,,26.54%,,,,,,,,,75.12%,,,,,88.11%,68.97%,,,,,,,,,,,,95.60%,,,,,,,,,,,,,,,,,,,
2026-07-01 15:30,,,,,,,,,,,,,,26.33%,,,,,,,,,75.26%,,,,,88.35%,68.84%,,,,,,,,,,,,95.70%,,,,,,,,,,,,,,,,,,,
2026-07-01 16:30,,,,,,,,,,,,,,26.68%,,,,,,,,,75.16%,,,,,90.60%,68.95%,,,,,,,,,,,,95.85%,,,,,,,,,,,,,,,,,,,
2026-07-01 17:30,,,,,,,,,,,,,42.90%,27.26%,,,,41.89%,,,,,75.20%,,,,,90.02%,69.14%,,,,,,,,,,,,95.58%,,,,,,,,,,,,,,,,,,,
2026-07-01 18:30,,,,,,,,,,,,,44.99%,27.30%,,,,22.08%,,,,,75.16%,,,,,88.04%,69.51%,,,,,,,,,,,,95.51%,,,,,,,,,,,,,,,,,,,
2026-07-01 19:30,,,,,,,,,,,,,53.38%,27.62%,,,,30.11%,,,,,75.20%,,,,,88.69%,69.49%,,,,,,,,,,,,95.59%,,,,,,,,,,,,,,,,,,,
2026-07-01 20:30,,,,,,,,,,,,,,27.99%,,,,,,,,,75.07%,,,,,,69.65%,,,,,,,,,,,,,,,,,,,,,,,,,,,,,,,
2026-07-01 21:30,,,,,,,,,,,,,,28.30%,,,,,,,,,75.14%,,,,,,69.67%,,,,,,,,,,,,,,,,,,,,,,,,,,,,,,,
2026-07-01 22:30,,,,,,,,,,,,,,28.53%,,,,,,,,,75.10%,,,,,,69.78%,,,,,,,,,,,,,,,,,,,,,,,,,,,,,,,
2026-07-01 23:30,,,,,,,,,,,,,,28.14%,,,,,,,,,75.39%,,,,,,69.75%,,,,,,,,,,,,,,,,,,,,,,,,,,,,,,,
2026-07-02 00:30,,,,,,,,,,,,,,29.24%,,,,,,,,,75.58%,,,,,,70.01%,,,,,,,,,,,,,,,,,,,,,,,,,,,,,,,
2026-07-02 01:30,,,,,,,,,,,,,,29.42%,,,,,,,,,75.46%,,,,,,70.10%,,,,,,,,,,,,,,,,,,,,,,,,,,,,,,,
2026-07-02 02:30,,,,,,,,,,,,,,29.61%,,,,,,,,,75.52%,,,,,,70.26%,,,,,,,,,,,,,,,,,,,,,,,,,,,,,,,
2026-07-02 03:30,,,,,,,,,,,,,,33.77%,,,,,,,,,75.49%,,,,,,70.34%,,,,,,,,,,,,,,,,,,,,,,,,,,,,,,,
2026-07-02 04:30,,,,,,,,,,,,,,30.21%,,,,,,,,,75.17%,,,,,,70.11%,,,,,,,,,,,,,,,,,,,,,,,,,,,,,,,
2026-07-02 05:30,,,,,,,,,,,,,,29.58%,,,,,,,,,75.16%,,,,,,70.24%,,,,,,,,,,,,,,,,,,,,,,,,,,,,,,,
2026-07-02 06:30,,,,,,,,,,,,,,25.20%,,,,,,,,,75.25%,,,,,,69.89%,,,,,,,,,,,,,,,,,,,,,,,,,,,,,,,
2026-07-02 07:30,,,,,,,,,,,,,,25.36%,,,,,,,,,75.46%,,,,,,70.03%,,,,,,,,,,,,,,,,,,,,,,,,,,,,,,,
2026-07-02 08:30,,,,,,,,10.66%,,,,,,25.58%,,,,,,,,,75.41%,,,,,,70.11%,,,,,,,,,,,,,,,,,,,,,85.20%,,,,,,,,,,
2026-07-02 09:30,,,,,,,,1.58%,,,,,,25.83%,,,,,,,,,75.29%,,,,,,70.26%,,,,,,,,,,,,,,,,,,,,,85.51%,,,,,,,,,,
2026-07-02 10:30,,,,,,,,,,,,,,26.14%,,,,,,,,,75.27%,,,,,,70.28%,,,,,,,,,,,,,,,,,,,,,,,,,,,,,,,
2026-07-02 11:30,,,,,,,,,,,,,,26.48%,,,,,,,,,75.31%,,,,,94.42%,70.21%,,,,,,,,,,,,96.23%,,,,,,,,,,,,,,,,,,,
2026-07-02 12:30,,,,,,,,,,,,,,26.74%,,,,,,,,,75.27%,,,,,89.06%,70.37%,,,,,,,,,,,,96.24%,,,,,,,,,,,,,,,,,,,
2026-07-02 13:30,,,,,,,,,,,,,,26.74%,,,,,,,,,75.49%,,,,,83.89%,70.38%,,,,,,,,,,,,96.17%,,,,,,,,,,,,,,,,,,,
2026-07-02 14:30,,,,,,,,,,,,,,27.23%,,,,,,,,,75.40%,,,,,83.94%,70.61%,,,,,,,,,,,,96.35%,,,,,,,,,,,,,,,,,,,
2026-07-02 15:30,,,,,,,,,,,,,,27.38%,,,,,,,,,75.44%,,,,,92.51%,70.56%,,,,,,,,,,,,96.28%,,,,,,,,,,,,,,,,,,,
2026-07-02 16:30,,,,,,,,,,,,,,25.03%,,,,,,,,,75.47%,,,,,88.75%,70.62%,,,,,,,,,,,,96.07%,,,,,,,,,,,,,,,,,,,
2026-07-02 17:30,,,,,,,,,,,,,,24.87%,,,,,,,,,75.47%,,,,,90.24%,70.60%,,,,,,,,,,,,96.19%,,,,,,,,,,,,,,,,,,,
2026-07-02 18:30,,,,,,,,,,,,,50.85%,25.21%,,,,24.15%,,,,,75.41%,,,,,92.22%,70.50%,,,,,,,,,,,,96.35%,,,,,,,,,,,,,,,,,,,
2026-07-02 19:30,,,,,,,,,,,,,50.82%,25.68%,,,,20.58%,,,,,75.37%,,,,,90.52%,70.49%,,,,,,,,,,,,96.32%,,,,,,,,,,,,,,,,,,,
2026-07-02 20:30,,,,,,,,,,,,,,25.97%,,,,,,,,,75.39%,,,,,,70.56%,,,,,,,,,,,,,,,,,,,,,,,,,,,,,,,
2026-07-02 21:30,,,,,,,,,,,,,,26.30%,,,,,,,,,75.52%,,,,,,70.69%,,,,,,,,,,,,,,,,,,,,,,,,,,,,,,,
2026-07-02 22:30,,,,,,,,,,,,,,26.31%,,,,,,,,,75.34%,,,,,,70.83%,,,,,,,,,,,,,,,,,,,,,,,,,,,,,,,
2026-07-02 23:30,,,,,,,,,,,,,,26.91%,,,,,,,,,75.52%,,,,,,71.08%,,,,,,,,,,,,,,,,,,,,,,,,,,,,,,,
2026-07-03 00:30,,,,,,,,,,,,,,27.30%,,,,,,,,,75.47%,,,,,,71.00%,,,,,,,,,,,,,,,,,,,,,,,,,,,,,,,
2026-07-03 01:30,,,,,,,,,,,,,,27.43%,,,,,,,,,75.37%,,,,,,71.16%,,,,,,,,,,,,,,,,,,,,,,,,,,,,,,,
2026-07-03 02:30,,,,,,,,,,,,,,37.70%,,,,,,,,,75.61%,,,,,,69.88%,,,,,,,,,,,,,,,,,,,,,,,,,,,,,,,
2026-07-03 03:30,,,,,,,,,,,,,,27.95%,,,,,,,,,74.91%,,,,,,67.80%,,,,,,,,,,,,,,,,,,,,,,,,,,,,,,,
2026-07-03 04:30,,,,,,,,,,,,,,31.79%,,,,,,,,,75.07%,,,,,,68.13%,,,,,,,,,,,,,,,,,,,,,,,,,,,,,,,
2026-07-03 05:30,,,,,,,,,,,,,,31.02%,,,,,,,,,75.06%,,,,,,68.37%,,,,,,,,,,,,,,,,,,,,,,,,,,,,,,,
2026-07-03 06:30,,,,,,,,,,,,,,39.22%,,,,,,,,,75.04%,,,,,,68.30%,,,,,,,,,,,,,,,,,,,,,,,,,,,,,,,
2026-07-03 07:30,,,,,,,,,,,,,,30.63%,,,,,,,,,75.23%,,,,,,68.48%,,,,,,,,,,,,,,,,,,,,,,,,,,,,,,,
2026-07-03 08:30,,,,,,,,10.57%,,,,,,29.52%,,,,,,,,,75.12%,,,,,,68.58%,,,,,,,,,,,,,,,,,,,,,85.27%,,,,,,,,,,
2026-07-03 09:30,,,,,,,,2.34%,,,,,,29.82%,,,,,,,,,75.13%,,,,,,68.49%,,,,,,,,,,,,,,,,,,,,,85.34%,,,,,,,,,,
2026-07-03 10:30,,,,,,,,,,,,,,30.06%,,,,,,,,,75.09%,,,,,,68.71%,,,,,,,,,,,,,,,,,,,,,,,,,,,,,,,
2026-07-03 11:30,,,,,,,,,,,,,64.06%,30.42%,,,,20.90%,,,,,75.17%,,,,,91.32%,68.61%,,,,,,,,,,,,96.17%,,,,,,,,,,,,,,,,,,,
2026-07-03 12:30,,,,,,,,,,,,,79.86%,30.89%,,,,11.57%,,,,,75.15%,,,,,86.24%,68.97%,,,,,,,,,,,,96.16%,,,,,,,,,,,,,,,,,,,
2026-07-03 13:30,,,,,,,,,,,,,,31.23%,,,,,,,,,75.17%,,,,,88.86%,68.94%,,,,,,,,,,,,96.33%,,,,,,,,,,,,,,,,,,,
2026-07-03 14:30,,,,,,,,,,,,,,31.58%,,,,,,,,,75.27%,,,,,87.06%,69.12%,,,,,,,,,,,,95.99%,,,,,,,,,,,,,,,,,,,
2026-07-03 15:30,,,,,,,,,,,,,,31.95%,,,,,,,,,75.32%,,,,,92.07%,69.26%,,,,,,,,,,,,95.42%,,,,,,,,,,,,,,,,,,,
2026-07-03 16:30,,,,68.67%,,,,,,,,,,31.94%,,,,,,,,,75.19%,,,,,90.64%,69.42%,,,,,,,,,,,,95.78%,,,,,,,,,,,,,,,,,,,
2026-07-03 17:30,,,,40.63%,,,,,,,,,,29.59%,,,,,,,,,75.23%,,,,,88.92%,68.93%,,,,,,,,,,,,95.71%,,,,,,,,,,,,,,,,,,,
2026-07-03 18:30,,,,48.76%,,,,,,,,,,32.29%,,,,,,,,,75.24%,,,,,90.55%,69.38%,,,,,,,,,,,,95.65%,,,,,,,,,,,,,,,,,,,
2026-07-03 19:30,,,,46.59%,,,,,,,,,,31.76%,,,,,,,,,75.30%,,,,,90.90%,69.47%,,,,,,,,,,,,95.76%,,,,,,,,,,,,,,,,,,,
2026-07-03 20:30,,,,,,,,,,,,,,32.83%,,,,,,,,,75.24%,,,,,89.25%,69.62%,,,,,,,,,,,,95.84%,,,,,,,,,,,,,,,,,,,
2026-07-03 21:30,,,,,,,,,,,,,,32.88%,,,,,,,,,75.35%,,,,,,69.76%,,,,,,,,,,,,,,,,,,,,,,,,,,,,,,,
2026-07-03 22:30,,,,,,,,,,,,,,33.16%,,,,,,,,,75.29%,,,,,,69.83%,,,,,,,,,,,,,,,,,,,,,,,,,,,,,,,
2026-07-03 23:30,,,,,,,,,,,,,,33.36%,,,,,,,,,75.65%,,,,,,69.92%,,,,,,,,,,,,,,,,,,,,,,,,,,,,,,,
2026-07-04 00:30,,,,,,,,,,,,,,33.80%,,,,,,,,,75.66%,,,,,,69.95%,,,,,,,,,,,,,,,,,,,,,,,,,,,,,,,
2026-07-04 01:30,,,,,,,,,,,,,,33.84%,,,,,,,,,75.61%,,,,,,70.08%,,,,,,,,,,,,,,,,,,,,,,,,,,,,,,,
2026-07-04 02:30,,,,,,,,,,,,,,34.90%,,,,,,,,,75.52%,,,,,,70.33%,,,,,,,,,,,,,,,,,,,,,,,,,,,,,,,
2026-07-04 03:30,,,,,,,,,,,,,,39.19%,,,,,,,,,75.32%,,,,,,70.07%,,,,,,,,,,,,,,,,,,,,,,,,,,,,,,,
2026-07-04 04:30,,,,,,,,,,,,,,34.73%,,,,,,,,,75.27%,,,,,,69.77%,,,,,,,,,,,,,,,,,,,,,,,,,,,,,,,
2026-07-04 05:30,,,,,,,,,,,,,,26.19%,,,,,,,,,75.34%,,,,,,68.94%,,,,,,,,,,,,,,,,,,,,,,,,,,,,,,,
2026-07-04 06:30,,,,,,,,,,,,,,25.48%,,,,,,,,,75.33%,,,,,,69.18%,,,,,,,,,,,,,,,,,,,,,,,,,,,,,,,
2026-07-04 07:30,,,,,,,,,,,,,,25.70%,,,,,,,,,75.33%,,,,,,69.27%,,,,,,,,,,,,,,,,,,,,,,,,,,,,,,,
2026-07-04 08:30,,,,,,,,7.79%,,,,,,26.13%,,,,,,,,,75.29%,,,,,,69.26%,,,,,,,,,,,,,,,,,,,,,85.56%,,,,,,,,,,
2026-07-04 09:30,,,,,,,,1.43%,,,,,,26.28%,,,,,,,,,75.37%,,,,,,69.22%,,,,,,,,,,,,,,,,,,,,,85.49%,,,,,,,,,,
2026-07-04 10:30,,,,,,,,,,,,,,26.51%,,,,,,,,,75.16%,,,,,,69.12%,,,,,,,,,,,,,,,,,,,,,,,,,,,,,,,
2026-07-04 11:30,,,,,,,,,,,,,,26.99%,,,,,,,,,75.27%,,,,,,69.22%,,,,,,,,,,,,,,,,,,,,,,,,,,,,,,,
2026-07-04 12:30,,,,,,,,,,,,,,27.11%,,,,,,,,,75.11%,,,,,,69.53%,,,,,,,,,,,,,,,,,,,,,,,,,,,,,,,
2026-07-04 13:30,,,,,,,,,,,,,,27.54%,,,,,,,,,75.21%,,,,,,69.55%,,,,,,,,,,,,,,,,,,,,,,,,,,,,,,,
2026-07-04 14:30,,,,,,,,,,,,,,27.80%,,,,,,,,,75.16%,,,,,,69.60%,,,,,,,,,,,,,,,,,,,,,,,,,,,,,,,
2026-07-04 15:30,,,,,,,,,,,,,,27.98%,,,,,,,,,75.19%,,,,,,69.75%,,,,,,,,,,,,,,,,,,,,,,,,,,,,,,,
2026-07-04 16:30,,,,,,,,,,,,,,28.01%,,,,,,,,,75.13%,,,,,,69.75%,,,,,,,,,,,,,,,,,,,,,,,,,,,,,,,
2026-07-04 17:30,,,,,,,,,,,,,,28.43%,,,,,,,,,75.20%,,,,,,69.77%,,,,,,,,,,,,,,,,,,,,,,,,,,,,,,,
2026-07-04 18:30,,,,,,,,,,,,,,28.70%,,,,,,,,,75.16%,,,,,,69.90%,,,,,,,,,,,,,,,,,,,,,,,,,,,,,,,
2026-07-04 19:30,,,,,,,,,,,,,,29.12%,,,,,,,,,75.18%,,,,,,70.32%,,,,,,,,,,,,,,,,,,,,,,,,,,,,,,,
2026-07-04 20:30,,,,,,,,,,,,,,29.41%,,,,,,,,,75.13%,,,,,,70.69%,,,,,,,,,,,,,,,,,,,,,,,,,,,,,,,
2026-07-04 21:30,,,,,,,,,,,,,,29.66%,,,,,,,,,75.22%,,,,,,70.92%,,,,,,,,,,,,,,,,,,,,,,,,,,,,,,,
2026-07-04 22:30,,,,,,,,,,,,,,29.87%,,,,,,,,,75.15%,,,,,,70.98%,,,,,,,,,,,,,,,,,,,,,,,,,,,,,,,
2026-07-04 23:30,,,,,,,,,,,,,,30.67%,,,,,,,,,75.44%,,,,,,70.38%,,,,,,,,,,,,,,,,,,,,,,,,,,,,,,,
2026-07-05 00:30,,,,,,,,,,,,,,30.47%,,,,,,,,,75.55%,,,,,,69.80%,,,,,,,,,,,,,,,,,,,,,,,,,,,,,,,
2026-07-05 01:30,,,,,,,,,,,,,,30.60%,,,,,,,,,75.39%,,,,,,69.14%,,,,,,,,,,,,,,,,,,,,,,,,,,,,,,,
2026-07-05 02:30,,,,,,,,,,,,,,31.08%,,,,,,,,,75.49%,,,,,,69.25%,,,,,,,,,,,,,,,,,,,,,,,,,,,,,,,
2026-07-05 03:30,,,,,,,,,,,,,,34.07%,,,,,,,,,75.55%,,,,,,69.20%,,,,,,,,,,,,,,,,,,,,,,,,,,,,,,,
2026-07-05 04:30,,,,,,,,,,,,,,31.24%,,,,,,,,,75.58%,,,,,,69.04%,,,,,,,,,,,,,,,,,,,,,,,,,,,,,,,
2026-07-05 05:30,,,,,,,,,,,,,,31.75%,,,,,,,,,75.61%,,,,,,69.15%,,,,,,,,,,,,,,,,,,,,,,,,,,,,,,,
2026-07-05 06:30,,,,,,,,,,,,,,32.08%,,,,,,,,,75.72%,,,,,,69.42%,,,,,,,,,,,,,,,,,,,,,,,,,,,,,,,
2026-07-05 07:30,,,,,,,,,,,,,,31.81%,,,,,,,,,75.84%,,,,,,69.47%,,,,,,,,,,,,,,,,,,,,,,,,,,,,,,,
2026-07-05 08:30,,,,,,,,5.69%,,,,,,31.87%,,,,,,,,,75.72%,,,,,,69.43%,,,,,,,,,,,,,,,,,,,,,85.43%,,,,,,,,,,
2026-07-05 09:30,,,,,,,,1.66%,,,,,,32.54%,,,,,,,,,75.73%,,,,,,69.56%,,,,,,,,,,,,,,,,,,,,,85.39%,,,,,,,,,,
2026-07-05 10:30,,,,,,,,,,,,,,32.68%,,,,,,,,,75.50%,,,,,,69.47%,,,,,,,,,,,,,,,,,,,,,,,,,,,,,,,
2026-07-05 11:30,,,,,,,,,,,,,,32.75%,,,,,,,,,75.55%,,,,,,69.53%,,,,,,,,,,,,,,,,,,,,,,,,,,,,,,,
2026-07-05 12:30,,,,,,,,,,,,,,32.82%,,,,,,,,,75.53%,,,,,,69.57%,,,,,,,,,,,,,,,,,,,,,,,,,,,,,,,
2026-07-05 13:30,,,,,,,,,,,,,,33.31%,,,,,,,,,75.60%,,,,,,69.79%,,,,,,,,,,,,,,,,,,,,,,,,,,,,,,,
2026-07-05 14:30,,,,,,,,,,,,,,33.60%,,,,,,,,,75.56%,,,,,,69.73%,,,,,,,,,,,,,,,,,,,,,,,,,,,,,,,
2026-07-05 15:30,,,,,,,,,,,,,,33.28%,,,,,,,,,75.67%,,,,,,69.65%,,,,,,,,,,,,,,,,,,,,,,,,,,,,,,,
2026-07-05 16:30,,,,,,,,,,,,,,33.88%,,,,,,,,,75.56%,,,,,,69.78%,,,,,,,,,,,,,,,,,,,,,,,,,,,,,,,
2026-07-05 17:30,,,,,,,,,,,,,,34.12%,,,,,,,,,75.58%,,,,,,69.81%,,,,,,,,,,,,,,,,,,,,,,,,,,,,,,,
2026-07-05 18:30,,,,,,,,,,,,,,34.57%,,,,,,,,,75.54%,,,,,,69.85%,,,,,,,,,,,,,,,,,,,,,,,,,,,,,,,
2026-07-05 19:30,,,,,,,,,,,,,,30.58%,,,,,,,,,75.59%,,,,,,69.58%,,,,,,,,,,,,,,,,,,,,,,,,,,,,,,,
2026-07-05 20:30,,,,,,,,,,,,,,25.41%,,,,,,,,,75.53%,,,,,,69.06%,,,,,,,,,,,,,,,,,,,,,,,,,,,,,,,
2026-07-05 21:30,,,,,,,,,,,,,,25.65%,,,,,,,,,75.60%,,,,,,69.17%,,,,,,,,,,,,,,,,,,,,,,,,,,,,,,,
2026-07-05 22:30,,,,,,,,,,,,,,25.71%,,,,,,,,,75.55%,,,,,,69.10%,,,,,,,,,,,,,,,,,,,,,,,,,,,,,,,
2026-07-05 23:30,,,,,,,,,,,,,,25.99%,,,,,,,,,75.78%,,,,,,69.21%,,,,,,,,,,,,,,,,,,,,,,,,,,,,,,,
2026-07-06 00:30,,,,,,,,,,,,,,26.52%,,,,,,,,,75.96%,,,,,,69.34%,,,,,,,,,,,,,,,,,,,,,,,,,,,,,,,
2026-07-06 01:30,,,,,,,,,,,,,,26.83%,,,,,,,,,75.70%,,,,,,69.32%,,,,,,,,,,,,,,,,,,,,,,,,,,,,,,,
2026-07-06 02:30,,,,,,,,,,,,,,30.14%,,,,,,,,,75.69%,,,,,,69.45%,,,,,,,,,,,,,,,,,,,,,,,,,,,,,,,
2026-07-06 03:30,,,,,,,,,,,,,,25.36%,,,,,,,,,75.74%,,,,,,69.21%,,,,,,,,,,,,,,,,,,,,,,,,,,,,,,,
2026-07-06 04:30,,,,,,,,,,,,,,25.66%,,,,,,,,,75.67%,,,,,,69.31%,,,,,,,,,,,,,,,,,,,,,,,,,,,,,,,
2026-07-06 05:30,,,,,,,,,,,,,,26.00%,,,,,,,,,75.81%,,,,,,69.43%,,,,,,,,,,,,,,,,,,,,,,,,,,,,,,,
2026-07-06 06:30,,,,,,,,,,,,,,26.07%,,,,,,,,,75.66%,,,,,,69.53%,,,,,,,,,,,,,,,,,,,,,,,,,,,,,,,
2026-07-06 07:30,,,,,,,,,,,,,,26.31%,,,,,,,,,75.75%,,,,,,69.69%,,,,,,,,,,,,,,,,,,,,,,,,,,,,,,,
2026-07-06 08:30,,,,,,,,9.75%,,,,,,26.51%,,,,,,,,,75.74%,,,,,,69.60%,,,,,,,,,,,,,,,,,,,,,85.34%,,,,,,,,,,
2026-07-06 09:30,,,,,,,,1.64%,,,,,,26.88%,,,,,,,,,75.91%,,,,,,69.65%,,,,,,,,,,,,,,,,,,,,,85.43%,,,,,,,,,,
2026-07-06 10:30,,,,,,,,,,,,,,27.31%,,,,,,,,,75.77%,,,,,93.46%,69.79%,,,,,,,,,,,,96.70%,,,,,,,,,,,,,,,,,,,
2026-07-06 11:30,,,,,,,,,,,,,,27.58%,,,,,,,,,75.84%,,,,,86.86%,69.68%,,,,,,,,,,,,96.48%,,,,,,,,,,,,,,,,,,,
2026-07-06 12:30,,,,,,,,,,,,,,27.93%,,,,,,,,,75.66%,,,,,86.11%,69.79%,,,,,,,,,,,,96.50%,,,,,,,,,,,,,,,,,,,
2026-07-06 13:30,,,,38.29%,,,,,,,,,,24.87%,,,,,,,,,75.68%,,,,,87.45%,69.10%,,,,,,,,,,,,96.61%,,,,,,,,,,,,,,,,,,,
2026-07-06 14:30,,,,52.19%,,,,,,,,,,21.12%,,,,,,,,,75.68%,,,,,86.16%,68.97%,,,,,,,,,,,,96.51%,,,,,,,,,,,,,,,,,,,
2026-07-06 15:30,,,,44.88%,,,,,,,,,,9.75%,,,,,,,,,75.76%,,,,,89.45%,60.91%,,,,,,,,,,,,96.54%,,,,,,,,,,,,,,,,,,,
2026-07-06 16:30,,,,41.22%,,,,,,,,,,10.16%,,,,,,,,,75.66%,,,,,87.56%,61.67%,,,,,,,,,,,,96.66%,,,,,,,,,,,,,,,,,,,
2026-07-06 17:30,,,,37.52%,,,,,,,,,,20.64%,,,,,,,,,75.78%,,,,,87.32%,66.91%,,,,,,,,,,,,96.55%,,,,,,,,,,,,,,,,,,,
2026-07-06 18:30,,,,36.43%,,,,,,,,,,20.72%,,,,,,,,,75.65%,,,,,,67.30%,,,,,,,,,,,,,,,,,,,,,,,,,,,,,,,
2026-07-06 19:30,,,,36.46%,,,,,,,,,,25.12%,,,,,,,,,75.70%,,,,,,68.56%,,,,,,,,,,,,,,,,,,,,,,,,,,,,,,,
2026-07-06 20:30,,,,,,,,,,,,,,36.03%,,,,,,,,,75.67%,,,,,,68.25%,,,,,,,,,,,,,,,,,,,,,,,,,,,,,,,
2026-07-06 21:30,,,,,,,,,,,,,,29.91%,,,,,,,,,74.43%,,,,,,68.79%,,,,,,,,,,,,,,,,,,,,,,,,,,,,,,,
2026-07-06 22:30,,,,,,,,,,,,,,32.59%,,,,,,,,,74.52%,,,,,,68.91%,,,,,,,,,,,,,,,,,,,,,,,,,,,,,,,
2026-07-06 23:30,,,,,,,,,,,,,,30.67%,,,,,,,,,74.39%,,,,,,69.22%,,,,,,,,,,,,,,,,,,,,,,,,,,,,,,,
2026-07-07 00:30,,,,,,,,,,,,,,31.20%,,,,,,,,,74.49%,,,,,,69.53%,,,,,,,,,,,,,,,,,,,,,,,,,,,,,,,
2026-07-07 01:30,,,,,,,,,,,,,,27.50%,,,,,,,,,74.46%,,,,,,69.34%,,,,,,,,,,,,,,,,,,,,,,,,,,,,,,,
2026-07-07 02:30,,,,,,,,,,,,,,26.20%,,,,,,,,,74.13%,,,,,,69.44%,,,,,,,,,,,,,,,,,,,,,,,,,,,,,,,
2026-07-07 03:30,,,,,,,,,,,,,,33.32%,,,,,,,,,73.71%,,,,,,69.04%,,,,,,,,,,,,,,,,,,,,,,,,,,,,,,,
2026-07-07 04:30,,,,,,,,,,,,,,26.10%,,,,,,,,,73.70%,,,,,,67.31%,,,,,,,,,,,,,,,,,,,,,,,,,,,,,,,
2026-07-07 05:30,,,,,,,,,,,,,,26.58%,,,,,,,,,73.63%,,,,,,67.74%,,,,,,,,,,,,,,,,,,,,,,,,,,,,,,,
2026-07-07 06:30,,,,,,,,,,,,,,26.67%,,,,,,,,,73.54%,,,,,,68.05%,,,,,,,,,,,,,,,,,,,,,,,,,,,,,,,
2026-07-07 07:30,,,,,,,,,,,,,,26.97%,,,,,,,,,73.58%,,,,,,68.12%,,,,,,,,,,,,,,,,,,,,,,,,,,,,,,,
2026-07-07 08:30,,,,,,,,8.39%,,,,,,27.30%,,,,,,,,,73.59%,,,,,,68.27%,,,,,,,,,,,,,,,,,,,,,85.44%,,,,,,,,,,
2026-07-07 09:30,,,,,,,,3.34%,,,,,,27.46%,,,,,,,,,73.75%,,,,,,68.42%,,,,,,,,,,,,,,,,,,,,,85.63%,,,,,,,,,,
2026-07-07 10:30,,,,,,,,,,,,,,27.80%,,,,,,,,,73.62%,,,,,,68.50%,,,,,,,,,,,,,,,,,,,,,,,,,,,,,,,
2026-07-07 11:30,,,,,,,,,,,,,,28.11%,,,,,,,,,73.56%,,,,,91.69%,68.61%,,,,,,,,,,,,96.65%,,,,,,,,,,,,,,,,,,,
2026-07-07 12:30,,,,,,,,,,,,,,28.17%,,,,,,,,,73.65%,,,,,88.44%,68.47%,,,,,,,,,,,,96.75%,,,,,,,,,,,,,,,,,,,
2026-07-07 13:30,,,,,,,,,,,,,,28.59%,,,,,,,,,73.66%,,,,,84.45%,68.73%,,,,,,,,,,,,96.69%,,,,,,,,,,,,,,,,,,,
2026-07-07 14:30,,,,,,,,,,,,,,29.04%,,,,,,,,,73.61%,,,,,86.29%,68.91%,,,,,,,,,,,,96.80%,,,,,,,,,,,,,,,,,,,
2026-07-07 15:30,,,,,,,,,,,,,16.09%,29.23%,,,,,,,,,73.70%,,,,,86.32%,68.93%,,,,,,,,,,,,96.70%,,,,,,,,,,,,,,,,,,,
2026-07-07 16:30,,,,,,,,,,,,,19.26%,29.44%,,,,57.59%,,,,,73.62%,,,,,84.07%,69.07%,,,,,,,,,,,,96.77%,,,,,,,,,,,,,,,,,,,
2026-07-07 17:30,,,,,,,,,,,,,20.64%,33.30%,,,,50.60%,,,,,73.66%,,,,,81.12%,68.45%,,,,,,,,,,,,97.06%,,,,,,,,,,,,,,,,,,,
2026-07-07 18:30,,,,,,,,,,,,,,29.70%,,,,,,,,,73.01%,,,,,84.24%,67.86%,,,,,,,,,,,,97.29%,,,,,,,,,,,,,,,,,,,
2026-07-07 19:30,,,,,,,,,,,,,,30.19%,,,,,,,,,73.24%,,,,,86.58%,66.89%,,,,,,,,,,,,96.90%,,,,,,,,,,,,,,,,,,,
2026-07-07 20:30,,,,,,,,,,,,,,30.67%,,,,,,,,,73.23%,,,,,87.65%,66.98%,,,,,,,,,,,,96.99%,,,,,,,,,,,,,,,,,,,
2026-07-07 21:30,,,,,,,,,,,,,,30.91%,,,,,,,,,73.38%,,,,,83.21%,67.13%,,,,,,,,,,,,96.79%,,,,,,,,,,,,,,,,,,,
2026-07-07 22:30,,,,,,,,,,,,,,30.99%,,,,,,,,,73.27%,,,,,84.51%,67.15%,,,,,,,,,,,,95.89%,,,,,,,,,,,,,,,,,,,
2026-07-07 23:30,,,,,,,,,,,,,,31.02%,,,,,,,,,73.56%,,,,,84.49%,67.30%,,,,,,,,,,,,95.87%,,,,,,,,,,,,,,,,,,,
2026-07-08 00:30,,,,,,,,,,,,,,31.57%,,,,,,,,,73.72%,,,,,85.52%,67.43%,,,,,,,,,,,,95.99%,,,,,,,,,,,,,,,,,,,
2026-07-08 01:30,,,,,,,,,,,,,,31.39%,,,,,,,,,73.72%,,,,,86.08%,67.62%,,,,,,,,,,,,96.07%,,,,,,,,,,,,,,,,,,,
2026-07-08 02:30,,,,,,,,,,,,,,31.89%,,,,,,,,,73.26%,,,,,86.63%,67.68%,,,,,,,,,,,,95.96%,,,,,,,,,,,,,,,,,,,
2026-07-08 03:30,,,,,,,,,,,,,,37.89%,,,,,,,,,72.82%,,,,,87.14%,66.29%,,,,,,,,,,,,96.10%,,,,,,,,,,,,,,,,,,,
2026-07-08 04:30,,,,,,,,,,,,,,32.47%,,,,,,,,,72.77%,,,,,87.48%,65.77%,,,,,,,,,,,,96.21%,,,,,,,,,,,,,,,,,,,
2026-07-08 05:30,,,,,,,,,,,,,,32.83%,,,,,,,,,72.83%,,,,,87.69%,65.82%,,,,,,,,,,,,96.18%,,,,,,,,,,,,,,,,,,,
2026-07-08 06:30,,,,,,,,,,,,,,32.77%,,,,,,,,,72.74%,,,,,88.81%,65.85%,,,,,,,,,,,,96.15%,,,,,,,,,,,,,,,,,,,
2026-07-08 07:30,,,,,,,,,,,,,,33.09%,,,,,,,,,72.84%,,,,,89.76%,66.10%,,,,,,,,,,,,96.17%,,,,,,,,,,,,,,,,,,,
2026-07-08 08:30,,,,,,,,6.75%,,,,,,34.52%,,,,,,,,,72.89%,,,,,90.66%,66.27%,,,,,,,,,,,,96.11%,,,,,,,,,86.15%,,,,,,,,,,
2026-07-08 09:30,,,,,,,,1.39%,,,,,,33.80%,,,,,,,,,73.11%,,,,,91.66%,66.54%,,,,,,,,,,,,96.03%,,,,,,,,,86.18%,,,,,,,,,,
2026-07-08 10:30,,,,,,,,,,,,,,33.82%,,,,,,,,,72.84%,,,,,89.96%,66.55%,,,,,,,,,,,,96.19%,,,,,,,,,,,,,,,,,,,
2026-07-08 11:30,,,,,,,,,,,,,,33.81%,,,,,,,,,72.91%,,,,,90.52%,66.40%,,,,,,,,,,,,96.31%,,,,,,,,,,,,,,,,,,,
2026-07-08 12:30,,,,43.10%,,,,9.61%,,,,,,40.76%,,,,,,,,,72.89%,,,,,86.42%,65.44%,,,,,,,,,,,,96.33%,,,,,,,,,86.77%,,,,,,,,,,
2026-07-08 13:30,,,,35.86%,,,,3.63%,,,,,13.26%,24.93%,,,,79.59%,,,,,72.93%,,,,,78.73%,65.29%,,,,,,,,,,,,96.22%,,,,,,,,,86.75%,,,,,,,,,,
2026-07-08 14:30,,,,36.36%,,,,3.55%,,,,,,24.99%,,,,,,,,,72.86%,,,,,78.86%,65.24%,,,,,,,,,,,,96.17%,,,,,,,,,86.77%,,,,,,,,,,
2026-07-08 15:30,,,,37.89%,,,,3.13%,,,,,,24.81%,,,,,,,,,72.86%,,,,,85.84%,65.13%,,,,,,,,,,,,96.26%,,,,,,,,,86.78%,,,,,,,,,,
2026-07-08 16:30,,,,39.35%,,,,4.33%,,,,,30.12%,24.91%,,,,,,,,,72.81%,,,,,85.80%,65.36%,,,,,,,,,,,,96.16%,,,,,,,,,86.79%,,,,,,,,,,
2026-07-08 17:30,,,,38.36%,,,,3.15%,,,,,,25.11%,,,,,,,,,72.78%,,,,,85.87%,65.30%,,,,,,,,,,,,96.21%,,,,,,,,,86.76%,,,,,,,,,,
2026-07-08 18:30,,,,45.75%,,,,3.17%,,,,,,30.31%,,,,,,,,,72.73%,,,,,86.20%,66.43%,,,,,,,,,,,,96.32%,,,,,,,,,86.76%,,,,,,,,,,
2026-07-08 19:30,,,,53.16%,,,,2.87%,,,,,,35.12%,,,,,,,,,72.80%,,,,,86.38%,67.03%,,,,,,,,,,,,96.36%,,,,,,,,,86.77%,,,,,,,,,,
2026-07-08 20:30,,,,,,,,2.85%,,,,,,35.24%,,,,,,,,,72.73%,,,,,87.46%,67.17%,,,,,,,,,,,,96.12%,,,,,,,,,86.78%,,,,,,,,,,
2026-07-08 21:30,,,,,,,,,,,,,,35.40%,,,,,,,,,72.91%,,,,,94.66%,67.18%,,,,,,,,,,,,96.10%,,,,,,,,,,,,,,,,,,,
2026-07-08 22:30,,,,,,,,,,,,,,36.09%,,,,,,,,,72.89%,,,,,95.04%,67.38%,,,,,,,,,,,,96.29%,,,,,,,,,,,,,,,,,,,
2026-07-08 23:30,,,,,,,,,,,,,,36.29%,,,,,,,,,73.14%,,,,,94.97%,67.26%,,,,,,,,,,,,96.21%,,,,,,,,,,,,,,,,,,,
2026-07-09 00:30,,,,,,,,,,,,,,36.53%,,,,,,,,,73.27%,,,,,94.67%,67.41%,,,,,,,,,,,,96.24%,,,,,,,,,,,,,,,,,,,
2026-07-09 01:30,,,,,,,,,,,,,,36.26%,,,,,,,,,73.34%,,,,,93.65%,67.47%,,,,,,,,,,,,96.34%,,,,,,,,,,,,,,,,,,,
2026-07-09 02:30,,,,,,,,,,,,,,36.93%,,,,,,,,,73.27%,,,,,94.94%,67.62%,,,,,,,,,,,,96.42%,,,,,,,,,,,,,,,,,,,
2026-07-09 03:30,,,,,,,,,,,,,,40.04%,,,,,,,,,73.53%,,,,,91.76%,67.76%,,,,,,,,,,,,96.24%,,,,,,,,,,,,,,,,,,,
2026-07-09 04:30,,,,,,,,,,,,,,37.31%,,,,,,,,,73.38%,,,,,89.46%,67.60%,,,,,,,,,,,,96.01%,,,,,,,,,,,,,,,,,,,
2026-07-09 05:30,,,,,,,,,,,,,,37.93%,,,,,,,,,73.36%,,,,,88.96%,67.69%,,,,,,,,,,,,96.12%,,,,,,,,,,,,,,,,,,,
2026-07-09 06:30,,,,,,,,,,,,,,37.87%,,,,,,,,,73.38%,,,,,89.78%,67.83%,,,,,,,,,,,,96.08%,,,,,,,,,,,,,,,,,,,
2026-07-09 07:30,,,,,,,,,,,,,,38.39%,,,,,,,,,73.47%,,,,,89.96%,68.16%,,,,,,,,,,,,96.05%,,,,,,,,,,,,,,,,,,,
2026-07-09 08:30,,,,,,,,6.97%,,,,,,38.29%,,,,,,,,,73.38%,,,,,90.28%,68.15%,,,,,,,,,,,,96.16%,,,,,,,,,86.58%,,,,,,,,,,
2026-07-09 09:30,,,,,,,,1.34%,,,,,,49.72%,,,,,,,,,73.47%,,,,,91.73%,68.17%,,,,,,,,,,,,96.07%,,,,,,,,,86.38%,,,,,,,,,,
2026-07-09 10:30,,,,,,,,,,,,,,41.37%,,,,,,,,,73.51%,,,,,92.23%,68.07%,,,,,,,,,,,,95.83%,,,,,,,,,,,,,,,,,,,
2026-07-09 11:30,,,,,,,,,,,,,,39.50%,,,,,,,,,73.61%,,,,,94.60%,68.34%,,,,,,,,,,,,95.93%,,,,,,,,,,,,,,,,,,,
2026-07-09 12:30,,,,,,,,,,,,,,52.49%,,,,,,,,,73.39%,,,,,94.23%,68.27%,,,,,,,,,,,,96.04%,,,,,,,,,,,,,,,,,,,
2026-07-09 13:30,,,,,,,,,,,,,,39.46%,,,,,,,,,73.43%,,,,,91.15%,68.27%,,,,,,,,,,,,96.04%,,,,,,,,,,,,,,,,,,,
2026-07-09 14:30,,,,,,,,,,,,,,39.89%,,,,,,,,,73.43%,,,,,91.47%,68.55%,,,,,,,,,,,,95.99%,,,,,,,,,,,,,,,,,,,
2026-07-09 15:30,,,,,,,,,,,,,,53.04%,,,,,,,,,73.49%,,,,,90.72%,68.53%,,,,,,,,,,,,96.10%,,,,,,,,,,,,,,,,,,,
2026-07-09 16:30,,,,,,,,,,,,,,40.16%,,,,,,,,,73.55%,,,,,88.50%,68.60%,,,,,,,,,,,,96.21%,,,,,,,,,,,,,,,,,,,
2026-07-09 17:30,,,,,,,,,,,,,,40.51%,,,,,,,,,73.51%,,,,,88.02%,68.83%,,,,,,,,,,,,96.00%,,,,,,,,,,,,,,,,,,,
2026-07-09 18:30,,,,,,,,,,,,,,51.56%,,,,,,,,,73.50%,,,,,87.50%,69.03%,,,,,,,,,,,,96.01%,,,,,,,,,,,,,,,,,,,
2026-07-09 19:30,,,,,,,,,,,,,,40.76%,,,,,,,,,73.53%,,,,,87.72%,69.12%,,,,,,,,,,,,96.12%,,,,,,,,,,,,,,,,,,,
2026-07-09 20:30,,,,,,,,,,,,,,41.25%,,,,,,,,,73.46%,,,,,87.81%,69.28%,,,,,,,,,,,,96.14%,,,,,,,,,,,,,,,,,,,
2026-07-09 21:30,,,,,,,,40.53%,,,,,,41.34%,,,,,,,,,73.51%,,,,,88.30%,69.39%,,,,,,,,,,,,96.06%,,,,,,,,,87.61%,,,,,,,,,,
2026-07-09 22:30,,,,,,,,5.96%,,,,,,37.01%,,,,,,,,,73.46%,,,,,88.98%,68.84%,,,,,,,,,,,,95.88%,,,,,,,,,88.93%,,,,,,,,,,
2026-07-09 23:30,,,,,,,,2.69%,,,,,,25.34%,,,,,,,,,73.62%,,,,,89.50%,67.20%,,,,,,,,,,,,95.96%,,,,,,,,,88.95%,,,,,,,,,,
2026-07-10 00:30,,,,,,,,3.00%,,,,,,25.69%,,,,,,,,,73.73%,,,,,92.76%,67.30%,,,,,,,,,,,,95.85%,,,,,,,,,89.02%,,,,,,,,,,
2026-07-10 01:30,,,,,,,,,,,,,,25.84%,,,,,,,,,73.59%,,,,,93.96%,67.29%,,,,,,,,,,,,95.89%,,,,,,,,,,,,,,,,,,,
2026-07-10 02:30,,,,,,,,,,,,,,29.29%,,,,,,,,,73.66%,,,,,94.20%,67.58%,,,,,,,,,,,,96.03%,,,,,,,,,,,,,,,,,,,
2026-07-10 03:30,,,,,,,,,,,,,,26.60%,,,,,,,,,74.00%,,,,,94.44%,67.29%,,,,,,,,,,,,96.10%,,,,,,,,,,,,,,,,,,,
2026-07-10 04:30,,,,,,,,,,,,,,26.88%,,,,,,,,,73.98%,,,,,94.87%,67.17%,,,,,,,,,,,,95.98%,,,,,,,,,,,,,,,,,,,
2026-07-10 05:30,,,,,,,,,,,,,,26.84%,,,,,,,,,74.01%,,,,,92.28%,67.22%,,,,,,,,,,,,96.11%,,,,,,,,,,,,,,,,,,,
2026-07-10 06:30,,,,,,,,,,,,,,27.12%,,,,,,,,,74.02%,,,,,90.68%,67.36%,,,,,,,,,,,,96.20%,,,,,,,,,,,,,,,,,,,
2026-07-10 07:30,,,,,,,,,,,,,,27.72%,,,,,,,,,73.92%,,,,,90.43%,67.45%,,,,,,,,,,,,96.14%,,,,,,,,,,,,,,,,,,,
2026-07-10 08:30,,,,,,,,8.37%,,,,,,27.69%,,,,,,,,,73.91%,,,,,90.09%,67.46%,,,,,,,,,,,,96.16%,,,,,,,,,89.72%,,,,,,,,,,
2026-07-10 09:30,,,,,,,,1.43%,,,,,,27.93%,,,,,,,,,73.99%,,,,,90.40%,67.46%,,,,,,,,,,,,96.27%,,,,,,,,,89.49%,,,,,,,,,,
2026-07-10 10:30,,,,,,,,4.36%,,,,,,28.17%,,,,,,,,,73.79%,,,,,90.22%,67.48%,,,,,,,,,,,,96.31%,,,,,,,,,89.49%,,,,,,,,,,
2026-07-10 11:30,,,,,,,,1.52%,,,,,,28.42%,,,,,,,,,73.77%,,,,,95.01%,67.51%,,,,,,,,,,,,95.93%,,,,,,,,,89.48%,,,,,,,,,,
2026-07-10 12:30,,,,,,,,,,,,,,28.78%,,,,,,,,,73.77%,,,,,94.28%,67.75%,,,,,,,,,,,,96.04%,,,,,,,,,,,,,,,,,,,
2026-07-10 13:30,,,,,,,,,,,,,,29.34%,,,,,,,,,73.82%,,,,,95.11%,67.64%,,,,,,,,,,,,96.16%,,,,,,,,,,,,,,,,,,,
2026-07-10 14:30,,,,,,,,,,,,,,28.30%,,,,,,,,,73.74%,,,,,94.97%,67.52%,,,,,,,,,,,,96.11%,,,,,,,,,,,,,,,,,,,
2026-07-10 15:30,,,,,,,,,,,,,,25.54%,,,,,,,,,73.82%,,,,,94.86%,67.23%,,,,,,,,,,,,96.09%,,,,,,,,,,,,,,,,,,,
2026-07-10 16:30,,,,,,,,,,,,,,25.65%,,,,,,,,,73.79%,,,,,95.03%,67.25%,,,,,,,,,,,,96.20%,,,,,,,,,,,,,,,,,,,
2026-07-10 17:30,,,,,,,,,,,,,,26.51%,,,,,,,,,73.94%,,,,,92.44%,67.41%,,,,,,,,,,,,96.32%,,,,,,,,,,,,,,,,,,,
2026-07-10 18:30,,,,,,,,,,,,,,26.23%,,,,,,,,,73.78%,,,,,91.87%,67.59%,,,,,,,,,,,,96.15%,,,,,,,,,,,,,,,,,,,
2026-07-10 19:30,,,,,,,,,,,,,,26.43%,,,,,,,,,73.83%,,,,,92.43%,67.55%,,,,,,,,,,,,96.25%,,,,,,,,,,,,,,,,,,,
2026-07-10 20:30,,,,,,,,,,,,,,26.70%,,,,,,,,,73.78%,,,,,92.80%,67.59%,,,,,,,,,,,,96.36%,,,,,,,,,,,,,,,,,,,
2026-07-10 21:30,,,,,,,,,,,,,,26.99%,,,,,,,,,73.90%,,,,,93.02%,67.70%,,,,,,,,,,,,96.35%,,,,,,,,,,,,,,,,,,,
2026-07-10 22:30,,,,,,,,,,,,,,27.27%,,,,,,,,,73.88%,,,,,93.24%,67.95%,,,,,,,,,,,,96.26%,,,,,,,,,,,,,,,,,,,
2026-07-10 23:30,,,,,,,,,,,,,,28.00%,,,,,,,,,74.02%,,,,,93.81%,68.00%,,,,,,,,,,,,96.25%,,,,,,,,,,,,,,,,,,,
2026-07-11 00:30,,,,,,,,,,,,,,34.16%,,,,,,,,,74.13%,,,,,94.72%,68.12%,,,,,,,,,,,,96.13%,,,,,,,,,,,,,,,,,,,
2026-07-11 01:30,,,,,,,,,,,,,,32.60%,,,,,,,,,74.28%,,,,,94.96%,67.86%,,,,,,,,,,,,96.15%,,,,,,,,,,,,,,,,,,,
2026-07-11 02:30,,,,,,,,,,,,,,29.21%,,,,,,,,,74.02%,,,,,93.32%,68.07%,,,,,,,,,,,,96.13%,,,,,,,,,,,,,,,,,,,
2026-07-11 03:30,,,,,,,,,,,,,,25.49%,,,,,,,,,73.67%,,,,,93.55%,67.81%,,,,,,,,,,,,96.20%,,,,,,,,,,,,,,,,,,,
2026-07-11 04:30,,,,,,,,,,,,,,25.50%,,,,,,,,,73.67%,,,,,93.67%,67.77%,,,,,,,,,,,,96.18%,,,,,,,,,,,,,,,,,,,
2026-07-11 05:30,,,,,,,,,,,,,,26.00%,,,,,,,,,73.61%,,,,,93.73%,68.02%,,,,,,,,,,,,96.25%,,,,,,,,,,,,,,,,,,,
2026-07-11 06:30,,,,,,,,,,,,,,25.64%,,,,,,,,,73.56%,,,,,93.84%,68.05%,,,,,,,,,,,,96.25%,,,,,,,,,,,,,,,,,,,
2026-07-11 07:30,,,,,,,,,,,,,,25.51%,,,,,,,,,73.53%,,,,,93.92%,68.20%,,,,,,,,,,,,96.30%,,,,,,,,,,,,,,,,,,,
2026-07-11 08:30,,,,,,,,12.48%,,,,,,25.85%,,,,,,,,,73.40%,,,,,92.25%,68.24%,,,,,,,,,,,,96.29%,,,,,,,,,89.70%,,,,,,,,,,
2026-07-11 09:30,,,,,,,,1.86%,,,,,,25.92%,,,,,,,,,73.66%,,,,,92.37%,68.34%,,,,,,,,,,,,96.41%,,,,,,,,,90.16%,,,,,,,,,,
2026-07-11 10:30,,,,,,,,,,,,,,25.30%,,,,,,,,,73.59%,,,,,92.29%,68.41%,,,,,,,,,,,,96.50%,,,,,,,,,,,,,,,,,,,
2026-07-11 11:30,,,,,,,,,,,,,,25.68%,,,,,,,,,73.65%,,,,,93.34%,68.40%,,,,,,,,,,,,96.40%,,,,,,,,,,,,,,,,,,,
2026-07-11 12:30,,,,,,,,,,,,,,25.90%,,,,,,,,,73.54%,,,,,92.04%,68.30%,,,,,,,,,,,,96.33%,,,,,,,,,,,,,,,,,,,
2026-07-11 13:30,,,,,,,,,,,,,,26.28%,,,,,,,,,73.52%,,,,,91.43%,68.35%,,,,,,,,,,,,96.38%,,,,,,,,,,,,,,,,,,,
2026-07-11 14:30,,,,,,,,,,,,,,26.43%,,,,,,,,,73.51%,,,,,91.19%,68.51%,,,,,,,,,,,,96.43%,,,,,,,,,,,,,,,,,,,
2026-07-11 15:30,,,,,,,,,,,,,,26.87%,,,,,,,,,73.50%,,,,,91.42%,68.45%,,,,,,,,,,,,96.46%,,,,,,,,,,,,,,,,,,,
2026-07-11 16:30,,,,,,,,,,,,,,26.77%,,,,,,,,,73.45%,,,,,91.38%,68.53%,,,,,,,,,,,,96.50%,,,,,,,,,,,,,,,,,,,
2026-07-11 17:30,,,,,,,,,,,,,,27.34%,,,,,,,,,73.51%,,,,,91.05%,68.82%,,,,,,,,,,,,96.57%,,,,,,,,,,,,,,,,,,,
2026-07-11 18:30,,,,,,,,,,,,,,39.07%,,,,,,,,,73.61%,,,,,91.11%,69.45%,,,,,,,,,,,,96.63%,,,,,,,,,,,,,,,,,,,
2026-07-11 19:30,,,,,,,,,,,,,,27.98%,,,,,,,,,73.38%,,,,,91.23%,69.52%,,,,,,,,,,,,96.64%,,,,,,,,,,,,,,,,,,,
2026-07-11 20:30,,,,,,,,,,,,,,28.29%,,,,,,,,,73.33%,,,,,91.36%,69.66%,,,,,,,,,,,,96.69%,,,,,,,,,,,,,,,,,,,
2026-07-11 21:30,,,,,,,,,,,,,,28.62%,,,,,,,,,73.53%,,,,,91.92%,69.69%,,,,,,,,,,,,96.71%,,,,,,,,,,,,,,,,,,,
2026-07-11 22:30,,,,,,,,,,,,,,28.96%,,,,,,,,,73.42%,,,,,92.62%,69.73%,,,,,,,,,,,,96.70%,,,,,,,,,,,,,,,,,,,
2026-07-11 23:30,,,,,,,,,,,,,,29.21%,,,,,,,,,73.51%,,,,,92.42%,69.37%,,,,,,,,,,,,96.46%,,,,,,,,,,,,,,,,,,,
2026-07-12 00:30,,,,,,,,,,,,,,29.57%,,,,,,,,,73.67%,,,,,91.38%,69.31%,,,,,,,,,,,,96.50%,,,,,,,,,,,,,,,,,,,
2026-07-12 01:30,,,,,,,,,,,,,,29.62%,,,,,,,,,73.69%,,,,,90.74%,69.41%,,,,,,,,,,,,96.58%,,,,,,,,,,,,,,,,,,,
2026-07-12 02:30,,,,,,,,,,,,,,31.76%,,,,,,,,,73.71%,,,,,91.38%,69.54%,,,,,,,,,,,,96.63%,,,,,,,,,,,,,,,,,,,
2026-07-12 03:30,,,,,,,,,,,,,,40.11%,,,,,,,,,73.97%,,,,,91.51%,68.30%,,,,,,,,,,,,96.52%,,,,,,,,,,,,,,,,,,,
2026-07-12 04:30,,,,,,,,,,,,,,35.21%,,,,,,,,,73.97%,,,,,92.42%,68.63%,,,,,,,,,,,,96.40%,,,,,,,,,,,,,,,,,,,
2026-07-12 05:30,,,,,,,,,,,,,,30.55%,,,,,,,,,73.96%,,,,,93.21%,68.58%,,,,,,,,,,,,96.45%,,,,,,,,,,,,,,,,,,,
2026-07-12 06:30,,,,,,,,,,,,,,30.81%,,,,,,,,,73.81%,,,,,93.56%,68.91%,,,,,,,,,,,,96.38%,,,,,,,,,,,,,,,,,,,
2026-07-12 07:30,,,,,,,,,,,,,,31.03%,,,,,,,,,73.93%,,,,,93.87%,68.91%,,,,,,,,,,,,96.38%,,,,,,,,,,,,,,,,,,,
2026-07-12 08:30,,,,,,,,5.40%,,,,,,31.28%,,,,,,,,,73.76%,,,,,93.92%,69.03%,,,,,,,,,,,,96.49%,,,,,,,,,90.02%,,,,,,,,,,
2026-07-12 09:30,,,,,,,,1.71%,,,,,,31.59%,,,,,,,,,73.92%,,,,,94.18%,69.05%,,,,,,,,,,,,96.57%,,,,,,,,,89.76%,,,,,,,,,,
2026-07-12 10:30,,,,,,,,,,,,,,31.72%,,,,,,,,,73.94%,,,,,93.66%,68.99%,,,,,,,,,,,,96.44%,,,,,,,,,,,,,,,,,,,
2026-07-12 11:30,,,,,,,,,,,,,,31.82%,,,,,,,,,73.84%,,,,,93.85%,68.96%,,,,,,,,,,,,96.39%,,,,,,,,,,,,,,,,,,,
2026-07-12 12:30,,,,,,,,,,,,,,32.21%,,,,,,,,,73.78%,,,,,94.30%,69.23%,,,,,,,,,,,,96.39%,,,,,,,,,,,,,,,,,,,
2026-07-12 13:30,,,,,,,,,,,,,,32.50%,,,,,,,,,73.88%,,,,,94.88%,69.34%,,,,,,,,,,,,96.35%,,,,,,,,,,,,,,,,,,,
2026-07-12 14:30,,,,,,,,,,,,,,32.82%,,,,,,,,,73.76%,,,,,95.28%,69.42%,,,,,,,,,,,,96.34%,,,,,,,,,,,,,,,,,,,
2026-07-12 15:30,,,,,,,,,,,,,,46.18%,,,,,,,,,73.82%,,,,,92.49%,69.41%,,,,,,,,,,,,96.45%,,,,,,,,,,,,,,,,,,,
2026-07-12 16:30,,,,,,,,,,,,,,33.06%,,,,,,,,,73.78%,,,,,92.79%,69.45%,,,,,,,,,,,,96.55%,,,,,,,,,,,,,,,,,,,
2026-07-12 17:30,,,,,,,,,,,,,,33.39%,,,,,,,,,73.87%,,,,,92.97%,69.52%,,,,,,,,,,,,96.39%,,,,,,,,,,,,,,,,,,,
2026-07-12 18:30,,,,,,,,,,,,,,33.64%,,,,,,,,,73.83%,,,,,92.78%,69.73%,,,,,,,,,,,,96.49%,,,,,,,,,,,,,,,,,,,
2026-07-12 19:30,,,,,,,,,,,,,,33.78%,,,,,,,,,74.01%,,,,,92.64%,69.81%,,,,,,,,,,,,96.60%,,,,,,,,,,,,,,,,,,,
2026-07-12 20:30,,,,,,,,,,,,,,34.14%,,,,,,,,,73.77%,,,,,92.53%,69.84%,,,,,,,,,,,,96.59%,,,,,,,,,,,,,,,,,,,
2026-07-12 21:30,,,,,,,,,,,,,,30.81%,,,,,,,,,73.83%,,,,,92.41%,69.47%,,,,,,,,,,,,96.54%,,,,,,,,,,,,,,,,,,,
2026-07-12 22:30,,,,,,,,,,,,,,25.27%,,,,,,,,,73.82%,,,,,92.75%,69.22%,,,,,,,,,,,,96.63%,,,,,,,,,,,,,,,,,,,
2026-07-12 23:30,,,,,,,,,,,,,,25.62%,,,,,,,,,74.08%,,,,,92.71%,69.19%,,,,,,,,,,,,96.72%,,,,,,,,,,,,,,,,,,,
2026-07-13 00:30,,,,,,,,,,,,,,26.16%,,,,,,,,,74.18%,,,,,92.42%,69.41%,,,,,,,,,,,,96.37%,,,,,,,,,,,,,,,,,,,
2026-07-13 01:30,,,,,,,,,,,,,,26.17%,,,,,,,,,74.02%,,,,,92.50%,69.33%,,,,,,,,,,,,96.38%,,,,,,,,,,,,,,,,,,,
2026-07-13 02:30,,,,,,,,,,,,,,30.08%,,,,,,,,,74.02%,,,,,92.72%,69.55%,,,,,,,,,,,,96.50%,,,,,,,,,,,,,,,,,,,
2026-07-13 03:30,,,,,,,,,,,,,,26.80%,,,,,,,,,73.75%,,,,,92.93%,69.35%,,,,,,,,,,,,96.51%,,,,,,,,,,,,,,,,,,,
2026-07-13 04:30,,,,,,,,,,,,,,27.05%,,,,,,,,,73.74%,,,,,92.97%,69.45%,,,,,,,,,,,,96.43%,,,,,,,,,,,,,,,,,,,
2026-07-13 05:30,,,,,,,,,,,,,,27.28%,,,,,,,,,73.60%,,,,,93.46%,69.58%,,,,,,,,,,,,96.54%,,,,,,,,,,,,,,,,,,,
2026-07-13 06:30,,,,,,,,,,,,,,27.46%,,,,,,,,,73.60%,,,,,91.57%,69.69%,,,,,,,,,,,,96.65%,,,,,,,,,,,,,,,,,,,
2026-07-13 07:30,,,,,,,,,,,,,,27.81%,,,,,,,,,73.74%,,,,,91.09%,69.69%,,,,,,,,,,,,96.55%,,,,,,,,,,,,,,,,,,,
2026-07-13 08:30,,,,,,,,7.55%,,,,,,28.18%,,,,,,,,,73.67%,,,,,91.04%,69.78%,,,,,,,,,,,,96.59%,,,,,,,,,88.87%,,,,,,,,,,
2026-07-13 09:30,,,,,,,,1.21%,,,,,,28.38%,,,,,,,,,73.73%,,,,,91.25%,70.02%,,,,,,,,,,,,96.70%,,,,,,,,,88.76%,,,,,,,,,,
2026-07-13 10:30,,,,,,,,,,,,,,28.41%,,,,,,,,,73.75%,,,,,90.89%,70.05%,,,,,,,,,,,,96.76%,,,,,,,,,,,,,,,,,,,
2026-07-13 11:30,,,,,,,,,,,,,,29.12%,,,,,,,,,73.88%,,,,,90.89%,70.06%,,,,,,,,,,,,96.65%,,,,,,,,,,,,,,,,,,,
2026-07-13 12:30,,,,,,,,,,,,,,29.35%,,,,,,,,,73.78%,,,,,90.88%,70.00%,,,,,,,,,,,,96.74%,,,,,,,,,,,,,,,,,,,
2026-07-13 13:30,,,,,,,,,,,,,,29.45%,,,,,,,,,73.76%,,,,,88.40%,70.04%,,,,,,,,,,,,96.57%,,,,,,,,,,,,,,,,,,,
2026-07-13 14:30,,,,33.21%,,,,,,,,,,27.44%,,,,,,,,,73.70%,,,,,88.23%,69.74%,,,,,,,,,,,,96.49%,,,,,,,,,,,,,,,,,,,
2026-07-13 15:30,,,,32.14%,,,,,,,,,,35.65%,,,,,,,,,73.75%,,,,,88.01%,68.75%,,,,,,,,,,,,96.50%,,,,,,,,,,,,,,,,,,,
2026-07-13 16:30,,,,30.98%,,,,,,,,,,22.36%,,,,,,,,,73.75%,,,,,88.05%,68.81%,,,,,,,,,,,,96.61%,,,,,,,,,,,,,,,,,,,
2026-07-13 17:30,,,,30.91%,,,,,,,,,,22.56%,,,,,,,,,73.75%,,,,,89.05%,68.77%,,,,,,,,,,,,96.70%,,,,,,,,,,,,,,,,,,,
2026-07-13 18:30,,,,30.75%,,,,,,,,,,22.67%,,,,,,,,,73.84%,,,,,88.56%,68.80%,,,,,,,,,,,,96.56%,,,,,,,,,,,,,,,,,,,
2026-07-13 19:30,,,,31.36%,,,,,,,,,,26.51%,,,,,,,,,73.72%,,,,,88.10%,69.36%,,,,,,,,,,,,96.65%,,,,,,,,,,,,,,,,,,,
2026-07-13 20:30,,,,,,,,,,,,,,30.80%,,,,,,,,,73.67%,,,,,88.68%,70.10%,,,,,,,,,,,,96.77%,,,,,,,,,,,,,,,,,,,
2026-07-13 21:30,,,,,,,,,,,,,,31.63%,,,,,,,,,73.69%,,,,,88.93%,70.16%,,,,,,,,,,,,96.72%,,,,,,,,,,,,,,,,,,,
2026-07-13 22:30,,,,,,,,,,,,,,31.94%,,,,,,,,,73.71%,,,,,89.78%,70.38%,,,,,,,,,,,,96.68%,,,,,,,,,,,,,,,,,,,
2026-07-13 23:30,,,,,,,,,,,,,,32.19%,,,,,,,,,73.81%,,,,,89.97%,70.25%,,,,,,,,,,,,96.76%,,,,,,,,,,,,,,,,,,,
2026-07-14 00:30,,,,,,,,,,,,,,32.93%,,,,,,,,,74.05%,,,,,90.29%,70.29%,,,,,,,,,,,,96.88%,,,,,,,,,,,,,,,,,,,
2026-07-14 01:30,,,,,,,,,,,,,,32.36%,,,,,,,,,74.30%,,,,,90.29%,70.38%,,,,,,,,,,,,96.65%,,,,,,,,,,,,,,,,,,,
2026-07-14 02:30,,,,,,,,,,,,,,32.93%,,,,,,,,,73.95%,,,,,90.54%,70.56%,,,,,,,,,,,,96.55%,,,,,,,,,,,,,,,,,,,
2026-07-14 03:30,,,,,,,,,,,,,,35.77%,,,,,,,,,74.13%,,,,,90.61%,70.70%,,,,,,,,,,,,96.65%,,,,,,,,,,,,,,,,,,,
2026-07-14 04:30,,,,,,,,,,,,,,32.73%,,,,,,,,,74.01%,,,,,90.42%,70.53%,,,,,,,,,,,,96.66%,,,,,,,,,,,,,,,,,,,
2026-07-14 05:30,,,,,,,,,,,,,,33.15%,,,,,,,,,74.02%,,,,,90.79%,70.41%,,,,,,,,,,,,96.60%,,,,,,,,,,,,,,,,,,,
2026-07-14 06:30,,,,,,,,,,,,,,33.35%,,,,,,,,,74.00%,,,,,91.02%,71.07%,,,,,,,,,,,,96.71%,,,,,,,,,,,,,,,,,,,
2026-07-14 07:30,,,,,,,,,,,,,,33.61%,,,,,,,,,74.23%,,,,,92.27%,71.61%,,,,,,,,,,,,96.82%,,,,,,,,,,,,,,,,,,,
2026-07-14 08:30,,,,,,,,9.14%,,,,,,33.89%,,,,,,,,,73.99%,,,,,92.14%,71.88%,,,,,,,,,,,,96.69%,,,,,,,,,88.99%,,,,,,,,,,
2026-07-14 09:30,,,,,,,,1.80%,,,,,,34.22%,,,,,,,,,74.15%,,,,,92.38%,71.68%,,,,,,,,,,,,96.84%,,,,,,,,,89.47%,,,,,,,,,,
2026-07-14 10:30,,,,,,,,,,,,,,34.12%,,,,,,,,,74.09%,,,,,93.00%,71.83%,,,,,,,,,,,,97.03%,,,,,,,,,,,,,,,,,,,
2026-07-14 11:30,,,,,,,,,,,,,,34.52%,,,,,,,,,74.14%,,,,,92.99%,71.76%,,,,,,,,,,,,97.08%,,,,,,,,,,,,,,,,,,,
2026-07-14 12:30,,,,,,,,,,,,,,46.91%,,,,,,,,,74.05%,,,,,93.72%,71.77%,,,,,,,,,,,,96.98%,,,,,,,,,,,,,,,,,,,
2026-07-14 13:30,,,,,,,,,,,,,,37.59%,,,,,,,,,74.06%,,,,,95.23%,71.91%,,,,,,,,,,,,97.09%,,,,,,,,,,,,,,,,,,,
2026-07-14 14:30,,,,,,,,,,,,,,35.32%,,,,,,,,,74.08%,,,,,95.56%,72.02%,,,,,,,,,,,,97.07%,,,,,,,,,,,,,,,,,,,
2026-07-14 15:30,,,,,,,,,,,,,,35.50%,,,,,,,,,74.15%,,,,,89.77%,72.04%,,,,,,,,,,,,96.81%,,,,,,,,,,,,,,,,,,,
2026-07-14 16:30,,,,,,,,,,,,14.08%,,35.60%,,,,,,,,,74.00%,,,,,83.69%,72.19%,,,,,,,,,,,,96.85%,,,,,,,,,,,,,,,,,,,
2026-07-14 17:30,,,,,,,,,,,,11.78%,,36.73%,,,,,,,,,74.07%,,,,,87.32%,72.24%,,,,,,,,,,,,97.01%,,,,,,,,,,,,,,,,,,,
2026-07-14 18:30,,,,,,,,,,,,11.17%,,36.50%,,,,,,,,,73.94%,,,,,89.25%,72.36%,,,,,,,,,,,,97.08%,,,,,,,,,,,,,,,,,,,
2026-07-14 19:30,,,,,,,,,,,,11.10%,,36.43%,,,,,,,,,74.15%,,,,,,72.58%,,,,,,,,,,,,,,,,,,,,,,,,,,,,,,,
2026-07-14 20:30,,,,,,,,,,,,9.79%,,36.34%,,,,,,,,,74.04%,,,,,,72.36%,,,,,,,,,,,,,,,,,,,,,,,,,,,,,,,
2026-07-14 21:30,,,,,,,,,,,,,,37.76%,,,,,,,,,74.03%,,,,,,72.56%,,,,,,,,,,,,,,,,,,,,,,,,,,,,,,,
2026-07-14 22:30,,,,,,,,,,,,,,37.36%,,,,,,,,,73.98%,,,,,,72.51%,,,,,,,,,,,,,,,,,,,,,,,,,,,,,,,
2026-07-14 23:30,,,,,,,,,,,,,,38.45%,,,,,,,,,74.22%,,,,,,72.70%,,,,,,,,,,,,,,,,,,,,,,,,,,,,,,,
2026-07-15 00:30,,,,,,,,,,,,,,38.08%,,,,,,,,,74.35%,,,,,,72.66%,,,,,,,,,,,,,,,,,,,,,,,,,,,,,,,
2026-07-15 01:30,,,,,,,,,,,,,,37.97%,,,,,,,,,74.26%,,,,,,72.76%,,,,,,,,,,,,,,,,,,,,,,,,,,,,,,,
2026-07-15 02:30,,,,,,,,,,,,,,41.86%,,,,,,,,,74.18%,,,,,,73.13%,,,,,,,,,,,,,,,,,,,,,,,,,,,,,,,
2026-07-15 03:30,,,,,,,,,,,,,,38.39%,,,,,,,,,74.09%,,,,,,72.53%,,,,,,,,,,,,,,,,,,,,,,,,,,,,,,,
2026-07-15 04:30,,,,,,,,,,,,,,38.51%,,,,,,,,,73.97%,,,,,,72.51%,,,,,,,,,,,,,,,,,,,,,,,,,,,,,,,
2026-07-15 05:30,,,,,,,,,,,,,,38.76%,,,,,,,,,73.87%,,,,,,72.79%,,,,,,,,,,,,,,,,,,,,,,,,,,,,,,,
2026-07-15 06:30,,,,,,,,,,,,,,38.93%,,,,,,,,,73.90%,,,,,,72.72%,,,,,,,,,,,,,,,,,,,,,,,,,,,,,,,
2026-07-15 07:30,,,,,,,,,,,,,,39.26%,,,,,,,,,73.98%,,,,,,72.82%,,,,,,,,,,,,,,,,,,,,,,,,,,,,,,,
2026-07-15 08:30,,,,,,,,10.03%,,,,,,39.52%,,,,,,,,,73.92%,,,,,,72.82%,,,,,,,,,,,,,,,,,,,,,89.68%,,,,,,,,,,
2026-07-15 09:30,,,,,,,,1.37%,,,,,,49.82%,,,,,,,,,73.91%,,,,,,72.88%,,,,,,,,,,,,,,,,,,,,,90.22%,,,,,,,,,,
2026-07-15 10:30,,,,,,,,,,,,,,43.13%,,,,,,,,,73.73%,,,,,,72.93%,,,,,,,,,,,,,,,,,,,,,,,,,,,,,,,
2026-07-15 11:30,,,,,,,,,,,,,,40.13%,,,,,,,,,73.86%,,,,,,73.01%,,,,,,,,,,,,,,,,,,,,,,,,,,,,,,,
2026-07-15 12:30,,,,41.82%,,,,,,,,,,46.36%,,,,,,,,,73.73%,,,,,,71.87%,,,,,,,,,,,,,,,,,,,,,,,,,,,,,,,
2026-07-15 13:30,,,,39.75%,,,,,,,,,,31.61%,,,,,,,,,73.76%,,,,,92.32%,71.28%,,,,,,,,,,,,96.98%,,,,,,,,,,,,,,,,,,,
2026-07-15 14:30,,,,39.55%,,,,,,,,,,30.32%,,,,,,,,,73.73%,,,,,91.32%,71.20%,,,,,,,,,,,,97.06%,,,,,,,,,,,,,,,,,,,
2026-07-15 15:30,,,,39.72%,,,,,,,,15.35%,,32.29%,,,,,,,,,73.78%,,,,,89.88%,71.19%,,,,,,,,,,,,97.31%,,,,,,,,,,,,,,,,,,,
2026-07-15 16:30,,,,42.55%,,,,,,,,8.55%,,43.27%,,,,,,,,,73.76%,,,,,89.09%,71.63%,,,,,,,,,,,,97.02%,,,,,,,,,,,,,,,,,,,
2026-07-15 17:30,,,,38.29%,,,,,,,,8.07%,,29.07%,,,,,,,,,73.82%,,,,,89.99%,71.44%,,,,,,,,,,,,97.03%,,,,,,,,,,,,,,,,,,,
2026-07-15 18:30,,,,39.35%,,,,,,,,7.97%,,30.00%,,,,,,,,,73.79%,,,,,85.99%,71.55%,,,,,,,,,,,,97.18%,,,,,,,,,,,,,,,,,,,
2026-07-15 19:30,,,,39.21%,,,,,,,,8.33%,,25.25%,,,,,,,,,73.88%,,,,,85.68%,71.49%,,,,,,,,,,,,97.27%,,,,,,,,,,,,,,,,,,,
2026-07-15 20:30,,,,,,,,,,,,7.45%,,25.86%,,,,,,,,,73.87%,,,,,91.33%,71.95%,,,,,,,,,,,,97.17%,,,,,,,,,,,,,,,,,,,
2026-07-15 21:30,,,,,,,,,,,,,,26.23%,,,,,,,,,73.97%,,,,,90.17%,71.97%,,,,,,,,,,,,97.27%,,,,,,,,,,,,,,,,,,,
2026-07-15 22:30,,,,,,,,,,,,,,26.53%,,,,,,,,,73.88%,,,,,91.42%,71.84%,,,,,,,,,,,,97.43%,,,,,,,,,,,,,,,,,,,
2026-07-15 23:30,,,,,,,,,,,,,,26.65%,,,,,,,,,74.08%,,,,,92.85%,71.73%,,,,,,,,,,,,97.39%,,,,,,,,,,,,,,,,,,,
2026-07-16 00:30,,,,,,,,,,,,,,26.59%,,,,,,,,,74.32%,,,,,93.93%,71.85%,,,,,,,,,,,,97.41%,,,,,,,,,,,,,,,,,,,
2026-07-16 01:30,,,,,,,,,,,,,,25.46%,,,,,,,,,74.10%,,,,,94.53%,71.75%,,,,,,,,,,,,97.51%,,,,,,,,,,,,,,,,,,,
2026-07-16 02:30,,,,,,,,,,,,,,26.68%,,,,,,,,,74.12%,,,,,95.49%,72.02%,,,,,,,,,,,,97.59%,,,,,,,,,,,,,,,,,,,
2026-07-16 03:30,,,,,,,,,,,,,,29.98%,,,,,,,,,73.99%,,,,,95.17%,72.00%,,,,,,,,,,,,97.41%,,,,,,,,,,,,,,,,,,,
2026-07-16 04:30,,,,,,,,,,,,,,26.31%,,,,,,,,,74.06%,,,,,94.92%,72.03%,,,,,,,,,,,,97.32%,,,,,,,,,,,,,,,,,,,
2026-07-16 05:30,,,,,,,,,,,,,,26.82%,,,,,,,,,74.15%,,,,,94.86%,72.03%,,,,,,,,,,,,97.15%,,,,,,,,,,,,,,,,,,,
2026-07-16 06:30,,,,,,,,,,,,,,27.07%,,,,,,,,,74.10%,,,,,93.41%,71.98%,,,,,,,,,,,,96.91%,,,,,,,,,,,,,,,,,,,
2026-07-16 07:30,,,,,,,,,,,,,,27.31%,,,,,,,,,74.08%,,,,,91.52%,71.97%,,,,,,,,,,,,96.48%,,,,,,,,,,,,,,,,,,,
2026-07-16 08:30,,,,,,,,9.63%,,,,,,27.73%,,,,,,,,,73.92%,,,,,91.08%,72.11%,,,,,,,,,,,,96.56%,,,,,,,,,89.84%,,,,,,,,,,
2026-07-16 09:30,,,,,,,,1.61%,,,,,,27.78%,,,,,,,,,74.09%,,,,,91.52%,72.11%,,,,,,,,,,,,96.67%,,,,,,,,,89.99%,,,,,,,,,,
2026-07-16 10:30,,,,,,,,,,,,,,28.00%,,,,,,,,,74.07%,,,,,91.45%,72.25%,,,,,,,,,,,,96.48%,,,,,,,,,,,,,,,,,,,
2026-07-16 11:30,,,,,,,,,,,,,,28.83%,,,,,,,,,73.97%,,,,,92.26%,72.19%,,,,,,,,,,,,96.55%,,,,,,,,,,,,,,,,,,,
2026-07-16 12:30,,,,,,,,,,,,,,28.60%,,,,,,,,,73.86%,,,,,85.03%,72.20%,,,,,,,,,,,,96.66%,,,,,,,,,,,,,,,,,,,
2026-07-16 13:30,,,,,,,,,,,,,,29.01%,,,,,,,,,73.89%,,,,,90.25%,72.24%,,,,,,,,,,,,96.68%,,,,,,,,,,,,,,,,,,,
2026-07-16 14:30,,,,,,,,,,,,,,30.51%,,,,,,,,,73.88%,,,,,91.57%,72.35%,,,,,,,,,,,,96.61%,,,,,,,,,,,,,,,,,,,
2026-07-16 15:30,,,,,,,,,,,,,,30.90%,,,,,,,,,73.96%,,,,,92.65%,72.31%,,,,,,,,,,,,96.71%,,,,,,,,,,,,,,,,,,,
2026-07-16 16:30,,,,,,,,,,,,,,30.20%,,,,,,,,,73.95%,,,,,92.21%,72.10%,,,,,,,,,,,,96.83%,,,,,,,,,,,,,,,,,,,
2026-07-16 17:30,,,,,,,,,,,,,,30.15%,,,,,,,,,73.96%,,,,,92.92%,72.33%,,,,,,,,,,,,96.67%,,,,,,,,,,,,,,,,,,,
2026-07-16 18:30,,,,,,,,,,,,9.10%,,30.74%,,,,,,,,,74.02%,,,,,90.32%,72.38%,,,,,,,,,,,,96.55%,,,,,,,,,,,,,,,,,,,
2026-07-16 19:30,,,,,,,,,,,,7.44%,,30.87%,,,,,,,,,74.15%,,,,,88.39%,72.85%,,,,,,,,,,,,96.61%,,,,,,,,,,,,,,,,,,,
2026-07-16 20:30,,,,,,,,,,,,,,28.71%,,,,,,,,,74.08%,,,,,32.66%,72.60%,,,,,,,,,,,,95.13%,,,,,,,,,,,,,,,,,,,
2026-07-16 21:30,,,,,,,,,,,,,,27.66%,,,,,,,,,72.82%,,,,,26.37%,70.42%,,,,,,,,,,,,94.96%,,,,,,,,,,,,,,,,,,,
2026-07-16 22:30,,,,,,,,,,,,,,25.84%,,,,,,,,,72.59%,,,,,26.52%,68.03%,,,,,,,,,,,,94.96%,,,,,,,,,,,,,,,,,,,
2026-07-16 23:30,,,,,,,,,,,,,,25.19%,,,,,,,,,72.98%,,,,,26.59%,68.35%,,,,,,,,,,,,94.96%,,,,,,,,,,,,,,,,,,,
2026-07-17 00:30,,,,,,,,,,,,,,25.72%,,,,,,,,,72.97%,,,,,26.73%,68.40%,,,,,,,,,,,,94.97%,,,,,,,,,,,,,,,,,,,
2026-07-17 01:30,,,,,,,,,,,,,,26.41%,,,,,,,,,72.87%,,,,,26.84%,68.11%,,,,,,,,,,,,94.97%,,,,,,,,,,,,,,,,,,,
2026-07-17 02:30,,,,,,,,,,,,,,26.69%,,,,,,,,,72.19%,,,,,27.36%,68.49%,,,,,,,,,,,,94.90%,,,,,,,,,,,,,,,,,,,
2026-07-17 03:30,,,,,,,,,,,,,,33.23%,,,,,,,,,72.70%,,,,,27.59%,69.07%,,,,,,,,,,,,94.78%,,,,,,,,,,,,,,,,,,,
2026-07-17 04:30,,,,,,,,,,,,,,27.64%,,,,,,,,,72.48%,,,,,27.82%,68.50%,,,,,,,,,,,,94.78%,,,,,,,,,,,,,,,,,,,
2026-07-17 05:30,,,,,,,,,,,,,,28.17%,,,,,,,,,72.21%,,,,,27.77%,68.65%,,,,,,,,,,,,94.78%,,,,,,,,,,,,,,,,,,,
2026-07-17 06:30,,,,,,,,,,,,,,26.00%,,,,,,,,,72.42%,,,,,27.69%,68.78%,,,,,,,,,,,,94.78%,,,,,,,,,,,,,,,,,,,
2026-07-17 07:30,,,,,,,,,,,,,,26.10%,,,,,,,,,72.33%,,,,,27.70%,68.87%,,,,,,,,,,,,94.80%,,,,,,,,,,,,,,,,,,,
2026-07-17 08:30,,,,,,,,10.85%,,,,,,26.47%,,,,,,,,,72.29%,,,,,27.71%,68.72%,,,,,,,,,,,,94.78%,,,,,,,,,90.06%,,,,,,,,,,
2026-07-17 09:30,,,,,,,,3.46%,,,,,,26.64%,,,,,,,,,72.37%,,,,,27.74%,68.95%,,,,,,,,,,,,94.79%,,,,,,,,,91.06%,,,,,,,,,,
2026-07-17 10:30,,,,,,,,,,,,,,26.96%,,,,,,,,,72.20%,,,,,29.12%,68.93%,,,,,,,,,,,,94.89%,,,,,,,,,,,,,,,,,,,
2026-07-17 11:30,,,,,,,,,,,,,,27.68%,,,,,,,,,72.35%,,,,,28.42%,68.85%,,,,,,,,,,,,94.90%,,,,,,,,,,,,,,,,,,,
2026-07-17 12:30,,,,,,,,,,,,,,27.92%,,,,,,,,,72.27%,,,,,31.29%,68.95%,,,,,,,,,,,,94.89%,,,,,,,,,,,,,,,,,,,
2026-07-17 13:30,,,,,,,,,,,,,,28.18%,,,,,,,,,72.23%,,,,,53.94%,69.09%,,,,,,,,,,,,94.72%,,,,,,,,,,,,,,,,,,,
2026-07-17 14:30,,,,,,,,,,,,,,28.60%,,,,,,,,,72.09%,,,,,,69.08%,,,,,,,,,,,,,,,,,,,,,,,,,,,,,,,
2026-07-17 15:30,,,,,,,,,,,,,,29.13%,,,,,,,,,72.09%,,,,,56.84%,69.14%,,,,,,,,,,,,94.71%,,,,,,,,,,,,,,,,,,,
2026-07-17 16:30,,,,,,,,,,,,8.22%,,29.52%,,,,,,,,,72.11%,,,,,57.69%,69.08%,,,,,,,,,,,,94.65%,,,,,,,,,,,,,,,,,,,
2026-07-17 17:30,,,,,,,41.38%,,,,,7.17%,,29.81%,,,,,,,,,72.17%,,,,,51.27%,69.39%,,,,,,,,,,,,94.67%,,,,,,,,,,,,,,,,,,,
2026-07-17 18:30,,,,,,,,,,,,7.09%,,29.78%,,,,,,,,,72.23%,,,,,,69.36%,,,,,,,,,,,,,,,,,,,,,,,,,,,,,,,
2026-07-17 19:30,,,,,,,,,,,,,,30.56%,,,,,,,,,72.22%,,,,,,69.45%,,,,,,,,,,,,,,,,,,,,,,,,,,,,,,,
2026-07-17 20:30,,,,,,,,,,,,,,28.74%,,,,,,,,,72.13%,,,,,,69.52%,,,,,,,,,,,,,,,,,,,,,,,,,,,,,,,
2026-07-17 21:30,,,,,,,,,,,,,,29.06%,,,,,,,,,72.21%,,,,,,69.64%,,,,,,,,,,,,,,,,,,,,,,,,,,,,,,,
2026-07-17 22:30,,,,,,,,,,,,,,29.27%,,,,,,,,,72.16%,,,,,,69.64%,,,,,,,,,,,,,,,,,,,,,,,,,,,,,,,
2026-07-17 23:30,,,,,,,,,,,,,,29.72%,,,,,,,,,72.43%,,,,,,69.70%,,,,,,,,,,,,,,,,,,,,,,,,,,,,,,,
2026-07-18 00:30,,,,,,,,,,,,,,30.01%,,,,,,,,,72.43%,,,,,,69.68%,,,,,,,,,,,,,,,,,,,,,,,,,,,,,,,
2026-07-18 01:30,,,,,,,,,,,,,,29.90%,,,,,,,,,72.51%,,,,,,70.84%,,,,,,,,,,,,,,,,,,,,,,,,,,,,,,,
2026-07-18 02:30,,,,,,,,,,,,,,30.33%,,,,,,,,,72.53%,,,,,,71.02%,,,,,,,,,,,,,,,,,,,,,,,,,,,,,,,
2026-07-18 03:30,,,,,,,,,,,,,,34.04%,,,,,,,,,72.70%,,,,,,70.95%,,,,,,,,,,,,,,,,,,,,,,,,,,,,,,,
2026-07-18 04:30,,,,,,,,,,,,,,30.77%,,,,,,,,,72.66%,,,,,,70.53%,,,,,,,,,,,,,,,,,,,,,,,,,,,,,,,
2026-07-18 05:30,,,,,,,,,,,,,,31.75%,,,,,,,,,72.84%,,,,,,70.90%,,,,,,,,,,,,,,,,,,,,,,,,,,,,,,,
2026-07-18 06:30,,,,,,,,,,,,,,31.90%,,,,,,,,,72.80%,,,,,,71.00%,,,,,,,,,,,,,,,,,,,,,,,,,,,,,,,
2026-07-18 07:30,,,,,,,,,,,,,,31.82%,,,,,,,,,72.79%,,,,,,71.06%,,,,,,,,,,,,,,,,,,,,,,,,,,,,,,,
2026-07-18 08:30,,,,,,,,8.42%,,,,,,32.36%,,,,,,,,,72.73%,,,,,,71.20%,,,,,,,,,,,,,,,,,,,,,91.65%,,,,,,,,,,
2026-07-18 09:30,,,,,,,,3.09%,,,,,,43.28%,,,,,,,,,72.83%,,,,,,71.09%,,,,,,,,,,,,,,,,,,,,,93.37%,,,,,,,,,,
2026-07-18 10:30,,,,,,,,,,,,,,35.27%,,,,,,,,,72.80%,,,,,,71.22%,,,,,,,,,,,,,,,,,,,,,,,,,,,,,,,
2026-07-18 11:30,,,,,,,,,,,,,,33.13%,,,,,,,,,72.87%,,,,,,71.42%,,,,,,,,,,,,,,,,,,,,,,,,,,,,,,,
2026-07-18 12:30,,,,,,,,,,,,,,33.48%,,,,,,,,,72.70%,,,,,,71.44%,,,,,,,,,,,,,,,,,,,,,,,,,,,,,,,
2026-07-18 13:30,,,,,,,,,,,,,,33.60%,,,,,,,,,72.70%,,,,,,71.41%,,,,,,,,,,,,,,,,,,,,,,,,,,,,,,,
2026-07-18 14:30,,,,,,,,,,,,,,33.88%,,,,,,,,,72.60%,,,,,,71.46%,,,,,,,,,,,,,,,,,,,,,,,,,,,,,,,
2026-07-18 15:30,,,,,,,,,,,,,,47.43%,,,,,,,,,72.68%,,,,,,71.53%,,,,,,,,,,,,,,,,,,,,,,,,,,,,,,,
2026-07-18 16:30,,,,,,,,,,,,,,34.67%,,,,,,,,,72.51%,,,,,,71.60%,,,,,,,,,,,,,,,,,,,,,,,,,,,,,,,
2026-07-18 17:30,,,,,,,,,,,,,,35.03%,,,,,,,,,72.58%,,,,,,71.87%,,,,,,,,,,,,,,,,,,,,,,,,,,,,,,,
2026-07-18 18:30,,,,,,,,,,,,,,47.43%,,,,,,,,,72.54%,,,,,,71.69%,,,,,,,,,,,,,,,,,,,,,,,,,,,,,,,
2026-07-18 19:30,,,,,,,,,,,,,,35.54%,,,,,,,,,72.57%,,,,,,71.99%,,,,,,,,,,,,,,,,,,,,,,,,,,,,,,,
2026-07-18 20:30,,,,,,,,,,,,,,24.67%,,,,,,,,,72.55%,,,,,,71.04%,,,,,,,,,,,,,,,,,,,,,,,,,,,,,,,
2026-07-18 21:30,,,,,,,,,,,,,,24.77%,,,,,,,,,72.63%,,,,,,71.14%,,,,,,,,,,,,,,,,,,,,,,,,,,,,,,,
2026-07-18 22:30,,,,,,,,,,,,,,25.28%,,,,,,,,,72.54%,,,,,,71.29%,,,,,,,,,,,,,,,,,,,,,,,,,,,,,,,
2026-07-18 23:30,,,,,,,,,,,,,,25.75%,,,,,,,,,72.81%,,,,,,71.10%,,,,,,,,,,,,,,,,,,,,,,,,,,,,,,,
2026-07-19 00:30,,,,,,,,,,,,,,26.58%,,,,,,,,,72.83%,,,,,,71.20%,,,,,,,,,,,,,,,,,,,,,,,,,,,,,,,
2026-07-19 01:30,,,,,,,,,,,,,,26.08%,,,,,,,,,72.77%,,,,,,71.32%,,,,,,,,,,,,,,,,,,,,,,,,,,,,,,,
2026-07-19 02:30,,,,,,,,,,,,,,29.67%,,,,,,,,,72.93%,,,,,,71.43%,,,,,,,,,,,,,,,,,,,,,,,,,,,,,,,
2026-07-19 03:30,,,,,,,,,,,,,,27.27%,,,,,,,,,72.52%,,,,,,71.43%,,,,,,,,,,,,,,,,,,,,,,,,,,,,,,,
2026-07-19 04:30,,,,,,,,,,,,,,27.60%,,,,,,,,,72.50%,,,,,,71.65%,,,,,,,,,,,,,,,,,,,,,,,,,,,,,,,
2026-07-19 05:30,,,,,,,,,,,,,,27.60%,,,,,,,,,72.47%,,,,,,71.92%,,,,,,,,,,,,,,,,,,,,,,,,,,,,,,,
2026-07-19 06:30,,,,,,,,,,,,,,27.90%,,,,,,,,,72.51%,,,,,,71.64%,,,,,,,,,,,,,,,,,,,,,,,,,,,,,,,
2026-07-19 07:30,,,,,,,,,,,,,,28.15%,,,,,,,,,72.64%,,,,,,71.59%,,,,,,,,,,,,,,,,,,,,,,,,,,,,,,,
2026-07-19 08:30,,,,,,,,10.70%,,,,,,28.44%,,,,,,,,,72.46%,,,,,,71.72%,,,,,,,,,,,,,,,,,,,,,93.87%,,,,,,,,,,
2026-07-19 09:30,,,,,,,,6.81%,,,,,,28.99%,,,,,,,,,72.52%,,,,,,71.74%,,,,,,,,,,,,,,,,,,,,,93.68%,,,,,,,,,,
2026-07-19 10:30,,,,,,,,,,,,,,29.06%,,,,,,,,,72.50%,,,,,,71.51%,,,,,,,,,,,,,,,,,,,,,,,,,,,,,,,
2026-07-19 11:30,,,,,,,,,,,,,,29.75%,,,,,,,,,72.59%,,,,,,71.73%,,,,,,,,,,,,,,,,,,,,,,,,,,,,,,,
2026-07-19 12:30,,,,,,,,,,,,,,42.58%,,,,,,,,,72.46%,,,,,,71.63%,,,,,,,,,,,,,,,,,,,,,,,,,,,,,,,
2026-07-19 13:30,,,,,,,,,,,,,,31.06%,,,,,,,,,72.53%,,,,,,71.80%,,,,,,,,,,,,,,,,,,,,,,,,,,,,,,,
2026-07-19 14:30,,,,,,,,,,,,,,30.57%,,,,,,,,,72.46%,,,,,,71.90%,,,,,,,,,,,,,,,,,,,,,,,,,,,,,,,
2026-07-19 15:30,,,,,,,,,,,,,,31.02%,,,,,,,,,72.49%,,,,,,71.82%,,,,,,,,,,,,,,,,,,,,,,,,,,,,,,,
2026-07-19 16:30,,,,,,,,,,,,,,31.32%,,,,,,,,,72.43%,,,,,,72.02%,,,,,,,,,,,,,,,,,,,,,,,,,,,,,,,
2026-07-19 17:30,,,,,,,,,,,,,,31.52%,,,,,,,,,72.45%,,,,,,71.95%,,,,,,,,,,,,,,,,,,,,,,,,,,,,,,,
2026-07-19 18:30,,,,,,,,,,,,,,31.97%,,,,,,,,,72.27%,,,,,,72.06%,,,,,,,,,,,,,,,,,,,,,,,,,,,,,,,
2026-07-19 19:30,,,,,,,,,,,,,,32.15%,,,,,,,,,72.38%,,,,,,72.00%,,,,,,,,,,,,,,,,,,,,,,,,,,,,,,,
2026-07-19 20:30,,,,,,,,,,,,,,32.50%,,,,,,,,,72.39%,,,,,,71.97%,,,,,,,,,,,,,,,,,,,,,,,,,,,,,,,
2026-07-19 21:30,,,,,,,,,,,,,,33.40%,,,,,,,,,72.44%,,,,,,72.67%,,,,,,,,,,,,,,,,,,,,,,,,,,,,,,,
2026-07-19 22:30,,,,,,,,,,,,,,32.88%,,,,,,,,,72.37%,,,,,,72.52%,,,,,,,,,,,,,,,,,,,,,,,,,,,,,,,
2026-07-19 23:30,,,,,,,,,,,,,,33.38%,,,,,,,,,72.61%,,,,,,72.52%,,,,,,,,,,,,,,,,,,,,,,,,,,,,,,,
2026-07-20 00:30,,,,,,,,,,,,,,51.16%,,,,,,,,,72.62%,,,,,,73.83%,,,,,,,,,,,,,,,,,,,,,,,,,,,,,,,
2026-07-20 01:30,,,,,,,,,,,,,,60.08%,,,,,,,,,72.48%,,,,,,74.61%,,,,,,,,,,,,,,,,,,,,,,,,,,,,,,,
2026-07-20 02:30,,,,,,,,,,,,,,65.02%,,,,,,,,,72.62%,,,,,,74.39%,,,,,,,,,,,,,,,,,,,,,,,,,,,,,,,
2026-07-20 03:30,,,,,,,,,,,,,,63.10%,,,,,,,,,73.05%,,,,,,73.60%,,,,,,,,,,,,,,,,,,,,,,,,,,,,,,,
2026-07-20 04:30,,,,,,,,,,,,,,64.41%,,,,,,,,,72.94%,,,,,,73.33%,,,,,,,,,,,,,,,,,,,,,,,,,,,,,,,
2026-07-20 05:30,,,,,,,,,,,,,,53.69%,,,,,,,,,72.99%,,,,,,71.89%,,,,,,,,,,,,,,,,,,,,,,,,,,,,,,,
2026-07-20 06:30,,,,,,,,,,,,,,52.33%,,,,,,,,,72.95%,,,,,,71.78%,,,,,,,,,,,,,,,,,,,,,,,,,,,,,,,
2026-07-20 07:30,,,,,,,,,,,,,,50.05%,,,,,,,,,72.97%,,,,,,71.68%,,,,,,,,,,,,,,,,,,,,,,,,,,,,,,,
2026-07-20 08:30,,,,,,,,11.08%,,,,,,49.43%,,,,,,,,,73.05%,,,,,,72.84%,,,,,,,,,,,,,,,,,,,,,93.89%,,,,,,,,,,
2026-07-20 09:30,,,,,,,,1.62%,,,,,,47.77%,,,,,,,,,73.04%,,,,,,78.10%,,,,,,,,,,,,,,,,,,,,,94.10%,,,,,,,,,,
2026-07-20 10:30,,,,,,,,,,,,,,53.57%,,,,,,,,,72.83%,,,,,,78.75%,,,,,,,,,,,,,,,,,,,,,,,,,,,,,,,
2026-07-20 11:30,,,,,,,,,,,,8.97%,,48.49%,,,,,,,,,72.81%,,,,,52.39%,78.24%,,,,,,,,,,,,94.88%,,,,,,,,,,,,,,,,,,,
2026-07-20 12:30,,,,,,,,,,,,7.43%,,50.65%,,,,,,,,,72.81%,,,,,51.51%,78.37%,,,,,,,,,,,,94.88%,,,,,,,,,,,,,,,,,,,
2026-07-20 13:30,,,,,,,,,,,,7.25%,,3.10%,,,,,,,,,,,,,,53.85%,54.85%,,,,,,,,,,,,94.90%,,,,,,,,,,,,,,,,,,,
2026-07-20 14:30,,,,,,,,,,,,,,23.78%,,,,,,,,,72.85%,,,,,,59.70%,,,,,,,,,,,,,,,,,,,,,,,,,,,,,,,
2026-07-20 15:30,,,,,,,,,,,,,,67.71%,,,,,,,,,72.80%,,,,,,70.69%,,,,,,,,,,,,,,,,,,,,,,,,,,,,,,,
2026-07-20 16:30,,,,,,,,,,,,8.05%,,68.35%,,,,,,,,,72.77%,,,,,,71.45%,,,,,,,,,,,,,,,,,,,,,,,,,,,,,,,
2026-07-20 17:30,,,,,,,,,,,,7.40%,,69.50%,,,,,,,,,72.85%,,,,,,71.92%,,,,,,,,,,,,,,,,,,,,,,,,,,,,,,,
2026-07-20 18:30,,,,,,,,,,,,7.34%,,69.44%,,,,,,,,,72.69%,,,,,,72.08%,,,,,,,,,,,,,,,,,,,,,,,,,,,,,,,
2026-07-20 19:30,,,,,,,,,,,,10.81%,,69.42%,,,,,,,,,72.75%,,,,,,71.09%,,,,,,,,,,,,,,,,,,,,,,,,,,,,,,,
2026-07-20 20:30,,,,,,,,,,,,8.25%,,70.43%,,,,,,,,,72.76%,,,,,,71.68%,,,,,,,,,,,,,,,,,,,,,,,,,,,,,,,
2026-07-20 21:30,,,,,,,,,,,,,,55.25%,,,,,,,,,72.62%,,,,,,70.35%,,,,,,,,,,,,,,,,,,,,,,,,,,,,,,,
2026-07-20 22:30,,,,,,,,,,,,,,39.18%,,,,,,,,,72.28%,,,,,,67.03%,,,,,,,,,,,,,,,,,,,,,,,,,,,,,,,
2026-07-20 23:30,,,,,,,,,,,,,,39.71%,,,,,,,,,72.67%,,,,,,67.30%,,,,,,,,,,,,,,,,,,,,,,,,,,,,,,,
2026-07-21 00:30,,,,,,,,,,,,,,40.48%,,,,,,,,,72.77%,,,,,,67.55%,,,,,,,,,,,,,,,,,,,,,,,,,,,,,,,
2026-07-21 01:30,,,,,,,,,,,,,,40.60%,,,,,,,,,72.79%,,,,,,67.75%,,,,,,,,,,,,,,,,,,,,,,,,,,,,,,,
2026-07-21 02:30,,,,,,,,,,,,,,46.25%,,,,,,,,,72.96%,,,,,,67.92%,,,,,,,,,,,,,,,,,,,,,,,,,,,,,,,
2026-07-21 03:30,,,,,,,,,,,,,,41.56%,,,,,,,,,72.35%,,,,,,67.46%,,,,,,,,,,,,,,,,,,,,,,,,,,,,,,,
2026-07-21 04:30,,,,,,,,,,,,,,41.67%,,,,,,,,,72.32%,,,,,,67.65%,,,,,,,,,,,,,,,,,,,,,,,,,,,,,,,
2026-07-21 05:30,,,,,,,,,,,,,,42.03%,,,,,,,,,72.41%,,,,,,67.93%,,,,,,,,,,,,,,,,,,,,,,,,,,,,,,,
2026-07-21 06:30,,,,,,,,,,,,,,41.70%,,,,,,,,,72.38%,,,,,,68.07%,,,,,,,,,,,,,,,,,,,,,,,,,,,,,,,
2026-07-21 07:30,,,,,,,,,,,,,,38.73%,,,,,,,,,72.36%,,,,,,68.05%,,,,,,,,,,,,,,,,,,,,,,,,,,,,,,,
2026-07-21 08:30,,,,,,,,7.60%,,,,,,39.13%,,,,,,,,,72.19%,,,,,,68.25%,,,,,,,,,,,,,,,,,,,,,93.96%,,,,,,,,,,
2026-07-21 09:30,,,,,,,,1.45%,,,,,,39.26%,,,,,,,,,72.26%,,,,,,68.29%,,,,,,,,,,,,,,,,,,,,,93.93%,,,,,,,,,,
2026-07-21 10:30,,,,,,,,,,,,,,39.54%,,,,,,,,,72.29%,,,,,,68.61%,,,,,,,,,,,,,,,,,,,,,,,,,,,,,,,
2026-07-21 11:30,,,,,,,,,,,,9.09%,,40.04%,,,,,,,,,72.39%,,,,,,68.56%,,,,,,,,,,,,,,,,,,,,,,,,,,,,,,,
2026-07-21 12:30,,,,,,,,,,,,8.04%,,40.17%,,,,,,,,,72.35%,,,,,,68.60%,,,,,,,,,,,,,,,,,,,,,,,,,,,,,,,
2026-07-21 13:30,,,,,,,,,,,,8.18%,,40.64%,,,,,,,,,72.40%,,,,,,68.80%,,,,,,,,,,,,,,,,,,,,,,,,,,,,,,,
2026-07-21 14:30,,,,,,,,,,,,,,40.99%,,,,,,,,,72.37%,,,,,,68.78%,,,,,,,,,,,,,,,,,,,,,,,,,,,,,,,
2026-07-21 15:30,,,,,,,,,,,,9.43%,,41.08%,,,,,,,,,72.34%,,,,,,68.76%,,,,,,,,,,,,,,,,,,,,,,,,,,,,,,,
2026-07-21 16:30,,,,,,,,,,,,8.17%,,41.48%,,,,,,,,,72.28%,,,,,,69.02%,,,,,,,,,,,,,,,,,,,,,,,,,,,,,,,
2026-07-21 17:30,,,,,,,,,,,,8.48%,,29.28%,,,,,,,,,72.24%,,,,,,67.88%,,,,,,,,,,,,,,,,,,,,,,,,,,,,,,,
2026-07-21 18:30,,,,,,,,,,,,7.93%,,25.09%,,,,,,,,,72.19%,,,,,,67.77%,,,,,,,,,,,,,,,,,,,,,,,,,,,,,,,
2026-07-21 19:30,,,,,,,,,,,,9.32%,,25.76%,,,,,,,,,72.24%,,,,,,67.68%,,,,,,,,,,,,,,,,,,,,,,,,,,,,,,,
2026-07-21 20:30,,,,,,,,,,,,7.52%,,25.83%,,,,,,,,,72.10%,,,,,,67.78%,,,,,,,,,,,,,,,,,,,,,,,,,,,,,,,
2026-07-21 21:30,,,,,,,,,,,,,,26.06%,,,,,,,,,72.22%,,,,,,67.92%,,,,,,,,,,,,,,,,,,,,,,,,,,,,,,,
2026-07-21 22:30,,,,,,,,,,,,,,26.38%,,,,,,,,,72.16%,,,,,,67.88%,,,,,,,,,,,,,,,,,,,,,,,,,,,,,,,
2026-07-21 23:30,,,,,,,,,,,,,,26.60%,,,,,,,,,72.35%,,,,,,68.04%,,,,,,,,,,,,,,,,,,,,,,,,,,,,,,,
2026-07-22 00:30,,,,,,,,,,,,,,26.95%,,,,,,,,,72.36%,,,,,,68.02%,,,,,,,,,,,,,,,,,,,,,,,,,,,,,,,
2026-07-22 01:30,,,,,,,,,,,,,,27.12%,,,,,,,,,72.33%,,,,,,68.25%,,,,,,,,,,,,,,,,,,,,,,,,,,,,,,,
2026-07-22 02:30,,,,,,,,,,,,,,30.95%,,,,,,,,,72.51%,,,,,,68.34%,,,,,,,,,,,,,,,,,,,,,,,,,,,,,,,
2026-07-22 03:30,,,,,,,,,,,,,,37.28%,,,,,,,,,72.46%,,,,,,68.28%,,,,,,,,,,,,,,,,,,,,,,,,,,,,,,,
2026-07-22 04:30,,,,,,,,,,,,,,32.10%,,,,,,,,,72.45%,,,,,,68.55%,,,,,,,,,,,,,,,,,,,,,,,,,,,,,,,
2026-07-22 05:30,,,,,,,,,,,,,,28.73%,,,,,,,,,72.41%,,,,,,68.75%,,,,,,,,,,,,,,,,,,,,,,,,,,,,,,,
2026-07-22 06:30,,,,,,,,,,,,,,28.89%,,,,,,,,,72.40%,,,,,,68.47%,,,,,,,,,,,,,,,,,,,,,,,,,,,,,,,
2026-07-22 07:30,,,,,,,,,,,,,,29.03%,,,,,,,,,72.48%,,,,,,68.49%,,,,,,,,,,,,,,,,,,,,,,,,,,,,,,,
2026-07-22 08:30,,,,,,,,7.81%,,,,,,29.67%,,,,,,,,,72.35%,,,,,,68.82%,,,,,,,,,,,,,,,,,,,,,93.57%,,,,,,,,,,
2026-07-22 09:30,,,,,,,,3.81%,,,,,,29.78%,,,,,,,,,72.51%,,,,,,68.70%,,,,,,,,,,,,,,,,,,,,,94.36%,,,,,,,,,,
2026-07-22 10:30,,,,,,,,,,,,10.79%,,29.96%,,,,,,,,,72.43%,,,,,,68.85%,,,,,,,,,,,,,,,,,,,,,,,,,,,,,,,
2026-07-22 11:30,,,,,,,,,,,,7.66%,,30.35%,,,,,,,,,72.48%,,,,,,68.92%,,,,,,,,,,,,,,,,,,,,,,,,,,,,,,,
2026-07-22 12:30,,,,,,,,,,,,7.49%,,30.80%,,,,,,,,,72.40%,,,,,,68.84%,,,,,,,,,,,,,,,,,,,,,,,,,,,,,,,
2026-07-22 13:30,,,,,,,,,,,,7.36%,,31.46%,,,,,,,,,72.43%,,,,,,69.07%,,,,,,,,,,,,,,,,,,,,,,,,,,,,,,,
2026-07-22 14:30,,,,,,,,,,,,,,32.01%,,,,,,,,,72.38%,,,,,,69.04%,,,,,,,,,,,,,,,,,,,,,,,,,,,,,,,
2026-07-22 15:30,,,,,,,,,,,,,,44.71%,,,,,,,,,72.46%,,,,,,68.98%,,,,,,,,,,,,,,,,,,,,,,,,,,,,,,,
2026-07-22 16:30,,,,,,,,,,,,,,32.21%,,,,,,,,,72.41%,,,,,,69.24%,,,,,,,,,,,,,,,,,,,,,,,,,,,,,,,
2026-07-22 17:30,,,,,,,,,,,,,,32.07%,,,,,,,,,72.47%,,,,,,69.13%,,,,,,,,,,,,,,,,,,,,,,,,,,,,,,,
2026-07-22 18:30,,,,,,,,,,36.61%,,,,45.02%,,,28.59%,,,18.98%,,,72.46%,,,,,,69.32%,,,,,,,,,,,,,,,,,,,,,,,,,,,,,,,
2026-07-22 19:30,,,,,,,,,,,,,,32.76%,,,,,,,,,72.45%,,,,,,69.42%,,,,,,,,,,,,,,,,,,,,,,,,,,,,,,,
2026-07-22 20:30,,,,,,,,,,,,,,33.06%,,,,,,,,,72.38%,,,,,,69.54%,,,,,,,,,,,,,,,,,,,,,,,,,,,,,,,
2026-07-22 21:30,,,,,,,,,,,,,,33.31%,,,,,,,,,72.40%,,,,,,69.69%,,,,,,,,,,,,,,,,,,,,,,,,,,,,,,,
2026-07-22 22:30,,,,,,,,,,,,,,33.61%,,,,,,,,,72.36%,,,,,,69.75%,,,,,,,,,,,,,,,,,,,,,,,,,,,,,,,
2026-07-22 23:30,,,,,,,,,,,,,,34.05%,,,,,,,,,72.58%,,,,,,69.74%,,,,,,,,,,,,,,,,,,,,,,,,,,,,,,,
2026-07-23 00:30,,,,,,,,,,,,,,33.99%,,,,,,,,,72.65%,,,,,,69.72%,,,,,,,,,,,,,,,,,,,,,,,,,,,,,,,
2026-07-23 01:30,,,,,,,,,,,,,,34.18%,,,,,,,,,72.50%,,,,,,69.93%,,,,,,,,,,,,,,,,,,,,,,,,,,,,,,,
2026-07-23 02:30,,,,,,,,,,,,,,34.42%,,,,,,,,,72.65%,,,,,,69.89%,,,,,,,,,,,,,,,,,,,,,,,,,,,,,,,
2026-07-23 03:30,,,,,,,,,,,,,,26.89%,,,,,,,,,73.00%,,,,,,69.30%,,,,,,,,,,,,,,,,,,,,,,,,,,,,,,,
2026-07-23 04:30,,,,,,,,,,,,,,27.44%,,,,,,,,,72.89%,,,,,,69.39%,,,,,,,,,,,,,,,,,,,,,,,,,,,,,,,
2026-07-23 05:30,,,,,,,,,,,,,,27.86%,,,,,,,,,73.00%,,,,,,69.66%,,,,,,,,,,,,,,,,,,,,,,,,,,,,,,,
2026-07-23 06:30,,,,,,,,,,,,,,27.99%,,,,,,,,,72.89%,,,,,,69.47%,,,,,,,,,,,,,,,,,,,,,,,,,,,,,,,
2026-07-23 07:30,,,,,,,,,,,,,,28.25%,,,,,,,,,72.83%,,,,,,69.67%,,,,,,,,,,,,,,,,,,,,,,,,,,,,,,,
2026-07-23 08:30,,,,,,,,10.27%,,,,,,28.66%,,,,,,,,,72.72%,,,,,,69.65%,,,,,,,,,,,,,,,,,,,,,94.18%,,,,,,,,,,
2026-07-23 09:30,,,,,,,,1.57%,,,,,,39.65%,,,,,,,,,73.06%,,,,,,69.56%,,,,,,,,,,,,,,,,,,,,,94.07%,,,,,,,,,,
2026-07-23 10:30,,,,,,,,,,,,,,29.42%,,,,,,,,,72.89%,,,,,,69.52%,,,,,,,,,,,,,,,,,,,,,,,,,,,,,,,
2026-07-23 11:30,,,,,,,,9.50%,,,,10.88%,,27.61%,,,,,,,,,72.87%,,,,,50.76%,69.49%,,,,,,,,,,,,94.45%,,,,,,,,,93.42%,,,,,,,,,,
2026-07-23 12:30,,,,,,,,5.57%,,,,8.82%,,41.36%,,,,,,,,,72.81%,,,,,52.06%,69.37%,,,,,,,,,,,,94.59%,,,,,,,,,93.31%,,,,,,,,,,
2026-07-23 13:30,,,,,,,,2.84%,,,,7.53%,,28.31%,,,,,,,,,72.88%,,,,,51.51%,69.44%,,,,,,,,,,,,94.85%,,,,,,,,,93.43%,,,,,,,,,,
2026-07-23 14:30,,,,,,,,2.87%,,,,7.45%,,29.80%,,,,,,,,,72.68%,,,,,49.42%,69.52%,,,,,,,,,,,,94.85%,,,,,,,,,93.43%,,,,,,,,,,
2026-07-23 15:30,,,,,,,,2.90%,,,,8.98%,,44.11%,,,,,,,,,72.86%,,,,,50.45%,69.80%,,,,,,,,,,,,94.85%,,,,,,,,,93.43%,,,,,,,,,,
2026-07-23 16:30,,,,,,,,9.71%,,,,8.26%,,30.42%,,,,,,,,,72.84%,,,,,54.81%,69.79%,,,,,,,,,,,,94.85%,,,,,,,,,93.13%,,,,,,,,,,
2026-07-23 17:30,,,,,,,,4.57%,,,,8.21%,,30.88%,,,,,,,,,72.75%,,,,,54.15%,69.91%,,,,,,,,,,,,94.85%,,,,,,,,,93.10%,,,,,,,,,,
2026-07-23 18:30,,,,,,,,4.88%,,,,8.93%,,30.17%,,,,,,,,,72.84%,,,,,58.95%,69.89%,,,,,,,,,,,,94.72%,,,,,,,,,93.10%,,,,,,,,,,
2026-07-23 19:30,,,,,,,,7.26%,,,,8.51%,,30.60%,,,,,,,,,72.78%,,,,,59.60%,69.84%,,,,,,,,,,,,94.76%,,,,,,,,,93.18%,,,,,,,,,,
2026-07-23 20:30,,,,,,,,4.76%,,,,8.52%,,30.84%,,,,,,,,,72.73%,,,,,,70.01%,,,,,,,,,,,,,,,,,,,,,93.21%,,,,,,,,,,
2026-07-23 21:30,,,,,,,,2.28%,,,,,,31.02%,,,,,,,,,72.81%,,,,,,70.07%,,,,,,,,,,,,,,,,,,,,,93.22%,,,,,,,,,,
2026-07-23 22:30,,,,,,,,3.01%,,,,,,31.40%,,,,,,,,,72.74%,,,,,,70.12%,,,,,,,,,,,,,,,,,,,,,93.23%,,,,,,,,,,
2026-07-23 23:30,,,,,,,,2.89%,,,,,,31.78%,,,,,,,,,72.92%,,,,,,70.17%,,,,,,,,,,,,,,,,,,,,,93.23%,,,,,,,,,,
2026-07-24 00:30,,,,,,,,2.69%,,,,,,32.13%,,,,,,,,,72.96%,,,,,,70.22%,,,,,,,,,,,,,,,,,,,,,93.24%,,,,,,,,,,
2026-07-24 01:30,,,,,,,,,,,,,,31.87%,,,,,,,,,73.02%,,,,,,70.14%,,,,,,,,,,,,,,,,,,,,,,,,,,,,,,,
2026-07-24 02:30,,,,,,,,,,,,,,28.85%,,,,,,,,,72.99%,,,,,,70.19%,,,,,,,,,,,,,,,,,,,,,,,,,,,,,,,
2026-07-24 03:30,,,,,,,,,,,,,,31.86%,,,,,,,,,72.91%,,,,,,69.39%,,,,,,,,,,,,,,,,,,,,,,,,,,,,,,,
2026-07-24 04:30,,,,,,,,,,,,,,29.01%,,,,,,,,,72.95%,,,,,,68.65%,,,,,,,,,,,,,,,,,,,,,,,,,,,,,,,
2026-07-24 05:30,,,,,,,,,,,,,,29.46%,,,,,,,,,72.94%,,,,,,69.15%,,,,,,,,,,,,,,,,,,,,,,,,,,,,,,,
2026-07-24 06:30,,,,,,,,,,,,,,29.73%,,,,,,,,,72.83%,,,,,,69.44%,,,,,,,,,,,,,,,,,,,,,,,,,,,,,,,
2026-07-24 07:30,,,,,,,,,,,,,,30.09%,,,,,,,,,72.87%,,,,,,69.79%,,,,,,,,,,,,,,,,,,,,,,,,,,,,,,,
2026-07-24 08:30,,,,,,,,9.79%,,,,,,30.70%,,,,,,,,,72.83%,,,,,,69.66%,,,,,,,,,,,,,,,,,,,,,93.83%,,,,,,,,,,
2026-07-24 09:30,,,,,,,,1.77%,,,,,,40.92%,,,,,,,,,72.99%,,,,,,69.64%,,,,,,,,,,,,,,,,,,,,,94.32%,,,,,,,,,,
2026-07-24 10:30,,,,,,,,,,,,,,34.51%,,,,,,,,,72.91%,,,,,,69.64%,,,,,,,,,,,,,,,,,,,,,,,,,,,,,,,
2026-07-24 11:30,,,,,,,,,,,,7.89%,,31.70%,,,,,,,,,72.94%,,,,,,69.79%,,,,,,,,,,,,,,,,,,,,,,,,,,,,,,,
2026-07-24 12:30,,,,39.91%,,,,,,,,7.55%,,27.85%,,,,,,,,,72.82%,,,,,,69.38%,,,,,,,,,,,,,,,,,,,,,,,,,,,,,,,
2026-07-24 13:30,,,,36.65%,,,,,,,,7.15%,,23.45%,,,,,,,,,72.83%,,,,,,68.77%,,,,,,,,,,,,,,,,,,,,,,,,,,,,,,,
2026-07-24 14:30,,,,35.42%,,,,,,,,11.86%,,23.74%,,,,,,,,,72.79%,,,,,,68.86%,,,,,,,,,,,,,,,,,,,,,,,,,,,,,,,
2026-07-24 15:30,,,,35.82%,,,,,,,,8.78%,,27.17%,,,,,,,,,72.83%,,,,,59.56%,68.88%,,,,,,,,,,,,,,,,,,,,,,,,,,,,,,,
2026-07-24 16:30,,,,36.12%,,,,,,,,8.53%,,33.57%,,,,,,,,,72.79%,,,,,58.52%,68.83%,,,,,,,,,,,,95.09%,,,,,,,,,,,,,,,,,,,
2026-07-24 17:30,,,,35.72%,,,,,,,,8.53%,,23.35%,,,,,,,,,72.85%,,,,,60.78%,68.89%,,,,,,,,,,,,95.10%,,,,,,,,,,,,,,,,,,,
2026-07-24 18:30,,,,36.48%,,,,,,,,,,18.76%,,,,,,,,,72.74%,,,,,59.67%,69.03%,,,,,,,,,,,,95.10%,,,,,,,,,,,,,,,,,,,
2026-07-24 19:30,,,,34.89%,,,,,,,,,,21.09%,,,,,,,,,72.73%,,,,,60.00%,69.27%,,,,,,,,,,,,95.10%,,,,,,,,,,,,,,,,,,,
2026-07-24 20:30,,,,,,,,,,,,,,24.95%,,,,,,,,,72.63%,,,,,,70.00%,,,,,,,,,,,,,,,,,,,,,,,,,,,,,,,
2026-07-24 21:30,,,,,,,,,,,,,,25.33%,,,,,,,,,72.77%,,,,,,70.07%,,,,,,,,,,,,,,,,,,,,,,,,,,,,,,,
2026-07-24 22:30,,,,,,,,,,,,,,25.92%,,,,,,,,,72.72%,,,,,,70.24%,,,,,,,,,,,,,,,,,,,,,,,,,,,,,,,
2026-07-24 23:30,,,,,,,,,,,,,,26.02%,,,,,,,,,73.01%,,,,,,70.19%,,,,,,,,,,,,,,,,,,,,,,,,,,,,,,,
2026-07-25 00:30,,,,,,,,,,,,,,26.57%,,,,,,,,,73.06%,,,,,,70.03%,,,,,,,,,,,,,,,,,,,,,,,,,,,,,,,
2026-07-25 01:30,,,,,,,,,,,,,,27.11%,,,,,,,,,72.99%,,,,,,70.03%,,,,,,,,,,,,,,,,,,,,,,,,,,,,,,,
2026-07-25 02:30,,,,,,,,,,,,,,26.97%,,,,,,,,,73.11%,,,,,,70.25%,,,,,,,,,,,,,,,,,,,,,,,,,,,,,,,
2026-07-25 03:30,,,,,,,,,,,,,,30.83%,,,,,,,,,72.89%,,,,,,70.37%,,,,,,,,,,,,,,,,,,,,,,,,,,,,,,,
2026-07-25 04:30,,,,,,,,,,,,,,27.52%,,,,,,,,,72.85%,,,,,,70.21%,,,,,,,,,,,,,,,,,,,,,,,,,,,,,,,
2026-07-25 05:30,,,,,,,,,,,,,,28.09%,,,,,,,,,72.94%,,,,,,70.27%,,,,,,,,,,,,,,,,,,,,,,,,,,,,,,,
2026-07-25 06:30,,,,,,,,,,,,,,28.13%,,,,,,,,,72.83%,,,,,,70.22%,,,,,,,,,,,,,,,,,,,,,,,,,,,,,,,
2026-07-25 07:30,,,,,,,,,,,,,,25.31%,,,,,,,,,72.95%,,,,,,70.29%,,,,,,,,,,,,,,,,,,,,,,,,,,,,,,,
2026-07-25 08:30,,,,,,,,9.75%,,,,,,25.81%,,,,,,,,,72.79%,,,,,,70.10%,,,,,,,,,,,,,,,,,,,,,94.16%,,,,,,,,,,
2026-07-25 09:30,,,,,,,,1.62%,,,,,,37.09%,,,,,,,,,72.95%,,,,,,70.12%,,,,,,,,,,,,,,,,,,,,,94.08%,,,,,,,,,,
2026-07-25 10:30,,,,,,,,,,,,,,27.40%,,,,,,,,,72.97%,,,,,,70.13%,,,,,,,,,,,,,,,,,,,,,,,,,,,,,,,
2026-07-25 11:30,,,,,,,,,,,,,,25.93%,,,,,,,,,73.02%,,,,,,70.27%,,,,,,,,,,,,,,,,,,,,,,,,,,,,,,,
2026-07-25 12:30,,,,,,,,,,,,,,39.58%,,,,,,,,,72.89%,,,,,,71.06%,,,,,,,,,,,,,,,,,,,,,,,,,,,,,,,
2026-07-25 13:30,,,,,,,,,,,,,,26.39%,,,,,,,,,72.81%,,,,,,71.22%,,,,,,,,,,,,,,,,,,,,,,,,,,,,,,,
2026-07-25 14:30,,,,,,,,,,,,,,26.56%,,,,,,,,,72.70%,,,,,,71.33%,,,,,,,,,,,,,,,,,,,,,,,,,,,,,,,
2026-07-25 15:30,,,,,,,,,,,,,,27.05%,,,,,,,,,72.77%,,,,,,71.19%,,,,,,,,,,,,,,,,,,,,,,,,,,,,,,,
2026-07-25 16:30,,,,,,,,,,,,,,27.33%,,,,,,,,,72.69%,,,,,,71.13%,,,,,,,,,,,,,,,,,,,,,,,,,,,,,,,
2026-07-25 17:30,,,,,,,,,,,,,,27.46%,,,,,,,,,72.75%,,,,,,71.21%,,,,,,,,,,,,,,,,,,,,,,,,,,,,,,,
2026-07-25 18:30,,,,,,,,,,,,,,28.05%,,,,,,,,,72.71%,,,,,,71.22%,,,,,,,,,,,,,,,,,,,,,,,,,,,,,,,
2026-07-25 19:30,,,,,,,,,,,,,,28.26%,,,,,,,,,72.81%,,,,,,71.29%,,,,,,,,,,,,,,,,,,,,,,,,,,,,,,,
2026-07-25 20:30,,,,,,,,,,,,,,28.89%,,,,,,,,,72.76%,,,,,,71.36%,,,,,,,,,,,,,,,,,,,,,,,,,,,,,,,
2026-07-25 21:30,,,,,,,,,,,,,,29.10%,,,,,,,,,72.88%,,,,,,71.48%,,,,,,,,,,,,,,,,,,,,,,,,,,,,,,,
2026-07-25 22:30,,,,,,,,,,,,,,29.46%,,,,,,,,,72.85%,,,,,,71.64%,,,,,,,,,,,,,,,,,,,,,,,,,,,,,,,
2026-07-25 23:30,,,,,,,,,,,,,,29.77%,,,,,,,,,73.09%,,,,,,71.49%,,,,,,,,,,,,,,,,,,,,,,,,,,,,,,,
2026-07-26 00:30,,,,,,,,,,,,,,30.18%,,,,,,,,,73.06%,,,,,,71.58%,,,,,,,,,,,,,,,,,,,,,,,,,,,,,,,
2026-07-26 01:30,,,,,,,,,,,,,,30.25%,,,,,,,,,72.93%,,,,,,71.61%,,,,,,,,,,,,,,,,,,,,,,,,,,,,,,,
2026-07-26 02:30,,,,,,,,,,,,,,33.32%,,,,,,,,,72.99%,,,,,,71.71%,,,,,,,,,,,,,,,,,,,,,,,,,,,,,,,
2026-07-26 03:30,,,,,,,,,,,,,,39.23%,,,,,,,,,73.05%,,,,,,71.59%,,,,,,,,,,,,,,,,,,,,,,,,,,,,,,,
2026-07-26 04:30,,,,,,,,,,,,,,36.58%,,,,,,,,,73.04%,,,,,,71.51%,,,,,,,,,,,,,,,,,,,,,,,,,,,,,,,
2026-07-26 05:30,,,,,,,,,,,,,,31.51%,,,,,,,,,73.12%,,,,,,71.57%,,,,,,,,,,,,,,,,,,,,,,,,,,,,,,,
2026-07-26 06:30,,,,,,,,,,,,,,40.64%,,,,,,,,,73.18%,,,,,,71.75%,,,,,,,,,,,,,,,,,,,,,,,,,,,,,,,
2026-07-26 07:30,,,,,,,,,,,,,,36.70%,,,,,,,,,73.24%,,,,,,71.69%,,,,,,,,,,,,,,,,,,,,,,,,,,,,,,,
2026-07-26 08:30,,,,,,,,7.86%,,,,,,32.33%,,,,,,,,,73.24%,,,,,,71.96%,,,,,,,,,,,,,,,,,,,,,93.74%,,,,,,,,,,
2026-07-26 09:30,,,,,,,,1.89%,,,,,,32.51%,,,,,,,,,73.21%,,,,,,71.98%,,,,,,,,,,,,,,,,,,,,,93.85%,,,,,,,,,,
2026-07-26 10:30,,,,,,,,,,,,,,32.91%,,,,,,,,,73.26%,,,,,,71.90%,,,,,,,,,,,,,,,,,,,,,,,,,,,,,,,
2026-07-26 11:30,,,,,,,,,,,,,,33.47%,,,,,,,,,73.24%,,,,,,72.13%,,,,,,,,,,,,,,,,,,,,,,,,,,,,,,,
2026-07-26 12:30,,,,,,,,,,,,,,33.65%,,,,,,,,,73.20%,,,,,,72.07%,,,,,,,,,,,,,,,,,,,,,,,,,,,,,,,
2026-07-26 13:30,,,,,,,,,,,,,,33.88%,,,,,,,,,73.20%,,,,,,72.27%,,,,,,,,,,,,,,,,,,,,,,,,,,,,,,,
2026-07-26 14:30,,,,,,,,,,,,,,33.67%,,,,,,,,,73.08%,,,,,,72.08%,,,,,,,,,,,,,,,,,,,,,,,,,,,,,,,
2026-07-26 15:30,,,,,,,,,,,,,,34.12%,,,,,,,,,73.10%,,,,,,72.23%,,,,,,,,,,,,,,,,,,,,,,,,,,,,,,,
2026-07-26 16:30,,,,,,,,,,,,,,34.63%,,,,,,,,,73.10%,,,,,,72.36%,,,,,,,,,,,,,,,,,,,,,,,,,,,,,,,
2026-07-26 17:30,,,,,,,,,,,,,,34.62%,,,,,,,,,73.13%,,,,,,72.36%,,,,,,,,,,,,,,,,,,,,,,,,,,,,,,,
2026-07-26 18:30,,,,,,,,,,,,,,35.36%,,,,,,,,,73.06%,,,,,,72.51%,,,,,,,,,,,,,,,,,,,,,,,,,,,,,,,
2026-07-26 19:30,,,,,,,,,,,,,,35.32%,,,,,,,,,73.13%,,,,,,72.49%,,,,,,,,,,,,,,,,,,,,,,,,,,,,,,,
2026-07-26 20:30,,,,,,,,,,,,,,35.71%,,,,,,,,,73.07%,,,,,,72.61%,,,,,,,,,,,,,,,,,,,,,,,,,,,,,,,
2026-07-26 21:30,,,,,,,,,,,,,,35.76%,,,,,,,,,73.09%,,,,,,72.59%,,,,,,,,,,,,,,,,,,,,,,,,,,,,,,,
2026-07-26 22:30,,,,,,,,,,,,,,36.52%,,,,,,,,,73.07%,,,,,,72.59%,,,,,,,,,,,,,,,,,,,,,,,,,,,,,,,
2026-07-26 23:30,,,,,,,,,,,,,,36.45%,,,,,,,,,73.33%,,,,,,72.69%,,,,,,,,,,,,,,,,,,,,,,,,,,,,,,,
2026-07-27 00:30,,,,,,,,,,,,,,36.74%,,,,,,,,,73.35%,,,,,,72.69%,,,,,,,,,,,,,,,,,,,,,,,,,,,,,,,
2026-07-27 01:30,,,,,,,,,,,,,,37.12%,,,,,,,,,73.18%,,,,,,72.77%,,,,,,,,,,,,,,,,,,,,,,,,,,,,,,,
2026-07-27 02:30,,,,,,,,,,,,,,38.12%,,,,,,,,,73.19%,,,,,,72.89%,,,,,,,,,,,,,,,,,,,,,,,,,,,,,,,
2026-07-27 03:30,,,,,,,,,,,,,,40.98%,,,,,,,,,72.74%,,,,,,72.60%,,,,,,,,,,,,,,,,,,,,,,,,,,,,,,,
2026-07-27 04:30,,,,,,,,,,,,,,38.26%,,,,,,,,,72.56%,,,,,,72.06%,,,,,,,,,,,,,,,,,,,,,,,,,,,,,,,
2026-07-27 05:30,,,,,,,,,,,,,,38.48%,,,,,,,,,72.59%,,,,,,72.30%,,,,,,,,,,,,,,,,,,,,,,,,,,,,,,,
2026-07-27 06:30,,,,,,,,,,,,,,38.77%,,,,,,,,,72.67%,,,,,,72.19%,,,,,,,,,,,,,,,,,,,,,,,,,,,,,,,
2026-07-27 07:30,,,,,,,,,,,,,,38.98%,,,,,,,,,72.73%,,,,,,72.22%,,,,,,,,,,,,,,,,,,,,,,,,,,,,,,,
2026-07-27 08:30,,,,,,,,6.34%,,,,,,39.59%,,,,,,,,,72.80%,,,,,,72.28%,,,,,,,,,,,,,,,,,,,,,93.77%,,,,,,,,,,
2026-07-27 09:30,,,,,,,,1.79%,,,,,,39.46%,,,,,,,,,72.67%,,,,,,72.38%,,,,,,,,,,,,,,,,,,,,,93.38%,,,,,,,,,,
2026-07-27 10:30,,,,,,,,,,,,,,40.30%,,,,,,,,,72.51%,,,,,,72.50%,,,,,,,,,,,,,,,,,,,,,,,,,,,,,,,
2026-07-27 11:30,,,,,,,,,,,,,,40.50%,,,,,,,,,72.52%,,,,,,72.65%,,,,,,,,,,,,,,,,,,,,,,,,,,,,,,,
2026-07-27 12:30,,,,,,,,,,,,,,38.31%,,,,,,,,,72.51%,,,,,,72.36%,,,,,,,,,,,,,,,,,,,,,,,,,,,,,,,
2026-07-27 13:30,,,,,,,,,,,,,,28.11%,,,,,,,,,72.54%,,,,,,71.51%,,,,,,,,,,,,,,,,,,,,,,,,,,,,,,,
2026-07-27 14:30,,,,,,,,,,,,13.36%,,28.74%,,,,,,,,,72.50%,,,,,,71.52%,,,,,,,,,,,,,,,,,,,,,,,,,,,,,,,
2026-07-27 15:30,,,,,,,,,,,,7.78%,,28.76%,,,,,,,,,72.57%,,,,,61.46%,71.28%,,,,,,,,,,,,97.89%,,,,,,,,,,,,,,,,,,,
2026-07-27 16:30,,,,,,,,,,,,7.65%,,29.04%,,,,,,,,,72.51%,,,,,59.39%,71.27%,,,,,,,,,,,,97.89%,,,,,,,,,,,,,,,,,,,
2026-07-27 17:30,,,,,,,,,,,,7.60%,,26.38%,,,,,,,,,72.58%,,,,,,71.40%,,,,,,,,,,,,,,,,,,,,,,,,,,,,,,,
2026-07-27 18:30,,,,,,,,,,,,,,24.61%,,,,,,,,,72.52%,,,,,,71.39%,,,,,,,,,,,,,,,,,,,,,,,,,,,,,,,
2026-07-27 19:30,,,,,,,,,,,,,,25.54%,,,,,,,,,72.59%,,,,,,71.46%,,,,,,,,,,,,,,,,,,,,,,,,,,,,,,,
2026-07-27 20:30,,,,,,,,,,,,,,25.63%,,,,,,,,,72.59%,,,,,,71.34%,,,,,,,,,,,,,,,,,,,,,,,,,,,,,,,
2026-07-27 21:30,,,,,,,,,,,,,,25.67%,,,,,,,,,72.58%,,,,,,71.36%,,,,,,,,,,,,,,,,,,,,,,,,,,,,,,,
2026-07-27 22:30,,,,51.03%,,,,,,,,,,23.75%,,,,,,,,,72.54%,,,,,,70.76%,,,,,,,,,,,,,,,,,,,,,,,,,,,,,,,
2026-07-27 23:30,,,,36.39%,,,,,,,,,,19.97%,,,,,,,,,72.81%,,,,,,70.01%,,,,,,,,,,,,,,,,,,,,,,,,,,,,,,,
2026-07-28 00:30,,,,35.47%,,,,,,,,,,19.86%,,,,,,,,,72.72%,,,,,,70.09%,,,,,,,,,,,,,,,,,,,,,,,,,,,,,,,
2026-07-28 01:30,,,,37.16%,,,,,,,,,,19.67%,,,,,,,,,72.70%,,,,,,69.77%,,,,,,,,,,,,,,,,,,,,,,,,,,,,,,,
2026-07-28 02:30,,,,37.68%,,,,,,,,,,20.48%,,,,,,,,,73.02%,,,,,,69.95%,,,,,,,,,,,,,,,,,,,,,,,,,,,,,,,
2026-07-28 03:30,,,,37.36%,,,,,,,,,,23.10%,,,,,,,,,72.99%,,,,,,70.54%,,,,,,,,,,,,,,,,,,,,,,,,,,,,,,,
2026-07-28 04:30,,,,37.38%,,,,,,,,,,31.93%,,,,,,,,,73.00%,,,,,,70.12%,,,,,,,,,,,,,,,,,,,,,,,,,,,,,,,
2026-07-28 05:30,,,,36.01%,,,,,,,,,,22.55%,,,,,,,,,73.05%,,,,,,70.29%,,,,,,,,,,,,,,,,,,,,,,,,,,,,,,,
2026-07-28 06:30,,,,35.60%,,,,,,,,,,20.65%,,,,,,,,,72.84%,,,,,,70.50%,,,,,,,,,,,,,,,,,,,,,,,,,,,,,,,
2026-07-28 07:30,,,,34.77%,,,,,,,,,,20.90%,,,,,,,,,72.87%,,,,,,70.53%,,,,,,,,,,,,,,,,,,,,,,,,,,,,,,,
2026-07-28 08:30,,,,34.71%,,,,7.27%,,,,,,34.41%,,,,,,,,,72.88%,,,,,,70.40%,,,,,,,,,,,,,,,,,,,,,93.37%,,,,,,,,,,
2026-07-28 09:30,,,,34.71%,,,,1.48%,,,,,,21.05%,,,,,,,,,72.95%,,,,,,70.62%,,,,,,,,,,,,,,,,,,,,,93.35%,,,,,,,,,,
2026-07-28 10:30,,,,35.34%,,,,,,,,,,21.13%,,,,,,,,,72.89%,,,,,,70.46%,,,,,,,,,,,,,,,,,,,,,,,,,,,,,,,
2026-07-28 11:30,,,,35.75%,,,,,,,,11.01%,,21.47%,,,,,,,,,72.88%,,,,,59.21%,70.40%,,,,,,,,,,,,97.89%,,,,,,,,,,,,,,,,,,,
2026-07-28 12:30,,,,35.93%,,,,,,,,10.23%,,21.46%,,,,,,,,,72.92%,,,,,59.35%,70.41%,,,,,,,,,,,,97.89%,,,,,,,,,,,,,,,,,,,
2026-07-28 13:30,,,,35.58%,,,,,,,,,,21.84%,,,,,,,,,72.92%,,,,,61.12%,70.53%,,,,,,,,,,,,97.89%,,,,,,,,,,,,,,,,,,,
2026-07-28 14:30,,,,35.80%,,,,,,,,,,21.91%,,,,,,,,,72.86%,,,,,,70.48%,,,,,,,,,,,,,,,,,,,,,,,,,,,,,,,
2026-07-28 15:30,,,,36.35%,,,,,,,,,,35.73%,,,,,,,,,73.07%,,,,,,70.50%,,,,,,,,,,,,,,,,,,,,,,,,,,,,,,,
2026-07-28 16:30,,,,41.35%,,,,,,,,,,25.37%,,,,,,,,,72.91%,,,,,,70.93%,,,,,,,,,,,,,,,,,,,,,,,,,,,,,,,
2026-07-28 17:30,,,,48.37%,,,,,,,,,,30.96%,,,,,,,,,72.93%,,,,,,71.89%,,,,,,,,,,,,,,,,,,,,,,,,,,,,,,,
2026-07-28 18:30,,,,48.49%,,,,,,,,,,30.76%,,,,,,,,,72.88%,,,,,,71.75%,,,,,,,,,,,,,,,,,,,,,,,,,,,,,,,
2026-07-28 19:30,,,,48.48%,,,,,,,,,,31.11%,,,,,,,,,72.98%,,,,,,71.84%,,,,,,,,,,,,,,,,,,,,,,,,,,,,,,,
2026-07-28 20:30,,,,48.14%,,,,,,,,,,31.69%,,,,,,,,,73.03%,,,,,,71.82%,,,,,,,,,,,,,,,,,,,,,,,,,,,,,,,
2026-07-28 21:30,,,,38.74%,,,,,,,,,,25.40%,,,,,,,,,73.10%,,,,,,71.13%,,,,,,,,,,,,,,,,,,,,,,,,,,,,,,,
2026-07-28 22:30,,,,35.67%,,,,,,,,,,23.29%,,,,,,,,,72.96%,,,,,,70.88%,,,,,,,,,,,,,,,,,,,,,,,,,,,,,,,
2026-07-28 23:30,,,,35.37%,,,,,,,,,,23.71%,,,,,,,,,73.16%,,,,,,70.96%,,,,,,,,,,,,,,,,,,,,,,,,,,,,,,,
2026-07-29 00:30,,,,35.28%,,,,,,,,,,23.85%,,,,,,,,,73.15%,,,,,,70.90%,,,,,,,,,,,,,,,,,,,,,,,,,,,,,,,
2026-07-29 01:30,,,,35.55%,,,,,,,,,,23.52%,,,,,,,,,72.97%,,,,,,70.99%,,,,,,,,,,,,,,,,,,,,,,,,,,,,,,,
2026-07-29 02:30,,,,34.90%,,,,,,,,,,26.83%,,,,,,,,,73.03%,,,,,,71.14%,,,,,,,,,,,,,,,,,,,,,,,,,,,,,,,
2026-07-29 03:30,,,,34.77%,,,,,,,,,,23.85%,,,,,,,,,73.09%,,,,,,71.04%,,,,,,,,,,,,,,,,,,,,,,,,,,,,,,,
2026-07-29 04:30,,,,34.66%,,,,,,,,,,23.80%,,,,,,,,,73.10%,,,,,,70.95%,,,,,,,,,,,,,,,,,,,,,,,,,,,,,,,
2026-07-29 05:30,,,,34.95%,,,,,,,,,,24.22%,,,,,,,,,72.92%,,,,,,71.28%,,,,,,,,,,,,,,,,,,,,,,,,,,,,,,,
2026-07-29 06:30,,,,35.10%,,,,,,,,,,24.31%,,,,,,,,,72.96%,,,,,,71.04%,,,,,,,,,,,,,,,,,,,,,,,,,,,,,,,
2026-07-29 07:30,,,,34.76%,,,,,,,,,,24.56%,,,,,,,,,73.14%,,,,,,71.12%,,,,,,,,,,,,,,,,,,,,,,,,,,,,,,,
2026-07-29 08:30,,,,35.29%,,,,9.33%,,,,,,36.61%,,,,,,,,,73.02%,,,,,,71.08%,,,,,,,,,,,,,,,,,,,,,93.44%,,,,,,,,,,
2026-07-29 09:30,,,,34.90%,,,,1.92%,,,,,,25.88%,,,,,,,,,73.09%,,,,,,71.21%,,,,,,,,,,,,,,,,,,,,,93.78%,,,,,,,,,,
2026-07-29 10:30,,,,34.84%,,,,,,,,,,24.78%,,,,,,,,,73.07%,,,,,,71.19%,,,,,,,,,,,,,,,,,,,,,,,,,,,,,,,
2026-07-29 11:30,,,,34.69%,,,,,,,,8.61%,,26.46%,,,,,,,,,73.16%,,,,,,71.13%,,,,,,,,,,,,,,,,,,,,,,,,,,,,,,,
2026-07-29 12:30,,,,34.92%,,,,,,,,7.98%,,36.88%,,,,,,,,,73.16%,,,,,,71.23%,,,,,,,,,,,,,,,,,,,,,,,,,,,,,,,
2026-07-29 13:30,,,,34.99%,,,,,,,,8.08%,,25.19%,,,,,,,,,73.03%,,,,,,71.36%,,,,,,,,,,,,,,,,,,,,,,,,,,,,,,,
2026-07-29 14:30,,,,34.83%,,,,,,,,10.71%,,25.38%,,,,,,,,,72.96%,,,,,,71.18%,,,,,,,,,,,,,,,,,,,,,,,,,,,,,,,
2026-07-29 15:30,,,,34.96%,,,,,,,,8.81%,,25.40%,,,,,,,,,72.97%,,,,,63.21%,71.29%,,,,,,,,,,,,97.89%,,,,,,,,,,,,,,,,,,,
2026-07-29 16:30,,,,35.52%,,,,,,,,8.72%,,25.43%,,,,,,,,,72.91%,,,,,61.85%,71.25%,,,,,,,,,,,,97.89%,,,,,,,,,,,,,,,,,,,
2026-07-29 17:30,,,,45.05%,,,,,,,,9.32%,,33.77%,,,,,,,,,73.02%,,,,,61.36%,72.04%,,,,,,,,,,,,97.89%,,,,,,,,,,,,,,,,,,,
2026-07-29 18:30,,,,48.30%,,,,,,,,8.90%,,35.92%,,,,,,,,,72.94%,,,,,,71.62%,,,,,,,,,,,,,,,,,,,,,,,,,,,,,,,
2026-07-29 19:30,,,,47.65%,,,,,,,,8.77%,,35.89%,,,,,,,,,73.01%,,,,,,71.52%,,,,,,,,,,,,,,,,,,,,,,,,,,,,,,,
2026-07-29 20:30,,,,47.68%,,,,,,,,,,36.32%,,,,,,,,,72.94%,,,,,,71.57%,,,,,,,,,,,,,,,,,,,,,,,,,,,,,,,
2026-07-29 21:30,,,,44.47%,,,,,,,,,,34.25%,,,,,,,,,73.02%,,,,,,71.40%,,,,,,,,,,,,,,,,,,,,,,,,,,,,,,,
2026-07-29 22:30,,,,34.48%,,,,,,,,,,26.47%,,,,,,,,,72.88%,,,,,,70.40%,,,,,,,,,,,,,,,,,,,,,,,,,,,,,,,
2026-07-29 23:30,,,,34.54%,,,,,,,,,,26.78%,,,,,,,,,73.16%,,,,,,70.51%,,,,,,,,,,,,,,,,,,,,,,,,,,,,,,,
2026-07-30 00:30,,,,34.66%,,,,,,,,,,27.17%,,,,,,,,,73.26%,,,,,,70.44%,,,,,,,,,,,,,,,,,,,,,,,,,,,,,,,
2026-07-30 01:30,,,,34.66%,,,,,,,,,,40.42%,,,,,,,,,72.99%,,,,,,70.62%,,,,,,,,,,,,,,,,,,,,,,,,,,,,,,,
2026-07-30 02:30,,,,35.49%,,,,,,,,,,28.12%,,,,,,,,,73.12%,,,,,,70.38%,,,,,,,,,,,,,,,,,,,,,,,,,,,,,,,
2026-07-30 03:30,,,,35.08%,,,,,,,,,,30.13%,,,,,,,,,73.31%,,,,,,69.98%,,,,,,,,,,,,,,,,,,,,,,,,,,,,,,,
2026-07-30 04:30,,,,34.77%,,,,,,,,,,30.92%,,,,,,,,,73.31%,,,,,,69.92%,,,,,,,,,,,,,,,,,,,,,,,,,,,,,,,
2026-07-30 05:30,,,,34.71%,,,,,,,,,,37.64%,,,,,,,,,73.22%,,,,,,69.96%,,,,,,,,,,,,,,,,,,,,,,,,,,,,,,,
2026-07-30 06:30,,,,34.85%,,,,,,,,,,27.68%,,,,,,,,,73.28%,,,,,,70.08%,,,,,,,,,,,,,,,,,,,,,,,,,,,,,,,
2026-07-30 07:30,,,,34.56%,,,,,,,,,,27.90%,,,,,,,,,73.39%,,,,,,70.22%,,,,,,,,,,,,,,,,,,,,,,,,,,,,,,,
2026-07-30 08:30,,,,34.69%,,,,8.62%,,,,,,27.88%,,,,,,,,,73.25%,,,,,,70.15%,,,,,,,,,,,,,,,,,,,,,93.79%,,,,,,,,,,
2026-07-30 09:30,,,,34.68%,,,,2.00%,,,,,,27.96%,,,,,,,,,73.30%,,,,,,70.06%,,,,,,,,,,,,,,,,,,,,,93.94%,,,,,,,,,,
2026-07-30 10:30,,,,34.49%,,,,,,,,,,28.20%,,,,,,,,,73.24%,,,,,,70.08%,,,,,,,,,,,,,,,,,,,,,,,,,,,,,,,
2026-07-30 11:30,,,,35.04%,,,,3.93%,,,,,,28.44%,,,,,,,,,73.35%,,,,,,70.13%,,,,,,,,,,,,,,,,,,,,,93.91%,,,,,,,,,,
2026-07-30 12:30,,,,36.78%,,,,1.79%,,,,,,30.06%,,,,,,,,,73.28%,,,,,,70.22%,,,,,,,,,,,,,,,,,,,,,93.90%,,,,,,,,,,
2026-07-30 13:30,,,,47.12%,,,,,,,,,,39.85%,,,,,,,,,73.29%,,,,,60.73%,71.39%,,,,,,,,,,,,95.84%,,,,,,,,,,,,,,,,,,,
2026-07-30 14:30,,,,47.51%,,,,,,,,,,42.63%,,,,,,,,,73.32%,,,,,63.97%,71.28%,,,,,,,,,,,,95.85%,,,,,,,,,,,,,,,,,,,
2026-07-30 15:30,,,,47.30%,,,,14.42%,,,,10.94%,,49.04%,,,,,,,,,73.41%,,,,,70.62%,71.28%,,,,,,,,,,,,95.75%,,,,,,,,,93.50%,,,,,,,,,,
2026-07-30 16:30,,,,47.13%,,,,4.50%,,,,9.50%,,37.57%,,,,,,,,,73.51%,,,,,69.04%,71.27%,,,,,,,,,,,,95.87%,,,,,,,,,93.46%,,,,,,,,,,
2026-07-30 17:30,,,,47.23%,,,,3.21%,,,,9.37%,,40.69%,,,,,,,,,73.47%,,,,,69.29%,71.10%,,,,,,,,,,,,95.87%,,,,,,,,,93.43%,,,,,,,,,,
2026-07-30 18:30,,,,40.21%,,,,3.10%,,,,9.18%,,43.23%,,,,,,,,,73.37%,,,,,68.88%,70.83%,,,,,,,,,,,,95.87%,,,,,,,,,93.44%,,,,,,,,,,
2026-07-30 19:30,,,,35.08%,,,,2.81%,,,,9.46%,,28.07%,,,,,,,,,73.40%,,,,,65.50%,70.27%,,,,,,,,,,,,95.86%,,,,,,,,,93.43%,,,,,,,,,,
2026-07-30 20:30,,,,34.61%,,,,,,,,,,28.18%,,,,,,,,,73.32%,,,,,65.14%,70.13%,,,,,,,,,,,,95.85%,,,,,,,,,,,,,,,,,,,
2026-07-30 21:30,,,,35.17%,,,,,,,,,,27.92%,,,,,,,,,73.41%,,,,,64.66%,70.19%,,,,,,,,,,,,95.85%,,,,,,,,,,,,,,,,,,,
2026-07-30 22:30,,,,35.05%,,,,,,,,,,28.43%,,,,,,,,,73.31%,,,,,64.84%,70.30%,,,,,,,,,,,,95.85%,,,,,,,,,,,,,,,,,,,
2026-07-30 23:30,,,,34.72%,,,,,,,,,,28.38%,,,,,,,,,73.50%,,,,,64.86%,70.24%,,,,,,,,,,,,95.85%,,,,,,,,,,,,,,,,,,,
2026-07-31 00:30,,,,35.91%,,,,,,,,,,29.69%,,,,,,,,,73.59%,,,,,64.83%,70.34%,,,,,,,,,,,,95.85%,,,,,,,,,,,,,,,,,,,
2026-07-31 01:30,,,,34.75%,,,,,,,,,,28.28%,,,,,,,,,73.40%,,,,,64.88%,70.28%,,,,,,,,,,,,95.86%,,,,,,,,,,,,,,,,,,,
2026-07-31 02:30,,,,35.19%,,,,,,,,,,31.64%,,,,,,,,,73.55%,,,,,64.85%,70.56%,,,,,,,,,,,,95.86%,,,,,,,,,,,,,,,,,,,
2026-07-31 03:30,,,,35.00%,,,,,,,,,,29.11%,,,,,,,,,73.32%,,,,,64.90%,70.59%,,,,,,,,,,,,95.86%,,,,,,,,,,,,,,,,,,,
2026-07-31 04:30,,,,34.40%,,,,,,,,,,32.85%,,,,,,,,,73.16%,,,,,65.27%,70.56%,,,,,,,,,,,,95.87%,,,,,,,,,,,,,,,,,,,
2026-07-31 05:30,,,,34.76%,,,,,,,,,,38.62%,,,,,,,,,73.29%,,,,,65.18%,70.42%,,,,,,,,,,,,95.87%,,,,,,,,,,,,,,,,,,,
2026-07-31 06:30,,,,34.50%,,,,,,,,,,29.29%,,,,,,,,,73.15%,,,,,65.09%,70.66%,,,,,,,,,,,,95.88%,,,,,,,,,,,,,,,,,,,
2026-07-31 07:30,,,,34.20%,,,,,,,,,,29.75%,,,,,,,,,73.29%,,,,,65.21%,70.72%,,,,,,,,,,,,95.88%,,,,,,,,,,,,,,,,,,,
2026-07-31 08:30,,,,34.77%,,,,8.54%,,,,,,42.50%,,,,,,,,,73.04%,,,,,65.12%,70.74%,,,,,,,,,,,,95.88%,,,,,,,,,93.44%,,,,,,,,,,
2026-07-31 09:30,,,,34.58%,,,,1.45%,,,,,,30.70%,,,,,,,,,73.18%,,,,,65.41%,70.72%,,,,,,,,,,,,95.88%,,,,,,,,,93.48%,,,,,,,,,,
2026-07-31 10:30,,,,34.73%,,,,,,,,,,30.35%,,,,,,,,,73.16%,,,,,65.52%,70.85%,,,,,,,,,,,,95.88%,,,,,,,,,,,,,,,,,,,
2026-07-31 11:30,,,,35.20%,,,,8.52%,,,,,,33.08%,,,,,,,,,73.36%,,,,,66.49%,70.74%,,,,,,,,,,,,95.89%,,,,,,,,,93.31%,,,,,,,,,,
2026-07-31 12:30,,,,34.99%,,,,3.37%,,,,8.45%,,40.40%,,,,,,,,,73.39%,,,,,66.45%,70.65%,,,,,,,,,,,,95.91%,,,,,,,,,93.29%,,,,,,,,,,
2026-07-31 13:30,,,,35.48%,,,,3.01%,,,,7.94%,,29.71%,,,,,,,,,73.16%,,,,,65.77%,70.56%,,,,,,,,,,,,95.92%,,,,,,,,,93.29%,,,,,,,,,,
2026-07-31 14:30,,,,35.65%,,,,3.36%,,,,,,30.75%,,,,,,,,,73.14%,,,,,65.33%,70.78%,,,,,,,,,,,,95.92%,,,,,,,,,93.29%,,,,,,,,,,
2026-07-31 15:30,,,,35.31%,,,,6.46%,,,,,,30.39%,,,,,,,,,73.23%,,,,,65.32%,70.80%,,,,,,,,,,,,95.93%,,,,,,,,,93.54%,,,,,,,,,,
2026-07-31 16:30,,,,35.28%,,,,6.68%,,,,,,30.81%,,,,,,,,,73.27%,,,,,64.63%,70.83%,,,,,,,,,,,,95.93%,,,,,,,,,93.99%,,,,,,,,,,
2026-07-31 17:30,,,,35.05%,,,,3.20%,,,,,,26.92%,,,,,,,,,73.28%,,,,,64.35%,70.34%,,,,,,,,,,,,95.93%,,,,,,,,,93.92%,,,,,,,,,,
2026-07-31 18:30,,,,43.55%,,,,5.28%,,,,13.20%,,23.01%,,,,,,,,,73.15%,,,,,64.46%,70.44%,,,,,,,,,,,,95.93%,,,,,,,,,93.93%,,,,,,,,,,
2026-07-31 19:30,,,,47.93%,,,,3.09%,,,,13.60%,,24.94%,,,,,,,,,73.20%,,,,,64.78%,70.85%,,,,,,,,,,,,95.93%,,,,,,,,,93.93%,,,,,,,,,,
2026-07-31 20:30,,,,46.91%,,,,3.05%,,,,,,25.51%,,,,,,,,,73.19%,,,,,65.39%,70.83%,,,,,,,,,,,,95.93%,,,,,,,,,93.95%,,,,,,,,,,
2026-07-31 21:30,,,,46.84%,,,,3.35%,,,,,,25.73%,,,,,,,,,73.26%,,,,,64.98%,70.77%,,,,,,,,,,,,95.93%,,,,,,,,,93.96%,,,,,,,,,,
2026-07-31 22:30,,,,46.78%,,,,,,,,,,25.85%,,,,,,,,,73.17%,,,,,64.89%,70.70%,,,,,,,,,,,,95.92%,,,,,,,,,,,,,,,,,,,
2026-07-31 23:30,,,,38.40%,,,,,,,,,,21.40%,,,,,,,,,73.38%,,,,,65.06%,69.96%,,,,,,,,,,,,95.93%,,,,,,,,,,,,,,,,,,,
2026-08-01 00:30,,,,34.48%,,,,,,,,,,19.92%,,,,,,,,,73.46%,,,,,65.25%,69.62%,,,,,,,,,,,,95.93%,,,,,,,,,,,,,,,,,,,
2026-08-01 01:30,,,,34.40%,,,,,,,,,,19.80%,,,,,,,,,73.42%,,,,,65.35%,69.67%,,,,,,,,,,,,96.02%,,,,,,,,,,,,,,,,,,,
2026-08-01 02:30,,,,34.26%,,,,,,,,,,23.47%,,,,,,,,,73.43%,,,,,65.17%,69.80%,,,,,,,,,,,,96.07%,,,,,,,,,,,,,,,,,,,
2026-08-01 03:30,,,,34.29%,,,,,,,,,,20.38%,,,,,,,,,73.51%,,,,,65.61%,69.86%,,,,,,,,,,,,96.07%,,,,,,,,,,,,,,,,,,,
2026-08-01 04:30,,,,34.33%,,,,,,,,,,20.35%,,,,,,,,,73.40%,,,,,65.57%,70.03%,,,,,,,,,,,,96.07%,,,,,,,,,,,,,,,,,,,
2026-08-01 05:30,,,,34.21%,,,,,,,,,,20.46%,,,,,,,,,73.45%,,,,,65.23%,70.12%,,,,,,,,,,,,96.07%,,,,,,,,,,,,,,,,,,,
2026-08-01 06:30,,,,34.28%,,,,,,,,,,20.79%,,,,,,,,,73.35%,,,,,65.08%,70.23%,,,,,,,,,,,,96.07%,,,,,,,,,,,,,,,,,,,
2026-08-01 07:30,,,,34.76%,,,,,,,,,,20.87%,,,,,,,,,73.47%,,,,,65.12%,70.30%,,,,,,,,,,,,96.08%,,,,,,,,,,,,,,,,,,,
2026-08-01 08:30,,,,34.01%,,,,6.92%,,,,,,21.15%,,,,,,,,,73.61%,,,,,65.17%,70.11%,,,,,,,,,,,,96.07%,,,,,,,,,93.72%,,,,,,,,,,
2026-08-01 09:30,,,,34.52%,,,,1.74%,,,,,,21.09%,,,,,,,,,73.54%,,,,,66.28%,69.88%,,,,,,,,,,,,96.08%,,,,,,,,,93.54%,,,,,,,,,,
2026-08-01 10:30,,,,34.74%,,,,,,,,,,21.46%,,,,,,,,,73.52%,,,,,61.94%,69.96%,,,,,,,,,,,,96.19%,,,,,,,,,,,,,,,,,,,
2026-08-01 11:30,,,,34.26%,,,,,,,,,,32.31%,,,,,,,,,73.50%,,,,,61.81%,69.95%,,,,,,,,,,,,96.21%,,,,,,,,,,,,,,,,,,,
2026-08-01 12:30,,,,35.00%,,,,,,,,,,24.59%,,,,,,,,,73.35%,,,,,62.07%,69.89%,,,,,,,,,,,,96.21%,,,,,,,,,,,,,,,,,,,
2026-08-01 13:30,,,,34.34%,,,,,,,,,,22.06%,,,,,,,,,73.42%,,,,,62.07%,69.99%,,,,,,,,,,,,96.21%,,,,,,,,,,,,,,,,,,,
2026-08-01 14:30,,,,35.27%,,,,,,,,,,21.92%,,,,,,,,,73.36%,,,,,62.11%,70.15%,,,,,,,,,,,,96.22%,,,,,,,,,,,,,,,,,,,
2026-08-01 15:30,,,,35.01%,,,,,,,,,,21.88%,,,,,,,,,73.32%,,,,,62.73%,70.06%,,,,,,,,,,,,96.22%,,,,,,,,,,,,,,,,,,,
2026-08-01 16:30,,,,34.39%,,,,,,,,,,21.90%,,,,,,,,,73.26%,,,,,62.54%,70.05%,,,,,,,,,,,,96.22%,,,,,,,,,,,,,,,,,,,
2026-08-01 17:30,,,,35.14%,,,,,,,,,,22.82%,,,,,,,,,73.39%,,,,,62.59%,70.22%,,,,,,,,,,,,96.23%,,,,,,,,,,,,,,,,,,,
2026-08-01 18:30,,,,34.37%,,,,,,,,,,29.31%,,,,,,,,,73.28%,,,,,62.47%,70.18%,,,,,,,,,,,,96.23%,,,,,,,,,,,,,,,,,,,
2026-08-01 19:30,,,,43.19%,,,,,,,,,,28.56%,,,,,,,,,73.32%,,,,,62.24%,70.88%,,,,,,,,,,,,96.25%,,,,,,,,,,,,,,,,,,,
2026-08-01 20:30,,,,46.66%,,,,,,,,,,31.34%,,,,,,,,,73.30%,,,,,61.67%,71.40%,,,,,,,,,,,,96.26%,,,,,,,,,,,,,,,,,,,
2026-08-01 21:30,,,,46.70%,,,,,,,,,,31.70%,,,,,,,,,73.35%,,,,,60.76%,74.32%,,,,,,,,,,,,96.24%,,,,,,,,,,,,,,,,,,,
2026-08-01 22:30,,,,46.64%,,,,,,,,,,32.01%,,,,,,,,,73.30%,,,,,60.64%,77.45%,,,,,,,,,,,,96.25%,,,,,,,,,,,,,,,,,,,
2026-08-01 23:30,,,,46.70%,,,,,,,,,,26.92%,,,,,,,,,73.52%,,,,,61.36%,77.27%,,,,,,,,,,,,96.25%,,,,,,,,,,,,,,,,,,,
2026-08-02 00:30,,,,46.76%,,,,,,,,,,26.92%,,,,,,,,,73.60%,,,,,61.55%,77.46%,,,,,,,,,,,,96.25%,,,,,,,,,,,,,,,,,,,
2026-08-02 01:30,,,,42.91%,,,,,,,,,,24.98%,,,,,,,,,73.63%,,,,,61.70%,77.03%,,,,,,,,,,,,96.25%,,,,,,,,,,,,,,,,,,,
2026-08-02 02:30,,,,34.43%,,,,,,,,,,22.71%,,,,,,,,,73.72%,,,,,61.98%,75.67%,,,,,,,,,,,,96.29%,,,,,,,,,,,,,,,,,,,
2026-08-02 03:30,,,,34.54%,,,,,,,,,,19.45%,,,,,,,,,73.63%,,,,,62.62%,75.01%,,,,,,,,,,,,96.30%,,,,,,,,,,,,,,,,,,,
2026-08-02 04:30,,,,34.90%,,,,,,,,,,19.42%,,,,,,,,,73.63%,,,,,62.40%,75.00%,,,,,,,,,,,,96.39%,,,,,,,,,,,,,,,,,,,
2026-08-02 05:30,,,,34.74%,,,,,,,,,,19.50%,,,,,,,,,73.83%,,,,,61.96%,74.99%,,,,,,,,,,,,96.45%,,,,,,,,,,,,,,,,,,,
2026-08-02 06:30,,,,34.95%,,,,,,,,,,19.73%,,,,,,,,,73.72%,,,,,61.80%,75.23%,,,,,,,,,,,,96.45%,,,,,,,,,,,,,,,,,,,
2026-08-02 07:30,,,,34.43%,,,,,,,,,,19.70%,,,,,,,,,73.78%,,,,,62.32%,75.24%,,,,,,,,,,,,96.45%,,,,,,,,,,,,,,,,,,,
2026-08-02 08:30,,,,34.19%,,,,9.69%,,,,,,19.81%,,,,,,,,,73.71%,,,,,62.44%,75.36%,,,,,,,,,,,,96.46%,,,,,,,,,93.83%,,,,,,,,,,
2026-08-02 09:30,,,,34.35%,,,,2.00%,,,,,,20.15%,,,,,,,,,73.69%,,,,,62.95%,75.28%,,,,,,,,,,,,96.45%,,,,,,,,,93.89%,,,,,,,,,,
2026-08-02 10:30,,,,34.60%,,,,,,,,,,20.32%,,,,,,,,,73.61%,,,,,62.79%,74.87%,,,,,,,,,,,,96.46%,,,,,,,,,,,,,,,,,,,
2026-08-02 11:30,,,,34.76%,,,,,,,,,,20.26%,,,,,,,,,73.69%,,,,,62.50%,74.24%,,,,,,,,,,,,96.75%,,,,,,,,,,,,,,,,,,,
2026-08-02 12:30,,,,34.45%,,,,,,,,,,20.53%,,,,,,,,,73.68%,,,,,62.45%,74.12%,,,,,,,,,,,,96.75%,,,,,,,,,,,,,,,,,,,
2026-08-02 13:30,,,,34.47%,,,,,,,,,,20.73%,,,,,,,,,73.65%,,,,,62.59%,74.33%,,,,,,,,,,,,96.76%,,,,,,,,,,,,,,,,,,,
2026-08-02 14:30,,,,34.20%,,,,,,,,,,20.87%,,,,,,,,,73.56%,,,,,62.48%,74.20%,,,,,,,,,,,,96.76%,,,,,,,,,,,,,,,,,,,
2026-08-02 15:30,,,,34.41%,,,,,,,,,,20.56%,,,,,,,,,73.59%,,,,,62.65%,74.30%,,,,,,,,,,,,96.76%,,,,,,,,,,,,,,,,,,,
2026-08-02 16:30,,,,34.27%,,,,,,,,,,21.10%,,,,,,,,,73.61%,,,,,62.58%,74.50%,,,,,,,,,,,,96.76%,,,,,,,,,,,,,,,,,,,
2026-08-02 17:30,,,,34.36%,,,,,,,,,,21.32%,,,,,,,,,73.66%,,,,,62.53%,74.63%,,,,,,,,,,,,96.77%,,,,,,,,,,,,,,,,,,,
2026-08-02 18:30,,,,34.41%,,,,,,,,,,21.25%,,,,,,,,,73.58%,,,,,62.65%,74.56%,,,,,,,,,,,,96.77%,,,,,,,,,,,,,,,,,,,
2026-08-02 19:30,,,,34.42%,,,,,,,,,,21.44%,,,,,,,,,73.63%,,,,,62.65%,74.58%,,,,,,,,,,,,96.77%,,,,,,,,,,,,,,,,,,,
2026-08-02 20:30,,,,34.47%,,,,,,,,,,21.92%,,,,,,,,,73.59%,,,,,62.01%,74.68%,,,,,,,,,,,,96.56%,,,,,,,,,,,,,,,,,,,
2026-08-02 21:30,,,,34.63%,,,,,,,,,,21.97%,,,,,,,,,73.66%,,,,,61.21%,74.79%,,,,,,,,,,,,96.36%,,,,,,,,,,,,,,,,,,,
2026-08-02 22:30,,,,34.32%,,,,,,,,,,22.49%,,,,,,,,,73.61%,,,,,61.03%,74.92%,,,,,,,,,,,,96.36%,,,,,,,,,,,,,,,,,,,
2026-08-02 23:30,,,,34.41%,,,,,,,,,,22.14%,,,,,,,,,73.86%,,,,,61.85%,74.38%,,,,,,,,,,,,96.36%,,,,,,,,,,,,,,,,,,,
2026-08-03 00:30,,,,34.32%,,,,,,,,,,22.83%,,,,,,,,,73.99%,,,,,61.92%,74.37%,,,,,,,,,,,,96.36%,,,,,,,,,,,,,,,,,,,
2026-08-03 01:30,,,,34.30%,,,,,,,,,,22.46%,,,,,,,,,73.82%,,,,,62.08%,74.38%,,,,,,,,,,,,96.36%,,,,,,,,,,,,,,,,,,,
2026-08-03 02:30,,,,46.73%,,,,,,,,,,31.48%,,,,,,,,,73.84%,,,,,61.95%,75.48%,,,,,,,,,,,,96.36%,,,,,,,,,,,,,,,,,,,
2026-08-03 03:30,,,,46.66%,,,,,,,,,,34.38%,,,,,,,,,73.47%,,,,,62.01%,75.00%,,,,,,,,,,,,96.37%,,,,,,,,,,,,,,,,,,,
2026-08-03 04:30,,,,46.29%,,,,,,,,,,31.68%,,,,,,,,,73.39%,,,,,61.92%,73.91%,,,,,,,,,,,,96.37%,,,,,,,,,,,,,,,,,,,
2026-08-03 05:30,,,,46.94%,,,,,,,,,,31.81%,,,,,,,,,73.34%,,,,,61.76%,73.99%,,,,,,,,,,,,96.37%,,,,,,,,,,,,,,,,,,,
2026-08-03 06:30,,,,46.41%,,,,,,,,,,32.31%,,,,,,,,,73.40%,,,,,61.79%,74.29%,,,,,,,,,,,,96.37%,,,,,,,,,,,,,,,,,,,
2026-08-03 07:30,,,,46.30%,,,,,,,,,,46.47%,,,,,,,,,73.54%,,,,,62.60%,74.33%,,,,,,,,,,,,96.38%,,,,,,,,,,,,,,,,,,,
2026-08-03 08:30,,,,37.94%,,,,6.40%,,,,,,26.89%,,,,,,,,,73.31%,,,,,62.18%,73.62%,,,,,,,,,,,,96.38%,,,,,,,,,93.95%,,,,,,,,,,
2026-08-03 09:30,,,,34.72%,,,,5.74%,,,,,,24.04%,,,,,,,,,73.35%,,,,,61.29%,73.73%,,,,,,,,,,,,96.38%,,,,,,,,,93.89%,,,,,,,,,,
2026-08-03 10:30,,,,35.10%,,,,3.61%,,,,,,34.89%,,,,,,,,,73.29%,,,,,62.30%,73.72%,,,,,,,,,,,,95.69%,,,,,,,,,93.13%,,,,,,,,,,
2026-08-03 11:30,,,,34.96%,,,,5.57%,,,,17.31%,,27.62%,,,,,,,,,73.40%,,,,,62.90%,73.89%,,,,,,,,,,,,95.61%,,,,,,,,,93.27%,,,,,,,,,,
2026-08-03 12:30,,,,34.80%,,,,3.52%,,,,15.64%,,24.46%,,,,,,,,,73.38%,,,,,63.13%,73.91%,,,,,,,,,,,,95.61%,,,,,,,,,94.22%,,,,,,,,,,
2026-08-03 13:30,,,,34.71%,,,,3.22%,,,,15.50%,,24.74%,,,,,,,,,73.28%,,,,,82.36%,73.96%,,,,,,,,,,,,93.35%,,,,,,,,,94.28%,,,,,,,,,,
2026-08-03 14:30,,,,34.71%,,,,2.26%,,,,,,24.39%,,,,,,,,,73.26%,,,,,83.82%,73.84%,,,,,,,,,,,,93.34%,,,,,,,,,94.28%,,,,,,,,,,
2026-08-03 15:30,,,,34.75%,,,,2.29%,,,,53.13%,,24.73%,,,,,,,,,73.38%,,,,,79.30%,73.91%,,,,,,,,,,,,93.51%,,,,,,,,,94.29%,,,,,,,,,,
2026-08-03 16:30,,,,34.58%,,,,6.11%,,,,40.92%,,24.86%,,,,,,,,,73.27%,,,,,84.34%,73.93%,,,,,,,,,,,,93.56%,,,,,,,,,94.26%,,,,,,,,,,
2026-08-03 17:30,,,,34.60%,,,,2.95%,,,,35.61%,,20.84%,,,,,,,,,73.24%,,,,,82.84%,74.00%,,,,,,,,,,,,93.58%,,,,,,,,,94.29%,,,,,,,,,,
2026-08-03 18:30,,,,34.65%,,,,3.16%,,,,44.49%,,19.94%,,,,,,,,,73.16%,,,,,84.51%,74.02%,,,,,,,,,,,,93.61%,,,,,,,,,94.28%,,,,,,,,,,
2026-08-03 19:30,,,,35.32%,,,,2.48%,,,,45.92%,,19.94%,,,,,,,,,73.24%,,,,,83.04%,74.14%,,,,,,,,,,,,93.64%,,,,,,,,,94.29%,,,,,,,,,,
2026-08-03 20:30,,,,36.78%,,,,,,,,21.66%,,23.13%,,,,,,,,,73.23%,,,,,83.41%,71.93%,,,,,,,,,,,,93.64%,,,,,,,,,,,,,,,,,,,
2026-08-03 21:30,,,,37.43%,,,,,,,,,,20.65%,,,,,,,,,72.40%,,,,,81.47%,64.19%,,,,,,,,,,,,93.80%,,,,,,,,,,,,,,,,,,,
2026-08-03 22:30,,,,34.94%,,,,,,,,,,18.20%,,,,,,,,,71.74%,,,,,82.36%,64.42%,,,,,,,,,,,,93.69%,,,,,,,,,,,,,,,,,,,
2026-08-03 23:30,,,,35.51%,,,,,,,,,,18.51%,,,,,,,,,71.67%,,,,,82.82%,64.95%,,,,,,,,,,,,93.72%,,,,,,,,,,,,,,,,,,,
2026-08-04 00:30,,,,34.92%,,,,,,,,,,18.90%,,,,,,,,,71.75%,,,,,83.36%,65.14%,,,,,,,,,,,,93.74%,,,,,,,,,,,,,,,,,,,
2026-08-04 01:30,,,,35.44%,,,,,,,,,,18.86%,,,,,,,,,71.77%,,,,,83.66%,65.16%,,,,,,,,,,,,93.76%,,,,,,,,,,,,,,,,,,,
2026-08-04 02:30,,,,35.53%,,,,,,,,,,19.41%,,,,,,,,,71.83%,,,,,84.19%,65.62%,,,,,,,,,,,,93.79%,,,,,,,,,,,,,,,,,,,
2026-08-04 03:30,,,,45.47%,,,,,,,,,,32.54%,,,,,,,,,71.80%,,,,,84.52%,66.45%,,,,,,,,,,,,93.81%,,,,,,,,,,,,,,,,,,,
2026-08-04 04:30,,,,45.53%,,,,,,,,,,26.59%,,,,,,,,,71.65%,,,,,84.70%,66.17%,,,,,,,,,,,,93.83%,,,,,,,,,,,,,,,,,,,
2026-08-04 05:30,,,,44.48%,,,,,,,,,,26.76%,,,,,,,,,71.75%,,,,,84.96%,66.52%,,,,,,,,,,,,93.81%,,,,,,,,,,,,,,,,,,,
2026-08-04 06:30,,,,44.66%,,,,,,,,,,27.39%,,,,,,,,,71.80%,,,,,86.36%,66.92%,,,,,,,,,,,,93.63%,,,,,,,,,,,,,,,,,,,
2026-08-04 07:30,,,,44.71%,,,,,,,,,,27.61%,,,,,,,,,71.91%,,,,,86.37%,66.89%,,,,,,,,,,,,93.65%,,,,,,,,,,,,,,,,,,,
2026-08-04 08:30,,,,39.10%,,,,8.87%,,,,,,24.23%,,,,,,,,,71.84%,,,,,85.93%,66.47%,,,,,,,,,,,,93.67%,,,,,,,,,94.52%,,,,,,,,,,
2026-08-04 09:30,,,,33.66%,,,,2.79%,,,,,,18.96%,,,,,,,,,71.86%,,,,,86.14%,65.87%,,,,,,,,,,,,93.69%,,,,,,,,,94.75%,,,,,,,,,,
2026-08-04 10:30,,,,33.54%,,,,3.72%,,,,,,19.27%,,,,,,,,,71.80%,,,,,86.55%,65.92%,,,,,,,,,,,,93.82%,,,,,,,,,93.94%,,,,,,,,,,
2026-08-04 11:30,,,,34.52%,,,,2.31%,,,,,,18.53%,,,,,,,,,71.85%,,,,,86.67%,65.76%,,,,,,,,,,,,93.86%,,,,,,,,,93.70%,,,,,,,,,,
2026-08-04 12:30,,,,35.36%,,,,3.68%,,,,,,18.47%,,,,,,,,,71.84%,,,,,90.06%,65.90%,,,,,,,,,,,,93.97%,,,,,,,,,94.13%,,,,,,,,,,
2026-08-04 13:30,,,,34.12%,,,,2.17%,,,,,,18.78%,,,,,,,,,71.75%,,,,,88.00%,66.06%,,,,,,,,,,,,94.59%,,,,,,,,,94.29%,,,,,,,,,,
2026-08-04 14:30,,,,34.03%,,,,2.21%,,,,69.69%,,18.83%,,,,,,,,,71.73%,,,,,81.05%,66.04%,,,,,,,,,,,,94.84%,,,,,,,,,94.30%,,,,,,,,,,
2026-08-04 15:30,,,,34.13%,,,,2.59%,,,,46.80%,,19.04%,,,,,,,,,71.86%,,,,,80.60%,65.97%,,,,,,,,,,,,94.88%,,,,,,,,,94.30%,,,,,,,,,,
2026-08-04 16:30,,,,35.28%,,,,,,,,50.24%,,19.18%,,,,,,,,,71.83%,,,,,81.32%,65.95%,,,,,,,,,,,,94.91%,,,,,,,,,,,,,,,,,,,
2026-08-04 17:30,,,,34.53%,,,,,,,,54.07%,,19.24%,,,,,,,,,71.97%,,,,,81.72%,66.01%,,,,,,,,,,,,94.93%,,,,,,,,,,,,,,,,,,,
2026-08-04 18:30,,,,34.46%,,,,,,,,57.12%,,19.27%,,,,,,,,,71.78%,,,,,82.19%,66.11%,,,,,,,,,,,,94.96%,,,,,,,,,,,,,,,,,,,
2026-08-04 19:30,,,,34.07%,,,,4.24%,,,,48.91%,,19.41%,,,,,,,,,71.98%,,,,,82.83%,66.16%,,,,,,,,,,,,94.98%,,,,,,,,,94.29%,,,,,,,,,,
2026-08-04 20:30,,,,34.11%,,,,3.05%,,,,40.80%,,19.59%,,,,,,,,,71.91%,,,,,82.49%,66.18%,,,,,,,,,,,,94.99%,,,,,,,,,94.30%,,,,,,,,,,
2026-08-04 21:30,,,,33.90%,,,,2.29%,,,,,,19.71%,,,,,,,,,71.93%,,,,,81.18%,66.17%,,,,,,,,,,,,94.99%,,,,,,,,,94.30%,,,,,,,,,,
2026-08-04 22:30,,,,33.42%,,,,2.48%,,,,,,19.69%,,,,,,,,,71.82%,,,,,81.28%,66.37%,,,,,,,,,,,,95.02%,,,,,,,,,94.31%,,,,,,,,,,
2026-08-04 23:30,,,,34.11%,,,,2.17%,,,,,,19.77%,,,,,,,,,72.04%,,,,,82.30%,66.35%,,,,,,,,,,,,94.93%,,,,,,,,,94.31%,,,,,,,,,,
2026-08-05 00:30,,,,39.13%,,,,2.27%,,,,,,21.68%,,,,,,,,,72.23%,,,,,82.94%,66.65%,,,,,,,,,,,,94.80%,,,,,,,,,94.41%,,,,,,,,,,
2026-08-05 01:30,,,,49.93%,,,,2.45%,,,,,,27.39%,,,,,,,,,72.18%,,,,,83.00%,67.72%,,,,,,,,,,,,94.82%,,,,,,,,,94.42%,,,,,,,,,,
2026-08-05 02:30,,,,47.82%,,,,,,,,,,28.11%,,,,,,,,,72.33%,,,,,82.97%,67.80%,,,,,,,,,,,,94.84%,,,,,,,,,,,,,,,,,,,
2026-08-05 03:30,,,,36.40%,,,,,,,,,,25.36%,,,,,,,,,72.26%,,,,,83.41%,67.29%,,,,,,,,,,,,94.86%,,,,,,,,,,,,,,,,,,,
2026-08-05 04:30,,,,34.32%,,,,,,,,,,35.33%,,,,,,,,,71.99%,,,,,83.04%,67.10%,,,,,,,,,,,,94.89%,,,,,,,,,,,,,,,,,,,
2026-08-05 05:30,,,,34.95%,,,,,,,,,,21.06%,,,,,,,,,71.97%,,,,,83.47%,67.30%,,,,,,,,,,,,95.13%,,,,,,,,,,,,,,,,,,,
2026-08-05 06:30,,,,34.03%,,,,,,,,,,21.29%,,,,,,,,,72.04%,,,,,83.28%,67.26%,,,,,,,,,,,,95.27%,,,,,,,,,,,,,,,,,,,
2026-08-05 07:30,,,,34.05%,,,,,,,,,,21.40%,,,,,,,,,72.31%,,,,,83.08%,67.46%,,,,,,,,,,,,95.29%,,,,,,,,,,,,,,,,,,,
2026-08-05 08:30,,,,34.04%,,,,7.30%,,,,,,21.47%,,,,,,,,,71.94%,,,,,83.66%,67.38%,,,,,,,,,,,,95.31%,,,,,,,,,94.60%,,,,,,,,,,
2026-08-05 09:30,,,,34.25%,,,,1.69%,,,,,,21.53%,,,,,,,,,72.00%,,,,,84.41%,67.31%,,,,,,,,,,,,95.34%,,,,,,,,,94.80%,,,,,,,,,,
2026-08-05 10:30,,,,34.34%,,,,,,,,,,21.83%,,,,,,,,,71.97%,,,,,85.10%,67.35%,,,,,,,,,,,,95.35%,,,,,,,,,,,,,,,,,,,
2026-08-05 11:30,,,,34.55%,,,,,,,,13.46%,,21.82%,,,,,,,,,72.09%,,,,,85.50%,67.38%,,,,,,,,,,,,95.38%,,,,,,,,,,,,,,,,,,,
2026-08-05 12:30,,,,34.78%,,,,,,,,36.99%,,22.03%,,,,,,,,,72.15%,,,,,85.83%,67.31%,,,,,,,,,,,,95.29%,,,,,,,,,,,,,,,,,,,
2026-08-05 13:30,,,,34.44%,,,,,,,,25.97%,,22.74%,,,,,,,,,71.92%,,,,,87.70%,67.48%,,,,,,,,,,,,94.64%,,,,,,,,,,,,,,,,,,,
2026-08-05 14:30,,,,34.51%,,,,,,,,10.73%,,23.10%,,,,,,,,,71.91%,,,,,86.86%,67.58%,,,,,,,,,,,,94.35%,,,,,,,,,,,,,,,,,,,
2026-08-05 15:30,,,,34.71%,,,,10.41%,,,,11.52%,,22.84%,,,,,,,,,71.95%,,,,,87.24%,67.65%,,,,,,,,,,,,94.37%,,,,,,,,,94.25%,,,,,,,,,,
2026-08-05 16:30,,,,34.57%,,,,2.56%,,,,11.64%,,23.12%,,,,,,,,,71.84%,,,,,87.29%,67.74%,,,,,,,,,,,,94.40%,,,,,,,,,94.22%,,,,,,,,,,
2026-08-05 17:30,,,,34.31%,,,,2.10%,,,,11.54%,,23.09%,,,,,,,,,71.94%,,,,,87.31%,67.73%,,,,,,,,,,,,94.42%,,,,,,,,,94.23%,,,,,,,,,,
2026-08-05 18:30,,,,42.91%,,,,3.84%,,,,11.49%,,23.24%,,,,,,,,,71.85%,,,,,87.89%,67.73%,,,,,,,,,,,,94.45%,,,,,,,,,94.32%,,,,,,,,,,
2026-08-05 19:30,,,,54.84%,,,,3.96%,,,,10.49%,,23.35%,,,,,,,,,71.96%,,,,,80.35%,67.92%,,,,,,,,,,,,94.74%,,,,,,,,,94.55%,,,,,,,,,,
2026-08-05 20:30,,,,54.75%,,,,7.80%,,,,,,23.51%,,,,,,,,,71.91%,,,,,79.78%,68.10%,,,,,,,,,,,,95.21%,,,,,,,,,94.84%,,,,,,,,,,
2026-08-05 21:30,,,,56.15%,,,,8.48%,,,,23.06%,,26.41%,,,,,,,,,71.76%,,,,,80.75%,68.05%,,,,,,,,,,,,94.74%,,,,,,,,,96.43%,,,,,,,,,,
2026-08-05 22:30,,,,63.99%,,,,3.71%,,,,,,29.11%,,,,,,,,,71.51%,,,,,81.61%,67.29%,,,,,,,,,,,,94.59%,,,,,,,,,96.20%,,,,,,,,,,
2026-08-05 23:30,,,,67.47%,,,,2.94%,,,,,,32.27%,,,,,,,,,71.86%,,,,,82.18%,67.80%,,,,,,,,,,,,94.62%,,,,,,,,,96.22%,,,,,,,,,,
2026-08-06 00:30,,,,67.90%,,,,3.90%,,,,,,32.71%,,,,,,,,,72.12%,,,,,82.74%,68.14%,,,,,,,,,,,,94.64%,,,,,,,,,96.19%,,,,,,,,,,
2026-08-06 01:30,,,,56.07%,,,,2.97%,,,,,,24.53%,,,,,,,,,72.11%,,,,,81.32%,67.30%,,,,,,,,,,,,94.67%,,,,,,,,,96.18%,,,,,,,,,,
2026-08-06 02:30,,,,54.85%,,,,2.51%,,,,,,24.03%,,,,,,,,,72.00%,,,,,81.46%,67.36%,,,,,,,,,,,,94.69%,,,,,,,,,96.20%,,,,,,,,,,
2026-08-06 03:30,,,,55.32%,,,,3.15%,,,,,,29.59%,,,,,,,,,71.20%,,,,,82.17%,67.34%,,,,,,,,,,,,94.72%,,,,,,,,,96.21%,,,,,,,,,,
2026-08-06 04:30,,,,55.39%,,,,,,,,,,24.60%,,,,,,,,,71.20%,,,,,82.38%,67.43%,,,,,,,,,,,,94.74%,,,,,,,,,,,,,,,,,,,
2026-08-06 05:30,,,,55.27%,,,,,,,,,,24.77%,,,,,,,,,71.20%,,,,,82.97%,67.74%,,,,,,,,,,,,94.76%,,,,,,,,,,,,,,,,,,,
2026-08-06 06:30,,,,55.25%,,,,,,,,,,24.86%,,,,,,,,,71.12%,,,,,84.60%,67.54%,,,,,,,,,,,,94.78%,,,,,,,,,,,,,,,,,,,
2026-08-06 07:30,,,,55.25%,,,,,,,,,,25.02%,,,,,,,,,71.13%,,,,,85.62%,67.74%,,,,,,,,,,,,94.80%,,,,,,,,,,,,,,,,,,,
2026-08-06 08:30,,,,55.43%,,,,5.47%,,,,,,25.08%,,,,,,,,,71.02%,,,,,85.51%,67.74%,,,,,,,,,,,,94.91%,,,,,,,,,95.23%,,,,,,,,,,
2026-08-06 09:30,,,,57.01%,,,,1.17%,,,,,,26.28%,,,,,,,,,71.11%,,,,,84.06%,67.86%,,,,,,,,,,,,94.95%,,,,,,,,,95.22%,,,,,,,,,,
2026-08-06 10:30,,,,56.20%,,,,,,,,53.30%,,25.30%,,,,,,,,,71.16%,,,,,84.91%,67.94%,,,,,,,,,,,,94.96%,,,,,,,,,,,,,,,,,,,
2026-08-06 11:30,,,,55.41%,,,,,,,,51.10%,,25.32%,,,,,,,,,71.27%,,,,,85.81%,68.04%,,,,,,,,,,,,94.98%,,,,,,,,,,,,,,,,,,,
2026-08-06 12:30,,,,56.08%,,,,,,,,41.03%,,25.31%,,,,,,,,,71.29%,,,,,86.11%,68.66%,,,,,,,,,,,,95.00%,,,,,,,,,,,,,,,,,,,
2026-08-06 13:30,,,,57.87%,,,,,,,,54.17%,,20.49%,,,,,,,,,71.12%,,,,,86.65%,69.71%,,,,,,,,,,,,95.02%,,,,,,,,,,,,,,,,,,,
2026-08-06 14:30,,,,62.70%,,,,,,,,52.81%,,20.99%,,,,,,,,,71.10%,,,,,86.07%,69.66%,,,,,,,,,,,,95.05%,,,,,,,,,,,,,,,,,,,
2026-08-06 15:30,,,,57.13%,,,,8.42%,,,,44.59%,,20.53%,,,,,,,,,71.13%,,,,,85.33%,69.50%,,,,,,,,,,,,95.07%,,,,,,,,,95.18%,,,,,,,,,,
2026-08-06 16:30,,,,57.06%,,,,2.04%,,,,50.78%,,20.49%,,,,,,,,,71.13%,,,,,83.09%,69.43%,,,,,,,,,,,,95.10%,,,,,,,,,95.36%,,,,,,,,,,
2026-08-06 17:30,,,,58.07%,,,,,,,,44.72%,,21.36%,,,,,,,,,71.17%,,,,,77.49%,69.58%,,,,,,,,,,,,95.06%,,,,,,,,,,,,,,,,,,,
2026-08-06 18:30,,,,70.31%,,,,,,,,46.87%,,28.26%,,,,,,,,,71.14%,,,,,78.19%,70.68%,,,,,,,,,,,,94.86%,,,,,,,,,,,,,,,,,,,
2026-08-06 19:30,,,,70.21%,,,,,,,,43.62%,,28.40%,,,,,,,,,71.28%,,,,,79.11%,70.67%,,,,,,,,,,,,94.79%,,,,,,,,,,,,,,,,,,,
2026-08-06 20:30,,,,69.48%,,,,9.27%,,,,51.32%,,28.89%,,,,,,,,,71.32%,,,,,79.61%,70.68%,,,,,,,,,,,,94.79%,,,,,,,,,94.80%,,,,,,,,,,
2026-08-06 21:30,,,,56.56%,,,,4.44%,,,,71.07%,,21.59%,,,,,,,,,71.22%,,,,,79.80%,69.63%,,,,,,,,,,,,94.78%,,,,,,,,,94.77%,,,,,,,,,,
2026-08-06 22:30,,,,56.57%,,,,2.92%,,,,,,21.70%,,,,,,,,,71.13%,,,,,80.18%,69.60%,,,,,,,,,,,,94.81%,,,,,,,,,94.89%,,,,,,,,,,
2026-08-06 23:30,,,,56.37%,,,,2.95%,,,,,,21.82%,,,,,,,,,71.15%,,,,,80.65%,69.69%,,,,,,,,,,,,94.83%,,,,,,,,,94.97%,,,,,,,,,,
2026-08-07 00:30,,,,56.65%,,,,,,,,,,21.99%,,,,,,,,,71.30%,,,,,80.79%,69.63%,,,,,,,,,,,,94.86%,,,,,,,,,,,,,,,,,,,
2026-08-07 01:30,,,,56.60%,,,,,,,,,,35.34%,,,,,,,,,71.21%,,,,,81.20%,69.78%,,,,,,,,,,,,94.88%,,,,,,,,,,,,,,,,,,,
2026-08-07 02:30,,,,56.49%,,,,,,,,,,23.48%,,,,,,,,,71.48%,,,,,82.59%,69.89%,,,,,,,,,,,,94.86%,,,,,,,,,,,,,,,,,,,
2026-08-07 03:30,,,,56.49%,,,,,,,,,,25.75%,,,,,,,,,71.55%,,,,,83.07%,69.45%,,,,,,,,,,,,94.88%,,,,,,,,,,,,,,,,,,,
2026-08-07 04:30,,,,56.25%,,,,,,,,,,25.48%,,,,,,,,,71.46%,,,,,81.62%,68.08%,,,,,,,,,,,,94.92%,,,,,,,,,,,,,,,,,,,
2026-08-07 05:30,,,,56.28%,,,,,,,,,,34.42%,,,,,,,,,71.44%,,,,,82.64%,68.22%,,,,,,,,,,,,94.94%,,,,,,,,,,,,,,,,,,,
2026-08-07 06:30,,,,56.20%,,,,,,,,,,22.68%,,,,,,,,,71.45%,,,,,84.73%,68.58%,,,,,,,,,,,,94.97%,,,,,,,,,,,,,,,,,,,
2026-08-07 07:30,,,,56.61%,,,,,,,,,,22.97%,,,,,,,,,71.69%,,,,,85.99%,68.51%,,,,,,,,,,,,94.99%,,,,,,,,,,,,,,,,,,,
2026-08-07 08:30,,,,56.69%,,,,6.30%,,,,,,36.49%,,,,,,,,,71.82%,,,,,85.98%,68.45%,,,,,,,,,,,,95.02%,,,,,,,,,95.02%,,,,,,,,,,
2026-08-07 09:30,,,,56.81%,,,,1.19%,,,,,,24.17%,,,,,,,,,71.60%,,,,,86.45%,68.48%,,,,,,,,,,,,95.15%,,,,,,,,,95.03%,,,,,,,,,,
2026-08-07 10:30,,,,57.32%,,,,,,,,53.15%,,23.37%,,,,,,,,,71.55%,,,,,86.73%,68.59%,,,,,,,,,,,,95.18%,,,,,,,,,,,,,,,,,,,
2026-08-07 11:30,,,,56.71%,,,,,,,,44.89%,,25.39%,,,,,,,,,71.69%,,,,,87.01%,68.53%,,,,,,,,,,,,95.21%,,,,,,,,,,,,,,,,,,,
2026-08-07 12:30,,,,58.96%,,,,,,,,48.14%,,37.10%,,,,,,,,,71.67%,,,,,87.16%,68.54%,,,,,,,,,,,,94.88%,,,,,,,,,,,,,,,,,,,
2026-08-07 13:30,,,,57.09%,,,,,,,,48.77%,,23.97%,,,,,,,,,71.55%,,,,,87.53%,68.85%,,,,,,,,,,,,94.90%,,,,,,,,,,,,,,,,,,,
2026-08-07 14:30,,,,59.87%,,,,,,,,46.97%,,24.13%,,,,,,,,,71.48%,,,,,87.70%,68.88%,,,,,,,,,,,,94.93%,,,,,,,,,,,,,,,,,,,
2026-08-07 15:30,,,,57.19%,,,,,,,,41.58%,,24.25%,,,,,,,,,71.58%,,,,,87.91%,69.09%,,,,,,,,,,,,94.86%,,,,,,,,,,,,,,,,,,,
2026-08-07 16:30,,,,57.63%,,,,,,,,37.66%,,24.35%,,,,,,,,,71.53%,,,,,88.24%,69.10%,,,,,,,,,,,,94.71%,,,,,,,,,,,,,,,,,,,
2026-08-07 17:30,,,,57.35%,,,,,,,,32.39%,,24.77%,,,,,,,,,71.68%,,,,,88.81%,69.17%,,,,,,,,,,,,94.74%,,,,,,,,,,,,,,,,,,,
2026-08-07 18:30,,,,67.79%,,,,,,,,46.36%,,32.21%,,,,,,,,,71.46%,,,,,89.09%,70.28%,,,,,,,,,,,,94.81%,,,,,,,,,,,,,,,,,,,
2026-08-07 19:30,,,,70.45%,,,,,,,,49.01%,,34.40%,,,,,,,,,71.57%,,,,,89.72%,70.73%,,,,,,,,,,,,94.84%,,,,,,,,,,,,,,,,,,,
2026-08-07 20:30,,,,70.00%,,,,,,,,45.56%,,34.84%,,,,,,,,,71.65%,,,,,90.63%,70.83%,,,,,,,,,,,,94.86%,,,,,,,,,,,,,,,,,,,
2026-08-07 21:30,,,,69.08%,,,,,,,,,,34.02%,,,,,,,,,71.67%,,,,,90.20%,70.88%,,,,,,,,,,,,94.92%,,,,,,,,,,,,,,,,,,,
2026-08-07 22:30,,,,58.61%,,,,,,,,,,26.41%,,,,,,,,,71.53%,,,,,90.19%,69.93%,,,,,,,,,,,,95.00%,,,,,,,,,,,,,,,,,,,
2026-08-07 23:30,,,,57.29%,,,,,,,,,,25.65%,,,,,,,,,71.70%,,,,,90.56%,69.97%,,,,,,,,,,,,95.02%,,,,,,,,,,,,,,,,,,,
2026-08-08 00:30,,,,57.11%,,,,,,,,,,26.05%,,,,,,,,,71.83%,,,,,91.97%,70.00%,,,,,,,,,,,,95.08%,,,,,,,,,,,,,,,,,,,
2026-08-08 01:30,,,,57.15%,,,,,,,,,,25.81%,,,,,,,,,71.80%,,,,,93.08%,70.04%,,,,,,,,,,,,95.09%,,,,,,,,,,,,,,,,,,,
2026-08-08 02:30,,,,57.12%,,,,,,,,,,26.64%,,,,,,,,,71.87%,,,,,93.16%,70.11%,,,,,,,,,,,,95.15%,,,,,,,,,,,,,,,,,,,
2026-08-08 03:30,,,,57.12%,,,,,,,,,,28.78%,,,,,,,,,71.91%,,,,,92.02%,70.31%,,,,,,,,,,,,95.21%,,,,,,,,,,,,,,,,,,,
2026-08-08 04:30,,,,57.54%,,,,,,,,,,26.42%,,,,,,,,,71.80%,,,,,91.92%,70.20%,,,,,,,,,,,,95.28%,,,,,,,,,,,,,,,,,,,
2026-08-08 05:30,,,,57.28%,,,,,,,,,,26.41%,,,,,,,,,71.79%,,,,,91.67%,70.50%,,,,,,,,,,,,95.36%,,,,,,,,,,,,,,,,,,,
2026-08-08 06:30,,,,56.83%,,,,,,,,,,26.57%,,,,,,,,,71.79%,,,,,91.79%,70.68%,,,,,,,,,,,,95.42%,,,,,,,,,,,,,,,,,,,
2026-08-08 07:30,,,,56.84%,,,,,,,,,,26.70%,,,,,,,,,71.93%,,,,,91.88%,70.73%,,,,,,,,,,,,95.43%,,,,,,,,,,,,,,,,,,,
2026-08-08 08:30,,,,57.08%,,,,9.86%,,,,,,26.72%,,,,,,,,,71.90%,,,,,92.07%,70.94%,,,,,,,,,,,,94.82%,,,,,,,,,95.44%,,,,,,,,,,
2026-08-08 09:30,,,,57.31%,,,,1.44%,,,,,,27.25%,,,,,,,,,71.96%,,,,,91.77%,70.90%,,,,,,,,,,,,94.78%,,,,,,,,,95.86%,,,,,,,,,,
2026-08-08 10:30,,,,57.64%,,,,,,,,,,20.60%,,,,,,,,,71.81%,,,,,92.01%,70.50%,,,,,,,,,,,,94.81%,,,,,,,,,,,,,,,,,,,
2026-08-08 11:30,,,,57.06%,,,,,,,,,,19.30%,,,,,,,,,71.88%,,,,,92.18%,70.50%,,,,,,,,,,,,94.83%,,,,,,,,,,,,,,,,,,,
2026-08-08 12:30,,,,57.35%,,,,,,,,,,19.68%,,,,,,,,,71.91%,,,,,92.09%,70.47%,,,,,,,,,,,,94.88%,,,,,,,,,,,,,,,,,,,
2026-08-08 13:30,,,,57.35%,,,,,,,,,,19.77%,,,,,,,,,71.86%,,,,,92.14%,70.46%,,,,,,,,,,,,94.90%,,,,,,,,,,,,,,,,,,,
2026-08-08 14:30,,,,58.97%,,,,,,,,,,20.07%,,,,,,,,,71.78%,,,,,91.94%,70.51%,,,,,,,,,,,,94.87%,,,,,,,,,,,,,,,,,,,
2026-08-08 15:30,,,,56.93%,,,,,,,,,,20.06%,,,,,,,,,71.93%,,,,,91.97%,70.42%,,,,,,,,,,,,94.90%,,,,,,,,,,,,,,,,,,,
2026-08-08 16:30,,,,57.18%,,,,,,,,,,20.19%,,,,,,,,,71.87%,,,,,91.86%,70.38%,,,,,,,,,,,,94.94%,,,,,,,,,,,,,,,,,,,
2026-08-08 17:30,,,,56.83%,,,,,,,,,,20.35%,,,,,,,,,72.04%,,,,,91.92%,70.33%,,,,,,,,,,,,94.92%,,,,,,,,,,,,,,,,,,,
2026-08-08 18:30,,,,64.56%,,,,,,,,,,25.14%,,,,,,,,,71.81%,,,,,92.01%,71.25%,,,,,,,,,,,,94.96%,,,,,,,,,,,,,,,,,,,
2026-08-08 19:30,,,,70.28%,,,,,,,,,,27.92%,,,,,,,,,71.89%,,,,,92.07%,71.90%,,,,,,,,,,,,94.88%,,,,,,,,,,,,,,,,,,,
2026-08-08 20:30,,,,70.49%,,,,,,,,,,28.33%,,,,,,,,,71.83%,,,,,92.26%,71.92%,,,,,,,,,,,,94.70%,,,,,,,,,,,,,,,,,,,
2026-08-08 21:30,,,,70.27%,,,,,,,,,,28.71%,,,,,,,,,71.97%,,,,,91.96%,72.63%,,,,,,,,,,,,94.68%,,,,,,,,,,,,,,,,,,,
2026-08-08 22:30,,,,70.07%,,,,,,,,,,29.07%,,,,,,,,,71.67%,,,,,92.02%,72.64%,,,,,,,,,,,,94.72%,,,,,,,,,,,,,,,,,,,
2026-08-08 23:30,,,,70.31%,,,,,,,,,,29.38%,,,,,,,,,71.89%,,,,,92.13%,73.43%,,,,,,,,,,,,94.72%,,,,,,,,,,,,,,,,,,,
2026-08-09 00:30,,,,69.89%,,,,,,,,,,35.59%,,,,,,,,,71.99%,,,,,91.77%,72.27%,,,,,,,,,,,,94.79%,,,,,,,,,,,,,,,,,,,
2026-08-09 01:30,,,,62.06%,,,,,,,,,,34.60%,,,,,,,,,71.88%,,,,,91.45%,72.85%,,,,,,,,,,,,94.86%,,,,,,,,,,,,,,,,,,,
2026-08-09 02:30,,,,57.08%,,,,,,,,,,22.49%,,,,,,,,,72.02%,,,,,91.28%,72.26%,,,,,,,,,,,,94.89%,,,,,,,,,,,,,,,,,,,
2026-08-09 03:30,,,,57.19%,,,,,,,,,,26.55%,,,,,,,,,71.99%,,,,,91.40%,71.59%,,,,,,,,,,,,94.91%,,,,,,,,,,,,,,,,,,,
2026-08-09 04:30,,,,56.83%,,,,,,,,,,22.78%,,,,,,,,,71.87%,,,,,91.39%,71.50%,,,,,,,,,,,,94.72%,,,,,,,,,,,,,,,,,,,
2026-08-09 05:30,,,,56.90%,,,,,,,,,,22.92%,,,,,,,,,71.86%,,,,,91.69%,71.57%,,,,,,,,,,,,94.66%,,,,,,,,,,,,,,,,,,,
2026-08-09 06:30,,,,57.42%,,,,,,,,,,23.17%,,,,,,,,,71.84%,,,,,91.77%,71.71%,,,,,,,,,,,,94.69%,,,,,,,,,,,,,,,,,,,
2026-08-09 07:30,,,,56.67%,,,,,,,,,,31.85%,,,,,,,,,71.98%,,,,,91.89%,71.74%,,,,,,,,,,,,94.72%,,,,,,,,,,,,,,,,,,,
2026-08-09 08:30,,,,56.52%,,,,5.35%,,,,,,28.98%,,,,,,,,,71.97%,,,,,91.96%,71.80%,,,,,,,,,,,,94.74%,,,,,,,,,95.18%,,,,,,,,,,
2026-08-09 09:30,,,,56.73%,,,,1.27%,,,,,,23.64%,,,,,,,,,72.07%,,,,,92.10%,71.92%,,,,,,,,,,,,94.76%,,,,,,,,,95.05%,,,,,,,,,,
2026-08-09 10:30,,,,56.98%,,,,,,,,,,23.53%,,,,,,,,,71.88%,,,,,92.27%,71.93%,,,,,,,,,,,,94.78%,,,,,,,,,,,,,,,,,,,
2026-08-09 11:30,,,,57.39%,,,,,,,,,,23.59%,,,,,,,,,71.89%,,,,,92.43%,71.96%,,,,,,,,,,,,94.80%,,,,,,,,,,,,,,,,,,,
2026-08-09 12:30,,,,57.04%,,,,,,,,,,23.77%,,,,,,,,,71.88%,,,,,92.38%,72.03%,,,,,,,,,,,,94.82%,,,,,,,,,,,,,,,,,,,
2026-08-09 13:30,,,,56.98%,,,,,,,,,,24.23%,,,,,,,,,71.94%,,,,,92.61%,72.02%,,,,,,,,,,,,94.85%,,,,,,,,,,,,,,,,,,,
2026-08-09 14:30,,,,57.04%,,,,,,,,,,24.22%,,,,,,,,,71.87%,,,,,92.74%,72.17%,,,,,,,,,,,,94.88%,,,,,,,,,,,,,,,,,,,
2026-08-09 15:30,,,,56.77%,,,,,,,,,,24.19%,,,,,,,,,71.96%,,,,,92.71%,72.16%,,,,,,,,,,,,94.90%,,,,,,,,,,,,,,,,,,,
2026-08-09 16:30,,,,58.21%,,,,,,,,,,25.18%,,,,,,,,,71.88%,,,,,92.86%,72.31%,,,,,,,,,,,,94.93%,,,,,,,,,,,,,,,,,,,
2026-08-09 17:30,,,,57.03%,,,,,,,,,,24.83%,,,,,,,,,71.93%,,,,,92.83%,72.42%,,,,,,,,,,,,94.95%,,,,,,,,,,,,,,,,,,,
2026-08-09 18:30,,,,56.79%,,,,,,,,,,24.50%,,,,,,,,,71.89%,,,,,92.76%,72.15%,,,,,,,,,,,,94.97%,,,,,,,,,,,,,,,,,,,
2026-08-09 19:30,,,,56.91%,,,,,,,,,,24.81%,,,,,,,,,71.94%,,,,,92.84%,72.31%,,,,,,,,,,,,95.00%,,,,,,,,,,,,,,,,,,,
2026-08-09 20:30,,,,57.12%,,,,,,,,,,24.99%,,,,,,,,,71.78%,,,,,92.95%,72.39%,,,,,,,,,,,,95.01%,,,,,,,,,,,,,,,,,,,
2026-08-09 21:30,,,,57.59%,,,,,,,,,,25.04%,,,,,,,,,71.86%,,,,,92.53%,72.52%,,,,,,,,,,,,94.99%,,,,,,,,,,,,,,,,,,,
2026-08-09 22:30,,,,57.37%,,,,,,,,,,25.23%,,,,,,,,,71.84%,,,,,92.44%,72.62%,,,,,,,,,,,,95.02%,,,,,,,,,,,,,,,,,,,
2026-08-09 23:30,,,,57.81%,,,,,,,,,,25.60%,,,,,,,,,72.03%,,,,,92.49%,72.79%,,,,,,,,,,,,95.04%,,,,,,,,,,,,,,,,,,,
2026-08-10 00:30,,,,57.19%,,,,,,,,,,25.77%,,,,,,,,,72.19%,,,,,92.29%,72.80%,,,,,,,,,,,,95.07%,,,,,,,,,,,,,,,,,,,
2026-08-10 01:30,,,,57.22%,,,,,,,,,,25.81%,,,,,,,,,72.07%,,,,,91.99%,72.84%,,,,,,,,,,,,95.03%,,,,,,,,,,,,,,,,,,,
2026-08-10 02:30,,,,57.61%,,,,,,,,,,25.88%,,,,,,,,,71.95%,,,,,91.96%,73.00%,,,,,,,,,,,,94.82%,,,,,,,,,,,,,,,,,,,
2026-08-10 03:30,,,,57.29%,,,,,,,,,,29.76%,,,,,,,,,71.86%,,,,,92.11%,73.15%,,,,,,,,,,,,94.85%,,,,,,,,,,,,,,,,,,,
2026-08-10 04:30,,,,57.46%,,,,,,,,,,26.00%,,,,,,,,,71.81%,,,,,92.00%,72.99%,,,,,,,,,,,,94.87%,,,,,,,,,,,,,,,,,,,
2026-08-10 05:30,,,,66.45%,,,,,,,,,,32.52%,,,,,,,,,71.81%,,,,,92.06%,74.25%,,,,,,,,,,,,94.90%,,,,,,,,,,,,,,,,,,,
2026-08-10 06:30,,,,69.73%,,,,,,,,,,34.35%,,,,,,,,,71.82%,,,,,92.07%,74.73%,,,,,,,,,,,,94.92%,,,,,,,,,,,,,,,,,,,
2026-08-10 07:30,,,,69.98%,,,,,,,,,,34.40%,,,,,,,,,71.98%,,,,,92.05%,74.73%,,,,,,,,,,,,94.95%,,,,,,,,,,,,,,,,,,,
2026-08-10 08:30,,,,70.95%,,,,8.63%,,,,,,34.78%,,,,,,,,,71.95%,,,,,92.18%,74.87%,,,,,,,,,,,,94.97%,,,,,,,,,95.28%,,,,,,,,,,
2026-08-10 09:30,,,,62.62%,,,,1.29%,,,,,,29.46%,,,,,,,,,72.11%,,,,,92.24%,73.99%,,,,,,,,,,,,94.99%,,,,,,,,,95.27%,,,,,,,,,,
2026-08-10 10:30,,,,57.31%,,,,,,,,,,25.70%,,,,,,,,,71.92%,,,,,92.53%,73.56%,,,,,,,,,,,,95.12%,,,,,,,,,,,,,,,,,,,
2026-08-10 11:30,,,,57.23%,,,,,,,,53.41%,,40.41%,,,,,,,,,71.97%,,,,,92.51%,73.31%,,,,,,,,,,,,95.17%,,,,,,,,,,,,,,,,,,,
2026-08-10 12:30,,,,57.17%,,,,,,,,35.12%,,26.45%,,,,,,,,,71.83%,,,,,92.46%,73.44%,,,,,,,,,,,,95.19%,,,,,,,,,,,,,,,,,,,
2026-08-10 13:30,,,,57.35%,,,,,,,,46.72%,,25.95%,,,,,,,,,71.92%,,,,,92.66%,73.35%,,,,,,,,,,,,95.22%,,,,,,,,,,,,,,,,,,,
2026-08-10 14:30,,,,64.23%,,,,,,,,46.31%,,27.04%,,,,,,,,,71.84%,,,,,92.65%,73.58%,,,,,,,,,,,,95.29%,,,,,,,,,,,,,,,,,,,
2026-08-10 15:30,,,,57.69%,,,,,,,,,,26.04%,,,,,,,,,71.88%,,,,,92.64%,73.49%,,,,,,,,,,,,95.05%,,,,,,,,,,,,,,,,,,,
2026-08-10 16:30,,,,57.30%,,,,,,,,,,26.48%,,,,,,,,,71.77%,,,,,92.71%,73.59%,,,,,,,,,,,,95.07%,,,,,,,,,,,,,,,,,,,
2026-08-10 17:30,,,,57.68%,,,,,,,,,,26.87%,,,,,,,,,71.78%,,,,,92.80%,73.67%,,,,,,,,,,,,95.09%,,,,,,,,,,,,,,,,,,,
2026-08-10 18:30,,,,57.91%,,,,,,,,,,26.78%,,,,,,,,,71.72%,,,,,92.68%,73.59%,,,,,,,,,,,,95.12%,,,,,,,,,,,,,,,,,,,
2026-08-10 19:30,,,,58.02%,,,,,,,,,,26.76%,,,,,,,,,71.85%,,,,,92.75%,73.39%,,,,,,,,,,,,95.14%,,,,,,,,,,,,,,,,,,,
2026-08-10 20:30,,,,57.52%,,,,,,,,,,27.25%,,,,,,,,,71.78%,,,,,92.97%,73.44%,,,,,,,,,,,,95.17%,,,,,,,,,,,,,,,,,,,
2026-08-10 21:30,,,,57.04%,,,,,,,,,,27.33%,,,,,,,,,71.85%,,,,,92.62%,73.57%,,,,,,,,,,,,95.19%,,,,,,,,,,,,,,,,,,,
2026-08-10 22:30,,,,57.84%,,,,,,,,,,27.36%,,,,,,,,,71.80%,,,,,92.62%,73.56%,,,,,,,,,,,,95.22%,,,,,,,,,,,,,,,,,,,
2026-08-10 23:30,,,,57.33%,,,,,,,,,,27.58%,,,,,,,,,72.14%,,,,,92.48%,73.68%,,,,,,,,,,,,95.00%,,,,,,,,,,,,,,,,,,,
2026-08-11 00:30,,,,57.55%,,,,,,,,,,27.86%,,,,,,,,,72.08%,,,,,92.56%,73.66%,,,,,,,,,,,,94.98%,,,,,,,,,,,,,,,,,,,
2026-08-11 01:30,,,,57.71%,,,,,,,,,,24.01%,,,,,,,,,72.01%,,,,,92.62%,73.39%,,,,,,,,,,,,95.01%,,,,,,,,,,,,,,,,,,,
2026-08-11 02:30,,,,60.64%,,,,,,,,,,24.57%,,,,,,,,,72.21%,,,,,92.91%,73.42%,,,,,,,,,,,,95.03%,,,,,,,,,,,,,,,,,,,
2026-08-11 03:30,,,,70.11%,,,,,,,,,,27.60%,,,,,,,,,72.20%,,,,,93.12%,74.68%,,,,,,,,,,,,95.06%,,,,,,,,,,,,,,,,,,,
2026-08-11 04:30,,,,70.19%,,,,,,,,,,27.85%,,,,,,,,,72.08%,,,,,93.04%,74.39%,,,,,,,,,,,,95.20%,,,,,,,,,,,,,,,,,,,
2026-08-11 05:30,,,,70.11%,,,,,,,,,,28.19%,,,,,,,,,72.09%,,,,,92.93%,74.47%,,,,,,,,,,,,95.34%,,,,,,,,,,,,,,,,,,,
2026-08-11 06:30,,,,70.14%,,,,,,,,,,28.71%,,,,,,,,,72.01%,,,,,92.88%,74.60%,,,,,,,,,,,,95.36%,,,,,,,,,,,,,,,,,,,
2026-08-11 07:30,,,,66.27%,,,,,,,,,,41.64%,,,,,,,,,72.08%,,,,,92.91%,74.15%,,,,,,,,,,,,95.38%,,,,,,,,,,,,,,,,,,,
2026-08-11 08:30,,,,57.06%,,,,6.94%,,,,,,21.38%,,,,,,,,,72.11%,,,,,92.98%,73.17%,,,,,,,,,,,,95.41%,,,,,,,,,95.22%,,,,,,,,,,
2026-08-11 09:30,,,,57.25%,,,,1.11%,,,,,,21.75%,,,,,,,,,72.11%,,,,,92.98%,73.23%,,,,,,,,,,,,95.42%,,,,,,,,,95.18%,,,,,,,,,,
2026-08-11 10:30,,,,57.03%,,,,,,,,,,22.05%,,,,,,,,,72.16%,,,,,92.39%,73.28%,,,,,,,,,,,,95.43%,,,,,,,,,,,,,,,,,,,
2026-08-11 11:30,,,,56.95%,,,,,,,,,,21.80%,,,,,,,,,72.21%,,,,,92.54%,73.30%,,,,,,,,,,,,95.44%,,,,,,,,,,,,,,,,,,,
2026-08-11 12:30,,,,57.07%,,,,,,,,,,22.23%,,,,,,,,,72.21%,,,,,83.94%,73.30%,,,,,,,,,,,,95.51%,,,,,,,,,,,,,,,,,,,
2026-08-11 13:30,,,,56.91%,,,,,,,,,,22.46%,,,,,,,,,72.06%,,,,,84.13%,73.38%,,,,,,,,,,,,95.52%,,,,,,,,,,,,,,,,,,,
2026-08-11 14:30,,,,57.88%,,,,,,,,,,22.73%,,,,,,,,,71.96%,,,,,86.56%,73.38%,,,,,,,,,,,,95.55%,,,,,,,,,,,,,,,,,,,
2026-08-11 15:30,,,,57.46%,,,,,,,,,,22.31%,,,,,,,,,72.05%,,,,,87.06%,73.23%,,,,,,,,,,,,95.57%,,,,,,,,,,,,,,,,,,,
2026-08-11 16:30,,,,57.16%,,,,,,,,,,23.08%,,,,,,,,,71.95%,,,,,89.10%,73.33%,,,,,,,,,,,,96.12%,,,,,,,,,,,,,,,,,,,
2026-08-11 17:30,,,,56.99%,,,,,,,,,,23.18%,,,,,,,,,71.98%,,,,,89.50%,73.36%,,,,,,,,,,,,96.51%,,,,,,,,,,,,,,,,,,,
2026-08-11 18:30,,,,56.94%,,,,,,,,,,22.88%,,,,,,,,,72.00%,,,,,90.73%,73.34%,,,,,,,,,,,,96.54%,,,,,,,,,,,,,,,,,,,
2026-08-11 19:30,,,,57.02%,,,,,,,,,,23.51%,,,,,,,,,72.04%,,,,,88.48%,73.52%,,,,,,,,,,,,96.57%,,,,,,,,,,,,,,,,,,,
2026-08-11 20:30,,,,57.30%,,,,,,,,,,23.42%,,,,,,,,,71.94%,,,,,86.22%,73.39%,,,,,,,,,,,,96.52%,,,,,,,,,,,,,,,,,,,
2026-08-11 21:30,,,,57.29%,,,,,,,,,,23.38%,,,,,,,,,71.99%,,,,,85.45%,73.42%,,,,,,,,,,,,96.70%,,,,,,,,,,,,,,,,,,,
2026-08-11 22:30,,,,57.07%,,,,,,,,,,23.53%,,,,,,,,,71.94%,,,,,85.48%,73.34%,,,,,,,,,,,,96.72%,,,,,,,,,,,,,,,,,,,
2026-08-11 23:30,,,,57.42%,,,,,,,,,,23.66%,,,,,,,,,72.17%,,,,,84.59%,73.40%,,,,,,,,,,,,96.95%,,,,,,,,,,,,,,,,,,,
2026-08-12 00:30,,,,57.17%,,,,,,,,,,24.13%,,,,,,,,,72.22%,,,,,85.37%,73.50%,,,,,,,,,,,,97.08%,,,,,,,,,,,,,,,,,,,
2026-08-12 01:30,,,,57.18%,,,,,,,,,,38.21%,,,,,,,,,72.05%,,,,,85.37%,73.44%,,,,,,,,,,,,97.10%,,,,,,,,,,,,,,,,,,,
2026-08-12 02:30,,,,65.59%,,,,,,,,,,33.29%,,,,,,,,,72.08%,,,,,86.35%,74.55%,,,,,,,,,,,,97.12%,,,,,,,,,,,,,,,,,,,
2026-08-12 03:30,,,,69.77%,,,,,,,,,,36.47%,,,,,,,,,72.27%,,,,,86.81%,74.90%,,,,,,,,,,,,97.18%,,,,,,,,,,,,,,,,,,,
2026-08-12 04:30,,,,70.01%,,,,,,,,,,33.70%,,,,,,,,,72.17%,,,,,87.10%,74.39%,,,,,,,,,,,,97.20%,,,,,,,,,,,,,,,,,,,
2026-08-12 05:30,,,,70.09%,,,,,,,,,,34.13%,,,,,,,,,72.29%,,,,,87.23%,74.87%,,,,,,,,,,,,97.22%,,,,,,,,,,,,,,,,,,,
2026-08-12 06:30,,,,69.72%,,,,,,,,,,34.35%,,,,,,,,,72.13%,,,,,89.33%,74.95%,,,,,,,,,,,,97.05%,,,,,,,,,,,,,,,,,,,
2026-08-12 07:30,,,,63.51%,,,,,,,,,,30.02%,,,,,,,,,72.15%,,,,,88.51%,74.47%,,,,,,,,,,,,96.79%,,,,,,,,,,,,,,,,,,,
2026-08-12 08:30,,,,57.10%,,,,9.01%,,,,,,25.55%,,,,,,,,,72.05%,,,,,88.67%,73.71%,,,,,,,,,,,,96.82%,,,,,,,,,95.29%,,,,,,,,,,
2026-08-12 09:30,,,,56.89%,,,,1.76%,,,,,,24.62%,,,,,,,,,72.18%,,,,,88.93%,73.65%,,,,,,,,,,,,96.84%,,,,,,,,,95.49%,,,,,,,,,,
2026-08-12 10:30,,,,57.26%,,,,,,,,,,19.51%,,,,,,,,,72.15%,,,,,89.93%,73.45%,,,,,,,,,,,,96.86%,,,,,,,,,,,,,,,,,,,
2026-08-12 11:30,,,,58.02%,,,,,,,,,,19.49%,,,,,,,,,72.26%,,,,,90.50%,73.30%,,,,,,,,,,,,96.88%,,,,,,,,,,,,,,,,,,,
2026-08-12 12:30,,,,58.25%,,,,,,,,,,20.56%,,,,,,,,,72.26%,,,,,93.74%,73.60%,,,,,,,,,,,,96.92%,,,,,,,,,,,,,,,,,,,
2026-08-12 13:30,,,,57.93%,,,,,,,,,,20.26%,,,,,,,,,72.17%,,,,,87.50%,73.97%,,,,,,,,,,,,96.95%,,,,,,,,,,,,,,,,,,,
2026-08-12 14:30,,,,58.96%,,,,,,,,,,20.23%,,,,,,,,,72.11%,,,,,90.16%,73.76%,,,,,,,,,,,,97.31%,,,,,,,,,,,,,,,,,,,
2026-08-12 15:30,,,,58.07%,,,,,,,,,,20.63%,,,,,,,,,72.11%,,,,,90.85%,73.91%,,,,,,,,,,,,97.45%,,,,,,,,,,,,,,,,,,,
2026-08-12 16:30,,,,57.81%,,,,,,,,,,21.38%,,,,,,,,,72.13%,,,,,91.82%,73.85%,,,,,,,,,,,,97.58%,,,,,,,,,,,,,,,,,,,
2026-08-12 17:30,,,,57.97%,,,,,,,,,,23.41%,,,,,,,,,71.91%,,,,,92.54%,72.45%,,,,,,,,,,,,97.55%,,,,,,,,,,,,,,,,,,,
2026-08-12 18:30,,,,58.42%,,,,,,,,,,22.74%,,,,,,,,,71.28%,,,,,86.88%,69.58%,,,,,,,,,,,,97.30%,,,,,,,,,,,,,,,,,,,
2026-08-12 19:30,,,,57.93%,,,,,,,,,,21.01%,,,,,,,,,71.49%,,,,,87.28%,69.12%,,,,,,,,,,,,97.32%,,,,,,,,,,,,,,,,,,,
2026-08-12 20:30,,,,57.99%,,,,,,,,,,21.42%,,,,,,,,,71.46%,,,,,86.35%,67.94%,,,,,,,,,,,,97.35%,,,,,,,,,,,,,,,,,,,
2026-08-12 21:30,,,,57.81%,,,,,,,,,,21.73%,,,,,,,,,71.60%,,,,,64.04%,67.47%,,,,,,,,,,,,96.59%,,,,,,,,,,,,,,,,,,,
2026-08-12 22:30,,,,58.59%,,,,,,,,,,24.58%,,,,,,,,,71.44%,,,,,25.81%,67.04%,,,,,,,,,,,,95.12%,,,,,,,,,,,,,,,,,,,
2026-08-12 23:30,,,,58.89%,,,,,,,,,,24.29%,,,,,,,,,71.49%,,,,,27.09%,65.73%,,,,,,,,,,,,95.07%,,,,,,,,,,,,,,,,,,,
2026-08-13 00:30,,,,58.37%,,,,,,,,,,22.95%,,,,,,,,,71.66%,,,,,27.29%,66.35%,,,,,,,,,,,,95.07%,,,,,,,,,,,,,,,,,,,
2026-08-13 01:30,,,,58.19%,,,,,,,,,,22.78%,,,,,,,,,71.14%,,,,,27.53%,66.27%,,,,,,,,,,,,95.07%,,,,,,,,,,,,,,,,,,,
2026-08-13 02:30,,,,57.97%,,,,,,,,,,22.70%,,,,,,,,,70.84%,,,,,27.69%,66.46%,,,,,,,,,,,,95.08%,,,,,,,,,,,,,,,,,,,
2026-08-13 03:30,,,,57.86%,,,,,,,,,,29.20%,,,,,,,,,70.51%,,,,,27.58%,67.17%,,,,,,,,,,,,95.08%,,,,,,,,,,,,,,,,,,,
2026-08-13 04:30,,,,57.69%,,,,,,,,,,23.18%,,,,,,,,,70.40%,,,,,27.73%,66.44%,,,,,,,,,,,,95.08%,,,,,,,,,,,,,,,,,,,
2026-08-13 05:30,,,,57.95%,,,,,,,,,,23.09%,,,,,,,,,70.33%,,,,,28.30%,66.51%,,,,,,,,,,,,95.08%,,,,,,,,,,,,,,,,,,,
2026-08-13 06:30,,,,57.74%,,,,,,,,,,22.15%,,,,,,,,,70.39%,,,,,28.31%,66.73%,,,,,,,,,,,,95.08%,,,,,,,,,,,,,,,,,,,
2026-08-13 07:30,,,,57.38%,,,,,,,,,,23.98%,,,,,,,,,70.60%,,,,,28.35%,66.85%,,,,,,,,,,,,95.08%,,,,,,,,,,,,,,,,,,,
2026-08-13 08:30,,,,57.38%,,,,9.36%,,,,,,23.80%,,,,,,,,,70.38%,,,,,28.33%,66.93%,,,,,,,,,,,,95.09%,,,,,,,,,95.42%,,,,,,,,,,
2026-08-13 09:30,,,,57.74%,,,,3.11%,,,,,,23.94%,,,,,,,,,70.49%,,,,,28.87%,67.17%,,,,,,,,,,,,95.13%,,,,,,,,,95.46%,,,,,,,,,,
2026-08-13 10:30,,,,58.04%,,,,,,,,,,24.19%,,,,,,,,,70.54%,,,,,29.52%,67.14%,,,,,,,,,,,,95.20%,,,,,,,,,,,,,,,,,,,
2026-08-13 11:30,,,,57.92%,,,,,,,,,,24.39%,,,,,,,,,70.60%,,,,,29.44%,67.30%,,,,,,,,,,,,95.20%,,,,,,,,,,,,,,,,,,,
2026-08-13 12:30,,,,58.04%,,,,,,,,,,24.40%,,,,,,,,,70.52%,,,,,29.43%,67.34%,,,,,,,,,,,,95.20%,,,,,,,,,,,,,,,,,,,
2026-08-13 13:30,,,,57.92%,,,,,,,,,,24.33%,,,,,,,,,70.61%,,,,,29.40%,67.45%,,,,,,,,,,,,95.20%,,,,,,,,,,,,,,,,,,,
2026-08-13 14:30,,,,59.84%,,,,,,,,,,24.62%,,,,,,,,,70.51%,,,,,33.07%,67.49%,,,,,,,,,,,,95.18%,,,,,,,,,,,,,,,,,,,
2026-08-13 15:30,,,,57.57%,,,,,,,,,,24.43%,,,,,,,,,70.65%,,,,,60.01%,67.36%,,,,,,,,,,,,94.97%,,,,,,,,,,,,,,,,,,,
2026-08-13 16:30,,,,57.81%,,,,,,,,,,24.62%,,,,,,,,,70.69%,,,,,59.74%,67.39%,,,,,,,,,,,,94.97%,,,,,,,,,,,,,,,,,,,
2026-08-13 17:30,,,,57.82%,,,,,,,,,,24.64%,,,,,,,,,70.65%,,,,,59.93%,67.46%,,,,,,,,,,,,95.02%,,,,,,,,,,,,,,,,,,,
2026-08-13 18:30,,,,57.95%,,,,,,,,,,24.83%,,,,,,,,,70.61%,,,,,58.97%,67.52%,,,,,,,,,,,,95.02%,,,,,,,,,,,,,,,,,,,
2026-08-13 19:30,,,,57.95%,,,,,,,,,,24.99%,,,,,,,,,70.61%,,,,,49.22%,67.63%,,,,,,,,,,,,95.02%,,,,,,,,,,,,,,,,,,,
2026-08-13 20:30,,,,57.54%,,,,,,,,,,25.29%,,,,,,,,,70.60%,,,,,48.47%,67.65%,,,,,,,,,,,,95.01%,,,,,,,,,,,,,,,,,,,
2026-08-13 21:30,,,,70.00%,,,,,,,,,,35.81%,,,,,,,,,70.70%,,,,,48.46%,69.00%,,,,,,,,,,,,95.04%,,,,,,,,,,,,,,,,,,,
2026-08-13 22:30,,,,68.78%,,,,,,,,,,38.39%,,,,,,,,,70.64%,,,,,48.99%,67.28%,,,,,,,,,,,,95.10%,,,,,,,,,,,,,,,,,,,
2026-08-13 23:30,,,,65.10%,,,,,,,,,,30.85%,,,,,,,,,70.56%,,,,,49.17%,66.32%,,,,,,,,,,,,95.10%,,,,,,,,,,,,,,,,,,,
2026-08-14 00:30,,,,57.89%,,,,,,,,,,26.05%,,,,,,,,,70.77%,,,,,49.10%,65.97%,,,,,,,,,,,,95.10%,,,,,,,,,,,,,,,,,,,
2026-08-14 01:30,,,,57.62%,,,,,,,,,,26.44%,,,,,,,,,70.72%,,,,,49.15%,66.11%,,,,,,,,,,,,95.10%,,,,,,,,,,,,,,,,,,,
2026-08-14 02:30,,,,57.78%,,,,,,,,,,26.81%,,,,,,,,,70.70%,,,,,49.33%,66.32%,,,,,,,,,,,,95.10%,,,,,,,,,,,,,,,,,,,
2026-08-14 03:30,,,,57.71%,,,,,,,,,,32.26%,,,,,,,,,70.14%,,,,,49.47%,66.35%,,,,,,,,,,,,95.10%,,,,,,,,,,,,,,,,,,,
2026-08-14 04:30,,,,57.39%,,,,,,,,,,21.87%,,,,,,,,,70.08%,,,,,49.46%,65.11%,,,,,,,,,,,,95.22%,,,,,,,,,,,,,,,,,,,
2026-08-14 05:30,,,,57.50%,,,,,,,,,,22.12%,,,,,,,,,70.14%,,,,,50.39%,65.51%,,,,,,,,,,,,94.97%,,,,,,,,,,,,,,,,,,,
2026-08-14 06:30,,,,57.61%,,,,,,,,,,22.08%,,,,,,,,,70.21%,,,,,50.18%,66.02%,,,,,,,,,,,,94.93%,,,,,,,,,,,,,,,,,,,
2026-08-14 07:30,,,,57.26%,,,,,,,,,,21.90%,,,,,,,,,70.25%,,,,,50.20%,66.10%,,,,,,,,,,,,94.93%,,,,,,,,,,,,,,,,,,,
2026-08-14 08:30,,,,57.45%,,,,10.70%,,,,,,22.03%,,,,,,,,,70.04%,,,,,50.18%,66.06%,,,,,,,,,,,,94.93%,,,,,,,,,95.33%,,,,,,,,,,
2026-08-14 09:30,,,,57.81%,,,,3.40%,,,,,,22.28%,,,,,,,,,70.28%,,,,,50.41%,65.88%,,,,,,,,,,,,94.93%,,,,,,,,,95.51%,,,,,,,,,,
2026-08-14 10:30,,,,57.40%,,,,,,,,67.70%,,22.68%,,,,,,,,,70.21%,,,,,50.62%,65.78%,,,,,,,,,,,,94.93%,,,,,,,,,,,,,,,,,,,
2026-08-14 11:30,,,,58.23%,,,,,,,,48.68%,,22.73%,,,,,,,,,70.27%,,,,,50.62%,65.90%,,,,,,,,,,,,94.93%,,,,,,,,,,,,,,,,,,,
2026-08-14 12:30,,,,58.26%,,,,,,,,46.65%,,22.91%,,,,,,,,,70.31%,,,,,50.49%,66.13%,,,,,,,,,,,,94.94%,,,,,,,,,,,,,,,,,,,
2026-08-14 13:30,,,,59.88%,,,,,,,,45.94%,,23.10%,,,,,,,,,70.14%,,,,,50.52%,66.18%,,,,,,,,,,,,94.94%,,,,,,,,,,,,,,,,,,,
2026-08-14 14:30,,,,59.87%,,,,,,,,48.42%,,22.61%,,,,,,,,,70.22%,,,,,50.62%,66.14%,,,,,,,,,,,,94.94%,,,,,,,,,,,,,,,,,,,
2026-08-14 15:30,,,,57.89%,,,,,,,,49.78%,,22.39%,,,,,,,,,70.17%,,,,,50.68%,66.20%,,,,,,,,,,,,94.94%,,,,,,,,,,,,,,,,,,,
2026-08-14 16:30,,,,57.76%,,,,,,,,49.57%,,22.32%,,,,,,,,,70.28%,,,,,50.71%,66.28%,,,,,,,,,,,,94.94%,,,,,,,,,,,,,,,,,,,
2026-08-14 17:30,,,,57.73%,,,,,,,,49.93%,,22.23%,,,,,,,,,70.17%,,,,,50.62%,66.16%,,,,,,,,,,,,94.94%,,,,,,,,,,,,,,,,,,,
2026-08-14 18:30,,,,57.72%,,,,,,,,49.18%,,22.78%,,,,,,,,,70.18%,,,,,49.99%,66.28%,,,,,,,,,,,,94.95%,,,,,,,,,,,,,,,,,,,
2026-08-14 19:30,,,,60.39%,,,,,,,,50.05%,,24.08%,,,,,,,,,70.15%,,,,,49.90%,66.59%,,,,,,,,,,,,94.95%,,,,,,,,,,,,,,,,,,,
2026-08-14 20:30,,,,70.19%,,,,,,,,58.61%,,30.73%,,,,,,,,,70.06%,,,,,49.93%,67.56%,,,,,,,,,,,,94.95%,,,,,,,,,,,,,,,,,,,
2026-08-14 21:30,,,,70.11%,,,,,,,,69.84%,,31.33%,,,,,,,,,70.14%,,,,,49.64%,72.22%,,,,,,,,,,,,94.92%,,,,,,,,,,,,,,,,,,,
2026-08-14 22:30,,,,63.05%,,,,,,,,70.78%,,26.18%,,,,,,,,,70.07%,,,,,49.50%,72.55%,,,,,,,,,,,,94.92%,,,,,,,,,,,,,,,,,,,
2026-08-14 23:30,,,,57.65%,,,,,,,,70.68%,,23.17%,,,,,,,,,70.28%,,,,,49.44%,72.17%,,,,,,,,,,,,94.93%,,,,,,,,,,,,,,,,,,,
2026-08-15 00:30,,,,57.94%,,,,,,,,71.69%,,23.43%,,,,,,,,,70.37%,,,,,49.56%,72.38%,,,,,,,,,,,,94.93%,,,,,,,,,,,,,,,,,,,
2026-08-15 01:30,,,,58.06%,,,,,,,,72.71%,,37.96%,,,,,,,,,70.34%,,,,,49.73%,72.52%,,,,,,,,,,,,94.93%,,,,,,,,,,,,,,,,,,,
2026-08-15 02:30,,,,58.19%,,,,,,,,73.46%,,24.33%,,,,,,,,,70.49%,,,,,50.06%,72.73%,,,,,,,,,,,,94.93%,,,,,,,,,,,,,,,,,,,
2026-08-15 03:30,,,,58.01%,,,,,,,,49.12%,,27.22%,,,,,,,,,70.29%,,,,,50.11%,72.97%,,,,,,,,,,,,94.93%,,,,,,,,,,,,,,,,,,,
2026-08-15 04:30,,,,58.55%,,,,,,,,55.18%,,29.36%,,,,,,,,,70.29%,,,,,50.19%,72.74%,,,,,,,,,,,,94.93%,,,,,,,,,,,,,,,,,,,
2026-08-15 05:30,,,,57.96%,,,,,,,,54.45%,,33.09%,,,,,,,,,70.24%,,,,,50.52%,72.66%,,,,,,,,,,,,94.93%,,,,,,,,,,,,,,,,,,,
2026-08-15 06:30,,,,58.50%,,,,,,,,55.64%,,24.18%,,,,,,,,,70.30%,,,,,50.40%,72.63%,,,,,,,,,,,,94.93%,,,,,,,,,,,,,,,,,,,
2026-08-15 07:30,,,,58.61%,,,,,,,,54.86%,,24.51%,,,,,,,,,70.43%,,,,,50.76%,72.84%,,,,,,,,,,,,94.94%,,,,,,,,,,,,,,,,,,,
2026-08-15 08:30,,,,61.28%,,,,10.60%,,,,57.17%,,26.84%,,,,,,,,,70.25%,,,,,50.73%,73.24%,,,,,,,,,,,,94.94%,,,,,,,,,95.42%,,,,,,,,,,
2026-08-15 09:30,,,,39.24%,,,,10.87%,,,,57.71%,,32.11%,,,,,,,,,70.28%,,,,,50.82%,73.93%,,,,,,,,,,,,94.93%,,,,,,,,,95.58%,,,,,,,,,,
2026-08-15 10:30,,,,40.88%,,,,,,,,57.38%,,33.96%,,,,,,,,,70.32%,,,,,50.91%,74.19%,,,,,,,,,,,,94.91%,,,,,,,,,,,,,,,,,,,
2026-08-15 11:30,,,,64.86%,,,,,,,,53.47%,,47.32%,,,,,,,,,70.41%,,,,,50.91%,74.05%,,,,,,,,,,,,94.92%,,,,,,,,,,,,,,,,,,,
2026-08-15 12:30,,,,93.50%,,,,,,,,54.47%,,35.65%,,,,,,,,,70.43%,,,,,50.62%,73.93%,,,,,,,,,,,,94.94%,,,,,,,,,,,,,,,,,,,
2026-08-15 13:30,,,,93.60%,,,,,,,,57.34%,,34.85%,,,,,,,,,70.41%,,,,,50.32%,74.15%,,,,,,,,,,,,94.94%,,,,,,,,,,,,,,,,,,,
2026-08-15 14:30,,,,93.96%,,,,,,,,56.13%,,49.29%,,,,,,,,,70.31%,,,,,50.36%,74.10%,,,,,,,,,,,,94.94%,,,,,,,,,,,,,,,,,,,
2026-08-15 15:30,,,,93.54%,,,,,,,,59.11%,,35.78%,,,,,,,,,70.33%,,,,,50.40%,74.05%,,,,,,,,,,,,94.94%,,,,,,,,,,,,,,,,,,,
2026-08-15 16:30,,,,94.15%,,,,,,,,58.19%,,35.78%,,,,,,,,,70.27%,,,,,50.37%,74.09%,,,,,,,,,,,,94.94%,,,,,,,,,,,,,,,,,,,
2026-08-15 17:30,,,,93.04%,,,,,,,,56.78%,,50.29%,,,,,,,,,70.30%,,,,,50.48%,74.18%,,,,,,,,,,,,94.95%,,,,,,,,,,,,,,,,,,,
2026-08-15 18:30,,,,94.33%,,,,,,,,58.32%,,36.41%,,,,,,,,,70.24%,,,,,50.49%,73.84%,,,,,,,,,,,,94.95%,,,,,,,,,,,,,,,,,,,
2026-08-15 19:30,,,,94.39%,,,,,,,,59.30%,,37.03%,,,,,,,,,70.36%,,,,,50.56%,73.86%,,,,,,,,,,,,94.95%,,,,,,,,,,,,,,,,,,,
2026-08-15 20:30,,,,94.22%,,,,,,,,68.42%,,29.31%,,,,,,,,,70.37%,,,,,50.67%,73.37%,,,,,,,,,,,,94.95%,,,,,,,,,,,,,,,,,,,
2026-08-15 21:30,,,,94.55%,,,,,,,,75.84%,,27.06%,,,,,,,,,70.33%,,,,,50.25%,73.99%,,,,,,,,,,,,94.91%,,,,,,,,,,,,,,,,,,,
2026-08-15 22:30,,,,93.89%,,,,,,,,76.21%,,26.76%,,,,,,,,,70.24%,,,,,50.06%,73.65%,,,,,,,,,,,,94.92%,,,,,,,,,,,,,,,,,,,
2026-08-15 23:30,,,,94.22%,,,,,,,,76.63%,,27.28%,,,,,,,,,70.55%,,,,,49.90%,73.96%,,,,,,,,,,,,94.92%,,,,,,,,,,,,,,,,,,,
2026-08-16 00:30,,,,94.82%,,,,,,,,76.22%,,33.27%,,,,,,,,,70.54%,,,,,49.98%,73.83%,,,,,,,,,,,,94.92%,,,,,,,,,,,,,,,,,,,
2026-08-16 01:30,,,,94.03%,,,,,,,,76.32%,,37.84%,,,,,,,,,70.49%,,,,,50.11%,73.98%,,,,,,,,,,,,94.92%,,,,,,,,,,,,,,,,,,,
2026-08-16 02:30,,,,93.45%,,,,,,,,76.80%,,29.36%,,,,,,,,,70.51%,,,,,50.23%,74.01%,,,,,,,,,,,,94.93%,,,,,,,,,,,,,,,,,,,
2026-08-16 03:30,,,,93.05%,,,,,,,,56.54%,,38.26%,,,,,,,,,70.97%,,,,,50.44%,72.99%,,,,,,,,,,,,94.93%,,,,,,,,,,,,,,,,,,,
2026-08-16 04:30,,,,93.16%,,,,,,,,57.08%,,36.69%,,,,,,,,,70.75%,,,,,51.13%,73.06%,,,,,,,,,,,,94.93%,,,,,,,,,,,,,,,,,,,
2026-08-16 05:30,,,,93.53%,,,,,,,,58.82%,,28.75%,,,,,,,,,70.78%,,,,,50.96%,73.25%,,,,,,,,,,,,94.93%,,,,,,,,,,,,,,,,,,,
2026-08-16 06:30,,,,91.93%,,,,,,,,55.75%,,37.16%,,,,,,,,,70.93%,,,,,51.09%,73.28%,,,,,,,,,,,,94.93%,,,,,,,,,,,,,,,,,,,
2026-08-16 07:30,,,,93.50%,,,,,,,,54.98%,,36.22%,,,,,,,,,70.96%,,,,,51.27%,73.27%,,,,,,,,,,,,94.94%,,,,,,,,,,,,,,,,,,,
2026-08-16 08:30,,,,94.54%,,,,10.04%,,,,55.79%,,30.11%,,,,,,,,,70.69%,,,,,51.35%,73.31%,,,,,,,,,,,,94.93%,,,,,,,,,95.45%,,,,,,,,,,
2026-08-16 09:30,,,,94.29%,,,,2.38%,,,,58.95%,,28.29%,,,,,,,,,70.73%,,,,,51.72%,73.46%,,,,,,,,,,,,94.98%,,,,,,,,,95.31%,,,,,,,,,,
2026-08-16 10:30,,,,93.04%,,,,,,,,57.63%,,27.17%,,,,,,,,,70.95%,,,,,51.83%,73.27%,,,,,,,,,,,,95.05%,,,,,,,,,,,,,,,,,,,
2026-08-16 11:30,,,,92.63%,,,,,,,,55.78%,,27.25%,,,,,,,,,70.83%,,,,,51.21%,73.39%,,,,,,,,,,,,95.06%,,,,,,,,,,,,,,,,,,,
2026-08-16 12:30,,,,93.80%,,,,,,,,58.00%,,27.36%,,,,,,,,,70.82%,,,,,51.14%,72.98%,,,,,,,,,,,,95.06%,,,,,,,,,,,,,,,,,,,
2026-08-16 13:30,,,,92.96%,,,,,,,,60.12%,,27.46%,,,,,,,,,70.80%,,,,,51.26%,73.18%,,,,,,,,,,,,95.08%,,,,,,,,,,,,,,,,,,,
2026-08-16 14:30,,,,95.47%,,,,,,,,56.94%,,27.88%,,,,,,,,,70.79%,,,,,51.28%,73.09%,,,,,,,,,,,,95.12%,,,,,,,,,,,,,,,,,,,
2026-08-16 15:30,,,,93.60%,,,,,,,,58.46%,,28.16%,,,,,,,,,70.79%,,,,,51.33%,73.15%,,,,,,,,,,,,95.12%,,,,,,,,,,,,,,,,,,,
2026-08-16 16:30,,,,93.73%,,,,,,,,56.72%,,28.71%,,,,,,,,,70.65%,,,,,51.31%,73.35%,,,,,,,,,,,,95.12%,,,,,,,,,,,,,,,,,,,
2026-08-16 17:30,,,,94.09%,,,,,,,,60.73%,,28.98%,,,,,,,,,70.72%,,,,,51.33%,73.56%,,,,,,,,,,,,95.13%,,,,,,,,,,,,,,,,,,,
2026-08-16 18:30,,,,94.27%,,,,,,,,59.68%,,42.67%,,,,,,,,,70.80%,,,,,51.41%,73.50%,,,,,,,,,,,,95.12%,,,,,,,,,,,,,,,,,,,
2026-08-16 19:30,,,,93.54%,,,,,,,,53.98%,,29.86%,,,,,,,,,70.73%,,,,,51.46%,73.64%,,,,,,,,,,,,95.13%,,,,,,,,,,,,,,,,,,,
2026-08-16 20:30,,,,92.88%,,,,,,,,68.46%,,30.01%,,,,,,,,,70.71%,,,,,51.57%,73.68%,,,,,,,,,,,,95.13%,,,,,,,,,,,,,,,,,,,
2026-08-16 21:30,,,,93.24%,,,,,,,,76.93%,,30.46%,,,,,,,,,70.89%,,,,,51.16%,73.73%,,,,,,,,,,,,95.10%,,,,,,,,,,,,,,,,,,,
2026-08-16 22:30,,,,93.63%,,,,,,,,76.74%,,31.12%,,,,,,,,,70.75%,,,,,50.74%,73.81%,,,,,,,,,,,,95.10%,,,,,,,,,,,,,,,,,,,
2026-08-16 23:30,,,,93.47%,,,,,,,,77.01%,,31.47%,,,,,,,,,70.90%,,,,,50.80%,73.84%,,,,,,,,,,,,95.10%,,,,,,,,,,,,,,,,,,,
2026-08-17 00:30,,,,93.15%,,,,,,,,76.94%,,31.82%,,,,,,,,,70.93%,,,,,50.95%,74.16%,,,,,,,,,,,,95.09%,,,,,,,,,,,,,,,,,,,
2026-08-17 01:30,,,,93.52%,,,,,,,,76.91%,,32.53%,,,,,,,,,70.91%,,,,,51.01%,74.27%,,,,,,,,,,,,95.10%,,,,,,,,,,,,,,,,,,,
2026-08-17 02:30,,,,93.68%,,,,,,,,76.72%,,33.63%,,,,,,,,,71.10%,,,,,51.12%,74.35%,,,,,,,,,,,,95.10%,,,,,,,,,,,,,,,,,,,
2026-08-17 03:30,,,,92.99%,,,,,,,,59.47%,,42.50%,,,,,,,,,70.77%,,,,,51.26%,74.49%,,,,,,,,,,,,95.15%,,,,,,,,,,,,,,,,,,,
2026-08-17 04:30,,,,93.61%,,,,,,,,60.63%,,40.89%,,,,,,,,,70.75%,,,,,51.57%,74.40%,,,,,,,,,,,,95.37%,,,,,,,,,,,,,,,,,,,
2026-08-17 05:30,,,,92.78%,,,,,,,,61.62%,,33.32%,,,,,,,,,70.72%,,,,,51.34%,74.40%,,,,,,,,,,,,95.40%,,,,,,,,,,,,,,,,,,,
2026-08-17 06:30,,,,92.66%,,,,,,,,59.77%,,42.57%,,,,,,,,,70.72%,,,,,51.49%,74.59%,,,,,,,,,,,,95.40%,,,,,,,,,,,,,,,,,,,
2026-08-17 07:30,,,,93.22%,,,,,,,,60.55%,,39.67%,,,,,,,,,70.74%,,,,,51.77%,74.68%,,,,,,,,,,,,95.40%,,,,,,,,,,,,,,,,,,,
2026-08-17 08:30,,,,94.38%,,,,9.91%,,,,59.04%,,34.03%,,,,,,,,,70.57%,,,,,51.79%,74.58%,,,,,,,,,,,,95.40%,,,,,,,,,95.26%,,,,,,,,,,
2026-08-17 09:30,,,,94.39%,,,,2.34%,,,,61.64%,,34.38%,,,,,,,,,70.65%,,,,,51.42%,74.81%,,,,,,,,,,,,95.41%,,,,,,,,,95.37%,,,,,,,,,,
2026-08-17 10:30,,,,93.32%,,,,,,,,60.32%,,34.63%,,,,,,,,,70.62%,,,,,50.66%,74.80%,,,,,,,,,,,,95.41%,,,,,,,,,,,,,,,,,,,
2026-08-17 11:30,,,,93.37%,,,,,,,,50.02%,,34.98%,,,,,,,,,70.80%,,,,,50.82%,74.89%,,,,,,,,,,,,95.41%,,,,,,,,,,,,,,,,,,,
2026-08-17 12:30,,,,92.86%,,,,,,,,18.66%,,35.29%,,,,,,,,,70.94%,,,,,51.28%,75.04%,,,,,,,,,,,,95.41%,,,,,,,,,,,,,,,,,,,
2026-08-17 13:30,,,,92.84%,,,,,,,,18.80%,,35.96%,,,,,,,,,70.79%,,,,,51.15%,75.17%,,,,,,,,,,,,95.42%,,,,,,,,,,,,,,,,,,,
2026-08-17 14:30,,,,93.77%,,,,,,,,19.86%,,35.78%,,,,,,,,,70.61%,,,,,51.12%,75.08%,,,,,,,,,,,,95.42%,,,,,,,,,,,,,,,,,,,
2026-08-17 15:30,,,,91.40%,,,,,,,,29.97%,,35.89%,,,,,,,,,70.64%,,,,,51.13%,75.07%,,,,,,,,,,,,95.42%,,,,,,,,,,,,,,,,,,,
2026-08-17 16:30,,,,35.74%,,,,,,,,45.39%,,36.47%,,,,,,,,,70.59%,,,,,51.10%,75.27%,,,,,,,,,,,,95.42%,,,,,,,,,,,,,,,,,,,
2026-08-17 17:30,,,,59.62%,,,,,,,,33.73%,,36.73%,,,,,,,,,70.67%,,,,,51.08%,75.42%,,,,,,,,,,,,95.43%,,,,,,,,,,,,,,,,,,,
2026-08-17 18:30,,,,92.39%,,,,,,,,28.87%,,36.81%,,,,,,,,,70.63%,,,,,51.08%,75.46%,,,,,,,,,,,,95.43%,,,,,,,,,,,,,,,,,,,
2026-08-17 19:30,,,,93.42%,,,,,,,,53.60%,,37.18%,,,,,,,,,70.66%,,,,,51.19%,75.59%,,,,,,,,,,,,95.43%,,,,,,,,,,,,,,,,,,,
2026-08-17 20:30,,,,92.24%,,,,,,,,49.50%,,37.47%,,,,,,,,,70.52%,,,,,55.06%,75.67%,,,,,,,,,,,,95.43%,,,,,,,,,,,,,,,,,,,
2026-08-17 21:30,,,,93.22%,,,,,,,,63.13%,,37.91%,,,,,,,,,70.51%,,,,,51.72%,75.72%,,,,,,,,,,,,95.40%,,,,,,,,,,,,,,,,,,,
2026-08-17 22:30,,,,20.13%,,,,,,,,21.66%,,38.24%,,,,,,,,,70.48%,,,,,50.46%,75.83%,,,,,,,,,,,,95.39%,,,,,,,,,,,,,,,,,,,
2026-08-17 23:30,,,,18.51%,,,,,,,,,,38.83%,,,,,,,,,70.75%,,,,,50.78%,75.85%,,,,,,,,,,,,95.40%,,,,,,,,,,,,,,,,,,,
2026-08-18 00:30,,,,19.41%,,,,,,,,,,38.68%,,,,,,,,,70.78%,,,,,50.30%,75.92%,,,,,,,,,,,,95.40%,,,,,,,,,,,,,,,,,,,
2026-08-18 01:30,,,,18.82%,,,,,,,,,,38.96%,,,,,,,,,70.81%,,,,,49.21%,76.12%,,,,,,,,,,,,95.40%,,,,,,,,,,,,,,,,,,,
2026-08-18 02:30,,,,18.53%,,,,,,,,,,40.36%,,,,,,,,,70.67%,,,,,49.53%,76.36%,,,,,,,,,,,,95.40%,,,,,,,,,,,,,,,,,,,
2026-08-18 03:30,,,,18.54%,,,,,,,,,,49.21%,,,,,,,,,70.87%,,,,,49.66%,76.36%,,,,,,,,,,,,95.40%,,,,,,,,,,,,,,,,,,,
2026-08-18 04:30,,,,18.51%,,,,,,,,,,47.22%,,,,,,,,,70.78%,,,,,49.71%,76.15%,,,,,,,,,,,,95.40%,,,,,,,,,,,,,,,,,,,
2026-08-18 05:30,,,,18.61%,,,,,,,,,,39.67%,,,,,,,,,70.75%,,,,,50.23%,76.37%,,,,,,,,,,,,95.41%,,,,,,,,,,,,,,,,,,,
2026-08-18 06:30,,,,19.03%,,,,,,,,,,29.62%,,,,,,,,,70.76%,,,,,50.29%,75.62%,,,,,,,,,,,,95.41%,,,,,,,,,,,,,,,,,,,
2026-08-18 07:30,,,,19.20%,,,,,,,,,,29.98%,,,,,,,,,70.91%,,,,,50.45%,75.56%,,,,,,,,,,,,95.41%,,,,,,,,,,,,,,,,,,,
2026-08-18 08:30,,,,18.79%,,,,9.41%,,,,,,30.66%,,,,,,,,,70.77%,,,,,50.11%,75.77%,,,,,,,,,,,,95.42%,,,,,,,,,93.61%,,,,,,,,,,
2026-08-18 09:30,,,,18.69%,,,,2.82%,,,,29.68%,,30.73%,,,,,,,,,70.87%,,,,,50.29%,75.86%,,,,,,,,,,,,95.42%,,,,,,,,,91.94%,,,,,,,,,,
2026-08-18 10:30,,,,18.61%,,,,,,,,36.06%,,29.62%,,,,,,,,,70.91%,,,,,50.60%,75.71%,,,,,,,,,,,,95.42%,,,,,,,,,,,,,,,,,,,
2026-08-18 11:30,,,,18.56%,,,,,,,,9.12%,,28.16%,,,,,,,,,71.06%,,,,,50.74%,75.63%,,,,,,,,,,,,95.42%,,,,,,,,,,,,,,,,,,,
2026-08-18 12:30,,,,19.08%,,,,,,,,48.13%,,27.81%,,,,,,,,,70.86%,,,,,50.63%,75.64%,,,,,,,,,,,,95.42%,,,,,,,,,,,,,,,,,,,
2026-08-18 13:30,,,,18.75%,,,,,,,,21.46%,,27.86%,,,,,,,,,70.88%,,,,,49.93%,75.51%,,,,,,,,,,,,94.91%,,,,,,,,,,,,,,,,,,,
2026-08-18 14:30,,,,18.69%,,,,,,,,,,28.61%,,,,,,,,,70.80%,,,,,46.76%,75.64%,,,,,,,,,,,,94.04%,,,,,,,,,,,,,,,,,,,
2026-08-18 15:30,,,,18.57%,,,,,,,,10.71%,,28.82%,,,,,,,,,81.35%,,,,,47.62%,75.49%,,,,,,,,,,,,94.04%,,,,,,,,,,,,,,,,,,,
2026-08-18 16:30,,,,18.97%,,,,,,,,9.28%,,29.55%,,,,,,,,,88.59%,,,,,47.97%,75.44%,,,,,,,,,,,,94.04%,,,,,,,,,,,,,,,,,,,
2026-08-18 17:30,,,,19.19%,,,,,,,,9.29%,,30.36%,,,,,,,,,89.23%,,,,,47.24%,75.70%,,,,,,,,,,,,94.05%,,,,,,,,,,,,,,,,,,,
2026-08-18 18:30,,,,19.17%,,,,,,,,9.35%,,30.32%,,,,,,,,,89.81%,,,,,45.21%,75.63%,,,,,,,,,,,,94.05%,,,,,,,,,,,,,,,,,,,
2026-08-18 19:30,,,,19.29%,,,,,,,,10.46%,,26.98%,,,,,,,,,90.48%,,,,,46.18%,75.82%,,,,,,,,,,,,94.06%,,,,,,,,,,,,,,,,,,,
2026-08-18 20:30,,,,18.71%,,,,,,,,,,26.36%,,,,,,,,,90.42%,,,,,48.10%,75.76%,,,,,,,,,,,,93.71%,,,,,,,,,,,,,,,,,,,
2026-08-18 21:30,,,,18.93%,,,,,,,,,,26.60%,,,,,,,,,91.05%,,,,,47.05%,75.51%,,,,,,,,,,,,93.62%,,,,,,,,,,,,,,,,,,,
2026-08-18 22:30,,,,26.83%,,,,,,,,,,26.75%,,,,,,,,,91.43%,,,,,47.85%,75.54%,,,,,,,,,,,,93.62%,,,,,,,,,,,,,,,,,,,
2026-08-18 23:30,,,,19.61%,,,,,,,,,,27.03%,,,,,,,,,92.00%,,,,,46.96%,75.67%,,,,,,,,,,,,93.63%,,,,,,,,,,,,,,,,,,,
2026-08-19 00:30,,,,19.37%,,,,,,,,,,32.27%,,,,,,,,,92.11%,,,,,47.04%,75.76%,,,,,,,,,,,,93.63%,,,,,,,,,,,,,,,,,,,
2026-08-19 01:30,,,,18.97%,,,,,,,,,,37.80%,,,,,,,,,92.25%,,,,,47.56%,75.73%,,,,,,,,,,,,93.63%,,,,,,,,,,,,,,,,,,,
2026-08-19 02:30,,,,19.03%,,,,,,,,,,28.39%,,,,,,,,,92.75%,,,,,48.31%,76.04%,,,,,,,,,,,,93.63%,,,,,,,,,,,,,,,,,,,
2026-08-19 03:30,,,,19.06%,,,,,,,,,,30.70%,,,,,,,,,91.73%,,,,,48.97%,76.21%,,,,,,,,,,,,93.63%,,,,,,,,,,,,,,,,,,,
2026-08-19 04:30,,,,18.65%,,,,,,,,,,28.43%,,,,,,,,,92.19%,,,,,49.66%,76.15%,,,,,,,,,,,,93.63%,,,,,,,,,,,,,,,,,,,
2026-08-19 05:30,,,,18.60%,,,,,,,,,,28.51%,,,,,,,,,92.46%,,,,,49.00%,76.07%,,,,,,,,,,,,94.32%,,,,,,,,,,,,,,,,,,,
2026-08-19 06:30,,,,18.67%,,,,,,,,,,37.32%,,,,,,,,,92.65%,,,,,46.91%,75.82%,,,,,,,,,,,,94.67%,,,,,,,,,,,,,,,,,,,
2026-08-19 07:30,,,,18.57%,,,,,,,,,,35.38%,,,,,,,,,93.09%,,,,,47.02%,75.94%,,,,,,,,,,,,94.75%,,,,,,,,,,,,,,,,,,,
2026-08-19 08:30,,,,18.60%,,,,11.42%,,,,,,29.58%,,,,,,,,,93.09%,,,,,46.94%,75.93%,,,,,,,,,,,,94.83%,,,,,,,,,93.25%,,,,,,,,,,
2026-08-19 09:30,,,,18.90%,,,,2.80%,,,,,,29.60%,,,,,,,,,93.18%,,,,,47.58%,76.09%,,,,,,,,,,,,94.34%,,,,,,,,,93.73%,,,,,,,,,,
2026-08-19 10:30,,,,18.77%,,,,,,,,,,30.27%,,,,,,,,,93.27%,,,,,47.96%,76.10%,,,,,,,,,,,,93.21%,,,,,,,,,,,,,,,,,,,
2026-08-19 11:30,,,,18.82%,,,,,,,,13.81%,,31.08%,,,,,,,,,93.48%,,,,,48.02%,76.08%,,,,,,,,,,,,93.21%,,,,,,,,,,,,,,,,,,,
2026-08-19 12:30,,,,19.12%,,,,,,,,8.43%,,31.14%,,,,,,,,,93.87%,,,,,48.04%,75.93%,,,,,,,,,,,,93.20%,,,,,,,,,,,,,,,,,,,
2026-08-19 13:30,,,,18.99%,,,,,,,,8.15%,,31.35%,,,,,,,,,93.74%,,,,,49.51%,76.03%,,,,,,,,,,,,93.21%,,,,,,,,,,,,,,,,,,,
2026-08-19 14:30,,,,19.05%,,,,,,,,8.02%,,32.21%,,,,,,,,,93.81%,,,,,50.54%,76.33%,,,,,,,,,,,,93.27%,,,,,,,,,,,,,,,,,,,
2026-08-19 15:30,,,,18.76%,,,,,,,,17.66%,,32.13%,,,,,,,,,94.08%,,,,,49.18%,76.34%,,,,,,,,,,,,93.27%,,,,,,,,,,,,,,,,,,,
2026-08-19 16:30,,,,18.75%,,,,,,,,8.13%,,32.05%,,,,,,,,,93.85%,,,,,,76.12%,,,,,,,,,,,,,,,,,,,,,,,,,,,,,,,
2026-08-19 17:30,,,,18.77%,,,,,,,,8.04%,,27.02%,,,,,,,,,93.86%,,,,,,75.99%,,,,,,,,,,,,,,,,,,,,,,,,,,,,,,,
2026-08-19 18:30,,,,18.73%,,,,,,,,8.21%,,27.19%,,,,,,,,,93.93%,,,,,,75.92%,,,,,,,,,,,,,,,,,,,,,,,,,,,,,,,
2026-08-19 19:30,,,,19.11%,,,,,,,,8.39%,,27.22%,,,,,,,,,93.93%,,,,,,75.74%,,,,,,,,,,,,,,,,,,,,,,,,,,,,,,,
2026-08-19 20:30,,,,18.74%,,,,,,,,8.21%,,27.64%,,,,,,,,,93.97%,,,,,,75.65%,,,,,,,,,,,,,,,,,,,,,,,,,,,,,,,
2026-08-19 21:30,,,,19.10%,,,,,,,,,,28.10%,,,,,,,,,94.14%,,,,,,75.65%,,,,,,,,,,,,,,,,,,,,,,,,,,,,,,,
2026-08-19 22:30,,,,51.45%,,,,,,,,,,29.11%,,,,,,,,,94.15%,,,,,,75.86%,,,,,,,,,,,,,,,,,,,,,,,,,,,,,,,
2026-08-19 23:30,,,,19.65%,,,,,,,,,,33.98%,,,,,,,,,94.42%,,,,,,76.78%,,,,,,,,,,,,,,,,,,,,,,,,,,,,,,,
2026-08-20 00:30,,,,18.97%,,,,,,,,,,44.68%,,,,,,,,,94.46%,,,,,,76.88%,,,,,,,,,,,,,,,,,,,,,,,,,,,,,,,
2026-08-20 01:30,,,,18.87%,,,,,,,,,,40.06%,,,,,,,,,94.50%,,,,,49.40%,77.01%,,,,,,,,,,,,93.31%,,,,,,,,,,,,,,,,,,,
2026-08-20 02:30,,,,18.80%,,,,,,,,,,37.24%,,,,,,,,,94.38%,,,,,49.40%,76.89%,,,,,,,,,,,,93.31%,,,,,,,,,,,,,,,,,,,
2026-08-20 03:30,,,,19.07%,,,,,,,,,,39.38%,,,,,,,,,91.89%,,,,,49.54%,77.37%,,,,,,,,,,,,93.31%,,,,,,,,,,,,,,,,,,,
2026-08-20 04:30,,,,18.99%,,,,,,,,,,36.95%,,,,,,,,,92.10%,,,,,50.18%,77.13%,,,,,,,,,,,,93.60%,,,,,,,,,,,,,,,,,,,
2026-08-20 05:30,,,,19.06%,,,,,,,,,,39.64%,,,,,,,,,92.01%,,,,,49.93%,77.14%,,,,,,,,,,,,93.64%,,,,,,,,,,,,,,,,,,,
2026-08-20 06:30,,,,19.44%,,,,,,,,,,37.60%,,,,,,,,,92.20%,,,,,49.97%,77.14%,,,,,,,,,,,,93.65%,,,,,,,,,,,,,,,,,,,
2026-08-20 07:30,,,,19.28%,,,,,,,,,,39.74%,,,,,,,,,92.20%,,,,,49.89%,77.52%,,,,,,,,,,,,93.65%,,,,,,,,,,,,,,,,,,,
2026-08-20 08:30,,,,19.00%,,,,9.99%,,,,,,39.89%,,,,,,,,,92.34%,,,,,50.00%,67.68%,,,,,,,,,,,,93.65%,,,,,,,,,93.25%,,,,,,,,,,
2026-08-20 09:30,,,,19.64%,,,,4.15%,,,,,,40.37%,,,,,,,,,92.34%,,,,,50.31%,65.01%,,,,,,,,,,,,93.64%,,,,,,,,,93.86%,,,,,,,,,,
2026-08-20 10:30,,,,19.17%,,,,,,,,,,41.65%,,,,,,,,,92.35%,,,,,50.39%,65.05%,,,,,,,,,,,,93.64%,,,,,,,,,,,,,,,,,,,
2026-08-20 11:30,,,,19.07%,,,,,,,,,,41.26%,,,,,,,,,92.34%,,,,,50.38%,65.23%,,,,,,,,,,,,93.65%,,,,,,,,,,,,,,,,,,,
2026-08-20 12:30,,82.59%,,19.27%,,,,,,,,,,43.81%,,,,,,,,,92.32%,,,,,50.32%,64.80%,,,78.12%,,,,,,,,,93.65%,,,,,,,78.63%,,,,,,,,,,,,
2026-08-20 13:30,,77.63%,,19.22%,,,,,,,,,,55.79%,,,,,,,,,92.40%,,,,,50.48%,61.83%,,,77.27%,,,,,,,,,93.65%,,,,,,,80.34%,,,,,,,,,,,,
2026-08-20 14:30,,29.31%,,18.68%,,,,,,,,,,43.84%,,,,,,,,,92.42%,,,,,50.31%,61.74%,,,36.01%,,,,,,,,,93.66%,,,,,,,78.36%,,,,,,,,,,,,
2026-08-20 15:30,,49.22%,,18.85%,,,,,,,,,,44.43%,,,,,,,,,92.45%,,,,,50.22%,61.80%,,,76.67%,,,,,,,,,93.66%,,,,,,,77.56%,,,,,,,,,,,,
2026-08-20 16:30,,60.94%,,25.57%,,,,,,,,,,44.28%,,,,,,,,,92.13%,,,,,50.33%,62.46%,,,75.23%,,,,,,,,,93.66%,,,,,,,78.73%,,,,,,,,,,,,
2026-08-20 17:30,,64.67%,,21.34%,,,,,,,,,,43.04%,,,,,,,,,92.17%,,,,,50.28%,60.65%,,,75.02%,,,,,,,,,93.67%,,,,,,,79.21%,,,,,,,,,,,,
2026-08-20 18:30,,66.08%,,19.95%,,,,,,,,,,43.68%,,,,,,,,,92.27%,,,,,50.08%,58.98%,,,75.80%,,,,,,,,,93.67%,,,,,,,79.55%,,,,,,,,,,,,
2026-08-20 19:30,,91.50%,,19.68%,,,,,,,,,,44.91%,,,,,,,,,92.21%,,,,,50.12%,59.37%,,,79.48%,,,,,,,,,93.67%,,,,,,,79.92%,,,,,,,,,,,,
2026-08-20 20:30,,,,19.29%,,,,,,,,,,48.45%,,,,,,,,,92.27%,,,,,50.11%,59.74%,,,,,,,,,,,,93.67%,,,,,,,,,,,,,,,,,,,
2026-08-20 21:30,,,,19.15%,,,,,,,,,,49.12%,,,,,,,,,92.35%,,,,,50.26%,59.87%,,,,,,,,,,,,93.64%,,,,,,,,,,,,,,,,,,,
2026-08-20 22:30,,,,21.19%,,,,,,,,,,46.97%,,,,,,,,,92.29%,,,,,49.82%,59.61%,,,,,,,,,,,,93.57%,,,,,,,,,,,,,,,,,,,
2026-08-20 23:30,,,,19.66%,,,,,,,,,,46.95%,,,,,,,,,92.59%,,,,,50.13%,59.84%,,,,,,,,,,,,93.47%,,,,,,,,,,,,,,,,,,,
2026-08-21 00:30,,,,19.53%,,,,,,,,,,47.64%,,,,,,,,,92.65%,,,,,50.07%,58.91%,,,,,,,,,,,,93.48%,,,,,,,,,,,,,,,,,,,
2026-08-21 01:30,,,,19.18%,,,,,,,,,,46.81%,,,,,,,,,92.66%,,,,,50.15%,57.30%,,,,,,,,,,,,93.49%,,,,,,,,,,,,,,,,,,,
2026-08-21 02:30,,,,18.89%,,,,,,,,,,47.82%,,,,,,,,,92.89%,,,,,50.15%,57.36%,,,,,,,,,,,,93.49%,,,,,,,,,,,,,,,,,,,
2026-08-21 03:30,,,,18.71%,,,,,,,,,,65.07%,,,,,,,,,91.30%,,,,,50.18%,58.40%,,,,,,,,,,,,93.49%,,,,,,,,,,,,,,,,,,,
2026-08-21 04:30,,,,18.77%,,,,,,,,,,49.32%,,,,,,,,,91.44%,,,,,50.51%,58.28%,,,,,,,,,,,,93.58%,,,,,,,,,,,,,,,,,,,
2026-08-21 05:30,,,,18.84%,,,,,,,,,,57.92%,,,,,,,,,91.73%,,,,,50.21%,58.23%,,,,,,,,,,,,93.70%,,,,,,,,,,,,,,,,,,,
2026-08-21 06:30,,,,19.26%,,,,,,,,,,49.96%,,,,,,,,,91.82%,,,,,50.31%,57.71%,,,,,,,,,,,,93.70%,,,,,,,,,,,,,,,,,,,
2026-08-21 07:30,,,,19.36%,,,,,,,,,,51.72%,,,,,,,,,91.78%,,,,,50.32%,58.70%,,,,,,,,,,,,93.70%,,,,,,,,,,,,,,,,,,,
2026-08-21 08:30,,,,19.85%,,,,13.33%,,,,,,40.19%,,,,,,,,,91.94%,,,,,50.31%,58.21%,,,,,,,,,,,,93.70%,,,,,,,,,93.69%,,,,,,,,,,
2026-08-21 09:30,,,,19.65%,,,,2.97%,,,,,,33.01%,,,,,,,,,91.83%,,,,,50.47%,57.94%,,,,,,,,,,,,93.70%,,,,,,,,,89.73%,,,,,,,,,,
2026-08-21 10:30,,73.83%,,19.50%,,,,,,,,,,46.15%,,,,,,,,,91.86%,,,,,50.63%,58.00%,,,72.93%,,,,,,,,,93.68%,,,,,,,78.39%,,,,,,,,,,,,
2026-08-21 11:30,,64.92%,,19.35%,,,,,,,,,,37.95%,,,,,,,,,91.83%,,,,,50.66%,58.08%,,,73.88%,,,,,,,,,93.68%,,,,,,,78.60%,,,,,,,,,,,,
2026-08-21 12:30,,66.87%,,23.01%,,,,,,,,,,39.00%,,,,,,,,,91.85%,,,,,50.54%,57.91%,,,76.35%,,,,,,,,,93.68%,,,,,,,78.72%,,,,,,,,,,,,
2026-08-21 13:30,,76.02%,,19.44%,,,,,,,,,,45.22%,,,,,,,,,91.77%,,,,,50.67%,57.67%,,,80.72%,,,,,,,,,93.68%,,,,,,,80.78%,,,,,,,,,,,,
2026-08-21 14:30,,74.52%,,19.25%,,,,,,,,,,35.52%,,,,,,,,,91.87%,,,,,50.23%,57.63%,,,76.67%,,,,,,,,,93.68%,,,,,,,82.40%,,,,,,,,,,,,
2026-08-21 15:30,,73.64%,,19.16%,,,,,,,,,,37.68%,,,,,,,,,92.09%,,,,,50.00%,57.68%,,,77.47%,,,,,,,,,93.69%,,,,,,,82.57%,,,,,,,,,,,,
2026-08-21 16:30,,64.81%,,19.69%,,,,,,,,,,34.73%,,,,,,,,,91.92%,,,,,49.49%,57.93%,,,77.42%,,,,,,,,,93.69%,,,,,,,82.57%,,,,,,,,,,,,
2026-08-21 17:30,,62.95%,,19.21%,,,,,,,,18.23%,,38.62%,,,,,,,,,91.86%,,,,,49.54%,58.17%,,,78.36%,,,,,,,,,93.69%,,,,,,,82.67%,,,,,,,,,,,,
2026-08-21 18:30,,48.23%,,19.46%,,,,,,,,9.65%,,43.54%,,,,,,,,,91.76%,,,,,49.52%,57.89%,,,73.08%,,,,,,,,,93.69%,,,,,,,82.85%,,,,,,,,,,,,
2026-08-21 19:30,,57.97%,,19.49%,,,,,,,,,,34.31%,,,,,,,,,91.77%,,,,,49.53%,58.50%,,,75.00%,,,,,,,,,93.70%,,,,,,,82.82%,,,,,,,,,,,,
2026-08-21 20:30,,53.68%,,19.34%,,,,,,,,,,33.26%,,,,,,,,,91.75%,,,,,49.53%,58.14%,,,73.96%,,,,,,,,,93.70%,,,,,,,82.94%,,,,,,,,,,,,
2026-08-21 21:30,,43.60%,,18.93%,,,,,,,,,,34.98%,,,,,,,,,91.71%,,,,,49.54%,58.33%,,,69.97%,,,,,,,,,93.67%,,,,,,,83.05%,,,,,,,,,,,,
2026-08-21 22:30,,38.95%,,25.62%,,,,,,,,,,35.90%,,,,,,,,,91.86%,,,,,49.57%,58.60%,,,64.05%,,,,,,,,,93.67%,,,,,,,83.05%,,,,,,,,,,,,
2026-08-21 23:30,,66.32%,,19.08%,,,,,,,,,,35.78%,,,,,,,,,91.92%,,,,,49.53%,58.40%,,,58.19%,,,,,,,,,93.67%,,,,,,,83.23%,,,,,,,,,,,,
2026-08-22 00:30,,60.78%,,19.09%,,,,,,,,,,37.17%,,,,,,,,,91.89%,,,,,49.60%,58.59%,,,60.03%,,,,,,,,,93.67%,,,,,,,83.41%,,,,,,,,,,,,
2026-08-22 01:30,,58.32%,,19.11%,,,,,,,,,,37.65%,,,,,,,,,91.75%,,,,,49.75%,58.87%,,,59.54%,,,,,,,,,93.67%,,,,,,,83.47%,,,,,,,,,,,,
2026-08-22 02:30,,58.83%,,19.78%,,,,,,,,,,40.72%,,,,,,,,,92.10%,,,,,49.63%,59.06%,,,60.32%,,,,,,,,,93.67%,,,,,,,84.05%,,,,,,,,,,,,
2026-08-22 03:30,,59.74%,,19.11%,,,,,,,,,,40.49%,,,,,,,,,91.76%,,,,,49.76%,59.30%,,,62.05%,,,,,,,,,93.67%,,,,,,,85.77%,,,,,,,,,,,,
2026-08-22 04:30,,59.41%,,19.15%,,,,,,,,,,39.49%,,,,,,,,,91.90%,,,,,49.76%,59.08%,,,62.87%,,,,,,,,,93.68%,,,,,,,86.32%,,,,,,,,,,,,
2026-08-22 05:30,,60.50%,,19.20%,,,,,,,,,,40.88%,,,,,,,,,91.99%,,,,,50.37%,59.53%,,,63.38%,,,,,,,,,93.76%,,,,,,,86.76%,,,,,,,,,,,,
2026-08-22 06:30,,62.72%,,19.75%,,,,,,,,,,41.20%,,,,,,,,,91.98%,,,,,50.49%,59.47%,,,64.08%,,,,,,,,,93.77%,,,,,,,87.05%,,,,,,,,,,,,
2026-08-22 07:30,,65.42%,,20.35%,,,,,,,,,,45.85%,,,,,,,,,91.97%,,,,,50.70%,59.58%,,,64.58%,,,,,,,,,93.77%,,,,,,,87.43%,,,,,,,,,,,,
2026-08-22 08:30,,65.29%,,19.39%,,,,8.51%,,,,,,51.54%,,,,,,,,,92.03%,,,,,50.42%,59.47%,,,65.07%,,,,,,,,,93.77%,,,,,,,87.54%,,89.66%,,,,,,,,,,
2026-08-22 09:30,,77.74%,,18.99%,,,,2.93%,,,,,,41.35%,,,,,,,,,92.04%,,,,,50.28%,59.73%,,,68.58%,,,,,,,,,93.77%,,,,,,,87.54%,,89.54%,,,,,,,,,,
2026-08-22 10:30,,76.36%,,19.20%,,,,,,,,,,42.23%,,,,,,,,,92.15%,,,,,50.23%,59.72%,,,72.58%,,,,,,,,,93.78%,,,,,,,88.11%,,,,,,,,,,,,
2026-08-22 11:30,,18.95%,,19.33%,,,,,,,,,,43.49%,,,,,,,,,92.10%,,,,,50.24%,59.91%,,,22.19%,,,,,,,,,93.77%,,,,,,,81.80%,,,,,,,,,,,,
2026-08-22 12:30,,21.03%,,19.81%,,,,,,,,,,45.62%,,,,,,,,,92.13%,,,,,50.25%,60.04%,,,25.17%,,,,,,,,,93.78%,,,,,,,76.30%,,,,,,,,,,,,
2026-08-22 13:30,,4.53%,,18.97%,,,,,,,,,,42.15%,,,,,,,,,92.18%,,,,,50.45%,59.83%,,,22.74%,,,,,,,,,93.78%,,,,,,,76.12%,,,,,,,,,,,,
2026-08-22 14:30,,66.02%,,18.98%,,,,,,,,,,43.38%,,,,,,,,,92.19%,,,,,50.23%,60.09%,,,71.78%,,,,,,,,,93.79%,,,,,,,76.15%,,,,,,,,,,,,
2026-08-22 15:30,,69.47%,,19.25%,,,,,,,,,,43.27%,,,,,,,,,92.16%,,,,,50.07%,60.03%,,,75.77%,,,,,,,,,93.79%,,,,,,,76.11%,,,,,,,,,,,,